id,brand,name,variant,price,category_path,category_name,image_url
59cf8edf722d6a49883a9374,Deliplus,Gel higiene intimo liquido hidratante con dosificador,Botella 500 ml,2.25,Perfumería y Parafarmacia > Higiene Íntima > Gel Íntimo,Gel Íntimo,https://a0.soysuper.com/e05b9f2ca556118b5dee3ab4d1ba7787.110.110.0.min.wmark.98998f6b.jpg
62ef639ce6ed400df024fc91,Deliplus,Perfilador labios normal Nº 07 cereza,U,2.5,Perfumería y Parafarmacia > Maquillaje > Maquillaje para Labios,Maquillaje para Labios,https://a2.soysuper.com/8fb37933937598a85edc52c0733e2427.110.110.0.min.wmark.85d4f71c.jpg
69b2eaf41452a0194934fef1,Deliplus,Laca uñas Nº 138 rosa,U,2.5,Perfumería y Parafarmacia > Maquillaje > Laca para Uñas,Laca para Uñas,https://a0.soysuper.com/5854fec91b35d4508befcac466132b8f.110.110.0.min.wmark.256ee7ac.jpg
6927017ae6ed4057b04ac84b,Deliplus,"Paleta cosmetica ojos sombras nude romance (contiene sombras mate ,satinadas e iluminador)",U,6.5,Perfumería y Parafarmacia > Maquillaje > Maquillaje para Ojos,Maquillaje para Ojos,https://a1.soysuper.com/5109261f129bbd54867a079e8ee2a989.110.110.0.min.wmark.a4cdf7ab.jpg
67c5c5561452a07f8d428f25,Deliplus,Colorete liquido blush mate Nº 01 rosa amarronado,U,4.76,Perfumería y Parafarmacia > Maquillaje > Maquillaje Facial,Maquillaje Facial,https://a1.soysuper.com/8fc2ee9bd868f4164bb9de1a0f4a7b5f.110.110.0.min.wmark.9dadf90c.jpg
696224d70932f7179c662ac4,Deliplus,Laca uñas Nº 134 topo,U,2.5,Perfumería y Parafarmacia > Maquillaje > Laca para Uñas,Laca para Uñas,https://a1.soysuper.com/fdad0d7ac7ce396bcd0c7486e8998a90.110.110.0.min.wmark.7f43dc80.jpg
68cedf440932f74a425d2ead,Deliplus,Maquillaje fluido serum Nº 300,U,7,Perfumería y Parafarmacia > Maquillaje > Maquillaje Facial,Maquillaje Facial,https://a2.soysuper.com/cf004dd1003a846682ef3aae8e59d7eb.110.110.0.min.wmark.5256ea89.jpg
681c52638ca63c493d53fb10,Deliplus,Gel baño dermo aroma piel normal tiernos recuerdos,Botella 750 ml,1.59,Perfumería y Parafarmacia > Cuidado Corporal > Gel de Baño,Gel de Baño,https://a0.soysuper.com/65c6bb9b6d59b220376d8414d530512a.110.110.0.min.wmark.6e4f1d6e.jpg
673c7d81722d6a24712462a8,Deliplus,Perfilador ojos automatico Nº 15 azul,U,2.5,Perfumería y Parafarmacia > Maquillaje > Maquillaje para Ojos,Maquillaje para Ojos,https://a2.soysuper.com/c39cb69d510512e831f5d17c40266ec4.110.110.0.min.wmark.3ebee2a1.jpg
66277324e93cdf45d6062c85,Deliplus,Toallitas humedas refrescantes tejido suave (sobre monodosis),Paquete 10 u,1,Perfumería y Parafarmacia > Higiene Íntima > Toallitas Íntimas Frescas,Toallitas Íntimas Frescas,https://a1.soysuper.com/2b8dad8683828c27e4acba08bb7ad754.110.110.0.min.wmark.7080b5e8.jpg
68cedf46722d6a6924489120,Deliplus,Maquillaje fluido mate long lasting Nº220,U,6.5,Perfumería y Parafarmacia > Maquillaje > Maquillaje Facial,Maquillaje Facial,https://a2.soysuper.com/cb141d3e8729113f42925d2b91b2c5a2.110.110.0.min.wmark.692bddec.jpg
69911c73a44508f9471333a2,Deliplus,Mascara pestañas curve xl negra (efecto lifting),U,4.5,Perfumería y Parafarmacia > Maquillaje > Maquillaje para Ojos,Maquillaje para Ojos,https://a1.soysuper.com/90c0e5dc8cef6275519ff10ec0e98f07.110.110.0.min.wmark.017636f6.jpg
69f44299722d6a437e13cd26,Deliplus,Laca uñas Nº 145 azul (coleccion verano),U,2.5,Perfumería y Parafarmacia > Maquillaje > Laca para Uñas,Laca para Uñas,https://a0.soysuper.com/f8b265391a7f950423b789e4861984f8.110.110.0.min.wmark.374b547f.jpg
660111868ca63c425270c7b2,Deliplus,After shave locion con extractos de algas marinas,Botella 150 ml,1.7,Perfumería y Parafarmacia > Afeitado > After Shave,After Shave,https://a1.soysuper.com/8a004f82808ee90058e7e40df515fb86.110.110.0.min.wmark.5f7c1983.jpg
6837a76291e128e1791fd7d8,Deliplus,Pañal 4 a 10 kg talla 3,Paquete 45 u,6.94,Bebés y Niños > Pañales > Talla 4,Talla 4,https://a1.soysuper.com/77a3810ff238da5dd6696efd15d4311a.110.110.0.min.wmark.0537a412.jpg
6819cc92e6ed40174b4b8a06,Deliplus,Maquinilla afeitar cargador flection 6 hojas,U,6,Perfumería y Parafarmacia > Afeitado > Maquinillas de Afeitar,Maquinillas de Afeitar,https://a0.soysuper.com/1f93594941b5debd3e71f0172527d3b5.110.110.0.min.wmark.0e64e43c.jpg
68cedf440932f74a797b946d,Deliplus,Maquillaje fluido serum Nº 210,U,7,Perfumería y Parafarmacia > Maquillaje > Maquillaje Facial,Maquillaje Facial,https://a2.soysuper.com/a93f34e45686677dbc38bc4313b0221c.110.110.0.min.wmark.299da133.jpg
699c7ac4a44508f954740f7e,Deliplus,Fotocorrector unificador antimanchas SPF50 uva +uvb+ir (apto para todo tipo piel),Bote 50 ml,6,Perfumería y Parafarmacia > Cuidado Facial > Crema Facial,Crema Facial,https://a2.soysuper.com/c4afed642f5600567e687b4a06f3f860.110.110.0.min.wmark.45668f25.jpg
663df45998ec9161840d0c13,Deliplus,Pintalabios fluido mate Nº 13 nude beige,U,4.5,Perfumería y Parafarmacia > Maquillaje > Maquillaje para Labios,Maquillaje para Labios,https://a1.soysuper.com/d5f97cd23efe0ed65d55963f8d77d7de.110.110.0.min.wmark.288d8af6.jpg
66899f9f2508c10fd67aae56,Deliplus,Colorete con acabado natural radiante y luminoso liquid blush 02,U,4.75,Perfumería y Parafarmacia > Maquillaje > Maquillaje Facial,Maquillaje Facial,https://a2.soysuper.com/571929cb7a07c7670284ac6c8ffe3d9b.110.110.0.min.wmark.cc14941e.jpg
66899c59e93cdf6d390ab8cf,Deliplus,Colorete con acabado natural radiante y luminoso liquid bronzer,U,4.75,Perfumería y Parafarmacia > Maquillaje > Maquillaje Facial,Maquillaje Facial,https://a0.soysuper.com/a0a1b009fedc4a9de736d42318d73899.110.110.0.min.wmark.4d527718.jpg
66a20030e6ed4049727a565f,Deliplus,Desodorante roll-on unisex cuidado aloe (verde),Bote 50 ml,0.9,Perfumería y Parafarmacia > Desodorante > Roll On,Roll On,https://a0.soysuper.com/91e32611eec06ce244c5c47be7cd4ccb.110.110.0.min.wmark.5ec9abed.jpg
68cedf44e6ed4016dc6fe652,Deliplus,Maquillaje mate stick Nº 100,U,7,Perfumería y Parafarmacia > Maquillaje > Maquillaje Facial,Maquillaje Facial,https://a2.soysuper.com/263a1fbfa7564bd79d2767e4655c0267.110.110.0.min.wmark.5529c48a.jpg
680bf5260932f7074153b4a2,Deliplus,Barra labios larga duracion 12H Nº 06 (acabado mate),U,5,Perfumería y Parafarmacia > Maquillaje > Maquillaje para Labios,Maquillaje para Labios,https://a2.soysuper.com/fff3aa7633176c69495bf9d0d8d3465d.110.110.0.min.wmark.7dd34119.jpg
680f8c270932f7074d0f153d,Deliplus,"Sombra ojos cuarteto Nº 11 verdes (mates, satinadas y perladas)",U,4,Perfumería y Parafarmacia > Maquillaje > Maquillaje para Ojos,Maquillaje para Ojos,https://a2.soysuper.com/3ed48627571081f2e58ae9efa3989618.110.110.0.min.wmark.9d72d4ab.jpg
680bf5258ca63c490d2d93ce,Deliplus,Barra labios larga duracion 12H Nº 04 (acabado mate),U,5,Perfumería y Parafarmacia > Maquillaje > Maquillaje para Labios,Maquillaje para Labios,https://a1.soysuper.com/d80b7c7979346a9452cb957b0dd86fbf.110.110.0.min.wmark.b0f9e773.jpg
69f442980932f76d73696257,Deliplus,Laca uñas Nº 143 amarillo (coleccion verano),U,2.5,Perfumería y Parafarmacia > Maquillaje > Laca para Uñas,Laca para Uñas,https://a1.soysuper.com/9a8e1d0ab488aeb3bd34001036728838.110.110.0.min.wmark.256c4fa5.jpg
6668053f0932f7306f8ba531,Deliplus,Polvos compactos faciales 24H Nº5 bronceado (para pieles morenas y bronceadas),U,6,Perfumería y Parafarmacia > Maquillaje > Maquillaje Facial,Maquillaje Facial,https://a1.soysuper.com/492e146854c180c8dc0c7c918d7b936e.110.110.0.min.wmark.b164b12e.jpg
6871e4278ca63c11b9341aa7,Deliplus,Tonico facial vitaminas & minerales (hidrata y regenera),Bote 255 ml,3.2,Perfumería y Parafarmacia > Cuidado Facial > Limpieza Facial,Limpieza Facial,https://a1.soysuper.com/b18ff825b6218b9fbf2890b481da0e91.110.110.0.min.wmark.300fdeb5.jpg
69bea4f4e93cdf105614a39e,Deliplus,Protector solar facial fps 50 bruma pieles sensibles (spray),Bote 75 ml,6,Perfumería y Parafarmacia > Productos Solares > Protector Solar,Protector Solar,https://a2.soysuper.com/0a1bc9902ebd4f511a88547efecf2959.110.110.0.min.wmark.9939f5d3.jpg
67576cb1a445086b4e2c3450,Deliplus,Crema facial hombre antiarrugas,Tarro 50 ml,5,Perfumería y Parafarmacia > Cuidado Facial > Para Hombre,Para Hombre,https://a0.soysuper.com/719a272e5e65190aa9b553bea93e4242.110.110.0.min.wmark.b1b91ba9.jpg
6837a7620932f702f076e4be,Deliplus,Pañal 3 a 6 kg talla 2,Paquete 42 u,6.85,Bebés y Niños > Pañales > Talla 2,Talla 2,https://a0.soysuper.com/a1036415f11b59537dae80fc9b4a57b9.110.110.0.min.wmark.ca0e1673.jpg
683bee921452a0338c43f04f,Deliplus,Exfoliante corporal marino (con vitamina e y sales minerales del mar muerto),Tarro 400 g,4.55,Perfumería y Parafarmacia > Cuidado Corporal > Exfoliante,Exfoliante,https://a0.soysuper.com/cb355baedd6bd097159815af021884ea.110.110.0.min.wmark.d9e8dfbb.jpg
68f6452c53c97b014c58f71b,Deliplus,Compresa normal alas,Paquete 10 u,2.15,Perfumería y Parafarmacia > Higiene Íntima > Compresas,Compresas,https://a0.soysuper.com/b587baffc5fa5d25d42080af24479769.110.110.0.min.wmark.1a573386.jpg
6808fef6722d6a4cb62b3ade,Deliplus,Gel baño dermo aroma piel normal granada,Botella 750 ml,1.59,Perfumería y Parafarmacia > Cuidado Corporal > Cremas y Lociones,Cremas y Lociones,https://a2.soysuper.com/f470f2f95fcac5282218939d882cc85f.110.110.0.min.wmark.bd7c92e2.jpg
65e585fce93cdf17d96d11c0,Deliplus,Gel baño piel normal perfumado marino & cedro,Botella 750 ml,1.59,Perfumería y Parafarmacia > Cuidado Corporal > Gel de Baño,Gel de Baño,https://a2.soysuper.com/7c7e595c55f644650227e80531768a56.110.110.0.min.wmark.5936ccba.jpg
68bef8d92508c121c48020d1,Deliplus,Champu cabello bebe con dosificador,Botella 400 ml,1.95,Bebés y Niños > Higiene y Perfumería > Champú,Champú,https://a0.soysuper.com/41139164067a83facabdbd42cb6718ee.110.110.0.min.wmark.45fe9c9e.jpg
68cee72a722d6a692448955f,Deliplus,Corrector facial mate long lasting Nº200,U,4.75,Perfumería y Parafarmacia > Maquillaje > Maquillaje Facial,Maquillaje Facial,https://a0.soysuper.com/2c44226780719d252d72897eb8ed8efd.110.110.0.min.wmark.5a00b14c.jpg
68cee72bd7918735c82bd4d5,Deliplus,Corrector facial mate long lasting Nº300,U,4.75,Perfumería y Parafarmacia > Maquillaje > Maquillaje Facial,Maquillaje Facial,https://a0.soysuper.com/3e1beecae615c3a066350721b85d130c.110.110.0.min.wmark.5cfe2bb0.jpg
68cee7290932f74a45173dc4,Deliplus,Corrector facial mate long lasting Nº210,U,4.75,Perfumería y Parafarmacia > Maquillaje > Maquillaje Facial,Maquillaje Facial,https://a1.soysuper.com/a00d72cee91dd64a8e71d3e11d0a23a6.110.110.0.min.wmark.ba7eba7c.jpg
69a3e5a691e1282868819bbf,Deliplus,"Fijador bruma facial multifuncional (hidrata, prepara, protege, fija y perfecciona)",U,5.5,Perfumería y Parafarmacia > Maquillaje > Maquillaje Facial,Maquillaje Facial,https://a2.soysuper.com/243ae596f4767a1d0a5ea8fba2315e2d.110.110.0.min.wmark.1a789047.jpg
68cee72ae93cdf612f43ade7,Deliplus,Corrector facial hydra Nº300,U,5,Perfumería y Parafarmacia > Maquillaje > Maquillaje Facial,Maquillaje Facial,https://a2.soysuper.com/cde6491974798766aeaaf0bbbe00bad9.110.110.0.min.wmark.143a390e.jpg
680bf48be93cdf26ad593e5e,Deliplus,Colorete satinado Nº 04 melange,U,5,Perfumería y Parafarmacia > Maquillaje > Maquillaje Facial,Maquillaje Facial,https://a2.soysuper.com/418b8e531e66ea63767260d498cea8f4.110.110.0.min.wmark.622af329.jpg
69b3d8dca445082bba3e029a,Deliplus,Cepillo dental duro,Paquete 4 u,1.35,Perfumería y Parafarmacia > Higiene Bucal > Cepillo Dental,Cepillo Dental,https://a1.soysuper.com/278bcc53b202f23f41f930c8f8f6206c.110.110.0.min.wmark.fde91db3.jpg
68d62c461452a06fe8344542,Deliplus,Perfilador ojos waterproof Nº 106 marron,U,3.25,Perfumería y Parafarmacia > Maquillaje > Maquillaje para Ojos,Maquillaje para Ojos,https://a2.soysuper.com/f3fa68f326bc0fb4df4a88002229b7df.110.110.0.min.wmark.628619b8.jpg
68f645302508c11c4a29608a,Deliplus,Compresa super plegada sin alas,Paquete 28 u,2.15,Perfumería y Parafarmacia > Higiene Íntima > Compresas,Compresas,https://a2.soysuper.com/2970e7f895d636080628f781272be146.110.110.0.min.wmark.2002b6f6.jpg
6749b56a53c97b538e7d34c0,Deliplus,Sombra ojos stick automatico Nº 02 rose (larga duracion y multifuncional),U,4.25,Perfumería y Parafarmacia > Maquillaje > Maquillaje para Ojos,Maquillaje para Ojos,https://a1.soysuper.com/7fbfc76c2fffa6fce992c8c963c9d548.110.110.0.min.wmark.97925508.jpg
6987349053c97b01a03fa5dd,Deliplus,Lote mujer pistacho cream (hair & body fragancia mist y leche corporal glitter),U,6,Perfumería y Parafarmacia > Lotes Regalo > Para baño,Para baño,https://a1.soysuper.com/4c2fd38a60af5bedb454d0299ce96600.110.110.0.min.wmark.33dce119.jpg
6908a07d53c97b015d0934fe,Deliplus,Lote mujer vainilla sunset hair & body fragance mist 250 ml + body milk glitter 100 ml,U,6,Perfumería y Parafarmacia > Lotes Regalo > Para baño,Para baño,https://a2.soysuper.com/c096d709a5756f93d23f443dd3c5562e.110.110.0.min.wmark.eafd9720.jpg
69a3e5b28ca63c5cbd62df41,Deliplus,Lote hombre aqua DEO body spray 200 ml + GEL fijador 100 ml + gel/champu 200 ml,U,8.5,Perfumería y Parafarmacia > Colonia > Lote,Lote,https://a2.soysuper.com/db988bd4b27c3b790285478595638867.110.110.0.min.wmark.766562bc.jpg
5cc0324de93cdf5a83441faf,Deliplus,Enjuague bucal total action (verde),Botella 500 ml,1.3,Perfumería y Parafarmacia > Higiene Bucal > Enjuague Bucal,Enjuague Bucal,https://a0.soysuper.com/9c45ff03322ecc5b86a021d37d2eba49.110.110.0.min.wmark.b1180196.jpg
517b777a6d803efe3600003c,Deliplus,Toallitas húmedas cara y manos infantil,Paquete de 20 uds,0.75,Perfumería y Parafarmacia > Higiene Íntima > Toallitas Íntimas Frescas,Toallitas Íntimas Frescas,https://a0.soysuper.com/32d1fd7b3f898534f8ffc4b8a40b3445.110.110.0.min.wmark.c14e4d69.jpg
5c9a5342e93cdf4f3a100684,Deliplus,Spray aqua styling,Botella 200 ml,2,Perfumería y Parafarmacia > Cuidado del Cabello > Fijadores,Fijadores,https://a2.soysuper.com/a77998df106d13f93a4f381918b56092.110.110.0.min.wmark.3acf4ae9.jpg
69c30a578ca63c4c96711c19,Deliplus,Barra labios lips oil 02 chocolate (con acabado efecto gel y brillo sensacion ligera) (coleccion jelly lip oil),U,5,Perfumería y Parafarmacia > Maquillaje > Maquillaje para Labios,Maquillaje para Labios,https://a1.soysuper.com/10d1eac11a35072eb594c253ae19a138.110.110.0.min.wmark.f02e8043.jpg
68cedf4391e128d94a3b3b35,Deliplus,Maquillaje mate stick Nº 210,U,7,Perfumería y Parafarmacia > Maquillaje > Maquillaje Facial,Maquillaje Facial,https://a2.soysuper.com/014f88b70c39efeb4a8289853e6c7918.110.110.0.min.wmark.ae389a63.jpg
680bf48d91e128f2a8514f7a,Deliplus,Polvos compactos faciales seda Nº 200 beige rosado,U,6,Perfumería y Parafarmacia > Maquillaje > Maquillaje Facial,Maquillaje Facial,https://a0.soysuper.com/a041235f2f949a08f3a06ff4ac274e61.110.110.0.min.wmark.73dcb7ca.jpg
6837a7611452a02f747ab452,Deliplus,Pañal 13 a 18 kg talla 5,3 x 30 u,17.46,Bebés y Niños > Pañales > Talla 5,Talla 5,https://a1.soysuper.com/8251125ffbd556104efc4681d9f9a6fa.110.110.0.min.wmark.df4ce1e8.jpg
69df9a93e93cdf7d5970dc7c,Deliplus,"Colorete crema blush 01 pink nude (textura cremosa, acabado mate natural) coleccion duo gloss & blush",U,5.25,Perfumería y Parafarmacia > Maquillaje > Maquillaje Facial,Maquillaje Facial,https://a2.soysuper.com/6fb2e12d1e78e532dae537af35865283.110.110.0.min.wmark.22becff5.jpg
6749b56ae6ed4010ef48c7f0,Deliplus,Sombra ojos stick automatico Nº 04 borgoña (larga duracion y multifuncional),U,4.17,Perfumería y Parafarmacia > Maquillaje > Maquillaje para Ojos,Maquillaje para Ojos,https://a0.soysuper.com/18c66451d36237bcfd16a37a321cd31a.110.110.0.min.wmark.cee2990b.jpg
67ea5f3c722d6a39cb1c2261,Deliplus,Perfilador cejas y vello facial(contiene una cuchilla pequeña para cejas + 2 cuchillas grandes para vello facial),U,2.8,Perfumería y Parafarmacia > Depilación > Maquinillas,Maquinillas,https://a0.soysuper.com/3a2286bb574950660d0bca2c5ef5114a.110.110.0.min.wmark.722b974e.jpg
68cedf4553c97b1d1736e129,Deliplus,Maquillaje fluido mate long lasting Nº200,U,6.5,Perfumería y Parafarmacia > Maquillaje > Maquillaje Facial,Maquillaje Facial,https://a1.soysuper.com/0c7f1ef51ac5705f79cf62c693230641.110.110.0.min.wmark.160c1639.jpg
69e473526c714b23ac2ed422,Deliplus,Tratamiento capilar 3 semanas ampollas concentradas reparacion molecular,3 u,3.84,Perfumería y Parafarmacia > Cuidado del Cabello > Tratamientos para el Cabello,Tratamientos para el Cabello,https://a0.soysuper.com/e6bd91a0fc6c99027602367b6154bc25.110.110.0.min.wmark.37442a1b.jpg
6749b56a8ca63c1000524b27,Deliplus,Sombra ojos stick automatico Nº 06 bronce (larga duracion y multifuncional),U,4,Perfumería y Parafarmacia > Maquillaje > Maquillaje para Ojos,Maquillaje para Ojos,https://a2.soysuper.com/dd8af32d5ea8b6df2616ec33b6f1f590.110.110.0.min.wmark.8048db67.jpg
681214de53c97b3752621834,Deliplus,Tiras protectoras poliuretano especial aqua,Caja 12 u,1.3,Perfumería y Parafarmacia > Parafarmacia > Botiquín,Botiquín,https://a0.soysuper.com/439aa2abfbc5b85bdd6c900bafddf141.110.110.0.min.wmark.26c35455.jpg
67c4037991e128016f7639fe,Deliplus,KIT higiene bucal (cepillo + dentifrico),U,2.35,Perfumería y Parafarmacia > Higiene Bucal > Cepillo Dental,Cepillo Dental,https://a1.soysuper.com/85bab1e9eb0483ac37925062a0798be4.110.110.0.min.wmark.6ca8981b.jpg
68de18096c714bd5c62f9b26,Deliplus,Desodorante body spray hombre perfume fire,Bote 200 ml,1.75,Perfumería y Parafarmacia > Desodorante > Spray,Spray,https://a1.soysuper.com/7706429b0854a2f39b8ac4d02e20b658.110.110.0.min.wmark.fa5ccc91.jpg
6640691d98ec91619c7628a1,Deliplus,Protector solar corporal niños fps 50+ (pistola),Botella 250 ml,7.46,Bebés y Niños > Higiene y Perfumería > Productos Solares,Productos Solares,https://a0.soysuper.com/eebd59b9ddfb8ccc51bd48a5fc337e44.110.110.0.min.wmark.fcefa5d2.jpg
680608be6c714bcb3b50eca1,Deliplus,Crema facial nutritiva redensificadora caviar,Tarro 50 ml,5,Perfumería y Parafarmacia > Cuidado Facial > Crema Facial,Crema Facial,https://a2.soysuper.com/252999c2b8d4aae2cfe995d10ce8089a.110.110.0.min.wmark.8851d6a7.jpg
66bb21be8ca63c068f40cf3e,Deliplus,Tiras limpiaporos,Caja 6 u,2.5,Perfumería y Parafarmacia > Cuidado Facial > Limpieza Facial,Limpieza Facial,https://a0.soysuper.com/9a0f8a0f9df0e83429df00cba4e87310.110.110.0.min.wmark.2dc32a1d.jpg
69fa72d90932f76daf2fddf7,Deliplus,Barra labios cremosa Nº 220 rosado,U,4.65,Perfumería y Parafarmacia > Maquillaje > Maquillaje para Labios,Maquillaje para Labios,https://a0.soysuper.com/7bbd970998f082c509c6be2ee2826d73.110.110.0.min.wmark.62dbee63.jpg
69f8aa44722d6a437e14a57d,Deliplus,Pintalabios fluido mate Nº 16 rojo (larga duracion),U,4.5,Perfumería y Parafarmacia > Maquillaje > Maquillaje para Labios,Maquillaje para Labios,https://a1.soysuper.com/c7516d91f1c46cd31378ad30f7f6f981.110.110.0.min.wmark.87cc1e7f.jpg
6a103519d7918719c2375884,Deliplus,Compresa incontinencia mini (absorcion 1),Paquete 20 u,2.2,Perfumería y Parafarmacia > Higiene Íntima > Incontinencia,Incontinencia,
69911c7391e1282879705d98,Deliplus,Mascara pestañas brown xtrem (efecto lifting),U,4.5,Perfumería y Parafarmacia > Maquillaje > Maquillaje para Ojos,Maquillaje para Ojos,https://a2.soysuper.com/748d482e9ac9bca39401924fa5a191b0.110.110.0.min.wmark.204a383e.jpg
6749b56a91e128369e537e2f,Deliplus,Sombra ojos stick automatico Nº 07 cobre (larga duracion y multifuncional),U,4,Perfumería y Parafarmacia > Maquillaje > Maquillaje para Ojos,Maquillaje para Ojos,https://a2.soysuper.com/16d8a5b46e1277f52f9ce2bb36db36ee.110.110.0.min.wmark.8bbb7011.jpg
69b1134c0932f726fb6844ee,Deliplus,Primer facial active glow (prebase alisa e ilumina)(coleccion denim blossom),U,6,Perfumería y Parafarmacia > Cuidado Facial > Crema Facial,Crema Facial,https://a2.soysuper.com/121904089c54dd5e0af3f4ccb42f664a.110.110.0.min.wmark.a6e03676.jpg
69ca349ed7918728ac7325ff,Deliplus,"Agua facial mist exosomas & cica (reafirmante , hidratante, reduce lineas de expresion)",Botella 100 ml,3.5,Perfumería y Parafarmacia > Cuidado Facial > Mist Facial,Mist Facial,https://a0.soysuper.com/1e103c7641ce2672eba0b11b6b8245c8.110.110.0.min.wmark.fc457ef8.jpg
66899c592508c10fde44965d,Deliplus,Corrector con acabado natural radiante y luminoso liquid highlighter,U,4.75,Perfumería y Parafarmacia > Maquillaje > Maquillaje Facial,Maquillaje Facial,https://a0.soysuper.com/b05fb3106fa37e24e63adf6474af1571.110.110.0.min.wmark.b19b2598.jpg
690ef9626c714b2bc85c8955,Deliplus,Crema facial hidratante con color y pigmentos encapsulados,Bote 30 ml,7.5,Perfumería y Parafarmacia > Cuidado Facial > Crema Facial,Crema Facial,https://a1.soysuper.com/e703adff81d8f336be61ab313b76b346.110.110.0.min.wmark.b75259ae.jpg
69b2eaf4d7918709b0609260,Deliplus,Laca uñas Nº 139 granate,U,2.5,Perfumería y Parafarmacia > Maquillaje > Laca para Uñas,Laca para Uñas,https://a2.soysuper.com/e6dbdc3bcd9e68f252aa31f9c3037da4.110.110.0.min.wmark.b9905619.jpg
4fc913efcc75fa2a35011d3b,Bosque Verde,Estropajo salvauñas azul (no raya),Pack 3 u,0.75,Droguería > Utensilios de Limpieza > Estropajos,Estropajos,https://a1.soysuper.com/755dd4ae81b02d80ae7d41dcb1bc2d84.110.110.0.min.wmark.a3ce9756.jpg
4fc9158dcc75fa2a35017f36,Bosque Verde,Ambientador electrico recambio 6 fragancias spa,U 25 ml,2.91,Droguería > Ambientadores > Eléctricos,Eléctricos,https://a1.soysuper.com/8484644856a95dd6a6798d8973cf764e.110.110.0.min.wmark.c0afa926.jpg
62a743bee6ed404c4e06ffe3,Bosque Verde,Limpiagafas spray con gamuza,Bote 15 ml,2.54,Droguería > Celulosa > Limpia Gafas,Limpia Gafas,https://a1.soysuper.com/75e3fa2c7f15eebfbc0618a6a7bd7a8d.110.110.0.min.wmark.0d23d2d2.jpg
5aa640f3722d6a4b842c0a69,Bosque Verde,Guantes desechables nitrilo talla pequeña (azules),Caja 30 u,2.85,Droguería > Utensilios de Limpieza > Guantes,Guantes,https://a2.soysuper.com/652e09d7458eae83cb2f28f743f3261a.110.110.0.min.wmark.1dbdfbf0.jpg
4fc90fc7cc75fa2a350019a2,Bosque Verde,Esponja borrador magico,Pack 3 u,1.45,Droguería > Utensilios de Limpieza > Estropajos,Estropajos,https://a0.soysuper.com/c52950305e4ce2a83b192a60ae29b6eb.110.110.0.min.wmark.e31d76b4.jpg
4fc916b1cc75fa2a3501c7e9,Bosque Verde,Alcohol limpieza perfumado,Botella 1 l,2.3,Droguería > Limpieza del Hogar > Lejía y Líquidos Fuertes,Lejía y Líquidos Fuertes,https://a2.soysuper.com/f1a3559ed95ddfa2d2acc0554349b627.110.110.0.min.wmark.afa17900.jpg
4fc913e2cc75fa2a35011a2a,Bosque Verde,Activador lavado líquido blanqueante oxi activo (ropa blanca),Botella 2 l - 22 lavados,1.9,Droguería > Cuidado de la Ropa > Activador del Lavado,Activador del Lavado,https://a1.soysuper.com/703514ca066a16f13fddd9631b515b04.110.110.0.min.wmark.55e4a022.jpg
54f5b1c353c97b7ab34f5162,Bosque Verde,Limpiahogar multiusos con alcohol aroma pino,Botella 1500 ml,1.73,Droguería > Limpieza del Hogar > Limpiadores Multiusos,Limpiadores Multiusos,https://a2.soysuper.com/838ac9aa8cf552ee3636f4ded1a5814f.110.110.0.min.wmark.b3e1e751.jpg
6103c5f653c97b31d4124a28,Bosque Verde,Tenedor reutilizable,Paquete 15 u,1.55,"Droguería > Desechables > Cubiertos, Platos y Vasos","Cubiertos, Platos y Vasos",https://a2.soysuper.com/b195d6fca2fb01b8bb9c90c628b83a12.110.110.0.min.wmark.f601216f.jpg
62a99d560932f765d7262b9f,Bosque Verde,Guantes flocado talla pequeña,Paquete 2 ud,0.9,Droguería > Utensilios de Limpieza > Guantes,Guantes,https://a0.soysuper.com/de03bcac6959f0da0667418af72d23ef.110.110.0.min.wmark.87b05c8e.jpg
57d9305953c97b38c0465e25,Bosque Verde,Limpia lavadoras liquido (protege y elimina mal olor y suciedad),Botella 250 ml,1.95,Droguería > Limpieza del Hogar > Antical,Antical,https://a1.soysuper.com/b0d424f3f0d219704173cdf03873032c.110.110.0.min.wmark.edf9a4ab.jpg
62723951722d6a014b5113dc,Bosque Verde,Guantes desechables latex natural talla pequeña (sin polvo),Caja 50 u,3.2,Droguería > Utensilios de Limpieza > Guantes,Guantes,https://a2.soysuper.com/f8a68123f05acbed40aa1f510ae5667c.110.110.0.min.wmark.b4b3cb39.jpg
4fc913dacc75fa2a3501182d,Bosque Verde,Detergente lavadora gel concentrado ropa blanca y color,Botella 810 ml (27 lavados),3.61,Droguería > Cuidado de la Ropa > Detergente,Detergente,https://a1.soysuper.com/f3ad7427eac72697326415f2d8209a39.110.110.0.min.wmark.d39873c6.jpg
60e91c33d791870bb1794d85,Bosque Verde,Limpiacristales mango (sin palo),pieza 1 u,2.6,Droguería > Utensilios de Limpieza > Limpieza de cristales,Limpieza de cristales,https://a0.soysuper.com/1280710e58b32117763d3910899ce1e5.110.110.0.min.wmark.770a03ec.jpg
64e330228ca63c1c344a647c,Bosque Verde,Ambientador recambio para difusor manual spray mini aroma brisa,Pack 2 x 15 ml - 30 ml,1.8,Droguería > Ambientadores > Minispray,Minispray,https://a0.soysuper.com/8a2601ab759149410f722a2405ebc653.110.110.0.min.wmark.1355f412.jpg
513199e28fa97add46000066,Bosque Verde,Mopa recambio microfibra pequeño (adaptable a bastidor de mopa atrapapolvo),U,4.9,Droguería > Utensilios de Limpieza > Mopas,Mopas,https://a1.soysuper.com/711a3fbb19457813f0e8fd6715cb043f.110.110.0.min.wmark.90d80f13.jpg
4fc913e8cc75fa2a35011b5b,Bosque Verde,Plancha facil pistola,Botella 750 ml,2.2,Droguería > Cuidado de la Ropa > Productos para Planchado,Productos para Planchado,https://a1.soysuper.com/b77ef6e1573a73edb1fcbacddfdc0b35.110.110.0.min.wmark.3a1142b0.jpg
4fc913e9cc75fa2a35011bae,Bosque Verde,Pinzas ropa plastico,Paquete 24 u,1.5,Droguería > Cuidado de la Ropa > Pinzas y Accesorios para Lavado,Pinzas y Accesorios para Lavado,https://a2.soysuper.com/519c69b7ae9ec3565435f637d7b19d34.110.110.0.min.wmark.c078974f.jpg
61dfd9390932f7758f217f9d,Bosque Verde,Sosa caustica perlas,Bote 1 kg,3.55,Droguería > Limpieza del Hogar > Desatascador,Desatascador,https://a0.soysuper.com/96647f038023fb7eed315b11042592eb.110.110.0.min.wmark.0c4f9f69.jpg
4fc9158dcc75fa2a35017f33,Bosque Verde,Ambientador electrico aparato 3 aromas ( sin recambio),u,3.2,Droguería > Ambientadores > Eléctricos,Eléctricos,https://a1.soysuper.com/7782fc50306407c8fea0df71eb7b7f21.110.110.0.min.wmark.90d15fc3.jpg
516728c6de3561ad5d00071d,Bosque Verde,Antipolilla ropa bolsa lavanda,PAQUETE 24 u,1.55,Droguería > Insecticidas > Antipolillas y Carcoma,Antipolillas y Carcoma,https://a0.soysuper.com/e05f0701c750784fa5bfe994eca0925b.110.110.0.min.wmark.efb64cd4.jpg
57c05df11452a054201da915,Bosque Verde,Trampa antipolillas de los alimentos,Paquete 2 ud,2.01,Droguería > Insecticidas > Antipolillas y Carcoma,Antipolillas y Carcoma,https://a0.soysuper.com/48392ede39e6df9c921efd9e1a062ba4.110.110.0.min.wmark.a3be1342.jpg
65548647d7918760766112d9,Bosque Verde,Cubo fregar CON ruedas 13 l (sin escurridor),U,3.67,Droguería > Utensilios de Limpieza > Cubos de Limpieza,Cubos de Limpieza,https://a2.soysuper.com/df43d7ca7c1da4be93c2a3b927da4b42.110.110.0.min.wmark.b3b35792.jpg
4fc913cecc75fa2a350115ad,Bosque Verde,Desodorante calzado spray,Bote 250 ml,2.95,Droguería > Cuidado del Calzado > Desodorantes y Absorbeolores,Desodorantes y Absorbeolores,https://a1.soysuper.com/722ccc614d8f6da2a136b2eeb626f12b.110.110.0.min.wmark.997ebe58.jpg
64f5b1aa1452a02da86c0194,Bosque Verde,Ambientador difusor manual spray mini + recambio aroma brisa azul,1 U,2.9,Droguería > Ambientadores > En Aerosol y Spray,En Aerosol y Spray,https://a0.soysuper.com/b54dcad0d8aa67ea02fcf6bb776cd503.110.110.0.min.wmark.5d83e1fb.jpg
4fc91407cc75fa2a3501229a,Bosque Verde,Servilleta papel 2 capas 33x32 cm decorada,Paquete 100 u,2.05,Droguería > Celulosa > Servilletas de Papel,Servilletas de Papel,https://a0.soysuper.com/b46caf0ecd04ee7602c47685ee06103a.110.110.0.min.wmark.08daffce.jpg
614439a2722d6a43d46cb5cf,Bosque Verde,Pila recargable aaa,Paquete 4 u,7.9,Bazar y Casa > Complementos para la Casa > Pilas,Pilas,https://a2.soysuper.com/233a65621ce48b77a3c21ebc15658aed.110.110.0.min.wmark.d68f2023.jpg
66f902291452a06d3707a154,Bosque Verde,Rasqueta vitroceramica + 5 recambios,U,3.25,Droguería > Limpieza de la Cocina > Limpieza de Electrodomésticos,Limpieza de Electrodomésticos,https://a2.soysuper.com/20026697b61d63ee804da71711b31d25.110.110.0.min.wmark.b877d517.jpg
68df0e6d8ca63c21bb65863e,Bosque Verde,Vela perfumada vaso cristal santal vanilla,U,1.85,Droguería > Ambientadores > Velas ambientador,Velas ambientador,https://a0.soysuper.com/492b37caef9021d1200a4fb2ec682a4c.110.110.0.min.wmark.99959acb.jpg
68e0415c6c714b4a9f33e3ff,Bosque Verde,Ambientador spray essence,Bote 300 ml,1.14,Droguería > Ambientadores > En Aerosol y Spray,En Aerosol y Spray,https://a1.soysuper.com/a3fb600be8d1ab0c874bb7cddc342896.110.110.0.min.wmark.2f0994d6.jpg
6a168b818ca63c2c26105833,Hacendado,Golosinas Mini Mix Hacendado,Paquete 300 g,1.6,Chocolates y Dulces > Golosinas > Surtido,Surtido,
52a8eae60f88e2e628000058,Hacendado,"Cracker pan integral (paquete marron), galbusera // , paquete",14 bolsitas - 500 g,1.86,"Panadería, Pastelería y Repostería > Pan > Picos y Crackers",Picos y Crackers,https://a1.soysuper.com/1ce4f497e40308facbd2c67eda6024ce.110.110.0.min.wmark.f03d1024.jpg
61e2da3bd7918774a0657450,Hacendado,Aceituna rellena anchoa,Lata 350 g escurrido 150 g,1.05,Aperitivos > Aceitunas > Verdes,Verdes,https://a0.soysuper.com/795f1bc5697442403d04d2117f30fc2e.110.110.0.min.wmark.47058672.jpg
5012ee41238436c85d00010d,Hacendado,Nuez moscada molida (tapon rojo),Bote 58 g,1.64,"Conservas, Sopas, Aceites y Condimentos > Especias > Nuez Moscada",Nuez Moscada,https://a1.soysuper.com/283a710632e1a2999666a74b8db790bd.110.110.0.min.wmark.bef57d1d.jpg
620e22ef2508c1501b67849a,Hacendado,Pan molde 100% integral sin corteza,450 g,1.14,"Panadería, Pastelería y Repostería > Pan > Pan de Molde",Pan de Molde,https://a1.soysuper.com/b0287c2389305e3e0ef7865b98749005.110.110.0.min.wmark.f284d665.jpg
5d4449b81452a024953051a7,Hacendado,Queso untar blanco natural light,Tarrina 300 g,1.4,Frescos y Charcutería > Queso > Crema de Queso,Crema de Queso,https://a1.soysuper.com/827a7d594217706420903013e2773540.110.110.0.min.wmark.29f83b62.jpg
4fc91328cc75fa2a3500ef7c,Hacendado,"Brocoli,coliflor y zanahoria congelado",Paquete 1 kg,1.99,"Congelados > Verduras, Hortalizas y Legumbres congeladas > Brócoli congelado",Brócoli congelado,https://a0.soysuper.com/2ff3436390b06e0367eb14a523a251b0.110.110.0.min.wmark.eca96d29.jpg
4fc912f3cc75fa2a3500e33a,Hacendado,Pan tostado con ajo y perejil,Paquete 170 g,1.29,"Panadería, Pastelería y Repostería > Pan > Pan Tostado",Pan Tostado,https://a1.soysuper.com/803558b66293bb891391c16cd4176174.110.110.0.min.wmark.9d287475.jpg
4fc910d9cc75fa2a35006404,Hacendado,Zumo de manzana,Brick 1 l,0.8,Bebidas > Zumo > Manzana,Manzana,https://a2.soysuper.com/83129bd719d20efe233f11ebf1a5ee01.110.110.0.min.wmark.74cb7be9.jpg
59a94f77722d6a74fc2b7592,Hacendado,Garbanzo cocido pedrosillano,Tarro 570 g escurrido 400 g,0.9,"Pasta, Arroz y Legumbres > Legumbres Cocidas > Garbanzos cocidos",Garbanzos cocidos,https://a0.soysuper.com/1df31eb46141714d68b24cbef925c9dd.110.110.0.min.wmark.1aeb6ed7.jpg
5548cb2f53c97b51092bc9be,Hacendado,Helado cono nata,Pack 6 x 120 ml,2.23,Congelados > Helados > Conos,Conos,https://a1.soysuper.com/63aaa3ecd26c07330e09ac8a085f0c4b.110.110.0.min.wmark.848cb72c.jpg
56fb914d98ec912f584d6abf,Hacendado,Café soluble descafeinado,Tarro de 200 g,4.39,"Cafés, Cacaos e Infusiones > Café > Descafeinado",Descafeinado,https://a1.soysuper.com/6a7b83403d8c3d4fd5f8b430e668060c.110.110.0.min.wmark.0b033c19.jpg
5acf164f98ec91673057cb43,Hacendado,Cacao polvo a la taza,Paquete 400 g,1.86,"Cafés, Cacaos e Infusiones > Cacao > Soluble",Soluble,https://a2.soysuper.com/47f43159127addb019f80c550557342b.110.110.0.min.wmark.19842db1.jpg
612c6e6a722d6a43b35a4b23,Hacendado,Panes especiales con tomate y orégano,Paquete 80 g,0.85,"Panadería, Pastelería y Repostería > Pan > Pan Tostado, Aperitivos","Pan Tostado, Aperitivos",https://a2.soysuper.com/98b15f18582ce56ea5732d9e70fc7b02.110.110.0.min.wmark.769ecad4.jpg
5ed0ef6ae93cdf099d7aaa2c,Hacendado,Queso curado mezcla,Unidad 400 g,4.56,"Frescos y Charcutería > Queso > Tierno, Semicurado y Curado","Tierno, Semicurado y Curado",
613f62cad7918718b6209523,Hacendado,Caballa sur filete aceite oliva,Lata pack 2 x 120 g - 240 g escurrido 170 g,2.7,"Conservas, Sopas, Aceites y Condimentos > Conservas de Pescado > Caballa",Caballa,https://a0.soysuper.com/406e5097b31b05f8e9b90509ecbb98e4.110.110.0.min.wmark.e3236267.jpg
5012ee650f8e48d05d000108,Hacendado,Golosinas surtidas top ten,Paquete 135 g,1.25,Chocolates y Dulces > Golosinas > Gominolas,Gominolas,https://a2.soysuper.com/b0fc568d1b2591bf72d715ec6bdc0378.110.110.0.min.wmark.f0af1559.jpg
5fec469a0932f74b1b0632ca,Hacendado,Queso viejo tostado media pieza,"Pieza 1,5 kg",20.13,"Frescos y Charcutería > Queso > Tierno, Semicurado y Curado","Tierno, Semicurado y Curado",
5f98b586e93cdf76dd1dd6b0,Hacendado,Tomate seco en aceite condimentado con especias,"Tarro 190 g, 95g peso neto escurrido",2.2,"Conservas, Sopas, Aceites y Condimentos > Conservas Vegetales > Tomate",Tomate,https://a1.soysuper.com/d7221eb5367c302011669c529f5f8c9e.110.110.0.min.wmark.b09e584f.jpg
5012f085459c33cc5d0001f5,Hacendado,Mejillon congelado cocido en su jugo (con concha),Paquete 450 g,3.25,Congelados > Pescados y Mariscos > Mejillones,Mejillones,https://a1.soysuper.com/ab84592255f97c8d005e5d1fdc07073d.110.110.0.min.wmark.d554cea5.jpg
5bf9da2a1452a056a1502b81,Hacendado,Bebida almendras,Pack 6 x 1 l,6.6,"Lácteos y Huevos > Leche > Soja, Avena, Arroz,..","Soja, Avena, Arroz,..",https://a0.soysuper.com/a3dd9d1c745d451e6fd49043965bd9c2.110.110.0.min.wmark.3a837691.jpg
4fc91680cc75fa2a3501bb2a,Hacendado,Caldo deshidratado pastillas vegetal,Caja 12 pastillas,0.85,"Conservas, Sopas, Aceites y Condimentos > Sopas, Cremas, Caldos y Purés > Caldo",Caldo,https://a2.soysuper.com/8f6c8c52ccc84b2a366ee918377cccb5.110.110.0.min.wmark.f544e87f.jpg
606c27660932f757cb5be4be,Hacendado,Galletas María dorada 0% azúcares añadidos,Caja 400 g,1.5,Cereales y Galletas > Galletas > María,María,https://a2.soysuper.com/5214692c7c1d30a82de2f28831eb05aa.110.110.0.min.wmark.80965275.jpg
6288649e53c97b758971b109,Hacendado,Cacao soluble,Bote 480 g,2.15,"Cafés, Cacaos e Infusiones > Cacao > Soluble",Soluble,https://a1.soysuper.com/77c12c68aadd1c58c451a1f1d369a049.110.110.0.min.wmark.f4ff6f2d.jpg
5df73f24d7918713df0f208a,Hacendado,Maíz dulce grano congelado,Paquete 400 g,1.23,"Congelados > Verduras, Hortalizas y Legumbres congeladas > Maíz congelado",Maíz congelado,https://a1.soysuper.com/8c77ab042d4c88e20c88fc5e8b3f06ba.110.110.0.min.wmark.a6b3b96a.jpg
649be1221452a052073155be,Hacendado,Mermelada arandanos,Tarro 330 g,1.94,"Conservas, Sopas, Aceites y Condimentos > Conservas Dulces > Confituras y Mermeladas",Confituras y Mermeladas,https://a0.soysuper.com/b11841ef0fd9bd97f7ab35e3cbc23ecd.110.110.0.min.wmark.bd7351e5.jpg
4fc91619cc75fa2a3501a242,Hacendado,Palmitos al natural conserva,Tarro 410 g escurrido 250 g,2.65,"Conservas, Sopas, Aceites y Condimentos > Conservas Vegetales > Corazones de Palmito",Corazones de Palmito,https://a1.soysuper.com/52f4832ec363393ab5d7298132a92875.110.110.0.min.wmark.f5d2ed8e.jpg
5012ee4629eba85323000102,Hacendado,Pimenton rojo picante (tapon rojo),Bote 60 g,1.34,"Conservas, Sopas, Aceites y Condimentos > Especias > Pimentón",Pimentón,https://a0.soysuper.com/bb981790675d8d4c3eb23c3f153b5753.110.110.0.min.wmark.be772d29.jpg
5012f085825ae05b230001b4,Hacendado,Gamba congelada cruda pelada mediana (90/110 piezas),Paquete 360 g,4.96,Congelados > Pescados y Mariscos > Gambas congeladas,Gambas congeladas,https://a2.soysuper.com/081fbbe8b03490d078fbde2cc885126d.110.110.0.min.wmark.0dc127cb.jpg
62b169731452a06a1575cc8f,Hacendado,Hamburguesa pescado fresco merluza y gambon,240 g (bandeja 2 u),2.95,Frescos y Charcutería > Pescados y Mariscos > Pescado Blanco,Pescado Blanco,https://a0.soysuper.com/86bd6e4d14f42b6f1fdfd7dd0b61ef4a.110.110.0.min.wmark.013958d1.jpg
52e975e8043af7f67e000006,Hacendado,Huevos de chocolate dibujo,3 ud. x 20 g,1.9,Chocolates y Dulces > Chocolates > Chocolatinas,Chocolatinas,https://a1.soysuper.com/807122114d99efe2b10bbdc3d5b9bafd.110.110.0.min.wmark.ca918bb9.jpg
61e59ad3e93cdf135870e7f5,Hacendado,Chocolate leche con almendras enteras,Tableta 200 g,2,Chocolates y Dulces > Chocolates > Tabletas,Tabletas,https://a1.soysuper.com/58d3f896ede2253809314fca203fd823.110.110.0.min.wmark.d5de3173.jpg
6482f18b1452a0667a3a5a41,Hacendado,Tortita maiz serrano,Pack 4 paquetes - 140 g,1.75,Aperitivos > Snacks > Tortitas,Tortitas,https://a1.soysuper.com/f4f59d41dbb225b542c6927345de7c11.110.110.0.min.wmark.953d74fb.jpg
4fc91301cc75fa2a3500e683,Hacendado,Harina trigo,Paquete 5 kg,2.95,"Panadería, Pastelería y Repostería > Harina > De Trigo",De Trigo,https://a0.soysuper.com/da590752d50df24e7ae33d14ada90652.110.110.0.min.wmark.efef080b.jpg
5012ee410f8e48d05d0000fe,Hacendado,Curcuma (tapon rojo),Bote 60 g,1.3,"Conservas, Sopas, Aceites y Condimentos > Especias > Cúrcuma",Cúrcuma,https://a2.soysuper.com/add686c7de60612ad709b997906c98d4.110.110.0.min.wmark.5b5c8e9a.jpg
610a4dd3e93cdf2170743390,Hacendado,Tarrito frutas con avena a partir 8 meses,Tarrina pack 4 x 130 g - 520 g,2.89,Bebés y Niños > Alimentación Infantil > Tarritos,Tarritos,https://a1.soysuper.com/5ddcc01a1257c55140ea58a4e7539bc4.110.110.0.min.wmark.956792eb.jpg
4fc90f72cc75fa2a3500059a,Hacendado,Cocktail frutas deshidratadas,Paquete 200 g,1.9,Aperitivos > Frutos Secos > Frutas Deshidratadas,Frutas Deshidratadas,https://a2.soysuper.com/24c77fe491542b2036364b7136461bbd.110.110.0.min.wmark.f8a65a2c.jpg
63329ff61452a036063c884b,Hacendado,Ketchup monodosis,Sobres pack 12 x 20 g - 240 g,1.4,"Conservas, Sopas, Aceites y Condimentos > Salsas > Ketchup",Ketchup,https://a2.soysuper.com/feec51e51603c8c9b67f4facd6fc1bd9.110.110.0.min.wmark.904888a5.jpg
617ba099d791871dd97bc137,Hacendado,Yogur fresa sin lactosa,Pack 4 ud x 125 g - 500 g,1.45,Lácteos y Huevos > Yogur > Especiales,Especiales,https://a0.soysuper.com/fb196d1f5abca8399a8e226bf2bb973d.110.110.0.min.wmark.9a0c63af.jpg
5bf9da2a722d6a259661f33b,Hacendado,Bebida almendras,Brick 1 l,1.1,"Lácteos y Huevos > Leche > Soja, Avena, Arroz,..","Soja, Avena, Arroz,..",https://a0.soysuper.com/3b63f10ce4727ed9c4d5a88afbaac863.110.110.0.min.wmark.e5444a2f.jpg
4fc9168bcc75fa2a3501be38,Hacendado,Pota ajillo tacos conserva,U - 162 g,3.2,"Conservas, Sopas, Aceites y Condimentos > Conservas de Cefalópodos > Pota",Pota,https://a1.soysuper.com/8be1256cd3d25617e61af02a01dfac5f.110.110.0.min.wmark.3dbe22c2.jpg
57d152402508c10af73621ea,Hacendado,Pipas girasol mondadas naturales,Paquete 200 g,1.15,Aperitivos > Frutos Secos > Pipas,Pipas,https://a1.soysuper.com/20f483405b9f3e62382bee52f8359c16.110.110.0.min.wmark.aa82340b.jpg
61e0b07298ec910ec72b4a6c,Hacendado,Zamburiñas salsa vieira,Lata 111 g escurrido 63 g,1.81,"Conservas, Sopas, Aceites y Condimentos > Conservas de Marisco > Zamburiñas",Zamburiñas,https://a1.soysuper.com/29cd1280ed376e0f755331d74b50c003.110.110.0.min.wmark.56e7bde9.jpg
4fc91369cc75fa2a3500fe86,Hacendado,Preparado lacteo desnatado omega 3,Brick pack 6 x 1 l - 6 l,7.02,Lácteos y Huevos > Leche > Especiales,Especiales,https://a1.soysuper.com/ef7741c5672a18384a574d082e11b1b1.110.110.0.min.wmark.0917d303.jpg
5bf000b153c97b46616745db,Hacendado,LECHE ENTERA CALCIO,6 x 1 l,7.02,Lácteos y Huevos > Leche > Entera,Entera,https://a0.soysuper.com/3bce6fcb4d21492712d8857f4ee8484e.110.110.0.min.wmark.c02be359.jpg
5012ecc7a1320a57230000e2,Hacendado,Bebida isotonica naranja,Lata 330 ml,0.45,Bebidas > Bebida Isotónica > Naranja,Naranja,https://a2.soysuper.com/08f3a3cbcc55c0e4d5e5c661398c0f3a.110.110.0.min.wmark.e6b08386.jpg
5bf7bef0722d6a57f5106e5f,Hacendado,Vela de cumpleaños 1,Paquete 1 ud,0.85,Bazar y Casa > Decoración > Velas,Velas,https://a0.soysuper.com/790ad2bfe6dd7b19697f1f09fc0816f8.110.110.0.min.wmark.b6dcd236.jpg
602745cf53c97b014e5a9b78,Hacendado,Surtido granel hojaldre cabello,Unidad 80 g,0.46,"Panadería, Pastelería y Repostería > Bollería > Varios",Varios,
603d94830932f765f729599d,Hacendado,Queso fresco de cabra,Tarrina 350 g,4,Frescos y Charcutería > Queso > Fresco y para Ensaladas,Fresco y para Ensaladas,https://a2.soysuper.com/80aba1124fb279c815cc507aafb50833.110.110.0.min.wmark.fc120b06.jpg
5a6ce341722d6a77901f33a3,Hacendado,Azucar moreno,Paquete 1 kg,1.55,"Panadería, Pastelería y Repostería > Azúcar y Edulcorantes > Azúcar",Azúcar,https://a2.soysuper.com/bb1a9be171725b82ccd1617c22b105ef.110.110.0.min.wmark.849815a1.jpg
5cac6b6498ec910eb4516917,Hacendado,Bacalao dorado cocinado congelado,Paquete 240 g,2.6,Congelados > Platos Preparados > Pescado y Marisco,Pescado y Marisco,https://a1.soysuper.com/5fe7f839725197f4e9c1ee07899b53f4.110.110.0.min.wmark.082cc848.jpg
4fc91659cc75fa2a3501b123,Hacendado,Agua con gas seltz,Botella 1500 ml,0.57,Bebidas > Agua > Con Gas,Con Gas,https://a1.soysuper.com/db55977f78403183ea83cced7c8fa10f.110.110.0.min.wmark.2772993c.jpg
6389c79d8ca63c59b95071cb,Hacendado,Fruta+leche piña coco (brick azul claro),Brick 1 l,1.05,Bebidas > Zumo > Mezcla de Frutas,Mezcla de Frutas,https://a0.soysuper.com/633270a227cd83822f77c7f86e4b764f.110.110.0.min.wmark.9fd72fe1.jpg
5012ed070f8e48d05d0000e1,Hacendado,Comida preparada pollo asado alitas,Paquete 500 g,4.4,Frescos y Charcutería > Platos Preparados > Calientes,Calientes,https://a0.soysuper.com/a646f685c8e844c7d4ea755d1c2af7f2.110.110.0.min.wmark.869293d7.jpg
615afab62508c120d360bb40,Hacendado,Dátil medjoul refrigerado,Bandeja 215 g,4.1,Aperitivos > Frutos Secos > Frutas Deshidratadas,Frutas Deshidratadas,https://a2.soysuper.com/72f6bf17ba286f2779a4cbfe1ed19fb4.110.110.0.min.wmark.07d20db0.jpg
4fc9142acc75fa2a35012b89,Hacendado,Cafe monodosis mezcla (compatible con cafetera sistema senseo),Paquete 32 unidades,3.4,"Cafés, Cacaos e Infusiones > Café > Cápsulas",Cápsulas,https://a0.soysuper.com/862515f19ed59688334da63717ed521c.110.110.0.min.wmark.f1a5d072.jpg
5a10356d53c97b559a2aa369,Hacendado,Pan molde 100 % integral,460 g,0.95,"Panadería, Pastelería y Repostería > Pan > Pan de Molde",Pan de Molde,https://a1.soysuper.com/0e109e4d4b13bf265b471c6b312cc8ff.110.110.0.min.wmark.aba1895d.jpg
51dc67f1f0f9763714000045,Hacendado,Helado palo horchata,Pack 10 x 75 ml,2.3,Congelados > Helados > Polos,Polos,https://a1.soysuper.com/44d15c8d4345034642baa312fa83947c.110.110.0.min.wmark.c2159b32.jpg
5bd868342508c17a80426cd0,Hacendado,Queso fresco tronchón,Tarrina 250 g,3.05,Frescos y Charcutería > Queso > Fresco y para Ensaladas,Fresco y para Ensaladas,https://a0.soysuper.com/63461edb58a6924f418bc03696648cf9.110.110.0.min.wmark.3af58b78.jpg
654ad35ce6ed40715d558053,Hacendado,Salchicha bratwurst grandes 2 un.,Pack 2 x 175 g - 350 g,2.6,Frescos y Charcutería > Charcutería > Salchichas envasadas,Salchichas envasadas,https://a1.soysuper.com/461bcec7047026486806f0b8308bc5bf.110.110.0.min.wmark.f9d31439.jpg
61a753fad791871dfd37f6f8,Hacendado,Bocas congeladas crudas pequeñas,Caja 500 g,8.95,Congelados > Pescados y Mariscos > Cangrejos congelados,Cangrejos congelados,https://a2.soysuper.com/84f53014165a8008844001169884da9b.110.110.0.min.wmark.faa27078.jpg
633bedef1452a0166311e9d7,Hacendado,Nectar mango,Brick 1l,1.1,Bebidas > Zumo > Mango,Mango,https://a1.soysuper.com/ba88d13aa1f6dd2898841aea13210106.110.110.0.min.wmark.e2ed7622.jpg
63723f7d722d6a40441ae13b,Hacendado,Pulpo crudo grande congelado,Paquete 3.4 kg aprox,65.04,Congelados > Pescados y Mariscos > Cefalópodos congelados,Cefalópodos congelados,https://a2.soysuper.com/0081211156310be61faebac6f03a19a1.110.110.0.min.wmark.a9653453.jpg
65796a980932f71ef16abc1e,Hacendado,Tarrito 4 frutas con yogur a partir 8 meses,Tarrina pack 4 x 130 g - 520 g,2.89,Bebés y Niños > Alimentación Infantil > Tarritos,Tarritos,https://a1.soysuper.com/c3481514766ef5e0f896b0d181478ba8.110.110.0.min.wmark.f9b83120.jpg
54366823c3673dac09005493,Hacendado,Bebida energetica light,Lata 250 ml,0.4,Bebidas > Bebida Energética > Sin Azúcares añadidos,Sin Azúcares añadidos,https://a1.soysuper.com/7b484eaab156c7a1aa4eb92b3827a25e.110.110.0.min.wmark.482ca1c2.jpg
61811cad98ec9127847a3d51,Hacendado,"Cafe capsula doble expresso (compatible cafetera dolce gusto*(marca de grupo societe des produits nestle,sa. no relacionada con cocatech,sl))",Paquete 16 u,3.45,"Cafés, Cacaos e Infusiones > Café > Cápsulas",Cápsulas,https://a0.soysuper.com/38a35a8e8a0570bad3a1fb33a4ad2b06.110.110.0.min.wmark.4b36b204.jpg
6411b9771452a01c8f13fde9,Hacendado,Refresco te melocoton,Botella 1500 ml,1,Bebidas > Refresco > Té,Té,https://a2.soysuper.com/9b4b2cd452d72cb2154aa75627bc72c3.110.110.0.min.wmark.a721ca15.jpg
641dcbcdd79187119878c671,Hacendado,Energy drink furious,Lata 500 ml,0.97,Bebidas > Bebida Energética > Normal,Normal,https://a2.soysuper.com/4eab714caae072c5852b3aa791094896.110.110.0.min.wmark.14dd299b.jpg
666af6f03610d108fa2227d4,Hacendado,Esparrago blanco yemas conserva,Tarro 345 g escurrido 205 g,3.1,"Conservas, Sopas, Aceites y Condimentos > Conservas Vegetales > Legumbres",Legumbres,https://a0.soysuper.com/ef52495f1d24442349c87647ce65ef34.110.110.0.min.wmark.38dc0499.jpg
5555a23698ec9170983b1735,Hacendado,Pan barra chapata,1 u 400 g,1.3,"Panadería, Pastelería y Repostería > Pan > Pan Fresco",Pan Fresco,
6288e107722d6a66df643134,Hacendado,Queso madurado en madera,Unidad 330 gr,4.92,"Frescos y Charcutería > Queso > Tierno, Semicurado y Curado","Tierno, Semicurado y Curado",
5c7d161998ec915af34f7040,Hacendado,Patatas fritas onduladas sabor ketchup,Paquete 150 g,1.2,Aperitivos > Patatas Fritas > Onduladas,Onduladas,https://a0.soysuper.com/2118a659aed8681f70e9d75225a19d5d.110.110.0.min.wmark.73c40f55.jpg
5fa3ee2853c97b730546dc58,Hacendado,Queso viejo cabra,Unidad 350 g,6.9,Frescos y Charcutería > Queso > De Cabra y de Oveja,De Cabra y de Oveja,
54157220b4e57e8e3401220a,Hacendado,Yogur desnatado cremoso natural edulcorado,500 g,1.3,Lácteos y Huevos > Yogur > Desnatado,Desnatado,https://a0.soysuper.com/8290224b65e0365db7a0e61c6fb9fb39.110.110.0.min.wmark.22ac6fa3.jpg
5d483b112508c128ec5123b1,Hacendado,Alubia cocida carilla,Tarro 400 g neto escurrido,1.2,"Pasta, Arroz y Legumbres > Legumbres Cocidas > Alubias cocidas",Alubias cocidas,https://a2.soysuper.com/4fcc0ce94d71fed7ccb6694a6e973442.110.110.0.min.wmark.156a2737.jpg
51350c498c3f6e761b0000ef,Hacendado,Canela en rama (tapón marrón),Tarro de 70 g,4.25,"Conservas, Sopas, Aceites y Condimentos > Especias > Canela",Canela,https://a2.soysuper.com/08c212c3370237baf83a89ea01334370.110.110.0.min.wmark.9d9d2181.jpg
65b9f0bf0932f77cd538d921,Hacendado,Bebida mango (sin azucares añadidos),Brick 1 l,1.23,Bebidas > Zumo > Mango,Mango,https://a1.soysuper.com/6dfc0953e6791ed8e3be1ab3d932877d.110.110.0.min.wmark.92a8444f.jpg
6319ccac0932f76e051e7f58,Hacendado,Alubia carilla,Paquete 1000 g,2.85,"Pasta, Arroz y Legumbres > Legumbres Secas > Alubias",Alubias,https://a0.soysuper.com/2ee325d5985b7431a9da3ae3dd620ee4.110.110.0.min.wmark.123ed892.jpg
618f47f00932f70ab35863dd,Hacendado,Lomo back bacon,Bandeja 200 g aprox,2.65,Frescos y Charcutería > Carnes > Cerdo,Cerdo,https://a1.soysuper.com/79fd628a89b6f4ad00ac12d87d464ca6.110.110.0.min.wmark.3bc52589.jpg
633d46fb2508c13884790e20,Hacendado,Pan blanco mallorquin entero (disponible en todos los tramos de entrega excepto en el primero de la mañana),1 u - 600 g,1.85,"Panadería, Pastelería y Repostería > Pan > Pan de Molde",Pan de Molde,https://a0.soysuper.com/8f1f860f6539acf0c9afeb4f1ce11901.110.110.0.min.wmark.6c43afdd.jpg
5d14bc971452a004930e57c7,Hacendado,Refresco de naranja con gas,Lata 33 cl,0.39,Bebidas > Refresco > Naranja,Naranja,https://a0.soysuper.com/b10135dd5200b897ef927e74d8e40629.110.110.0.min.wmark.7e547d64.jpg
6243f2bb2508c12fa55e3399,Hacendado,Rosada escalopin (descongelado),Unidad 350 gr,7.21,Frescos y Charcutería > Pescados y Mariscos > Pescado Blanco,Pescado Blanco,
5d56cd9798ec917aed3e1742,Hacendado,Bacon lomo lonchas (estilo britanico),Unidad 200 gr,2.65,Frescos y Charcutería > Charcutería > Bacon y Panceta,Bacon y Panceta,
6356646d53c97b7d535d741a,Hacendado,Nectar mango,3 x 200 ml,0.95,Bebidas > Zumo > Mango,Mango,https://a0.soysuper.com/c1fec23eff203bd3ab4bb15551786298.110.110.0.min.wmark.09d7d860.jpg
624ab89b722d6a0f415962dd,Hacendado,Helado palo bombon mini tres chocolates,Caja 4 u x 80 ml,3.32,Congelados > Helados > Bombón Helado,Bombón Helado,https://a2.soysuper.com/3fc05d58534b6da728808d9666eb1706.110.110.0.min.wmark.03e9da3a.jpg
61c2e1e8722d6a75950d133a,Hacendado,Azucar moreno integral,Paquete 500 g,2,"Panadería, Pastelería y Repostería > Azúcar y Edulcorantes > Azúcar",Azúcar,https://a1.soysuper.com/5c03f1e5aeaa48c9cb970b039ef45a1a.110.110.0.min.wmark.2b0af777.jpg
63241c178ca63c15194d53f4,Hacendado,Calamar grande congelado,200 g aprox,3.5,Congelados > Pescados y Mariscos > Cefalópodos congelados,Cefalópodos congelados,https://a2.soysuper.com/8ccadcc996139e680381b6dc26790aef.110.110.0.min.wmark.64496774.jpg
54466d671849185606000518,Hacendado,Gazpacho manchego (mezcla especias),10 g (caja 5 u),2.5,"Conservas, Sopas, Aceites y Condimentos > Especias > Sazonadores",Sazonadores,https://a1.soysuper.com/6eccc28e014614ba3596c52819ff5728.110.110.0.min.wmark.eb35536b.jpg
64da5b3698ec91358c5e0e2b,Hacendado,Huevas maruca taco,Unidad 140 gr,7.49,Frescos y Charcutería > Pescados y Mariscos > Salazón,Salazón,
5a548b701452a048682ea0f8,Hacendado,Marrajo congelado rodaja,Unidad 350 gr,5.22,Congelados > Pescados y Mariscos > Marrajo,Marrajo,
57c6fb6053c97b1cfe10e1bc,Hacendado,Pan moño (con masa madre),1 u 500 g,1.45,"Panadería, Pastelería y Repostería > Pan > Pan Fresco",Pan Fresco,https://a0.soysuper.com/cc6b4650b267e59152bae2bd8fb75382.110.110.0.min.wmark.9536b211.jpg
62b9f8f61452a0130648aa5f,Hacendado,Gallo fresco limpio sin cabeza,Unidad 350 gr,7.56,Frescos y Charcutería > Pescados y Mariscos > Pescado Blanco,Pescado Blanco,
67bc8c211452a078d053a80a,Hacendado,"Fruta bolsillo platano, naranja y galleta 100% fruta (color amarillo) a partir 6 meses)",Bolsa 120 g,0.9,Bebés y Niños > Alimentación Infantil > Postres Bebé,Postres Bebé,https://a1.soysuper.com/ccbb0e84d3654cc0ae1e0ec5e09ab370.110.110.0.min.wmark.870e6711.jpg
6846a0092508c122ff2969a4,Hacendado,Queso curado DOP manchego de oveja,280 g aprox,5.64,"Frescos y Charcutería > Queso > Tierno, Semicurado y Curado","Tierno, Semicurado y Curado",https://a0.soysuper.com/dd7da14fc18d05346a921c2b3d38d9f5.110.110.0.min.wmark.4853cf9c.jpg
65f9af64722d6a5ab02f48a0,Hacendado,Tarta infantil balon trufa 20 raciones (cuadrada) pasteleria congelada,1 u - 1400 g,13.8,Congelados > Pan y Repostería > Tartas,Tartas,https://a0.soysuper.com/d060ac9e774c45dd0de6d97beb37a5b5.110.110.0.min.wmark.094dd56d.jpg
66e1469a8ca63c06b112a1f5,Hacendado,Bogavante americano congelado crudo,Unidad 450 gr,14.85,Congelados > Pescados y Mariscos > Bogavante,Bogavante,
69f2faaa1452a00a2b2ffb1d,Hacendado,Vinagre manzana sin filtrar,Botella 500 ml,2.5,"Conservas, Sopas, Aceites y Condimentos > Vinagre > De Manzana",De Manzana,
695bd7b553c97b015f17a7f5,Hacendado,Galleta mini cacao rellenas crema sabor vainilla,4 bolsitas - 160 g,1.5,Cereales y Galletas > Galletas > Rellenas,Rellenas,https://a0.soysuper.com/df7848bae6bd1067d8db82ebd0e77bc5.110.110.0.min.wmark.5e5ee870.jpg
66ed6609d791872f813fb5eb,Hacendado,Barquillo relleno chocolate,Paquete 175 g,1,Cereales y Galletas > Galletas > Barquillos,Barquillos,https://a0.soysuper.com/7c5f1636fc61408367970cbc6c91df72.110.110.0.min.wmark.94c06eaa.jpg
684928bb91e128e3397afd4c,Hacendado,Pasta deshidratada mac&cheese,Sobre 190 g,1.3,"Conservas, Sopas, Aceites y Condimentos > Platos Preparados en Conserva > Pasta preparada",Pasta preparada,https://a1.soysuper.com/077921d5d537e099e372dd72034de8e3.110.110.0.min.wmark.2a147cae.jpg
66bcbcba98ec9146ce2908e8,Hacendado,Sal himalaya (rosa) molida,Paquete 1 kg,2.65,"Conservas, Sopas, Aceites y Condimentos > Especias > Sal",Sal,https://a1.soysuper.com/a4895cf28f326b55f0ebe3a3871403a5.110.110.0.min.wmark.cd540796.jpg
692701676c714be36616b471,Hacendado,Mini chocolatinas variadas mini mix,Paquete 204 g,2.75,Chocolates y Dulces > Chocolates > Chocolatinas,Chocolatinas,https://a0.soysuper.com/adb5bf01c8949e492a6b93761cd68df8.110.110.0.min.wmark.9cd47e88.jpg
69e3e7786c714b23ac2ead54,Hacendado,Queso tierno de cabra ahumado,350 g aprox,4.95,Frescos y Charcutería > Queso > De Cabra y de Oveja,De Cabra y de Oveja,https://a2.soysuper.com/cc1b9adf81f93a98a8d428ed8beddb53.110.110.0.min.wmark.28a4351d.jpg
69e716020932f76d762c4d69,Hacendado,Cayena (guindilla) (tapón marron),Bote 23 g,1.35,"Conservas, Sopas, Aceites y Condimentos > Especias",Especias,https://a0.soysuper.com/48ede1258da611092e403d82e1178445.110.110.0.min.wmark.9acc9929.jpg
6a12953c722d6a53df3d39c4,Hacendado,Refresco ice tea maracuya,Pack 6 x 330 ml -1980 ml,3,Bebidas > Refresco > Té,Té,https://a0.soysuper.com/61e161b0aba1eaa5e45016c7b5567da2.110.110.0.min.wmark.cf9166a6.jpg
6a13f7a9722d6a53dc8081ad,Hacendado,Pepito relleno crema horno *****novedad*****,210 g (bandeja 2 u),2.3,"Panadería, Pastelería y Repostería > Bollería > Pepito",Pepito,https://a2.soysuper.com/a2a2de43768e6b0c284183044395dcdb.110.110.0.min.wmark.11642bdf.jpg
5e4a5388e93cdf77c64c3031,Hacendado,Queso lonchas cremoso,300 g (paquete 12 u),2.86,"Frescos y Charcutería > Queso > Lonchas, Rallado y en Porciones","Lonchas, Rallado y en Porciones",https://a0.soysuper.com/e1e64017ea9febf39dfb39c6131c5e7c.110.110.0.min.wmark.6a06e3b8.jpg
4fc91024cc75fa2a35002f56,Hacendado,Maiz dulce en conserva,Pack 3 botes x 140 g neto escurrido,1.55,"Conservas, Sopas, Aceites y Condimentos > Conservas Vegetales > Maíz en conserva",Maíz en conserva,https://a2.soysuper.com/2a1561a43e701fd57942f25a3d11fb33.110.110.0.min.wmark.2b5b8533.jpg
5331e85c17989a767d0000b1,Hacendado,Natilla vainilla,Pack 4 x 125 g - 500 g,1.05,Lácteos y Huevos > Postres > Natillas,Natillas,https://a2.soysuper.com/77c14d75bee19d4da20e040df6ccc176.110.110.0.min.wmark.181b9e1e.jpg
635b7b8498ec916ac86fedbb,Hacendado,Pimiento congelado,Paquete 450 g,1.2,"Congelados > Verduras, Hortalizas y Legumbres congeladas > Pimiento congelado",Pimiento congelado,https://a2.soysuper.com/678199d686ff7ef18b062ce78fb86fcc.110.110.0.min.wmark.f172112d.jpg
5012f584459c33cc5d0002bc,Hacendado,Queso en polvo especial pasta,Paquete 150 g,1.25,"Frescos y Charcutería > Queso > Lonchas, Rallado y en Porciones","Lonchas, Rallado y en Porciones",https://a1.soysuper.com/89ff98e1a4b080f31ccfd318416882ec.110.110.0.min.wmark.a77bd3e6.jpg
4fc91023cc75fa2a35002f01,Hacendado,Tomate frito,3 x 210 g,0.95,"Conservas, Sopas, Aceites y Condimentos > Salsas > Tomate Frito",Tomate Frito,https://a1.soysuper.com/d841a4c7053fa1833fd4501a2768c20d.110.110.0.min.wmark.88bf5931.jpg
4fc91301cc75fa2a3500e68a,Hacendado,Harina trigo,Paquete 1 kg,0.72,"Panadería, Pastelería y Repostería > Harina > De Trigo",De Trigo,https://a0.soysuper.com/99d59a8f6f05bbb3e080cc39ff304f27.110.110.0.min.wmark.68ea095a.jpg
56d71b4a1452a005ba3ed2fe,Hacendado,Queso fundido sabor suave lonchas,Paquete 555 g,2.35,"Frescos y Charcutería > Queso > Lonchas, Rallado y en Porciones","Lonchas, Rallado y en Porciones",https://a0.soysuper.com/d54d740e749533404c592fd7f3e72160.110.110.0.min.wmark.44fb6c44.jpg
6467420f98ec9149f5480464,Hacendado,Patatas fritas onduladas sabor jamón,Paquete 150 g,1.21,Aperitivos > Patatas Fritas > Onduladas,Onduladas,https://a1.soysuper.com/95f9caf25e780d1d4eba632de5513542.110.110.0.min.wmark.0944d1e5.jpg
576ae53b98ec910a984df4af,Hacendado,Patata prefrita congelada gajo,Paquete 750 g,1.7,"Congelados > Verduras, Hortalizas y Legumbres congeladas > Patatas congeladas",Patatas congeladas,https://a1.soysuper.com/8a967c2c4c495967e9d71e0e6aa1a0c6.110.110.0.min.wmark.cda67ecc.jpg
4fc913c5cc75fa2a3501135d,Hacendado,Arroz ultracongelado (para microondas),Paquete 1 kg,1.91,Congelados > Platos Preparados > Arroz,Arroz,https://a2.soysuper.com/f27eb2573dc2cda8670b8995b6bf24eb.110.110.0.min.wmark.c3647588.jpg
4fc91023cc75fa2a35002f00,Hacendado,Tomate natural triturado,Bote 800 g,1,"Conservas, Sopas, Aceites y Condimentos > Conservas Vegetales > Tomate",Tomate,https://a0.soysuper.com/f12225c6b486fe52f5232c75da13e884.110.110.0.min.wmark.932ba11e.jpg
5358175b1f1d12a21f000032,Hacendado,Sal fina seca normal,Paquete de 1 kg,0.4,"Conservas, Sopas, Aceites y Condimentos > Especias > Sal",Sal,https://a1.soysuper.com/c8dad0074bbed02ff4c01a37b6ebe661.110.110.0.min.wmark.abd388eb.jpg
4fc9128ecc75fa2a3500ca1f,Hacendado,Pizza fresca jamon york queso,440 g,2.9,Frescos y Charcutería > Platos Preparados > Calientes,Calientes,https://a0.soysuper.com/8cea5029026b2430a39bf37bd05fa126.110.110.0.min.wmark.a8fe95eb.jpg
4fc91020cc75fa2a35002e72,Hacendado,Cereal relleno leche,Caja 500 g,2.4,Cereales y Galletas > Cereales > Infantiles,Infantiles,https://a0.soysuper.com/96fa6c108f4c5cfb83a7ceac4134756b.110.110.0.min.wmark.214ecfcd.jpg
4fc91390cc75fa2a350107b5,Hacendado,Flan vainilla,Pack 6 x 100 g - 600 g,1.1,Lácteos y Huevos > Postres > Flan,Flan,https://a0.soysuper.com/e14c5c5f3c1b594b491d8583ded34b50.110.110.0.min.wmark.ec4c239a.jpg
4fc9160ccc75fa2a35019f27,Hacendado,Tomate frito,Tarro 560 g,0.9,"Conservas, Sopas, Aceites y Condimentos > Salsas > Tomate Frito",Tomate Frito,https://a0.soysuper.com/e040d961e079c75f037a44658a809bc2.110.110.0.min.wmark.7bcfb39e.jpg
53aa46e44e949e5a2102189a,Hacendado,Tomate frito aceite oliva receta artesana,Tarro 560 g,2,"Conservas, Sopas, Aceites y Condimentos > Salsas > Tomate Frito",Tomate Frito,https://a1.soysuper.com/73933c6cb46ff2c500b8e6205ad919b6.110.110.0.min.wmark.14845cc7.jpg
651181f6e93cdf600980e09c,Hacendado,Patatas fritas lisas extracrujientes,Paquete 150 g,1.35,Aperitivos > Patatas Fritas > Lisas,Lisas,https://a1.soysuper.com/2a183c71fd1eb595ba90bd3337b85a01.110.110.0.min.wmark.d7e5feb1.jpg
4fc90fa7cc75fa2a35001182,Hacendado,Picos,Paquete 250 g,0.8,"Panadería, Pastelería y Repostería > Pan > Picos y Crackers",Picos y Crackers,https://a2.soysuper.com/722c0884291fe16ec4a9fee08161f01e.110.110.0.min.wmark.e8589e22.jpg
648c5589e93cdf6a2b5698ef,Hacendado,Palitos de surimi fresco,Paquete 460 g,2,Frescos y Charcutería > Pescados y Mariscos > Surimi y Gulas,Surimi y Gulas,https://a1.soysuper.com/f90547f1f56919301ee26dcb2657b7f0.110.110.0.min.wmark.496793c1.jpg
4fc912f9cc75fa2a3500e4a5,Hacendado,Pan rallado con ajo y perejil,Paquete 500 g,1,"Panadería, Pastelería y Repostería > Pan > Pan Rallado",Pan Rallado,https://a2.soysuper.com/59c68076a899444235bf2899bc386b11.110.110.0.min.wmark.74caf999.jpg
5be2de6b53c97b71605bd0e9,Hacendado,Queso untar blanco natural suave,Tarrina 300 g,1.4,Frescos y Charcutería > Queso > Crema de Queso,Crema de Queso,https://a1.soysuper.com/8c6d88cc80f608bcd1df9d0c8407cf1e.110.110.0.min.wmark.aac65a5c.jpg
5012f0df238436c85d000245,Hacendado,Pan perrito (hot dog),Paquete 6 u,0.9,"Panadería, Pastelería y Repostería > Pan > Pan Burger y Panecillos",Pan Burger y Panecillos,https://a1.soysuper.com/4ec1e2437761d26c28b138511a8c50c4.110.110.0.min.wmark.b85c8dc4.jpg
5012f0a9a1320a57230001c9,Hacendado,Judía verde redonda troceada congelada,Paquete 1 kg,1.43,"Congelados > Verduras, Hortalizas y Legumbres congeladas > Judías verdes congeladas",Judías verdes congeladas,https://a0.soysuper.com/4d442cf542447224b2e99909b6da7445.110.110.0.min.wmark.83000842.jpg
5ed0ef6a53c97b0d154c8755,Hacendado,Queso viejo tostado,Unidad 400 g,5.66,"Frescos y Charcutería > Queso > Tierno, Semicurado y Curado","Tierno, Semicurado y Curado",
4fc9100dcc75fa2a350029d3,Hacendado,Fideo grueso pasta,Paquete 500 g,0.8,"Pasta, Arroz y Legumbres > Pasta > Para Sopa",Para Sopa,https://a0.soysuper.com/28be860bdd5fd7ee9d24cce9b3493173.110.110.0.min.wmark.6caebfef.jpg
4fc910b8cc75fa2a35005aff,Hacendado,Néctar de piña sin azúcares añadidos,Brick 1 l,0.97,Bebidas > Zumo > Piña,Piña,https://a0.soysuper.com/34e5a0aa09650a05dc9d0453ea43d7b1.110.110.0.min.wmark.61208d4d.jpg
4fc9128ecc75fa2a3500ca26,Hacendado,Pizza fresca jamon york queso con perlas de mozarella,u 415 g,2.5,Frescos y Charcutería > Platos Preparados > Calientes,Calientes,https://a2.soysuper.com/c464302df3a8f99dbdf2313969733ba4.110.110.0.min.wmark.72210129.jpg
583e35f11452a0304719148e,Hacendado,Crema liquida calabaza,Brick 500 ml,1,"Conservas, Sopas, Aceites y Condimentos > Sopas, Cremas, Caldos y Purés > Cremas",Cremas,https://a0.soysuper.com/9534b951e9305fb7119057726c4a33d4.110.110.0.min.wmark.feeaf075.jpg
5965e54153c97b3868494ea0,Hacendado,"Pizza congelada 4 quesos masa fina y crujiente (mozzarella, edam, gorgonzola, emental)",Unidad 390 g,2.5,Congelados > Platos Preparados > Pizzas,Pizzas,https://a0.soysuper.com/de18a37b3dcc1a9a854cd3a657aeb311.110.110.0.min.wmark.ad8c218e.jpg
4fc916cbcc75fa2a3501ceea,Hacendado,Aperitivo cuquis,Paquete 80 g,0.75,Aperitivos > Snacks > Gusanitos,Gusanitos,https://a2.soysuper.com/560484722036befdf6dd86a9daeab637.110.110.0.min.wmark.4a4d6a92.jpg
4fc9137ccc75fa2a3501029f,Hacendado,Yogur limón,Pack 4 x 125 g - 500 g,0.76,Lácteos y Huevos > Yogur > Sabores,Sabores,https://a0.soysuper.com/8ab3879d5db05ad7ee92c08ab4ce9adc.110.110.0.min.wmark.442156ab.jpg
4fc916cbcc75fa2a3501cef5,Hacendado,Aperitivo bombitas de maiz sabor mantequilla,Paquete 80 g,0.8,Aperitivos > Snacks > De Maíz,De Maíz,https://a0.soysuper.com/b9d2cc96f28550e0908566a3b0e59e09.110.110.0.min.wmark.0cb5cc0a.jpg
5012f0a30f8e48d05d0001c0,Hacendado,Empanadillas congelada atun,Caja 500 g,2,"Congelados > Platos Preparados > Croquetas, Bolas y Empanados","Croquetas, Bolas y Empanados",https://a0.soysuper.com/134145ef5cb6392b14f2ccbc87b2f2fc.110.110.0.min.wmark.58c588f7.jpg
5809fca153c97b27ef61ea94,Hacendado,Aceite oliva virgen extra spray,Bote 200 ml,2.7,"Conservas, Sopas, Aceites y Condimentos > Aceite > De Oliva",De Oliva,https://a2.soysuper.com/3c7afc947d2b03c062461a4cb36ba5c5.110.110.0.min.wmark.bb16a328.jpg
4fc915d5cc75fa2a3501920d,Hacendado,Aceite oliva virgen extra tapon negro,Botella 1 l,4.95,"Conservas, Sopas, Aceites y Condimentos > Aceite > De Oliva",De Oliva,https://a1.soysuper.com/b22d8e7a46d2a9d345199088ca69b2f1.110.110.0.min.wmark.db5aa749.jpg
53a804d7b0d3af94330093b6,Hacendado,Yogur liquido L casei fresa,12 unidades de 100 g (1200 g),2.25,Lácteos y Huevos > Yogur > L.Casei,L.Casei,https://a1.soysuper.com/5fc2f6171c9b5fe3ffac5a53361ad20d.110.110.0.min.wmark.34c6e68d.jpg
5e5d7cca2508c14ab7228ce3,Hacendado,Infusión de manzanilla,Estuche 20 bolsitas,0.65,"Cafés, Cacaos e Infusiones > Infusiones > Manzanilla",Manzanilla,https://a0.soysuper.com/e2b5e77d8b819077c5c02f2a680a6500.110.110.0.min.wmark.36447799.jpg
61a9d2d60932f70ab672cf51,Hacendado,Croissant relleno chocolate industrial,Paquete 375 g,1.95,"Panadería, Pastelería y Repostería > Bollería > Croissant",Croissant,https://a2.soysuper.com/2d6fbc8175646e0622df7753473567f8.110.110.0.min.wmark.091725b1.jpg
4fc9136bcc75fa2a3500ff06,Hacendado,Frutas+leche caribe (brick verde),6 x 200 ml,1.21,Bebidas > Zumo > Con Leche,Con Leche,https://a0.soysuper.com/8b1a30ba702249d52e88561281601c80.110.110.0.min.wmark.cc16dc98.jpg
5012f0a90f8e48d05d0001c3,Hacendado,Judia verde plana troceada congelada,Paquete 1 kg,1.43,"Congelados > Verduras, Hortalizas y Legumbres congeladas > Judías verdes congeladas",Judías verdes congeladas,https://a0.soysuper.com/914056533ff62785b6d832702cc8b0d5.110.110.0.min.wmark.a4eb00a5.jpg
5bf000af2508c12a2c08ebfd,Hacendado,Leche entera,"6 x 1,5 l",9.36,Lácteos y Huevos > Leche > Entera,Entera,https://a1.soysuper.com/9c8abd608c3e9b45e2ccc3daaae406c3.110.110.0.min.wmark.ed0496d2.jpg
5012f0bc825ae05b230001cf,Hacendado,Leche semidesnatada,Brik 1 l,0.84,Lácteos y Huevos > Leche > Semidesnatada,Semidesnatada,https://a1.soysuper.com/f3043d4931d9488ae6dd1ba6029e3844.110.110.0.min.wmark.582d0fe5.jpg
4fc91664cc75fa2a3501b449,Hacendado,Aceituna rellena anchoa suave,3 x 50 g,1.88,Aperitivos > Aceitunas > Verdes,Verdes,https://a1.soysuper.com/f79c850fd703408e3ed20f80d1b6e5ec.110.110.0.min.wmark.fb5de46d.jpg
5c9a0bc00932f764b86c5c97,Hacendado,Refresco de cola zero azúcar y zero cafeína,Botella 2 l,0.78,Bebidas > Refresco > Cola,Cola,https://a1.soysuper.com/7dd1d400f8a66a46d3f4b8c844818bd3.110.110.0.min.wmark.6b0eb9fa.jpg
608fe3862508c122eb2179c1,Hacendado,Galletas Roditas bañadas con chocolate blanco,Caja 300 g,2.1,Chocolates y Dulces > Chocolates > Chocolatinas,Chocolatinas,https://a0.soysuper.com/c2b2027cc1f06b0870726724828da0cb.110.110.0.min.wmark.382ff047.jpg
5c5aa47b1452a0167667786b,Hacendado,Nata montada spray,Bote 250 g,1.46,Lácteos y Huevos > Nata > Montada,Montada,https://a0.soysuper.com/69fc92465da713df89d1fb0416c3b0ce.110.110.0.min.wmark.3ec3f1fd.jpg
578027312508c1416b63db57,Hacendado,Queso fresco Burgos natural,2 tarrinas x 250 g,2.05,Frescos y Charcutería > Queso > Fresco y para Ensaladas,Fresco y para Ensaladas,https://a0.soysuper.com/e5d207f727aea612d36e939f25b111c5.110.110.0.min.wmark.e9118dc6.jpg
5012ee2e238436c85d000109,Hacendado,Tomate frito aceite oliva casero,Brick 380 g,1.19,"Conservas, Sopas, Aceites y Condimentos > Salsas > Tomate Frito",Tomate Frito,https://a1.soysuper.com/54f21f20b3f9afcd25df30f0aa47c17a.110.110.0.min.wmark.a26e4fde.jpg
53be71a1d389cf9e4800aa2c,Hacendado,Pate finas hierbas,Tarro 160 g,1.1,"Conservas, Sopas, Aceites y Condimentos > Paté > Finas Hierbas",Finas Hierbas,https://a1.soysuper.com/382ebf50d478f33225fb17e477bc88c7.110.110.0.min.wmark.d14f8de7.jpg
61b430f1e93cdf10e772ea22,Hacendado,Crema liquida natural calabaza y zanahoria refrigerada (sin conservantes),Tarrina 350 g,1.7,Frescos y Charcutería > Platos Preparados > Calientes,Calientes,https://a2.soysuper.com/57858a5e8ce3cd92498ed097fc622f44.110.110.0.min.wmark.3a1e3eb4.jpg
60ae2d0b2508c155276df32d,Hacendado,Caldo liquido fumet de pescado,Botella 950 g,2.85,"Conservas, Sopas, Aceites y Condimentos > Sopas, Cremas, Caldos y Purés > Caldo",Caldo,https://a2.soysuper.com/1c6d4b85f557b87a6aba0069e306322d.110.110.0.min.wmark.c8463eeb.jpg
5eb90d7fe93cdf6e6e3d705b,Hacendado,Patatas fritas paja,Paquete 200 g,1.5,Aperitivos > Patatas Fritas > Paja,Paja,https://a1.soysuper.com/e4b86966cbf97f55c7b4abb2a9fad9c1.110.110.0.min.wmark.f3375cea.jpg
4fc915f7cc75fa2a35019a3a,Hacendado,Cereal relleno leche mini,Caja 175 g (5 u),1.95,Cereales y Galletas > Cereales > Infantiles,Infantiles,https://a2.soysuper.com/a3fb02222af5445898a3affe64a2b86e.110.110.0.min.wmark.9159badd.jpg
585a508a2508c11e5a37d478,Hacendado,Frutas rojas mix congeladas,Paquete de 300 g,1.9,Congelados > Fruta > Frutas Rojas,Frutas Rojas,https://a2.soysuper.com/4e1289bed91aa888fe18fdbaba5c9932.110.110.0.min.wmark.c0b5a26d.jpg
4fc91288cc75fa2a3500c8bd,Hacendado,Anacardo frito,Paquete 200 g,2.77,Aperitivos > Frutos Secos > Anacardos,Anacardos,https://a2.soysuper.com/a1c23afa61059c93d567e55da3f8f890.110.110.0.min.wmark.bc333f46.jpg
53ae07ac9f693be96e000c0d,Hacendado,Pan de molde semillas y pipas de calabaza,Paquete 580 g,1.6,"Panadería, Pastelería y Repostería > Pan > Pan de Molde",Pan de Molde,https://a1.soysuper.com/16cdcda26b132cfed72f255aabf58111.110.110.0.min.wmark.081b6821.jpg
4fc91597cc75fa2a3501816e,Hacendado,Salchichas cocidas bocata queso,2 paquetes x 175 g,2.1,Frescos y Charcutería > Charcutería > Salchichas envasadas,Salchichas envasadas,https://a0.soysuper.com/5ce3b95767135de257dd85e7ab4ac233.110.110.0.min.wmark.85c263c6.jpg
64bb7f2153c97b51b82d7665,Hacendado,Barrita cereales espelta sabor manzana (0% edulcorantes y azucares añadidos),120 g (caja 6 u),1.55,Cereales y Galletas > Cereales > Barritas,Barritas,https://a0.soysuper.com/2d93a1cdfa9f5b609416b461dd585378.110.110.0.min.wmark.b57a48fe.jpg
53aafd1bb0d3af943301539b,Hacendado,Pate pimienta,Tarro 160 g,1.1,"Conservas, Sopas, Aceites y Condimentos > Paté > Pimienta",Pimienta,https://a0.soysuper.com/719f44c03ca564adbcb56f60b1fd8eed.110.110.0.min.wmark.5fc83ac5.jpg
571df38853c97b7fb506b0f1,Hacendado,Helado cono nata chocolate,Pack 6 x 120 ml,2.23,Congelados > Helados > Conos,Conos,https://a2.soysuper.com/fbd211e2abc07abed1b5a754f98d5c8d.110.110.0.min.wmark.2e3cb5ce.jpg
4fc90fc5cc75fa2a35001927,Hacendado,Lenteja jardinera (verduras),Bote 420 g,1.2,"Conservas, Sopas, Aceites y Condimentos > Platos Preparados en Conserva > Legumbres",Legumbres,https://a0.soysuper.com/971398e0537deb150644e2c8051055ef.110.110.0.min.wmark.80cac345.jpg
4fc91353cc75fa2a3500f9ea,Hacendado,Nata para montar,Pack 3 x 200 ml - 600 ml,2.24,Lácteos y Huevos > Nata > Para montar,Para montar,https://a1.soysuper.com/34d4b61e125b08b532e05acfba7e0317.110.110.0.min.wmark.d0903693.jpg
4fc910b8cc75fa2a35005b00,Hacendado,Bebida melocoton (sin azucares añadidos),6 x 200 ml,1.5,Bebidas > Zumo > Melocotón,Melocotón,https://a1.soysuper.com/5237a26d736a27e389ac8e44e42ce89a.110.110.0.min.wmark.9a7ed86d.jpg
60b0ce83722d6a06c2841cf0,Hacendado,Cafe molido natural fuerte,Paquete 500 g,4.69,"Cafés, Cacaos e Infusiones > Café > Molido",Molido,https://a0.soysuper.com/d24e91b2a8830f075c54fdcd6cd83171.110.110.0.min.wmark.669fb0af.jpg
63a40b382508c105fe3d73d5,Hacendado,Fiambre pechuga pavo lonchas finas,Paquete 200 g,2.3,Frescos y Charcutería > Charcutería > Pavo charcutería,Pavo charcutería,https://a1.soysuper.com/1ba5793ef82026db1e24c005a263be03.110.110.0.min.wmark.31eb034b.jpg
564f025653c97b6174012d30,Hacendado,Bifidus cereales y fibra,Pack 4 x 125 g - 500 g,1.3,Lácteos y Huevos > Yogur > Con Bífidus,Con Bífidus,https://a2.soysuper.com/50f89946b6c962ad3e58afbbd6fe87eb.110.110.0.min.wmark.c77a217c.jpg
4fc913c5cc75fa2a35011355,Hacendado,"Relleno fajitas congelado ( pollo, pimiento,cebolla y sazonador )",Paquete 300 g,1.9,Congelados > Platos Preparados > Carne y Pollo,Carne y Pollo,https://a0.soysuper.com/161918ec5793baaad4fd2c9561163aec.110.110.0.min.wmark.e0c009dd.jpg
53bbc9361a2006cf0f009bff,Hacendado,Bifidus desnatado trozos pera,Pack 4 x 125 g - 500 g,1.3,Lácteos y Huevos > Yogur > Con Bífidus,Con Bífidus,https://a0.soysuper.com/7dda02ef8d0c9d43c8d49aca52599744.110.110.0.min.wmark.57651fd9.jpg
4fc915cbcc75fa2a35018f36,Hacendado,Comino grano (tapón marron),Bote 56 g,1.91,"Conservas, Sopas, Aceites y Condimentos > Especias > Comino",Comino,https://a1.soysuper.com/1d2ecbf6c71e97ee9b65688f56314599.110.110.0.min.wmark.ccc8931a.jpg
4fc91301cc75fa2a3500e686,Hacendado,Harina fuerza,Paquete 1 kg,0.95,"Panadería, Pastelería y Repostería > Harina > De Trigo",De Trigo,https://a1.soysuper.com/58ecd666dd3d308381e037a84f460e34.110.110.0.min.wmark.2fe561b7.jpg
5b00375b53c97b24973fefb3,Hacendado,Gazpacho 100 % natural fresco,Botellin 330 ml,1.1,Frescos y Charcutería > Platos Preparados > Refrigerados,Refrigerados,https://a1.soysuper.com/4e0503d934a6149f1d620ee9dc96a79d.110.110.0.min.wmark.b7c4f614.jpg
4fc912f3cc75fa2a3500e337,Hacendado,Picatostes fritos,Paquete 100 g,0.8,"Panadería, Pastelería y Repostería > Pan > Picos y Crackers",Picos y Crackers,https://a1.soysuper.com/f7876e5137bbc3b75e321cff921714b5.110.110.0.min.wmark.37fe7de3.jpg
5c9f5125722d6a38531b4acc,Hacendado,Queso azul,180 g,2.3,Frescos y Charcutería > Queso > Roquefort y Quesos Azules,Roquefort y Quesos Azules,https://a0.soysuper.com/4dd967a867ca361878f2e8cb6f5c366b.110.110.0.min.wmark.5777714c.jpg
64ca496553c97b20b94090d9,Hacendado,Tomillo (tapon verde),Bote 24 g,1.05,"Conservas, Sopas, Aceites y Condimentos > Especias > Tomillo",Tomillo,https://a0.soysuper.com/a3ec690ca1760ced46d327897ec2957b.110.110.0.min.wmark.ff1e7635.jpg
51f2c58b45388aa54900000b,Hacendado,Cacahuete frito con piel,Paquete de 250 g,1.3,Aperitivos > Frutos Secos > Cacahuetes,Cacahuetes,https://a1.soysuper.com/0e41a80f957a9ecb512b734fb57c7f7e.110.110.0.min.wmark.a9606bc4.jpg
62da489053c97b70715a081b,Hacendado,Postre lácteo puding caramelo + proteínas,Pack 4 ud x 120 g - 480 g,1.9,Lácteos y Huevos > Postres > Pudding,Pudding,https://a1.soysuper.com/de29191969a199985421e385f9523e5d.110.110.0.min.wmark.4d2f0759.jpg
5832f9e51452a01737360efe,Hacendado,Harina maiz blanco precocida,Paquete 1 kg,1.59,"Panadería, Pastelería y Repostería > Harina > De Maíz",De Maíz,https://a1.soysuper.com/e4f131fca257468797b0fe65ecc59506.110.110.0.min.wmark.bf403d95.jpg
4fc91626cc75fa2a3501a586,Hacendado,Miel mil flores dosificador,Bote 500 g,3.08,"Conservas, Sopas, Aceites y Condimentos > Conservas Dulces > Miel",Miel,https://a2.soysuper.com/57b049a59b2099ef91a4eb7c01850499.110.110.0.min.wmark.f2087ad7.jpg
5e8eace753c97b718929f5af,Hacendado,Crema liquida pollo con verduras,Brick 500 ml,1,"Conservas, Sopas, Aceites y Condimentos > Sopas, Cremas, Caldos y Purés > Cremas",Cremas,https://a2.soysuper.com/b0d705556137b84d7ac401052bb18e30.110.110.0.min.wmark.43bc7be0.jpg
546e1eaa64a48e9427001be2,Hacendado,Langostino congelado rebozado (caballitos),Paquete 300 g,3.25,Congelados > Platos Preparados > Pescado y Marisco,Pescado y Marisco,https://a1.soysuper.com/20f68ae998b31a70864c39a6511ef2b1.110.110.0.min.wmark.2665d5d1.jpg
63efd65ce93cdf3217313c7b,Hacendado,Tortillas 51% avena,360 g (paquete 6 u),1.86,"Conservas, Sopas, Aceites y Condimentos > Platos Preparados en Conserva > Comida Mexicana",Comida Mexicana,https://a1.soysuper.com/a6994bed4362b0f897431493d1fa6761.110.110.0.min.wmark.338d92e9.jpg
5dde030fe93cdf25387eb7cb,Hacendado,Cereal copos de trigo chocolate (chocodays),Caja 500 g,1.99,Cereales y Galletas > Cereales > Integrales,Integrales,https://a1.soysuper.com/d5a0883e230a6ea6cd59ff134111733e.110.110.0.min.wmark.64bab980.jpg
4fc915cbcc75fa2a35018f32,Hacendado,Canela molida (tapon rojo),Bote 52 g,0.99,"Conservas, Sopas, Aceites y Condimentos > Especias > Canela",Canela,https://a2.soysuper.com/b023ab2fd8a693dd9dc6358cffc39a4f.110.110.0.min.wmark.113534e6.jpg
6207698998ec9103cc4cb804,Hacendado,Bizcocho al huevo (duro) industrial,Paquete 400 g,1.8,"Panadería, Pastelería y Repostería > Bollería > Bizcocho, Mantecados y Ensaimadas","Bizcocho, Mantecados y Ensaimadas",https://a1.soysuper.com/c5dd8532a08c0e80872a1408c8045620.110.110.0.min.wmark.4b43fbbd.jpg
4fc9128ecc75fa2a3500ca1a,Hacendado,Pizza fresca jamon serrano,u 400 g,2.9,Frescos y Charcutería > Platos Preparados > Calientes,Calientes,https://a0.soysuper.com/22fcb6c24835da5743ffc7b8943fd1f7.110.110.0.min.wmark.fd942a46.jpg
63e7229f1452a0157b641436,Hacendado,"Cocktail frutos secos tostado y ahumado (cacahuetes, almendras y anacardos)",Paquete 200 g,2.8,Aperitivos > Frutos Secos > Cóctel,Cóctel,https://a2.soysuper.com/178f951e0980a4c2cb69002b2391b5d0.110.110.0.min.wmark.d76f6922.jpg
5012f0e4459c33cc5d000227,Hacendado,Pan tostado cereales y semillas,Paquete 550 g,2.23,"Panadería, Pastelería y Repostería > Pan > Pan Tostado",Pan Tostado,https://a0.soysuper.com/f3a2472181e91fe97572dd22c650d5f6.110.110.0.min.wmark.42d76076.jpg
60dc17d853c97b300417053e,Hacendado,Galletas Caocream rellenas de crema,Caja 440 g,1.55,Cereales y Galletas > Galletas > Rellenas,Rellenas,https://a2.soysuper.com/a8e97dfd713153536f8a9b43a066c284.110.110.0.min.wmark.a065b2b5.jpg
5c49d1b31452a023d1592b8d,Hacendado,Infusion curcuma,20 bolsitas - 34 g,1.35,"Cafés, Cacaos e Infusiones > Infusiones > Cúrcuma",Cúrcuma,https://a2.soysuper.com/c93d55da4e8058aca0d2658f44f316a6.110.110.0.min.wmark.81382af9.jpg
64c36b930932f703790ee5dc,Hacendado,Cacao soluble,Bote 1000 g,4.9,"Cafés, Cacaos e Infusiones > Cacao > Soluble",Soluble,https://a0.soysuper.com/ec009ac21b64901c100fe0088dc30b53.110.110.0.min.wmark.a8691ca5.jpg
612dfe2f722d6a43b35aee0c,Hacendado,Tequeños de queso blanco congelado,Paquete 480 g,4.66,"Congelados > Platos Preparados > Croquetas, Bolas y Empanados","Croquetas, Bolas y Empanados",https://a1.soysuper.com/65da1d9b6415018ab9126ce6153a1244.110.110.0.min.wmark.b7517b25.jpg
60dc184053c97b30011a2545,Hacendado,Aceituna verde partida estilo casero,Tarro 980 g escurrido 550 g,2.85,Aperitivos > Aceitunas > Verdes,Verdes,https://a2.soysuper.com/980b5d8d25f527e28670b27dc7a11318.110.110.0.min.wmark.398859e0.jpg
5bee849bd115206f4d49646b,Hacendado,PAN perrito (hot dog),330 g (paquete 6 u),0.9,"Panadería, Pastelería y Repostería > Pan > Pan Burger y Panecillos",Pan Burger y Panecillos,https://a2.soysuper.com/431d3a5260d5ff96e96f830f823ea2b6.110.110.0.min.wmark.db8bba85.jpg
4fc91635cc75fa2a3501a893,Hacendado,Melocoton en almibar,Pack 3 x 115 g peso escurrido,2.35,"Conservas, Sopas, Aceites y Condimentos > Conservas Dulces > Conservas de Fruta",Conservas de Fruta,https://a1.soysuper.com/5513149807eff8fccb9eae79a85942d0.110.110.0.min.wmark.ad96ba06.jpg
4fc91664cc75fa2a3501b443,Hacendado,Aceituna rellena jalapeño (picante),Lata 150 g neto escurrido,1.75,Aperitivos > Aceitunas > Verdes,Verdes,https://a0.soysuper.com/fdecff43938433772c4f5fff8b280165.110.110.0.min.wmark.1de69684.jpg
5e5e7d262508c14ab722c73e,Hacendado,Pepinillo agridulce laminado extra,Tarro 530 g escurrido 290 g,1.95,Aperitivos > Encurtidos > Pepinillos,Pepinillos,https://a1.soysuper.com/792ee6d8a41fae3a96a1a3ce78bd005b.110.110.0.min.wmark.deb70daa.jpg
65416eee8ca63c7db14181f0,Hacendado,Fiambre pechuga pavo 92 % lonchas,Paquete 200 g,2.85,Frescos y Charcutería > Charcutería > Pavo charcutería,Pavo charcutería,https://a1.soysuper.com/770505c27b9f093291c0f2af6245c624.110.110.0.min.wmark.3c61e44b.jpg
5012f0850f8e48d05d0001b2,Hacendado,Gamba congelada cruda pelada grande,Paquete 360 g,6.27,Congelados > Pescados y Mariscos > Gambas congeladas,Gambas congeladas,https://a1.soysuper.com/6aa6218179ee6057e584e7c92ac7ea67.110.110.0.min.wmark.c6e25e40.jpg
5e6df63fe93cdf71bd6e9658,Hacendado,Postre lácteo desnatado natural + proteínas,Pack 4 u x 120 g - 480 g,1.41,Lácteos y Huevos > Yogur > Desnatado,Desnatado,https://a1.soysuper.com/56d58fa93ea77f672d632eed1ff64c61.110.110.0.min.wmark.e937fc3a.jpg
5b715f521452a03d7c5419e1,Hacendado,Yogur griego natural azucarado con mango,Pack 4 u x 125 g - 500 g,1.7,Lácteos y Huevos > Yogur > Especiales,Especiales,https://a2.soysuper.com/3d5d701921d9f6c6ade4a8a2f101c0e6.110.110.0.min.wmark.77237e80.jpg
4fc9137bcc75fa2a35010297,Hacendado,Yogur macedonia,Pack 4 x 125 g - 500 g,0.76,Lácteos y Huevos > Yogur > Sabores,Sabores,https://a2.soysuper.com/798a526dc261a7f2a4244e97a6f80991.110.110.0.min.wmark.fc9e56df.jpg
520596ad4d0c6e0f61000031,Hacendado,Pizza congelada tomate y queso,570 g (paquete 2 u),2.4,Congelados > Platos Preparados > Pizzas,Pizzas,https://a0.soysuper.com/8662d37a4b1cf1056b77ddc6c729fe52.110.110.0.min.wmark.bde10471.jpg
4fc912d7cc75fa2a3500dc85,Hacendado,Trenza hojaldre horno pasteleria congelada,1 u - 430 g,6.5,"Panadería, Pastelería y Repostería > Pastelería > Hojaldres",Hojaldres,https://a1.soysuper.com/8e08b1cf7e87d5956344cef134723d33.110.110.0.min.wmark.c93e4cd9.jpg
60c07fdb53c97b5d83407229,Hacendado,Comida preparada pollo asado troceado,Unidad 1100 gr,7.1,Frescos y Charcutería > Platos Preparados > Refrigerados,Refrigerados,
5bd1972553c97b155f446dd7,Hacendado,"Lechuga romana cortada, fr",Bolsa 200 g,1.15,"Frescos y Charcutería > Verduras, Hortalizas y Legumbres > Lechugas, Endivias, Col, etc.","Lechugas, Endivias, Col, etc.",https://a1.soysuper.com/647e241ad2aee7472959349afe92cc9a.110.110.0.min.wmark.7af068ff.jpg
53a9f5badf378bcf480168a6,Hacendado,Allioli monodosis,Sobres pack 8 x 20 ml - 160 ml,1.6,"Conservas, Sopas, Aceites y Condimentos > Salsas Refrigeradas > Ali Oli Fresco",Ali Oli Fresco,https://a1.soysuper.com/dc545b585d61ccff63ebc46af4ff21f8.110.110.0.min.wmark.675d6e85.jpg
5ed0ef69e93cdf099d7aaa2a,Hacendado,Queso viejo ahumado,Unidad 375 g,6.71,"Frescos y Charcutería > Queso > Tierno, Semicurado y Curado","Tierno, Semicurado y Curado",
5c49d1b4722d6a2e6e065c2c,Hacendado,Infusion manzanilla con anis,Caja 20 bolsitas,0.85,"Cafés, Cacaos e Infusiones > Infusiones > Manzanilla",Manzanilla,https://a0.soysuper.com/eaa86ac62309f72e2467bc0c588a91eb.110.110.0.min.wmark.91752e93.jpg
5bf7bef02508c15ce11fae0f,Hacendado,Vela de cumpleaños 8,Paquete 1 ud,0.85,Bazar y Casa > Decoración > Velas,Velas,https://a1.soysuper.com/a16d423aab9a7fe7bbc3521a51b44c93.110.110.0.min.wmark.f129c64a.jpg
5012ee9f459c33cc5d00014e,Hacendado,Patatas con allioli,Tarrina 250 g,1.55,Frescos y Charcutería > Platos Preparados > Refrigerados,Refrigerados,https://a2.soysuper.com/041d586ff1b7e9881495e69fa1fa7890.110.110.0.min.wmark.dadd3ed6.jpg
63df62e11452a015871c1cb9,Hacendado,Barrita cereales chocolate blanco,127 g (caja 6 u),1.55,Cereales y Galletas > Cereales > Barritas,Barritas,https://a1.soysuper.com/5daa0eed6c062823fce2f97211b2a8f0.110.110.0.min.wmark.10bf8dbd.jpg
4fc9139ccc75fa2a35010a6a,Hacendado,Margarina,Tarrina 500 g,1.5,Lácteos y Huevos > Margarina > Vegetal,Vegetal,https://a0.soysuper.com/3a1a4118f361e04f493fe11d57931b2e.110.110.0.min.wmark.aa5de210.jpg
618e2bfcd791871df915fe5a,Hacendado,Crema de leche y avellana,Bote 400 g,2.9,Chocolates y Dulces > Cremas Untables > Crema de Cacao,Crema de Cacao,https://a0.soysuper.com/363ccf6caebaa24059c44803d23f8a89.110.110.0.min.wmark.6768501d.jpg
5012ee41459c33cc5d000137,Hacendado,Pimenton rojo dulce,Bote 75 g,1.3,"Conservas, Sopas, Aceites y Condimentos > Especias > Pimentón",Pimentón,https://a2.soysuper.com/4c88a39c3c18ca1d573c524cb0eb8a7c.110.110.0.min.wmark.5f84413a.jpg
602ccd5c98ec9101444fd06c,Hacendado,Cacahuete tostado sin sal,Paquete 200 g,1.05,Aperitivos > Frutos Secos > Cacahuetes,Cacahuetes,https://a1.soysuper.com/f2854e441711f422cd6e260f192538f9.110.110.0.min.wmark.3a8455cd.jpg
6166a4abd791871dd96e1d9e,Hacendado,Crema avellanas y cacao,Tarro 400 g,2.34,Chocolates y Dulces > Cremas Untables > Crema de Cacao,Crema de Cacao,https://a1.soysuper.com/42ecbd02c5636f554246efc13978b887.110.110.0.min.wmark.604c1485.jpg
5ed0ef6ae93cdf099d7aaa2b,Hacendado,Queso viejo oveja,Unidad 400 g,5.87,"Frescos y Charcutería > Queso > Tierno, Semicurado y Curado","Tierno, Semicurado y Curado",
63d67454722d6a64521a2859,Hacendado,"Cocktail frutos secos tostados sin sal (cacahuete, anacardo, almendras, nuez macadamia, avellana)",Paquete 200 g,2.8,Aperitivos > Frutos Secos > Cóctel,Cóctel,https://a1.soysuper.com/382963378c6b8e0d117b184b253efa8a.110.110.0.min.wmark.01e8de7a.jpg
5c491b2d1452a053ea39ff6f,Hacendado,Chocolate extrafino negro 0% azúcares añadidos,Tableta 100 g,2.3,Chocolates y Dulces > Chocolates > Tabletas,Tabletas,https://a2.soysuper.com/16bf1bcbe3fbee4a75a51110321516ed.110.110.0.min.wmark.0529e713.jpg
4fc91526cc75fa2a35016828,Hacendado,Garbanzo,Paquete 1 kg,2.14,"Pasta, Arroz y Legumbres > Legumbres Secas > Garbanzos",Garbanzos,https://a2.soysuper.com/a147c993ef56bea21e76e7438028717e.110.110.0.min.wmark.4a5f57c3.jpg
56cb349f1452a021963dfbc2,Hacendado,Salsa pimienta verde,Sobre 50 g,1.25,"Conservas, Sopas, Aceites y Condimentos > Salsas > Salsa De Pimienta",Salsa De Pimienta,https://a1.soysuper.com/28d652804eab74bcb4b4cdc723dcf334.110.110.0.min.wmark.759276c6.jpg
64cb4d498ca63c5c6b64f4ea,Hacendado,Magdalenas mini con pepitas chocolate,Paquete 270 g,1.9,"Panadería, Pastelería y Repostería > Bollería > Magdalenas",Magdalenas,https://a1.soysuper.com/3788dfcafde52e7d343d7ddd349dcdaf.110.110.0.min.wmark.0b37a97b.jpg
57ada71d98ec915d5c11bb9a,Hacendado,Pasta fresca girasoles con queso,Tarrina 250 g,1.9,Frescos y Charcutería > Platos Preparados > Refrigerados,Refrigerados,https://a1.soysuper.com/f0426249ae128118082fa14efcbeebb7.110.110.0.min.wmark.85a535e4.jpg
5da6f2521452a00d8c426b48,Hacendado,Caramelo sin azúcar jengibre propolis,Paquete 90 g,1.35,Chocolates y Dulces > Golosinas > Caramelos,Caramelos,https://a0.soysuper.com/068abc1066252932a8e7a5bfa4cbfd52.110.110.0.min.wmark.a4646d90.jpg
605ac33798ec91485153fae9,Hacendado,Bifidus desnatado trozos frutos silvestres,Pack 4 x 125 g - 500 g,1.3,Lácteos y Huevos > Yogur > Con Bífidus,Con Bífidus,https://a1.soysuper.com/84ba3b745942526a99bd033c633c9027.110.110.0.min.wmark.9d6a2d02.jpg
5d1330490932f75d1a73170f,Hacendado,Yogur desnatado fresa,Pack 4 u x 125 g - 500 g,0.9,Lácteos y Huevos > Yogur > Desnatado,Desnatado,https://a2.soysuper.com/fb1901722cd4ef934c8d5650407bd7ac.110.110.0.min.wmark.b2490827.jpg
52853a71e311bba613000017,Hacendado,SURTIDO GRANEL ROSQUILLA CACAO,30 g peso aproximado,0.17,"Panadería, Pastelería y Repostería > Bollería > Varios",Varios,https://a1.soysuper.com/c3357bd13759f3debefc2b0c4c9bbfb0.110.110.0.min.wmark.296ddfb8.jpg
4fc91672cc75fa2a3501b783,Hacendado,Almendra tostada natural sin sal (largueta),Paquete 200 g,2.95,Aperitivos > Frutos Secos > Almendras,Almendras,https://a1.soysuper.com/a937c331a38fdfa02d9ad9a0d3472ec9.110.110.0.min.wmark.a958dd46.jpg
5cfc36200932f7404844e78c,Hacendado,Queso ricotta,Tarrina 200 g,1.6,"Frescos y Charcutería > Queso > Mozzarella, Parmesano y Ricotta","Mozzarella, Parmesano y Ricotta",https://a1.soysuper.com/0a04a61ab19cb9cf0cb6ee5e36fedc95.110.110.0.min.wmark.5bcc50a4.jpg
62454e58d791871bf54362ef,Hacendado,Cafe soluble cappuccino natural,Bote 250 g,2.75,"Cafés, Cacaos e Infusiones > Café > Soluble",Soluble,https://a1.soysuper.com/53fa9b0ba54ddf32dc722fd80f1904dd.110.110.0.min.wmark.aa48ae53.jpg
60473622722d6a51b45b4cc0,Hacendado,Salchichon pavo lonchas,Pack 4 x 37.5 g - 150 g,2.8,Frescos y Charcutería > Charcutería > Pavo charcutería,Pavo charcutería,https://a0.soysuper.com/e2d9895c27f02f2b19cdb37907c63a20.110.110.0.min.wmark.0788170a.jpg
4fc910c4cc75fa2a35005e1f,Hacendado,Cacahuete cascara tostado,Paquete 400 g,1.55,Aperitivos > Frutos Secos > Cacahuetes,Cacahuetes,https://a1.soysuper.com/5118857718bf6b236b725ef71a09395f.110.110.0.min.wmark.55e3c09f.jpg
5abfbee298ec9149b35114a7,Hacendado,Queso gouda tierno,450 g,3.26,"Frescos y Charcutería > Queso > Edam, Gouda y Maasdam","Edam, Gouda y Maasdam",https://a2.soysuper.com/c19fbd16aeea92f27eab3105efe1cffd.110.110.0.min.wmark.1bbeef60.jpg
5a0ec16c2508c173280d6686,Hacendado,Cereal copos arroz trigo integral bañados chocolate con leche,Paquete 375 g,2.65,Cereales y Galletas > Cereales > Integrales,Integrales,https://a0.soysuper.com/0a37a79f001afd82499590d8badd9bab.110.110.0.min.wmark.f3b1b4ba.jpg
606952be98ec91373149f46e,Hacendado,Surtido a granel bizcocho con baño de cacao,Unidad 55 g,0.32,"Panadería, Pastelería y Repostería > Bollería > Varios",Varios,
623987cb8ca63c36eb539da6,Hacendado,Napolitana chocolate industrial,Paquete 370 g (8 ud),1.8,"Panadería, Pastelería y Repostería > Bollería > Cañas, Palmeras y Napolitanas","Cañas, Palmeras y Napolitanas",https://a2.soysuper.com/1219338716ba3cf337a1dd83d9120e51.110.110.0.min.wmark.26e7f285.jpg
4fc91023cc75fa2a35002eff,Hacendado,Tomate natural concentrado,Bote 170 g,1.05,"Conservas, Sopas, Aceites y Condimentos > Conservas Vegetales > Tomate",Tomate,https://a0.soysuper.com/6427fcf22f69c5a35eaadd1e1210fce7.110.110.0.min.wmark.961d5b45.jpg
6051b7982508c1296c3c9cd8,Hacendado,"Cafe capsula classic (compatible cafetera dolce gusto*(marca grupo societe des produits nestlé, sa no relacionada con productos solubles, sa))",Paquete 16 u,3.45,"Cafés, Cacaos e Infusiones > Café > Cápsulas",Cápsulas,https://a2.soysuper.com/a1d28e8d7a11b344bf4451744ab1ad59.110.110.0.min.wmark.6dc394c1.jpg
57e267c82508c16ad17a71eb,Hacendado,Chicle hierbabuena grageas sin azúcar,Paquete de 32 unidades (45 g),1,Chocolates y Dulces > Golosinas > Chicles,Chicles,https://a1.soysuper.com/be66b8e4d7423edc5b636e27220c0096.110.110.0.min.wmark.91054366.jpg
537cfabddc14e1af23007aff,Hacendado,Yogur griego natural azucarado con fresa,Pack 4 x 125 g - 500 g,1.7,Lácteos y Huevos > Yogur > Especiales,Especiales,https://a2.soysuper.com/7119fea60690a8cb5195436f87749318.110.110.0.min.wmark.2958cc88.jpg
5cc83e6de93cdf162e100086,Hacendado,Gelatina arandano 0% azucar para preparar,Caja 31 g,2,"Panadería, Pastelería y Repostería > Repostería > Postres para Preparar",Postres para Preparar,https://a2.soysuper.com/d75344c5ab26c6263fbf00f0c6d44840.110.110.0.min.wmark.52443a94.jpg
5fa3ee351452a070192911a4,Hacendado,Tabla de quesos nacionales,Bandeja 240 g,4.98,Frescos y Charcutería > Queso > Tablas de Queso y Snacks,Tablas de Queso y Snacks,https://a2.soysuper.com/3106951910131ce5941752e5ce9d041f.110.110.0.min.wmark.5476178e.jpg
6294fcfbd79187015a2b8d3d,Hacendado,Bebida soja vainilla,Brick pack 6 x 1 l - 6 l,6.6,"Lácteos y Huevos > Leche > Soja, Avena, Arroz,..","Soja, Avena, Arroz,..",https://a1.soysuper.com/fadc1a13b660db8ae6d2aac0f51c22ee.110.110.0.min.wmark.44dc034b.jpg
6569c14b53c97b24a35a9d14,Hacendado,Aperitivo chips de batata doce,Paquete 100 g,1.6,Aperitivos > Snacks > Chips,Chips,https://a0.soysuper.com/87f4db4822923e98c6314d979ee55ada.110.110.0.min.wmark.f34adca5.jpg
4fc9168ccc75fa2a3501be45,Hacendado,Melva canutera filete pimiento piquillo,Lata 90 g escurrido 65 g,1.79,"Conservas, Sopas, Aceites y Condimentos > Conservas de Pescado > Melva",Melva,https://a2.soysuper.com/d30e5ec4f2e27746897d88d27c85888c.110.110.0.min.wmark.dde455c9.jpg
5c405e661452a0114e29f9aa,Hacendado,Mozzarella di bufala campana,Tarrina 125 g escurrido,1.85,Frescos y Charcutería > Queso > Fresco y para Ensaladas,Fresco y para Ensaladas,https://a1.soysuper.com/c959b6863d51440227d0f121b27d2bf1.110.110.0.min.wmark.d2f1df17.jpg
6489629be6ed40653262b84d,Hacendado,Miel flores cruda,Tarro 500 g,5,"Conservas, Sopas, Aceites y Condimentos > Conservas Dulces > Miel",Miel,https://a1.soysuper.com/68f79bae6eb5d12dbd612236aca2d8e8.110.110.0.min.wmark.1137b431.jpg
5012f0aa238436c85d00022a,Hacendado,Garrofon congelado,Paquete 450 g,1.55,"Congelados > Verduras, Hortalizas y Legumbres congeladas > Judías verdes congeladas",Judías verdes congeladas,https://a0.soysuper.com/80c51ba6bb854bc89cf2cecb30b48793.110.110.0.min.wmark.cefffbcb.jpg
6516eb8b2508c1371f14635b,Hacendado,Rosquilla al cacao,37 g aprox,0.21,"Panadería, Pastelería y Repostería > Bollería > Varios",Varios,https://a1.soysuper.com/6c423fc7ac939736dbecbb63f04ae61d.110.110.0.min.wmark.7315ca03.jpg
53bdb28356036d5969005c8e,Hacendado,"Ensalada de la casa (lechugas variadas, rúcula, col lombarda, zanahoria, tomate cherry, maiz y aceitunas verdes) fresh",Bandeja 400 g,2.55,Frescos y Charcutería > Platos Preparados > Refrigerados,Refrigerados,https://a1.soysuper.com/207462eb392fbeb16859ab9d8f160b4d.110.110.0.min.wmark.6845e934.jpg
5c7e48d20932f76cf351b89c,Hacendado,Gallos congelado sin cabeza,Paquete 600 g,7.35,Congelados > Pescados y Mariscos > Gallo,Gallo,https://a0.soysuper.com/b6ea6e3a75e61b497f40d02830b9f7c0.110.110.0.min.wmark.bc805cff.jpg
583d72d02508c1518c63ebf4,Hacendado,Caldo deshidratado pastillas pescado,Caja 12 pastillas,0.84,"Conservas, Sopas, Aceites y Condimentos > Sopas, Cremas, Caldos y Purés > Caldo",Caldo,https://a0.soysuper.com/def00e6855dcfe89efd5414b70959800.110.110.0.min.wmark.48afb7f1.jpg
611cb1cc1452a06c1a88cb8b,Hacendado,Caramelo sin azucar mix fruits,Paquete 100 g,1.15,Chocolates y Dulces > Golosinas > Caramelos,Caramelos,https://a2.soysuper.com/2564fe66e0ef57db088f09b0961b443f.110.110.0.min.wmark.5b632748.jpg
620a1a91e93cdf0eff55d32c,Hacendado,Queso lonchas emmental,200 g (paquete 10 u),2.15,Frescos y Charcutería > Queso > Emmental y Gruyer,Emmental y Gruyer,https://a0.soysuper.com/159b58850966efa8a0619598394d1f68.110.110.0.min.wmark.91fde70c.jpg
5012f05b238436c85d0001b1,Hacendado,Jamón de pavo,500 g,2.85,Frescos y Charcutería > Charcutería > Pavo charcutería,Pavo charcutería,https://a1.soysuper.com/c5db2b737c59cec2e8df517df1b4e40d.110.110.0.min.wmark.96742ade.jpg
4fc91112cc75fa2a350072b4,Hacendado,"Ensalada de la casa (lechugas variadas, rúcula, col lombarda, zanahoria, tomate cherry, maiz y aceitunas verdes)",Tarrina 400 g,2.15,Frescos y Charcutería > Platos Preparados > Refrigerados,Refrigerados,https://a2.soysuper.com/6758d7dcaf1101313b49fc7dc5d15ade.110.110.0.min.wmark.6c39b291.jpg
61496ed6d7918718b624a7cc,Hacendado,Tartaleta de fresa,Caja 150 g,1.05,Cereales y Galletas > Galletas > Rellenas,Rellenas,https://a0.soysuper.com/8ac61b8bea4b5f2e57082fb6f1416e91.110.110.0.min.wmark.7b06a4d6.jpg
5c72c8fd722d6a06b20ff49d,Hacendado,Mousse de queso congelado,520 g,8,Congelados > Pan y Repostería > Tartas,Tartas,https://a0.soysuper.com/ef8540cac3c8b582c8c73edbdfc788df.110.110.0.min.wmark.b100a1c3.jpg
4fc91369cc75fa2a3500fe7a,Hacendado,Leche semidesnatada cabra,Pack 6 x 1 l - 6 l,11.81,Lácteos y Huevos > Leche > Especiales,Especiales,https://a1.soysuper.com/0f2dd0ea4c5a75b976fb151a5d326e65.110.110.0.min.wmark.deb6d39a.jpg
6509516d722d6a20010eb001,Hacendado,Mojo rojo suave,Tarro 200 g,1.9,"Conservas, Sopas, Aceites y Condimentos > Salsas > Mojo Canario",Mojo Canario,https://a2.soysuper.com/cc99fff406c85e4507408ead9a2a21e6.110.110.0.min.wmark.689cb4a4.jpg
5012f0df825ae05b230001dd,Hacendado,Cafe molido descafeinado natural,Paquete 250 g,2.55,"Cafés, Cacaos e Infusiones > Café > Descafeinado",Descafeinado,https://a2.soysuper.com/ee1c163fced677f8479e87498aa7c8a6.110.110.0.min.wmark.993025c1.jpg
5bddfb7e98ec910b121f7312,Hacendado,Galletas de mantequilla Belgas,Caja 180 g,1.65,Cereales y Galletas > Galletas > De Mantequilla,De Mantequilla,https://a2.soysuper.com/88327f44ebf76f3e0b9e682efcd5d016.110.110.0.min.wmark.e51d5163.jpg
6523f03fe6ed4002075ac869,Hacendado,Azucar glas,Bote 500 g,2.56,"Panadería, Pastelería y Repostería > Azúcar y Edulcorantes > Azúcar",Azúcar,https://a2.soysuper.com/86a00da784752f02a7bbe3bf53bc8201.110.110.0.min.wmark.455b16ea.jpg
5012f0d4825ae05b230001d9,Hacendado,Infusion tomillo,20 bolsitas - 24 g,1.05,"Cafés, Cacaos e Infusiones > Infusiones > Tomillo",Tomillo,https://a1.soysuper.com/0d549c330287adccfcb1c3a8a6b58c4f.110.110.0.min.wmark.e66e61e0.jpg
603d94830932f765f729599c,Hacendado,Queso fresco vaca,Tarrina 350 g,2.95,Frescos y Charcutería > Queso > Fresco y para Ensaladas,Fresco y para Ensaladas,https://a1.soysuper.com/37ca7900cd5b35beb8e6c95fa7c2e570.110.110.0.min.wmark.135d11c8.jpg
50134de2a1320a57230003dc,Hacendado,Churros de pescado congelado,Paquete 500 g,3.45,Congelados > Platos Preparados > Pescado y Marisco,Pescado y Marisco,https://a0.soysuper.com/e7059abc0d84cc572f074dd57f3ab236.110.110.0.min.wmark.2a53afbd.jpg
5a24fd0b1452a00ac276d9db,Hacendado,Caldo líquido de pollo bajo en sal,Brick 1 l,1.2,"Conservas, Sopas, Aceites y Condimentos > Sopas, Cremas, Caldos y Purés > Caldo",Caldo,https://a0.soysuper.com/86c1fa5d9d55ebfca76af71a795fa0f0.110.110.0.min.wmark.a92f69bd.jpg
5012f0a9238436c85d000227,Hacendado,Habita muy tierna congelada,Paquete 300 g,2.92,"Congelados > Verduras, Hortalizas y Legumbres congeladas > Habas congeladas",Habas congeladas,https://a1.soysuper.com/682b01c9b7d37d32b1a0167a752aea51.110.110.0.min.wmark.a0ade1b3.jpg
60d2dc4998ec91203f4ec2e4,Hacendado,Yogur líquido desnatado piña-coco,Botella 1 l,1.52,Lácteos y Huevos > Yogur > Líquido,Líquido,https://a0.soysuper.com/9b193a1e716950c481fe664b3e5cb132.110.110.0.min.wmark.db82382b.jpg
616f6bac722d6a6c8d0ed76c,Hacendado,Turron cacahuete imperial,2 x 125 g,1.8,Chocolates y Dulces > Dulces de navidad > Turrón,Turrón,https://a2.soysuper.com/6da90eb3857581d22ea7fad74c46ea32.110.110.0.min.wmark.a58df11b.jpg
609394470932f75e3224d23d,Hacendado,Rosquillas de chocolate con leche y coco,Caja 300 g,1.75,Cereales y Galletas > Galletas > Especiales,Especiales,https://a0.soysuper.com/edb00071e4a651d65e2abb44b66532e2.110.110.0.min.wmark.2f7ca9ac.jpg
57c8df3d2508c1078d30de39,Hacendado,Preparado lacteo liquido infantil crecimiento con cereales a partir 1 año,Brick 1 l,1.61,Lácteos y Huevos > Leche > Especiales,Especiales,https://a1.soysuper.com/df128e68b1eb20585717d0e34a9f2ebb.110.110.0.min.wmark.e3a5ff32.jpg
5916dc4998ec917785591594,Hacendado,Harina fritos,Paquete 1 kg,1.18,"Panadería, Pastelería y Repostería > Harina > para Rebozar y Freir",para Rebozar y Freir,https://a1.soysuper.com/1735fc7112e7c822c8ebdb2b9f5060be.110.110.0.min.wmark.41e158e8.jpg
56975d1253c97b1c935685df,Hacendado,Pan mollete,315 g (paquete 3 u),1.2,"Panadería, Pastelería y Repostería > Pan > Pan Fresco",Pan Fresco,https://a1.soysuper.com/5f67ea3eab1b1ae8c17041d8a044ae7e.110.110.0.min.wmark.4921b43a.jpg
5012f0a9459c33cc5d00020b,Hacendado,Cardo troceado congelado,Paquete 450 g,1.65,"Congelados > Verduras, Hortalizas y Legumbres congeladas > Cardo congelado",Cardo congelado,https://a0.soysuper.com/7adcf3480d045452f635d38bb2cf897b.110.110.0.min.wmark.2f3d6484.jpg
580f4d1b53c97b3f0b54b246,Hacendado,Leche semidesnatada sin lactosa,6 x 200 ml,1.9,Lácteos y Huevos > Leche > Sin Lactosa,Sin Lactosa,https://a1.soysuper.com/fb5a4503ce836cbcb264304333a6ef52.110.110.0.min.wmark.e143fbdf.jpg
5639fc681452a077bc194154,Hacendado,Palomitas caramelo (YA hechas),Paquete 120 g,1.5,Aperitivos > Snacks > Palomitas,Palomitas,https://a0.soysuper.com/098d3c648eed9a3cf352a9c6ec9249aa.110.110.0.min.wmark.b536f714.jpg
5541dc252508c141631b80eb,Hacendado,Cafe con leche espresso liquido,Vaso 250 ml,0.85,"Cafés, Cacaos e Infusiones > Café > Listo para Tomar",Listo para Tomar,https://a0.soysuper.com/ae9b0e506ea17b923f12a30144981aec.110.110.0.min.wmark.606a4979.jpg
5c0097320932f740b73f53a8,Hacendado,Galleta maria chocolate (con cacao),Paquete 265 g,1.1,Cereales y Galletas > Galletas > Con Chocolate,Con Chocolate,https://a0.soysuper.com/37a8790288e79cfc328df46c3f2f5fd3.110.110.0.min.wmark.16697c16.jpg
4fc91276cc75fa2a3500c50a,Hacendado,Cebollitas,Tarro 350g. escurrido 190g,1.65,Aperitivos > Encurtidos > Pepinillos,Pepinillos,https://a2.soysuper.com/098afbedd8be84203b6f2855ed5aec43.110.110.0.min.wmark.f540ebac.jpg
4fc90fb4cc75fa2a35001497,Hacendado,Piquitos bajos en sal,Paquete 250 g,1.23,"Panadería, Pastelería y Repostería > Pan > Picos y Crackers",Picos y Crackers,https://a1.soysuper.com/98c33ba7ffb512ac59029929a2755112.110.110.0.min.wmark.a2af8230.jpg
5f1ec2a31452a01b767b82ce,Hacendado,Yogur natural cabra,Pack 4 x 125 g - 500 g,2.13,Lácteos y Huevos > Yogur > Especiales,Especiales,https://a1.soysuper.com/ea59b49af7108838dbeb1c57f745e881.110.110.0.min.wmark.fd04e625.jpg
5a33a5bfc24064686604aae1,Hacendado,Barquillos rellenos de nata 0% azúcares añadidos,Paquete 210 g,1.1,Cereales y Galletas > Galletas > Barquillos,Barquillos,https://a0.soysuper.com/00b66399628dc8ca1257804028a6f35a.110.110.0.min.wmark.238907b2.jpg
612e351b53c97b0f571c0401,Hacendado,Piparra,Tarro 290 g escurrido 125 g,2.8,Aperitivos > Encurtidos > Guindillas,Guindillas,https://a0.soysuper.com/3830acb9b683bff33310fa8cad9ec83b.110.110.0.min.wmark.1d74d978.jpg
5e09f02098ec91056d222d0b,Hacendado,Merluza congelada del cabo colas,Paquete 1000 g,5.25,Congelados > Pescados y Mariscos > Merluza,Merluza,https://a0.soysuper.com/ed1d5ce3ba882249ca1da2b966369b18.110.110.0.min.wmark.e345b34c.jpg
650946a7e93cdf7f9b207b0c,Hacendado,Bolsa para asar pollo costillas y lomo con hierbas provenzales,U - 24 g,1,"Conservas, Sopas, Aceites y Condimentos > Especias > Sazonadores",Sazonadores,https://a1.soysuper.com/b5e30644338b1c380d48955bb33155c0.110.110.0.min.wmark.64706719.jpg
623987cb98ec915307631a86,Hacendado,Napolitana crema industrial,Paquete 370 g (8 u),1.8,"Panadería, Pastelería y Repostería > Bollería > Cañas, Palmeras y Napolitanas","Cañas, Palmeras y Napolitanas",https://a2.soysuper.com/d89225fbade7b59bc60c0af0ccb9b8c1.110.110.0.min.wmark.4678a4ee.jpg
64a3fed8722d6a30a55541c4,Hacendado,"Banderillas gildas (pinchos de anchoa, aceitunas y guindillas)",Paquete 125 g escurrido 75 g,2.3,Aperitivos > Encurtidos > Banderillas,Banderillas,https://a0.soysuper.com/db51f88158916bc47434bb7388a8b36b.110.110.0.min.wmark.c8561f2c.jpg
62d4bf952508c17cd11ea186,Hacendado,Alistado (gamba roja) congelado crudo mediano,Unidad 1000 gr,36.15,Congelados > Pescados y Mariscos > Alistados congelados,Alistados congelados,
635a29bf722d6a2610478a80,Hacendado,Chocolate leche relleno galleta carameliza (fussion),Tableta 110 g,1.35,Chocolates y Dulces > Chocolates > Tabletas,Tabletas,https://a1.soysuper.com/1a10c438028af866101b1148bace1547.110.110.0.min.wmark.74fe948b.jpg
58e4a4702508c173323afd1c,Hacendado,Yogur líquido L-Casei desnatado multifrutas,100 gr - 12 ud,2.7,Lácteos y Huevos > Yogur > Líquido,Líquido,https://a1.soysuper.com/0a637b5cc0da5ef1115fdfbf1a48a140.110.110.0.min.wmark.d523b501.jpg
4fc91288cc75fa2a3500c8c4,Hacendado,Coco rallado,Paquete 125 g,1.29,"Panadería, Pastelería y Repostería > Repostería > Coco Rallado para Repostería",Coco Rallado para Repostería,https://a2.soysuper.com/21a48cd092d2ae2a0a3f0eab53087dca.110.110.0.min.wmark.1da93c66.jpg
626256a18ca63c54f34e2489,Hacendado,Base tarta,U 380 g,2.5,"Panadería, Pastelería y Repostería > Pastelería > Bases",Bases,https://a2.soysuper.com/50763781416991fbf3290da995423a4b.110.110.0.min.wmark.cc4cc02d.jpg
5012f08d238436c85d0001db,Hacendado,Merluza congelada rodajas del cabo,Paquete 580 g,5.75,Congelados > Pescados y Mariscos > Merluza,Merluza,https://a0.soysuper.com/0de1b863537a16defe296d749c18ba43.110.110.0.min.wmark.3f4b1b5a.jpg
6264f61ed791876f2b1b4315,Hacendado,Bebida soja calcio,Brick 1 l,0.65,"Lácteos y Huevos > Leche > Soja, Avena, Arroz,..","Soja, Avena, Arroz,..",https://a1.soysuper.com/8dc291d3bec53fc82e884283d8c603af.110.110.0.min.wmark.b096d897.jpg
5bf000af98ec91173c19e2f5,Hacendado,Leche desnatada,"6 x 1,5 l",8.82,Lácteos y Huevos > Leche > Desnatada,Desnatada,https://a1.soysuper.com/63982f83c5f09b2f7015612c1934a1b7.110.110.0.min.wmark.7b4f5316.jpg
5d4b3fa50932f738781f65b4,Hacendado,Salsa piri - piri (malagueta- picante),Botella 195 ml,1,"Conservas, Sopas, Aceites y Condimentos > Salsas > Salsas Internacionales",Salsas Internacionales,https://a1.soysuper.com/ae23b255b2781f26d2c83d6c8d817296.110.110.0.min.wmark.8971dc07.jpg
60dd9f8f98ec910144677552,Hacendado,Crema de pechuga de pollo,Pack 2 ud x 80 g - 160 g,1.99,Frescos y Charcutería > Charcutería > Sobrasadas y Cremas,Sobrasadas y Cremas,https://a0.soysuper.com/aaf00d2bc9bbdce9db5ef2c0cee9e024.110.110.0.min.wmark.5f8ad3c8.jpg
6179f6cde93cdf3b237ba735,Hacendado,Papa noel de chocolate con leche (envuelto),Unidad 180 g,1.8,Chocolates y Dulces > Chocolates > Chocolatinas,Chocolatinas,https://a0.soysuper.com/55a4039cf40c826516d38a205ded9e46.110.110.0.min.wmark.45eba928.jpg
5012f0d529eba853230001cf,Hacendado,Te con melocoton instantaneo con edulcorante,12 sobres - 36 g,1.49,Bebidas > Refresco > Té,Té,https://a0.soysuper.com/9069a7ae8a1b5ff2d90e1525f5db274c.110.110.0.min.wmark.9f768f3c.jpg
533dd84d1356afde33000658,Hacendado,Helado menta con trozos de chocolate negro,"Bote 350g , 500 ml",3.01,Congelados > Helados > Tarrina,Tarrina,https://a0.soysuper.com/985db6f5fcdc72cf0fbc3540041e3cd7.110.110.0.min.wmark.a351a17e.jpg
5012f0aaa1320a57230001cc,Hacendado,Haba baby congelada,Paquete 450 g,1.74,"Congelados > Verduras, Hortalizas y Legumbres congeladas > Habas congeladas",Habas congeladas,https://a2.soysuper.com/36b09e738298d4b8c6c3e275e8eb9abc.110.110.0.min.wmark.9bede9ae.jpg
5aa641bb98ec910e010b1f92,Hacendado,Bebida energetica energy drink,Botella 1500 ml,1.59,Bebidas > Bebida Energética > Normal,Normal,https://a0.soysuper.com/e4867b7c5e4d6ae6cfaaa1af8eec1e75.110.110.0.min.wmark.cfe4e326.jpg
61f8e52353c97b3908486f61,Hacendado,Albondigas de pollo,Bote 420 g,1.8,"Conservas, Sopas, Aceites y Condimentos > Platos Preparados en Conserva > Albóndigas",Albóndigas,https://a0.soysuper.com/4c3f9e6c25d2a06649cee709b77c7ecb.110.110.0.min.wmark.878ce33f.jpg
5336b8caf125354c07000200,Hacendado,Panecillo mini bocados,165 g (paquete 8 u),1.25,"Panadería, Pastelería y Repostería > Pan > Pan Burger y Panecillos",Pan Burger y Panecillos,https://a0.soysuper.com/b2dca91a67d3665695ca6b94644fcd43.110.110.0.min.wmark.a8e55eaa.jpg
6531681ae6ed40020a5f21ee,Hacendado,Alistado (gamba roja) congelado crudo mediano,Caja 500 g,18,Congelados > Pescados y Mariscos > Alistados congelados,Alistados congelados,https://a2.soysuper.com/6a2f821ae38b67fd68621748d581dc20.110.110.0.min.wmark.3cf7fb2f.jpg
53b1be65086c1d224d0032c2,Hacendado,Panecillo serrano,360 g (bolsa 6 u),1.4,"Panadería, Pastelería y Repostería > Pan > Pan Fresco",Pan Fresco,https://a0.soysuper.com/a4781c910201641f6f3034d8975daeb1.110.110.0.min.wmark.3c228008.jpg
53397e02d4e4f1e33300036f,Hacendado,Natillas de coco,4 unidades de 125 g (500 g),1.2,Lácteos y Huevos > Postres > Natillas,Natillas,https://a1.soysuper.com/c305dade6ff0be84f333f3bf4dd12df7.110.110.0.min.wmark.5d54d7e3.jpg
64896643e93cdf6a34105ad3,Hacendado,Salsa tikka masala (con leche de coco y curry),Sobre 180 g,2,"Conservas, Sopas, Aceites y Condimentos > Salsas > Para Carne",Para Carne,https://a0.soysuper.com/c72b47a6399bd2b8112f23108d97b1a5.110.110.0.min.wmark.b47de0fb.jpg
5a8a8fa21452a016c95d74c2,Hacendado,Helado palo bombon chocolate negro,Pack 6 x 120 ml,3.23,Congelados > Helados > Bombón Helado,Bombón Helado,https://a2.soysuper.com/3f575051cf49ed6c152f7b17d1b0b321.110.110.0.min.wmark.76d8750e.jpg
5838786d53c97b5de65dd00e,Hacendado,Bebida energetica energy drink,Lata 250 ml,0.4,Bebidas > Bebida Energética > Normal,Normal,https://a0.soysuper.com/9a08861e2e226806c9004ec2b8f601cc.110.110.0.min.wmark.d44c35d6.jpg
62b9f6b52508c13b673cea78,Hacendado,Salmon fresco filete,Unidad 400 gr,9.56,Frescos y Charcutería > Pescados y Mariscos > Pescado Azul,Pescado Azul,
5b73ddb898ec9138a419468c,Hacendado,Chipirones rellenos en aceite de girasol,Lata 72 g neto escurrido,2.25,"Conservas, Sopas, Aceites y Condimentos > Conservas de Cefalópodos > Calamares y Chipirones",Calamares y Chipirones,https://a0.soysuper.com/0a0a7d4b22d4192e5cd7ca774ee42188.110.110.0.min.wmark.fb651c4f.jpg
53879b1cbeb43e9c0600ba2c,Hacendado,Ñoras,Caja 25 g,1.55,"Conservas, Sopas, Aceites y Condimentos > Especias > Ñoras",Ñoras,https://a0.soysuper.com/d5df2689005e4e41013190248b4ab0c6.110.110.0.min.wmark.fc64711a.jpg
5afbf95f53c97b2afe256066,Hacendado,Pate fresco finas hierbas,Paquete 100 g,1.45,Frescos y Charcutería > Charcutería > Paté y Foie,Paté y Foie,https://a0.soysuper.com/6705bccbec9649e1ed07e8617b23d6bd.110.110.0.min.wmark.d00cb895.jpg
57ecfb9b2508c148f70a1f48,Hacendado,Almejones al natural,Lata 111 g escurrido 63 g,1.2,"Conservas, Sopas, Aceites y Condimentos > Conservas de Marisco > Almejas",Almejas,https://a1.soysuper.com/e3a3e6692891a4393f6223860d157876.110.110.0.min.wmark.0ee69608.jpg
5a125f7098ec9178323b3c36,Hacendado,Queso fresco light,Tarrina 250 g,2.2,Frescos y Charcutería > Queso > Fresco y para Ensaladas,Fresco y para Ensaladas,https://a2.soysuper.com/5dd6ce3fb0002ab6b27570a81bd7cb36.110.110.0.min.wmark.f26ce24f.jpg
596889de722d6a20971fc8e7,Hacendado,Pan rallado sin gluten,Paquete 350 g,2.01,"Panadería, Pastelería y Repostería > Pan > Pan Rallado",Pan Rallado,https://a2.soysuper.com/d3d2e232bb85292ae37d1af731b8c547.110.110.0.min.wmark.98d71c34.jpg
63861679e93cdf54df1ede64,Hacendado,Regaña artesana *****novedad*****,Paquete 200 g,1.5,"Panadería, Pastelería y Repostería > Pan > Picos y Crackers",Picos y Crackers,https://a2.soysuper.com/aed6813d618ce95804a1585d734ac8bf.110.110.0.min.wmark.534d1298.jpg
54734f4946d1d3f82a001f5c,Hacendado,Yogur desnatado natural edulcorado,Pack 6 x 125 g - 750 g,1.15,Lácteos y Huevos > Yogur > Desnatado,Desnatado,https://a2.soysuper.com/c24eebc8e71a11363467c1d56b676732.110.110.0.min.wmark.61cd1abb.jpg
5012f08d238436c85d0001d7,Hacendado,Merluza congelada lomos y centros del cabo,Caja 400 g,4.9,Congelados > Pescados y Mariscos > Merluza,Merluza,https://a2.soysuper.com/3d3a7139843b069f0b20e23d3b8f184c.110.110.0.min.wmark.f738ae60.jpg
617ba3e01452a006255e1da2,Hacendado,Volandeira congelado carne (carne de volandeira congelado sin concha envasado al vacío),Bandeja 250 g,7.7,Congelados > Pescados y Mariscos > Zamburiñas congeladas,Zamburiñas congeladas,https://a1.soysuper.com/0ad4c91b18761153dd577d6339b051d1.110.110.0.min.wmark.b6c3fe53.jpg
62852abe8ca63c6b7d3c15d1,Hacendado,Queso añejo tostado,Unidad 475 gr,7.95,"Frescos y Charcutería > Queso > Tierno, Semicurado y Curado","Tierno, Semicurado y Curado",
5abcdc56722d6a410a19347f,Hacendado,Magdalenas sin gluten,Paquete 210 g,2.59,"Panadería, Pastelería y Repostería > Bollería > Magdalenas",Magdalenas,https://a0.soysuper.com/85aed38d7b14725b7f93e536ce5c02f9.110.110.0.min.wmark.260e1ca0.jpg
65d8d8da1452a031ff2bece8,Hacendado,Queso viejo tostado mezcla,395 g aprox,5.59,"Frescos y Charcutería > Queso > Tierno, Semicurado y Curado","Tierno, Semicurado y Curado",https://a0.soysuper.com/0eb3d2200cdafc150c1a9edec30fe577.110.110.0.min.wmark.e964a588.jpg
618eec882508c167567b70da,Hacendado,Costillas de cerdo a la barbacoa cortadas,Bote 500 g aprox,6.25,Frescos y Charcutería > Platos Preparados > Calientes,Calientes,https://a2.soysuper.com/2a796b009f173bb76177df67aed2b216.110.110.0.min.wmark.dba724b0.jpg
584e968a53c97b38c0188a29,Hacendado,POCHAS CONGELADAS,PAQUETE 500 g,2.97,"Congelados > Verduras, Hortalizas y Legumbres congeladas > Alubias congeladas",Alubias congeladas,https://a0.soysuper.com/ef016b47e2d619c1139eb88d6f34170c.110.110.0.min.wmark.4a692150.jpg
6197e5500932f70ab35ec12f,Hacendado,Postre lácteo crema de turrón,Pack 4 ud x 125 g - 500 g,2.1,Lácteos y Huevos > Postres > Crema,Crema,https://a2.soysuper.com/6728fc1b8d574d68067402bb77c0cc5e.110.110.0.min.wmark.bd6d1251.jpg
5a60a05a98ec913f867066f1,Hacendado,Pan 82% integral de centeno,Paquete 500 g,1.53,"Panadería, Pastelería y Repostería > Pan > Pan de Molde",Pan de Molde,https://a1.soysuper.com/f85175ada4bfe4693ff11087b17d8f17.110.110.0.min.wmark.667dde50.jpg
65d8d8dae6ed40168448d2b6,Hacendado,Queso curado mezcla,410 g aprox,4.67,"Frescos y Charcutería > Queso > Tierno, Semicurado y Curado","Tierno, Semicurado y Curado",https://a1.soysuper.com/fc28a75f9ff127e26d63d301b71bd260.110.110.0.min.wmark.82b8d158.jpg
642c17552508c17c5c515d5a,Hacendado,Dátil en rama,Caja 400 g,3.45,Aperitivos > Frutos Secos > Frutas Deshidratadas,Frutas Deshidratadas,https://a2.soysuper.com/b27c3e5dc460a9d6ad33a4bf1219bc6b.110.110.0.min.wmark.7d765d6c.jpg
633d5ca0d79187077b4959bb,Hacendado,"Sandwich pollo, mayonesa y queso",1 u - 185 g,1.85,Frescos y Charcutería > Platos Preparados > Refrigerados,Refrigerados,https://a2.soysuper.com/b999d0a20f7f50ebe8911aea6fb96eb8.110.110.0.min.wmark.e2a23c3c.jpg
5932bb0198ec911ead55f221,Hacendado,Salmorejo 100 % natural fresco,Botella 1 l,3,Frescos y Charcutería > Platos Preparados > Refrigerados,Refrigerados,https://a2.soysuper.com/8bb08ebf27155f1a6923e939cf7848ed.110.110.0.min.wmark.14316891.jpg
6110e0b7d79187051b3a1c56,Hacendado,Escalivada,Bandeja 290 g,2.9,Frescos y Charcutería > Platos Preparados > Refrigerados,Refrigerados,https://a2.soysuper.com/1fb97c5f6202edbd92fb6ab308b15764.110.110.0.min.wmark.6128403c.jpg
5b4da375722d6a2013287431,Hacendado,Pollo desmenuzado congelado,Paquete 300 g,4.2,Congelados > Platos Preparados > Carne y Pollo,Carne y Pollo,https://a0.soysuper.com/2f8326fdb00916bb0d8f259676fb1537.110.110.0.min.wmark.2b942153.jpg
5c4824b02508c11cdf541610,Hacendado,Aceituna manzanilla con hueso (calibre pequeño),Tarro 430 g escurrido 250 g,1.4,Aperitivos > Aceitunas > Verdes,Verdes,https://a0.soysuper.com/f2896ecc8489651b7c7a349f318aff05.110.110.0.min.wmark.060daaca.jpg
5a05941e2508c1134b7d8158,Hacendado,Fideos orientales de soja deshidratados Yakisoba,Bote 80 g,1,"Pasta, Arroz y Legumbres > Pasta > Oriental",Oriental,https://a0.soysuper.com/2d35c88861af3450d2833423fb299da4.110.110.0.min.wmark.73e839ce.jpg
591c20221452a0196c3baf1d,Hacendado,Bicarbonato sódico,Bote 300 g,1.1,"Conservas, Sopas, Aceites y Condimentos > Especias > Bicarbonato sódico",Bicarbonato sódico,https://a2.soysuper.com/e91dd6868a1e2521d182a51030bd860a.110.110.0.min.wmark.48e76d49.jpg
633bda680932f76fb95a8806,Hacendado,Bebida avena calcio,Brick pack 6 x 1 l - 6 l,7.2,"Lácteos y Huevos > Leche > Soja, Avena, Arroz,..","Soja, Avena, Arroz,..",https://a0.soysuper.com/2f10fc161ec7ed5031bbc1d9be34643b.110.110.0.min.wmark.adbdbaf7.jpg
61e12a9a53c97b3d26027f21,Hacendado,Pastas lagartos sabor limon,Paquete 500 g,1.85,Cereales y Galletas > Galletas > Surtidas,Surtidas,https://a1.soysuper.com/1e9104d57905daa3f52daa8a84a37b4f.110.110.0.min.wmark.a57b1a84.jpg
60055d5b0932f7710a72500f,Hacendado,Bonito norte migas en aceite oliva (abre facil solapin),Unidad 240 g,2.9,"Conservas, Sopas, Aceites y Condimentos > Conservas de Pescado > Bonito del Norte",Bonito del Norte,https://a1.soysuper.com/7038275f866edbf8d7e863e85facbfd6.110.110.0.min.wmark.394bb51c.jpg
51dc67f0edb8723314000027,Hacendado,Helado pastel de queso con mermelada fresa,Bote 500 ml,3.01,Congelados > Helados > Tarrina,Tarrina,https://a1.soysuper.com/c3dcfa79e1b3673ef9b1f05d0c136e45.110.110.0.min.wmark.c15a8e32.jpg
59fca5082508c16957210131,Hacendado,Salsa de trufas,Tarro 80 g,3.1,"Conservas, Sopas, Aceites y Condimentos > Salsas > Salsa de Trufa",Salsa de Trufa,https://a2.soysuper.com/6dcce7c066fd4c187c3a5c10c279a47a.110.110.0.min.wmark.88284f61.jpg
650aba95d7918742fd253ca6,Hacendado,"Pan baguette ajo (relleno de mantequilla, ajo y finas hierbas)",U - 160 g,1.45,"Panadería, Pastelería y Repostería > Pan > Pan Tostado",Pan Tostado,https://a2.soysuper.com/080e8a5bc1acf6dfba22f7c338a2a1bf.110.110.0.min.wmark.03f568f7.jpg
5c5918fe1452a0099847f6c3,Hacendado,Queso fresco tradicional servilleta,Tarrina 250 g,2.4,Frescos y Charcutería > Queso > Fresco y para Ensaladas,Fresco y para Ensaladas,https://a0.soysuper.com/88f8d6d4c09f412091c6c8a5353df4b2.110.110.0.min.wmark.0735896f.jpg
645253ec0932f7722c5f3202,Hacendado,Queso murcia al vino,220 g,4.35,Frescos y Charcutería > Queso > De Cabra y de Oveja,De Cabra y de Oveja,https://a2.soysuper.com/80b424a1c2d3579c6b866200ec3f2a09.110.110.0.min.wmark.0fb76fd5.jpg
618eec88722d6a6c8d28f878,Hacendado,Queso curado mezcla,1.63 kg aprox,18.06,"Frescos y Charcutería > Queso > Tierno, Semicurado y Curado","Tierno, Semicurado y Curado",https://a0.soysuper.com/0fa5323baa8f31e38efc73e98799f404.110.110.0.min.wmark.87d3821a.jpg
58aa377ad11520549b7684ca,Hacendado,YOGUR VAINILLA,PACK 4 X 125 g - 500 g,0.85,Lácteos y Huevos > Yogur > Sabores,Sabores,https://a0.soysuper.com/1bbdacd7a2968341e3bef7c399ce213c.110.110.0.min.wmark.f2fdaaea.jpg
5012edfba1320a5723000111,Hacendado,Yogur liquido naranja papaya,Botella 1 kg,1.75,Lácteos y Huevos > Yogur > Líquido,Líquido,https://a2.soysuper.com/eb03de84d1da3ed06cb23d7dd9ee2920.110.110.0.min.wmark.41935cf7.jpg
624d4fbae6ed40740c667ee5,Hacendado,Cacao soluble,Caja 108 g (6 sobres),1.2,"Cafés, Cacaos e Infusiones > Cacao > Soluble",Soluble,https://a1.soysuper.com/54ee0ea41a8caca647fccc349132cfee.110.110.0.min.wmark.54f02798.jpg
62dd36b0722d6a1895712939,Hacendado,Queso tierno de cabra,350 g aprox,5.26,Frescos y Charcutería > Queso > De Cabra y de Oveja,De Cabra y de Oveja,https://a0.soysuper.com/b17eafb551946b148475f0b4daea1af9.110.110.0.min.wmark.ac322660.jpg
64a014c6722d6a30a554b464,Hacendado,Queso cabra rulo precortado,Paquete 200 g,2.85,Frescos y Charcutería > Queso > De Cabra y de Oveja,De Cabra y de Oveja,https://a2.soysuper.com/805a546f354c42db2e2d30ea6921835f.110.110.0.min.wmark.e3610293.jpg
5895f0f21452a059a6163521,Hacendado,Bifidus cremoso sin trozos limon,Pack 4 x 125 g - 500 g,1.35,Lácteos y Huevos > Yogur > Con Bífidus,Con Bífidus,https://a2.soysuper.com/d3aa12bdfd013541b8c03ed9809113cc.110.110.0.min.wmark.c68f595d.jpg
618eec882508c167567b70db,Hacendado,Queso viejo de oveja,380 g aprox,5.59,Frescos y Charcutería > Queso > De Cabra y de Oveja,De Cabra y de Oveja,https://a0.soysuper.com/1f08719eced040492e7391bad6f13fc9.110.110.0.min.wmark.4fdf3728.jpg
6509516de93cdf7f9b207b5d,Hacendado,Mojo verde,Tarro 200 g,1.9,"Conservas, Sopas, Aceites y Condimentos > Salsas > Mojo Canario",Mojo Canario,https://a0.soysuper.com/d10bc1b6b1facbc80484314970025bc5.110.110.0.min.wmark.9e1aee56.jpg
607d792c2508c122e820a133,Hacendado,Pan hamburguesa 100% integral,300 g (paquete 4 u),1.25,"Panadería, Pastelería y Repostería > Pan > Pan Burger y Panecillos",Pan Burger y Panecillos,https://a2.soysuper.com/5f7b3341b8d29f9a6bcdb6db98fadf6c.110.110.0.min.wmark.944286a2.jpg
618eec8853c97b37ea288558,Hacendado,Queso tierno mezcla cortado en cuñitas,325 g aprox,3.82,"Frescos y Charcutería > Queso > Tierno, Semicurado y Curado","Tierno, Semicurado y Curado",https://a2.soysuper.com/660cee35c511086763b23a3f6fe3d62c.110.110.0.min.wmark.3895cd92.jpg
55b7913d53c97b4b9d241d0f,Hacendado,Panecillo rustico redondo (venta por unidades),1 u 60 g,0.4,"Panadería, Pastelería y Repostería > Pan > Pan Fresco",Pan Fresco,https://a2.soysuper.com/dd18780366616ad7c41a73a3c0c9e2ab.110.110.0.min.wmark.8013f635.jpg
59dc3dbe2508c14c0a0da0d1,Hacendado,Pan barra matalahuva,1 u 130 g,0.53,"Panadería, Pastelería y Repostería > Pan > Pan Fresco",Pan Fresco,https://a1.soysuper.com/5ea7802addfcb60a6d4c3a37c1e3af6f.110.110.0.min.wmark.a5a19423.jpg
6427daaf98ec916599502a47,Hacendado,Queso añejo oveja fuerte,Unidad 750 gr,13.72,"Frescos y Charcutería > Queso > Tierno, Semicurado y Curado","Tierno, Semicurado y Curado",
587e084453c97b732d42ea63,Hacendado,Aperitivo corteza trigo sabor jamon,Paquete 100 g,1.05,Aperitivos > Snacks > Cortezas y Torreznos,Cortezas y Torreznos,https://a2.soysuper.com/5afb28179e8b7233b17afa5f8e984933.110.110.0.min.wmark.cde66f55.jpg
603d948553c97b0e0065d723,Hacendado,Queso fresco de cabra y vaca,Tarrina 350 g,3.65,Frescos y Charcutería > Queso > Fresco y para Ensaladas,Fresco y para Ensaladas,https://a2.soysuper.com/bf8092dfdbb41a7b18f401a7cfbe82c6.110.110.0.min.wmark.9a0f2754.jpg
642bd9990932f77fe30ce8b2,Hacendado,"Mendo fresco limpio (sin cabeza , sin flecos y sin visceras)",Unidad 400 gr,6.4,Frescos y Charcutería > Pescados y Mariscos > Pescado Blanco,Pescado Blanco,
618f48261452a0062b5ec1ef,Hacendado,Queso tierno tronchón mezcla,1.2 kg aprox,13.8,"Frescos y Charcutería > Queso > Tierno, Semicurado y Curado","Tierno, Semicurado y Curado",https://a0.soysuper.com/45b506160306fbe9578fd2cb0ca48752.110.110.0.min.wmark.8dc548df.jpg
6299386ce93cdf015643e642,Hacendado,Pan rosca gallega,1 u - 500 g,1.6,"Panadería, Pastelería y Repostería > Pan > Pan Fresco",Pan Fresco,https://a1.soysuper.com/904ba0a1505b1f9fd7e824cce195bf48.110.110.0.min.wmark.277286b2.jpg
63293aa90932f7398742b043,Hacendado,Gambon grande descongelado,Unidad 250 gr,3.24,Congelados > Pescados y Mariscos > Gambón congelado,Gambón congelado,
618eec881452a006281d65d9,Hacendado,Hoja de bacalao,Paquete 800 g aprox,15.92,Frescos y Charcutería > Pescados y Mariscos > Salazón,Salazón,https://a0.soysuper.com/5d62af8287df83dcd41ae43dff8f9afd.110.110.0.min.wmark.67f316dd.jpg
6329396a722d6a759f3003c6,Hacendado,Trucha a la espalda limpia fresca,Unidad 350 gr,4.9,Frescos y Charcutería > Pescados y Mariscos > Pescado Azul,Pescado Azul,
5ecbd4e51452a07b416e6a4a,Hacendado,Merluza congelada rodaja argentina para cocer *,Paquete 800 g,5.2,Congelados > Pescados y Mariscos > Merluza,Merluza,
640cc09298ec9120bf302152,Hacendado,Sepia sucia refrigerada,Unidad 450 gr,5.83,Frescos y Charcutería > Pescados y Mariscos > Cefalópodos,Cefalópodos,
580ba58698ec9159de38c25f,Hacendado,Velas de cumpleaños,Paquete 1 ud,1.05,Bazar y Casa > Decoración > Velas,Velas,https://a0.soysuper.com/e2986088fc6d799370d16801f7a8dc10.110.110.0.min.wmark.eb450fb0.jpg
53bbc9364ae49cca0f00a27a,Hacendado,Bifidus desnatado fibras trozos cereales y muesli,Pack 4 x 125 g - 500 g,1.35,Lácteos y Huevos > Yogur > Con Bífidus,Con Bífidus,https://a2.soysuper.com/bc60c7db6df83e227068148773a74f0a.110.110.0.min.wmark.cb69a663.jpg
5d14bc990932f736be6ab0aa,Hacendado,Refresco de limón con gas zero,Lata 33 cl,0.42,Bebidas > Refresco > Limón,Limón,https://a1.soysuper.com/dcc5cd6ddd7532b8dcbc6cd2d1865f42.110.110.0.min.wmark.c25f5e6e.jpg
6514892de6ed4001f877bf39,Hacendado,Almeja japonesa fresca,Bandeja 500 g,10.35,Frescos y Charcutería > Pescados y Mariscos > Mariscos,Mariscos,https://a0.soysuper.com/a430c8d78d88b41dfb2d39307d5ddc58.110.110.0.min.wmark.84e34668.jpg
653b129598ec916b210b0d2a,Hacendado,Queso viejo mezcla trufa,Unidad 200 gr,4.47,"Frescos y Charcutería > Queso > Tierno, Semicurado y Curado","Tierno, Semicurado y Curado",
653f557b1452a006c784c77b,Hacendado,Queso añejo ibérico mezcla cortado en cuñitas,320 g aprox,5.44,"Frescos y Charcutería > Queso > Tierno, Semicurado y Curado","Tierno, Semicurado y Curado",https://a0.soysuper.com/8a427cad13f43c444fefc1f81d6f9819.110.110.0.min.wmark.d6270a2a.jpg
5d14bc961452a004930e57c4,Hacendado,Refresco de naranja con gas zero,Lata 33 cl,0.42,Bebidas > Refresco > Naranja,Naranja,https://a0.soysuper.com/cc656fa60561a1066ac929d2024fe9d4.110.110.0.min.wmark.47554212.jpg
5d14bc961452a004930e57c6,Hacendado,Refresco de naranja con gas zero,"Pack 8 latas x 33 cl - 2,64 l",3.36,Bebidas > Refresco > Naranja,Naranja,https://a2.soysuper.com/de8785ea9d96bf3c894d705ef299e3b2.110.110.0.min.wmark.15a9bece.jpg
6587b47b2508c119fd2caed0,Hacendado,"Buey de mar cocido (entregas,viernes, sabados y visperas festivos)",Unidad 500 gr,8.25,Frescos y Charcutería > Pescados y Mariscos > Mariscos,Mariscos,
6587b47b0932f71ef16ca561,Hacendado,"Necoras cocidas (entregas viernes, sabados y visperas festivos)",Unidad 350 gr,5.99,Frescos y Charcutería > Pescados y Mariscos > Mariscos,Mariscos,
504a3096ef6546e448000006,Hacendado,Esparrago verde troceado congelado,Paquete de 300 g,2.55,"Congelados > Verduras, Hortalizas y Legumbres congeladas > Espárragos congelados",Espárragos congelados,https://a2.soysuper.com/614657dfd5d84b85f2eed41a6fa9a842.110.110.0.min.wmark.23221c83.jpg
58b1482c1452a05bb91a6314,Hacendado,Mousse chocolate,4 paquetes de 62.5 g,1.2,Lácteos y Huevos > Postres > Mousse,Mousse,https://a2.soysuper.com/1ad6c76caef5c94fb422d5aa35d74931.110.110.0.min.wmark.dfdf9b64.jpg
605e19ae2508c122e81446d8,Hacendado,Helado sandwich vainilla,Caja 8 u x 100 ml,2.6,Congelados > Helados > Sándwich,Sándwich,https://a1.soysuper.com/162b3c40960189d46c91fec383e8388b.110.110.0.min.wmark.a1e977c8.jpg
4fc9139acc75fa2a350109ec,Hacendado,Mantequilla sin sal,Tarrina 250 g,2.46,Lácteos y Huevos > Mantequilla > Sin sal,Sin sal,https://a0.soysuper.com/ea685d81ebe50835696498f20b5d4a57.110.110.0.min.wmark.c438b2a8.jpg
646db2e8d79187385c1ee961,Hacendado,Queso tierno vaca mini,1050 g,6,"Frescos y Charcutería > Queso > Tierno, Semicurado y Curado","Tierno, Semicurado y Curado",https://a1.soysuper.com/5c75d8b333a732119c6ee26260c34cfd.110.110.0.min.wmark.a765c08b.jpg
65c5fbdfe93cdf69ac103fe0,Hacendado,Cola normal,Lata pack 12 x 330 ml - 3960 ml,3.84,Bebidas > Refresco > Cola,Cola,https://a0.soysuper.com/fb5fc273a80a85a3c6aae8c00fc57902.110.110.0.min.wmark.df58455a.jpg
65cba657d79187179019a850,Hacendado,Queso viejo ahumado de oveja,330 g aprox,5.9,"Frescos y Charcutería > Queso > Tierno, Semicurado y Curado","Tierno, Semicurado y Curado",https://a1.soysuper.com/a180e33a486299ef5e4ed97db2e0b05f.110.110.0.min.wmark.edce5eca.jpg
65d79f770932f77cbb63730f,Hacendado,Queso semicurado mezcla cortado en cuñitas,340 g aprox,4.25,"Frescos y Charcutería > Queso > Tierno, Semicurado y Curado","Tierno, Semicurado y Curado",https://a0.soysuper.com/857665a10db0e62c4509485c1a632dc8.110.110.0.min.wmark.358ebaa5.jpg
65d79f782508c13af031a6be,Hacendado,Queso tierno de vaca cortado en cuñitas,320 g aprox,2.56,"Frescos y Charcutería > Queso > Tierno, Semicurado y Curado","Tierno, Semicurado y Curado",https://a2.soysuper.com/8acd67848f541100eda23b4c7ae7941f.110.110.0.min.wmark.6fa57aee.jpg
632825ed2508c1631d3ea66c,Hacendado,Pulpo cocido refrigerado *****novedad****,Unidad 350 gr,12.6,Frescos y Charcutería > Pescados y Mariscos > Cefalópodos,Cefalópodos,
5a97eedb98ec913dd446b54a,Hacendado,Helado palo bombon chocolate blanco,Pack 6 x 120 ml,3.2,Congelados > Helados > Bombón Helado,Bombón Helado,https://a1.soysuper.com/2ac9c7928a63a907d16fffca6f440536.110.110.0.min.wmark.66fc1dac.jpg
534e7907a452b1eb02000000,Hacendado,Aceite oliva sabor suave (tapon rojo),Garrafa 5 l,18.74,"Conservas, Sopas, Aceites y Condimentos > Aceite > De Oliva",De Oliva,https://a1.soysuper.com/7cf59cf8adfebdf1eebdcca4a4d0e053.110.110.0.min.wmark.3b9f7e2d.jpg
64e93993e93cdf59c30541e8,Hacendado,Helado stracciatella,"Tarrina 565 g,  950 ml",3.26,Congelados > Helados > Tarrina,Tarrina,https://a2.soysuper.com/26265b3f4d811e1e2900be65b80f018d.110.110.0.min.wmark.b40b6f6f.jpg
64544ae1e93cdf47696dd94c,Hacendado,Caracol cabrilla en salsa,Bandeja 500 g,5.4,"Conservas, Sopas, Aceites y Condimentos > Platos Preparados en Conserva > Caracoles",Caracoles,https://a1.soysuper.com/5b1a239e14108fcb405a122c9bde82dc.110.110.0.min.wmark.be115dbe.jpg
501335d00f8e48d05d0003d0,Hacendado,Granizado cebada,pack 6 u x 200 ml,3.15,Congelados > Helados > Granizado,Granizado,https://a2.soysuper.com/6a38133c04e24e91eff82f39b448a9aa.110.110.0.min.wmark.1f68f3e0.jpg
5012ee46459c33cc5d000139,Hacendado,Especias caracoles (tapón marron),Tarro 44 g,2,"Conservas, Sopas, Aceites y Condimentos > Especias > Sazonadores",Sazonadores,https://a0.soysuper.com/a9b13051643928851269c89f364ca424.110.110.0.min.wmark.6ede2f97.jpg
5a22801f98ec91287a1ce8b8,Hacendado,Cápsulas de café con leche compatible Dolce Gusto,Caja 16 ud,3.45,"Cafés, Cacaos e Infusiones > Café > Cápsulas",Cápsulas,https://a1.soysuper.com/91b57e123ac72ca7a6886c18dee8f228.110.110.0.min.wmark.e09fe811.jpg
5eea742a53c97b1abd436ab4,Hacendado,Merluza congelada colas argentina,Paquete 1000 g,5.25,Congelados > Pescados y Mariscos > Merluza,Merluza,https://a0.soysuper.com/667e76d59a2d6d308191c296edb529db.110.110.0.min.wmark.8fe24829.jpg
68469dbc2508c122f710b94e,Hacendado,Queso curado mezcla madurado en madera,260 g aprox,3.87,"Frescos y Charcutería > Queso > Tierno, Semicurado y Curado","Tierno, Semicurado y Curado",https://a1.soysuper.com/563eb7110d7a375cc50ddf76f4b561e5.110.110.0.min.wmark.e374c359.jpg
6846af95722d6a0a490ac9b4,Hacendado,Queso viejo tostado mezcla,1.54 kg aprox,20.67,"Frescos y Charcutería > Queso > Tierno, Semicurado y Curado","Tierno, Semicurado y Curado",https://a1.soysuper.com/32e869fe42d40bdd832b1892b9c6d634.110.110.0.min.wmark.21b4e412.jpg
693134e46c714b5ac907e275,Hacendado,Guindillas dulces,Tarro 190 g escurrido,2.5,Aperitivos > Encurtidos > Guindillas,Guindillas,https://a0.soysuper.com/f3ee74e0fcd691eb426f16c5dff399cc.110.110.0.min.wmark.80ff4ea1.jpg
67c1b878e93cdf3b0d0d1f2e,Hacendado,Lenguado negro limpio congelado,Unidad 200 gr,4.19,Congelados > Pescados y Mariscos > Lenguado congelado,Lenguado congelado,
67d689410932f75d61593328,Hacendado,Aperitivo snack mini mix,Paquete 80 g,0.8,Aperitivos > Snacks > Chips,Chips,https://a0.soysuper.com/12cc89f889079d54157d8a2aa6402d32.110.110.0.min.wmark.bcc41cad.jpg
67f2276d6c714bda804e3d14,Hacendado,Helado caramelo con salsa de caramelo y trozos de caramelo,Tarrina 900 ml,3.15,Congelados > Helados > Tarrina,Tarrina,https://a1.soysuper.com/6bf094649950e8ce0048f50563305a2e.110.110.0.min.wmark.2910418c.jpg
6846e96a91e128e3397ac46e,Hacendado,Rodaja de marrajo ultracongelado,240 g aprox,3.58,Congelados > Pescados y Mariscos > Marrajo,Marrajo,https://a0.soysuper.com/0664b270d552b1f5c1bfdb6c92413e9c.110.110.0.min.wmark.becd95e4.jpg
69c1295b53c97b03e24e45b3,Hacendado,Fiambre pavo lonchas finas,Paquete pack 2 x 225 g - 450 g,3.45,Frescos y Charcutería > Charcutería > Fiambres Varios,Fiambres Varios,https://a2.soysuper.com/941b4afd40808e1da40b939b6b784faa.110.110.0.min.wmark.c021e47a.jpg
6846a0060932f774271d3ff0,Hacendado,Pollo asado,Paquete 1.25 kg aprox,7.06,Frescos y Charcutería > Platos Preparados > Refrigerados,Refrigerados,https://a0.soysuper.com/ff83890c68555d100c3f1d9ecd14d40f.110.110.0.min.wmark.2cd35747.jpg
69dc50ca8ca63c74995bb6ff,Hacendado,Surtido dulce rollo sabor nata,Pack 3 u - 126 g,0.6,Chocolates y Dulces > Dulces de navidad > Coquitos,Coquitos,https://a0.soysuper.com/675e878175865a209e1b0913cdb692e7.110.110.0.min.wmark.1c33e44d.jpg
69da27d4a44508f8995d5d37,Hacendado,Surtido dulce rollo sabor nata,Pack 3 u - 126 g,0.7,"Panadería, Pastelería y Repostería > Bollería > Pastel infantil",Pastel infantil,https://a0.soysuper.com/96706f9f332e69a643eed31ea81a8b65.110.110.0.min.wmark.200f5ebc.jpg
69dc43b88ca63c749656a4e8,Hacendado,Surtido dulce hojaldre cacao,Pack 3 u - 159 g,0.9,"Panadería, Pastelería y Repostería > Bollería > Hojaldre",Hojaldre,
69da27d38ca63c74930e9260,Hacendado,Surtido dulce espiral de cacao,Pack 3 u - 186 g,1.05,"Panadería, Pastelería y Repostería > Bollería > Bollos",Bollos,
69251635e93cdf174179f722,Hacendado,Alistado (gamba roja) congelado crudo pequeño,Unidad 500 gr,12.9,Congelados > Pescados y Mariscos > Alistados congelados,Alistados congelados,
69e83ceed791875cc33a8bab,Hacendado,Aceitunas verdes rellenas de jalapeño picantes,2 botes x 85 g escurrido,2.4,Aperitivos > Aceitunas > Verdes,Verdes,
69a4e72891e128286881c6dd,Hacendado,Pota descongelada limpia,Unidad 400 gr,6.4,Frescos y Charcutería > Pescados y Mariscos > Cefalópodos,Cefalópodos,
673c893598ec913d07799995,Hacendado,Queso viejo ahumado cuñitas,Unidad 300 gr,6.21,"Frescos y Charcutería > Queso > Tierno, Semicurado y Curado","Tierno, Semicurado y Curado",
676d05bc0932f757d4709c35,Hacendado,Pan bocadillo,390 g (paquete 3 u),1.1,"Panadería, Pastelería y Repostería > Pan > Pan Fresco",Pan Fresco,https://a0.soysuper.com/86da74c13e7bbafd1ead19b1ee81f09a.110.110.0.min.wmark.c37a6b84.jpg
67a0a2420932f765c21dc6aa,Hacendado,Camaron cocido descongelado,Bandeja 150 g,2.9,Frescos y Charcutería > Pescados y Mariscos > Mariscos,Mariscos,https://a0.soysuper.com/2c19067665b1c46827ceb4d536735159.110.110.0.min.wmark.73b83fbb.jpg
65e42edd0932f706b51c5fa6,Hacendado,Piruleta chocolate pascua,1 u 35 g,1.7,Chocolates y Dulces > Chocolates > Chocolatinas,Chocolatinas,https://a2.soysuper.com/da6ce6f8ca437b054d60bcfa1200be13.110.110.0.min.wmark.6ee7920c.jpg
69720220a445082c6c4fbad4,Hacendado,Merluza congelada filete grande sin piel del cabo,Paquete 1000 g,11.65,Congelados > Pescados y Mariscos > Merluza,Merluza,https://a0.soysuper.com/2ed498d39c138c4ff20e8ad69cb3ff35.110.110.0.min.wmark.99f1442f.jpg
665f247598ec9161817c9270,Hacendado,Empanadilla carne mechada horno (venta por unidades),1 u - 100 g,1.5,"Panadería, Pastelería y Repostería > Salados > Empanadillas",Empanadillas,https://a0.soysuper.com/bac08ee0cac521b2a298e2daf68d1bf6.110.110.0.min.wmark.5a71f355.jpg
67d8d42a6c714b4fec02ac83,Hacendado,Chorizo oreado en tripa natural fresco,Unidad 360 gr,3.04,Frescos y Charcutería > Carnes > Chorizo fresco,Chorizo fresco,
6870a497e93cdf2d0e7c7125,Hacendado,Surtido granel coquito,Unidad 33 gr,0.19,"Panadería, Pastelería y Repostería > Bollería > Varios",Varios,
69f377511452a00a1a2c49c2,Hacendado,Mojo rojo suave refrigerado,Tarro 200 g,1.9,"Conservas, Sopas, Aceites y Condimentos > Salsas > Mojo Canario",Mojo Canario,https://a0.soysuper.com/d6baf93152a893c708630f6466451c81.110.110.0.min.wmark.87d0ec05.jpg
661f7683722d6a30c949cd2f,Hacendado,Queso viejo tostado mezcla cortado en cuñitas,320 g aprox,5.42,"Frescos y Charcutería > Queso > Tierno, Semicurado y Curado","Tierno, Semicurado y Curado",https://a0.soysuper.com/64b14914ddd977393b4ceca1a73604e6.110.110.0.min.wmark.9d84f005.jpg
67c5b1a10932f768f86efb4f,Hacendado,Bacalao desalado migas,Unidad 285 gr,7.27,Frescos y Charcutería > Pescados y Mariscos > Salazón,Salazón,
69907d0491e12828687d4ff2,Hacendado,Pate lomos de atun,Pack 3 u - 300 g,2.3,"Conservas, Sopas, Aceites y Condimentos > Paté > Atún",Atún,https://a2.soysuper.com/732aa2b64ae35c5d020ae57d46e08e28.110.110.0.min.wmark.6bfaf9b0.jpg
67f47e33a44508c3b35f9b57,Hacendado,Vela cifra n 3,U,1.25,"Panadería, Pastelería y Repostería > Repostería > Decoración de tartas",Decoración de tartas,https://a0.soysuper.com/fb01e3b70a501bf1a206df2fab057e2b.110.110.0.min.wmark.f037e8ff.jpg
68ac9ea2a445081d834f8eba,Hacendado,Queso cabra rulo (2 porciones),Bandeja 150 g,2.54,Frescos y Charcutería > Queso > De Cabra y de Oveja,De Cabra y de Oveja,https://a2.soysuper.com/fe66955b30dc3c5a439342db6c8a1a58.110.110.0.min.wmark.0cf7678a.jpg
695b8e82e93cdf57594be626,Hacendado,Pan piadina para pizza,400 g (paquete 4 u),2.2,"Panadería, Pastelería y Repostería > Pan > Pan de Molde",Pan de Molde,https://a1.soysuper.com/40df505363a50f82ed308afe09821198.110.110.0.min.wmark.e8c8c005.jpg
6780d0b78ca63c0ff881db07,Hacendado,Comida preparada pulled pork,Bandeja 200 g,2.5,Frescos y Charcutería > Platos Preparados > Calientes,Calientes,https://a2.soysuper.com/d1d299a5f35dda9a7d3fea5aba5179fb.110.110.0.min.wmark.cf2dd25f.jpg
68def78c2508c1455d0fcc1f,Hacendado,Pasta fresca doble relleno carrillera y pure de patatas,Paquete 250 g,2.6,"Pasta, Arroz y Legumbres > Pasta > Rellena",Rellena,https://a2.soysuper.com/e939027d4e8d570863d81b6d8330e16d.110.110.0.min.wmark.8a712610.jpg
699e2b4053c97b01683b6025,Hacendado,Longaniza de payés extra,280 g aprox,3.95,Frescos y Charcutería > Carnes > Salchichas Frescas,Salchichas Frescas,https://a0.soysuper.com/6bcf1887e95b45a7ac7d399d9481ec13.110.110.0.min.wmark.f6320996.jpg
66570f5c98ec91619c7ebe86,Hacendado,Salami pimienta finas lonchas,Paquete 100 g,1.75,Frescos y Charcutería > Charcutería > Salami,Salami,https://a2.soysuper.com/893e8ac790c385052b3bd2ef3410133c.110.110.0.min.wmark.8434d162.jpg
67dd147be6ed405b5f4ffb71,Hacendado,Chorizo pamplona lonchas,Paquete pack 4 x 60 g - 240 g,1.95,Frescos y Charcutería > Charcutería > Chorizo,Chorizo,https://a1.soysuper.com/338ca170f0e29299136cfd383af93c05.110.110.0.min.wmark.36c05cc9.jpg
67f47e33e93cdf7dbd773072,Hacendado,Vela cifra n 8,U,1.25,"Panadería, Pastelería y Repostería > Repostería > Decoración de tartas",Decoración de tartas,https://a0.soysuper.com/dad04dc0e95e5f5dc02bdef355fb8849.110.110.0.min.wmark.ae421440.jpg
6810d50853c97b375261fdc2,Hacendado,Naranja sin gas 12% zumo,Botella 1500 ml,1.15,Bebidas > Refresco > Naranja,Naranja,https://a2.soysuper.com/1cbc28adaf63214aed946fcda9985da0.110.110.0.min.wmark.dc3047cd.jpg
69730702e93cdf60203cbaa8,Hacendado,Panecillo 30 % integral trigo (venta POR unidades),1 u 70 g,0.35,"Panadería, Pastelería y Repostería > Pan > Pan Burger y Panecillos",Pan Burger y Panecillos,https://a1.soysuper.com/c5e713a2a0d4eaf42e77ccc1a55ea9e5.110.110.0.min.wmark.86a1d98d.jpg
67bede216c714b01720c184e,Hacendado,Salteado verduras para wok congelado,Paquete 450 g,1.9,"Congelados > Verduras, Hortalizas y Legumbres congeladas > Mezcla para sofrito",Mezcla para sofrito,https://a2.soysuper.com/fca125fb57e38ab7ce4b0ce5507348da.110.110.0.min.wmark.bb852e18.jpg
65f187f7e93cdf5d5f1cb0ac,Hacendado,Aceituna negra sin hueso,U x 150 g,3,Aperitivos > Aceitunas > Negras,Negras,https://a2.soysuper.com/9a0d9e0a52704d80fa0e85a67a458297.110.110.0.min.wmark.13b06f47.jpg
68e6c9a791e12818db233137,Hacendado,Gelatina fresa para preparar,Caja 178 g,1.74,"Panadería, Pastelería y Repostería > Repostería > Postres para Preparar",Postres para Preparar,https://a0.soysuper.com/e64ab3dac5e9d5383481eb641df79d7d.110.110.0.min.wmark.424bb23b.jpg
671ad86d0932f7615d34161b,Hacendado,Bebida lactea natural azucarada,Botella 1000 g,1.52,Lácteos y Huevos > Yogur > Líquido,Líquido,https://a2.soysuper.com/48f92787fc71d73c3249639716f8e803.110.110.0.min.wmark.726d9dbd.jpg
6924ba5191e12802055cbc93,Hacendado,Comida preparada arroz de pescado,Bandeja 280 g,4,Frescos y Charcutería > Platos Preparados > Refrigerados,Refrigerados,https://a0.soysuper.com/f12a785dfe275f8484500bccbf0a48ee.110.110.0.min.wmark.18f2f111.jpg
68230e8e1452a0303a207da5,Hacendado,Topping (tapon verde),Bote 45 g,1.85,"Conservas, Sopas, Aceites y Condimentos > Especias > Mezcla de Hierbas",Mezcla de Hierbas,https://a0.soysuper.com/d3b175a4890fdfc8ed0480ce66bdf885.110.110.0.min.wmark.1e394013.jpg
67b834cce6ed4030d2357eca,Hacendado,Mayonesa boca abajo,Bote 490 ml,1.4,"Conservas, Sopas, Aceites y Condimentos > Salsas > Mayonesa",Mayonesa,https://a0.soysuper.com/fd110800daad67d27681b47f2fe00f9f.110.110.0.min.wmark.b841b326.jpg
67f47e336c714bda9b2b14f2,Hacendado,Vela cifra n 2,U,1.25,"Panadería, Pastelería y Repostería > Repostería > Decoración de tartas",Decoración de tartas,https://a2.soysuper.com/d477da804f26d2f50f86a72eda9c72dd.110.110.0.min.wmark.e16a5c75.jpg
68cdfa8d8ca63c134f5d0491,Hacendado,Crema liquida calabacin,Brick 500 ml,1,"Conservas, Sopas, Aceites y Condimentos > Sopas, Cremas, Caldos y Purés > Cremas",Cremas,https://a1.soysuper.com/a07b0dc5409ef12c9475beb08a62c433.110.110.0.min.wmark.dab1f53e.jpg
68089815e6ed40174a22f5a9,Hacendado,Cacao soluble,Bote 500 g,2.8,"Cafés, Cacaos e Infusiones > Cacao > Soluble",Soluble,https://a2.soysuper.com/42f863502f936da274b2d61c71a2de3a.110.110.0.min.wmark.35506f56.jpg
682e908291e1282afb70eaf6,Hacendado,Aperitivo patata binkies,Paquete 80 g,1,Aperitivos > Snacks > Formas,Formas,https://a1.soysuper.com/80f55e50df9039c9d2633db549d73601.110.110.0.min.wmark.f357ff5a.jpg
6862a4fe8ca63c11b134fb6a,Hacendado,Zanahoria tiras conserva,Tarro 420 g escurrido 235 g,1.29,"Conservas, Sopas, Aceites y Condimentos > Conservas Vegetales > Zanahoria",Zanahoria,https://a1.soysuper.com/9ea947804429e3a53c0d6cb86c76faef.110.110.0.min.wmark.5677890f.jpg
69dcdaa891e12843e581361d,Hacendado,Pan hamburguesa rustico 100% integral,Paquete 4 u,1.05,"Panadería, Pastelería y Repostería > Pan > Pan Burger y Panecillos",Pan Burger y Panecillos,https://a2.soysuper.com/f2bb06efd1d100473752b35535268a86.110.110.0.min.wmark.a69a96ce.jpg
685c29f00932f77427215c15,Hacendado,Cafe grano natural,Paquete 500 g,5.25,"Cafés, Cacaos e Infusiones > Café > En Grano",En Grano,
688456dbe93cdf2d0e8143fc,Hacendado,Naranja sin gas 12% zumo,Botellin 330 ml,0.4,Bebidas > Refresco > Naranja,Naranja,https://a2.soysuper.com/55c4a474c62f6f3bd354fd6dd5dc53bd.110.110.0.min.wmark.d43d4eb5.jpg
69ad0169e93cdf3f48666fb1,Hacendado,Huevos chocolate con disquitos de colores,75 g (paquete 3 u),1.5,Chocolates y Dulces > Chocolates > Chocolatinas,Chocolatinas,https://a0.soysuper.com/2c9b2edb55c69d5449fc53043e3ca3ba.110.110.0.min.wmark.367c6f69.jpg
69b062c01452a03f126d1fd5,Hacendado,Yogur liquido l casei desnatado fresa,Botellin pack 12 x 100 g - 1200 g,2.6,Lácteos y Huevos > Yogur > L.Casei,L.Casei,https://a1.soysuper.com/61588d8d82553d236c19cffc9c0b5d40.110.110.0.min.wmark.d44efa54.jpg
696ab5e56c714b2a4005e0ee,Hacendado,Queso curado de vaca Mahón Menorca,340 g aprox,4.23,Frescos y Charcutería > Queso > Quesos Nacionales,Quesos Nacionales,https://a1.soysuper.com/045aa380465566fca5553fb45770508d.110.110.0.min.wmark.71d0e162.jpg
670602a56c714bfd2c2694c8,Hacendado,Bizcocho azucar moreno y nueces horno,U 400 g,3.35,"Panadería, Pastelería y Repostería > Bollería > Bizcocho, Mantecados y Ensaimadas","Bizcocho, Mantecados y Ensaimadas",https://a0.soysuper.com/2bea4018c486ab7619aff43f79da71d0.110.110.0.min.wmark.6beb7ff6.jpg
686be89353c97b290f5c37cc,Hacendado,Bizcocho azucar sin gluten horno,U - 300 g,2.85,"Panadería, Pastelería y Repostería > Bollería > Bizcocho, Mantecados y Ensaimadas","Bizcocho, Mantecados y Ensaimadas",https://a0.soysuper.com/0f5c462c225d721ccc849f6a58c86956.110.110.0.min.wmark.1e89e593.jpg
5d1330492508c1232a2973de,Hacendado,"Yogur sabores (2 fresa, 2 macedonia, 2 platano, 2 coco)",Pack 8 x 125 g - 1000 g,1.4,Lácteos y Huevos > Yogur > Sabores,Sabores,https://a2.soysuper.com/d7bbc147e0dd14fabdd98f9716690e1e.110.110.0.min.wmark.5e222261.jpg
6717918453c97b45c52de9d3,Hacendado,Pepinillo en vinagre,Tarro 420 g. escurrido 230 g,1.45,Aperitivos > Encurtidos > Pepinillos,Pepinillos,https://a0.soysuper.com/343e0b2a2216f34668d1689a19449d9d.110.110.0.min.wmark.1ef7fd3c.jpg
6a0f3a102508c13f970f38f8,Hacendado,Croquetas atun frescas,270 g (bandeja 9 u),3.25,Frescos y Charcutería > Platos Preparados > Refrigerados,Refrigerados,
6a140f48e6ed401f370ac979,Hacendado,Canelones de carne,Bandeja 380 g,3.25,Frescos y Charcutería > Platos Preparados > Refrigerados,Refrigerados,https://a1.soysuper.com/01a5ba3e5b73d864b4b14f11dcccaa8b.110.110.0.min.wmark.a1756348.jpg
6a162c0b2508c13f97102bf4,Hacendado,Snack de patatas Mix sabor ketchup,Paquete 100 g,1.1,Aperitivos > Snacks > De Patata,De Patata,https://a0.soysuper.com/f882f1d70dad23eb8b7902b193d59154.110.110.0.min.wmark.9bf961fa.jpg
69be507ee6ed402c2d75168e,Hacendado,Sorbete de açaí sabor guaraná,Bote 220 ml,2.9,Congelados > Helados > Tarrina,Tarrina,https://a0.soysuper.com/0ad3c7176287988b75ee609f98702778.110.110.0.min.wmark.4796960c.jpg
676936b7d791877ddf11fb76,Hacendado,Patatinas extracrujiente (paquete azul),Paquete 100 g,1.35,Aperitivos > Patatas Fritas > Lisas,Lisas,https://a2.soysuper.com/3fab3176e57a4056225b2b95faefdfd8.110.110.0.min.wmark.2a99e9e3.jpg
5012f0a929eba853230001b7,Hacendado,Brocoli congelado,Paquete 1 kg,1.97,"Congelados > Verduras, Hortalizas y Legumbres congeladas > Brócoli congelado",Brócoli congelado,https://a1.soysuper.com/4929f76f312a0fac75bb4a94d98438d1.110.110.0.min.wmark.1eb623ba.jpg
5012f042a1320a5723000196,Hacendado,Chorizo picante extra,280 g,2.49,Frescos y Charcutería > Charcutería > Chorizo,Chorizo,https://a1.soysuper.com/ccf08559a8a4a0c0d355f42548ee2fa8.110.110.0.min.wmark.4ffd6d05.jpg
4fc91307cc75fa2a3500e7b4,Hacendado,Edulcorante sacarina sobres,Caja 60 u,1.04,"Panadería, Pastelería y Repostería > Azúcar y Edulcorantes > Edulcorante",Edulcorante,https://a0.soysuper.com/fbcf09ca3d551b0a1bc6f1f57240233f.110.110.0.min.wmark.546e22a3.jpg
6270d8951452a01ddc0727c8,Hacendado,Magdalena redonda industrial,Paquete 550 g,2,"Panadería, Pastelería y Repostería > Bollería > Magdalenas",Magdalenas,https://a1.soysuper.com/e5ea39bb4adeb941b6bdefc6a56cacaf.110.110.0.min.wmark.35e40d1f.jpg
4fc9100dcc75fa2a350029d5,Hacendado,Macarron fino pasta,Paquete 500 g,0.8,"Pasta, Arroz y Legumbres > Pasta > Macarrones-Plumas",Macarrones-Plumas,https://a1.soysuper.com/8bc68c03be8ef3b1e67af6874344192e.110.110.0.min.wmark.f9bb5d8e.jpg
5012f086238436c85d0001d0,Hacendado,Preparado de paella y sopa ultracongelado,Paquete 685 g escurrido,4.25,Congelados > Platos Preparados > Pescado y Marisco,Pescado y Marisco,https://a1.soysuper.com/463f124cee1554c8ddf00021a1ab840e.110.110.0.min.wmark.69d36390.jpg
4fc91526cc75fa2a35016817,Hacendado,Garbanzo cocido,Tarro 295 g escurrido 210 g,0.75,"Pasta, Arroz y Legumbres > Legumbres Cocidas > Garbanzos cocidos",Garbanzos cocidos,https://a0.soysuper.com/6fd6f4f5d8748b068880c4087d536df1.110.110.0.min.wmark.4402df1f.jpg
60c45bdee93cdf4bd938b8e4,Hacendado,Patatas fritas light (deshidratada),Paquete 150 g,1.3,Aperitivos > Patatas Fritas > Lisas,Lisas,https://a1.soysuper.com/0ad14bcf3ac6174db4c93d53f23f5109.110.110.0.min.wmark.42a9087c.jpg
621f335753c97b297d70dc64,Hacendado,Aceituna rellena anchoa,3 ud x 50 g peso neto escurrido,1.78,Aperitivos > Aceitunas > Verdes,Verdes,https://a2.soysuper.com/b7286e8a5b3493246cd1b5985125db6e.110.110.0.min.wmark.606ee2d5.jpg
5f13f2662508c11a9965a234,Hacendado,Banderillas picantes,Tarro 345 g escurrido 160 g,1.69,Aperitivos > Encurtidos > Banderillas,Banderillas,https://a0.soysuper.com/61dec83e73a9b3d62478b4631ce319af.110.110.0.min.wmark.041330a4.jpg
4fc90ff2cc75fa2a350023ec,Hacendado,Arroz basmati,Paquete 1 kg,2.1,"Pasta, Arroz y Legumbres > Arroz > Asiático",Asiático,https://a2.soysuper.com/869f18d4539885f2499374d611fc207a.110.110.0.min.wmark.57e0351f.jpg
5012f04229eba8532300017e,Hacendado,Chorizo dulce extra,280 g,2.49,Frescos y Charcutería > Charcutería > Chorizo,Chorizo,https://a1.soysuper.com/b2a7360bb58df092ccb17b9fa2fcd0cd.110.110.0.min.wmark.2e925f78.jpg
56377a0f98ec917ef06aaeb0,Hacendado,Natilla con galleta,Pack 4 x 125 g - 500 g,1.15,Lácteos y Huevos > Postres > Natillas,Natillas,https://a2.soysuper.com/e2bc2dbb8815d22e157b639972c578cf.110.110.0.min.wmark.c9a6d794.jpg
525487237152d95327000005,Hacendado,Pizza fresca pepperoni (más picante),410 g,2.9,Frescos y Charcutería > Platos Preparados > Calientes,Calientes,https://a0.soysuper.com/683737411259caefe789bbb8b39f7c11.110.110.0.min.wmark.322dbe66.jpg
5a956d8f98ec9123af1ab5a4,Hacendado,Canelones carne bechamel familiar congelado,Caja 1100 g (12 u),5.8,Congelados > Platos Preparados > Pasta,Pasta,https://a1.soysuper.com/22aaf7709443cd123816c4d482f65fbd.110.110.0.min.wmark.26931a20.jpg
653776848ca63c68da46187e,Hacendado,Galleta divertida chocolate con leche,6 bolsitas - 251 g,1.84,Cereales y Galletas > Galletas > Infantiles,Infantiles,https://a1.soysuper.com/fd3d15782f4d09f7d727992ee6070883.110.110.0.min.wmark.4f9c6fe9.jpg
5d14b5fc53c97b1793502b0b,Hacendado,Fingers queso congelado,Paquete 300 g,2.4,"Congelados > Platos Preparados > Croquetas, Bolas y Empanados","Croquetas, Bolas y Empanados",https://a2.soysuper.com/4552b5111984d4aceab6b4cc1237465d.110.110.0.min.wmark.a8be071e.jpg
5012ed07825ae05b230000e8,Hacendado,"Cocktail mezcladitos (maiz,cacahuetes mondados,pasas,garbanzos)",Paquete 300 g,1.6,Aperitivos > Frutos Secos > Cóctel,Cóctel,https://a0.soysuper.com/61ef67e7a9ce7b751824c9a0dc3e9b8f.110.110.0.min.wmark.fa8e6980.jpg
5817210d98ec914e683a0b21,Hacendado,Leche de coco,Bote 400 ml,1.4,"Conservas, Sopas, Aceites y Condimentos > Salsas > Salsas Orientales",Salsas Orientales,https://a1.soysuper.com/afa11b37608abc4a7d078ecbeb68e67b.110.110.0.min.wmark.652b9ec7.jpg
643f8e7ce93cdf727510f681,Hacendado,"Gellytina multifrutas 0 % azucar (2 limon, 2 mandarina Y 2 fresa) (gelatina)",Pack 6 x 100 g - 600 g,1,Lácteos y Huevos > Postres > Gelatina,Gelatina,https://a2.soysuper.com/5f07bb9b2ec5cd191de1ecd583b05673.110.110.0.min.wmark.fcc65b44.jpg
53596f9882f4c86d2f000008,Hacendado,Sal gruesa,Paquete de 1 kg,0.4,"Conservas, Sopas, Aceites y Condimentos > Especias > Sal",Sal,https://a0.soysuper.com/42c5af09a5927a274f646ced1fcca41e.110.110.0.min.wmark.4bbd9e88.jpg
4fc9128ecc75fa2a3500ca1d,Hacendado,"Pizza fresca 4 quesos (emmental,mozarella,grana,cheddar)",420 g,2.9,Frescos y Charcutería > Platos Preparados > Calientes,Calientes,https://a0.soysuper.com/ce6a51fc8e4d8d9dc30667a68e40474f.110.110.0.min.wmark.2acd7296.jpg
6271029be93cdf23d2540214,Hacendado,Gyoza pollo congelado,Paquete 230 g,2.15,Congelados > Platos Preparados > Empanadas y Pastel,Empanadas y Pastel,https://a1.soysuper.com/cfd0887cd8073f18c7b5016c589f95b3.110.110.0.min.wmark.c5e1c001.jpg
639c3febe6ed407b0503cff0,Hacendado,Pan hamburguesa rustico 100% integral,330 g (paquete 4 u),1.18,"Panadería, Pastelería y Repostería > Pan > Pan de Molde",Pan de Molde,https://a1.soysuper.com/8a4e1a69be5bb43519d62413f00e7915.110.110.0.min.wmark.29017c31.jpg
63d628220932f7506d1574c0,Hacendado,Pistacho tostado sin sal,Paquete 250 g,3.5,Aperitivos > Frutos Secos > Pistachos,Pistachos,https://a1.soysuper.com/4e6935955efd30036162d59d1fda8e7d.110.110.0.min.wmark.1f57b64f.jpg
598e0bb32508c1675a00b6eb,Hacendado,Longaniza sticks para picar,Paquete 50 g,1.1,Frescos y Charcutería > Charcutería > Fuet - longaniza,Fuet - longaniza,https://a0.soysuper.com/49766632734f01419a555efd9f0bd748.110.110.0.min.wmark.190ffb35.jpg
64141ac1722d6a4cca4cc3e2,Hacendado,Pisto de verduras congelado,Paquete 450 g,2.1,"Congelados > Verduras, Hortalizas y Legumbres congeladas > Mezcla para sofrito",Mezcla para sofrito,https://a2.soysuper.com/24a62b1a0b1f1e8ecf401c3ccb2dbe39.110.110.0.min.wmark.cba7307c.jpg
5891db61c240640ac458b076,Hacendado,Cafe molido natural,Paquete 500 g,4.69,"Cafés, Cacaos e Infusiones > Café > Molido",Molido,https://a1.soysuper.com/14f2b15dfdf4c3392c077706b3079d9e.110.110.0.min.wmark.895656cf.jpg
507880aae5df887138000010,Hacendado,Dados de queso curado y cheddar,Paquete 125 g,1.15,Frescos y Charcutería > Queso > Fresco y para Ensaladas,Fresco y para Ensaladas,https://a0.soysuper.com/cc7dc7bf26743d48bca853d85b598746.110.110.0.min.wmark.5bde4159.jpg
51dc67eef0f976371400002d,Hacendado,Cola normal,Botella 2 l,0.78,Bebidas > Refresco > Cola,Cola,https://a1.soysuper.com/7d2cdbd406ec05368b83ab04bdcda3f8.110.110.0.min.wmark.d04de76a.jpg
5012ee460f8e48d05d000101,Hacendado,Hierbas provenzales (tapon verde),Bote 25 g,1.19,"Conservas, Sopas, Aceites y Condimentos > Especias > Mezcla de Hierbas",Mezcla de Hierbas,https://a1.soysuper.com/bde47a9ca72505e67dfa649a770ba3de.110.110.0.min.wmark.36517d88.jpg
51a9596b0f49376f660000d1,Hacendado,Panecillos tostados cereales y semillas,Paquete 250 g,1.29,"Panadería, Pastelería y Repostería > Pan > Pan Tostado",Pan Tostado,https://a0.soysuper.com/28b02fd29deadd64cc2d7de9068f99e1.110.110.0.min.wmark.0d473649.jpg
550744e653c97b1ac5139fe1,Hacendado,Magdalena azucar horno,380 g (paquete 8 u),2.7,"Panadería, Pastelería y Repostería > Bollería > Magdalenas",Magdalenas,https://a0.soysuper.com/6f663599145d21d701c7b74dfa3c3aca.110.110.0.min.wmark.0684f03d.jpg
5b31c74398ec91121b17f7b6,Hacendado,Naranja con gas zero,"Pack 6 latas x 33 cl - 1,98 l",2.22,Bebidas > Refresco > Naranja,Naranja,https://a2.soysuper.com/3e1f6a242be9af415706ed14b3defdd1.110.110.0.min.wmark.80dc8c40.jpg
5c0097320932f740b449a899,Hacendado,Galletas Digestive avena,Paquete 425 g,1,Cereales y Galletas > Galletas > Digestive,Digestive,https://a2.soysuper.com/6b3e08f0d5869ff0b5e9a4105dc98efb.110.110.0.min.wmark.3f42e2c2.jpg
5e342ae3e93cdf7e6550601a,Hacendado,Harina maiz fina,Caja 400 g,1.2,"Panadería, Pastelería y Repostería > Harina > De Maíz",De Maíz,https://a1.soysuper.com/5e08535280b2211cab6d6af4f69a5089.110.110.0.min.wmark.cfe731ca.jpg
569d2e6898ec910cc4173ba1,Hacendado,Atun en aceite oliva,Lata 900 g escurrido 650 g,7.69,"Conservas, Sopas, Aceites y Condimentos > Conservas de Pescado > Atún",Atún,https://a1.soysuper.com/a405debf4967111932607dbf9671135f.110.110.0.min.wmark.fc357344.jpg
61a9d2cd0932f70abe1e6830,Hacendado,Aperitivo sticks patata,Paquete 75 g,0.8,Aperitivos > Snacks > Chips,Chips,https://a1.soysuper.com/1340de5639c546298882b3f0dd32a55d.110.110.0.min.wmark.0d5e9618.jpg
5bc4b71d2508c1350d365a7f,Hacendado,Crema liquida natural verduras refrigerada (sin conservantes),Tarrina 350 g,1.7,Frescos y Charcutería > Platos Preparados > Calientes,Calientes,https://a2.soysuper.com/5a548ca8002b4ee3c67b563362f6400f.110.110.0.min.wmark.6b6aba80.jpg
4fc91531cc75fa2a35016aa8,Hacendado,Fideo fideua curva pasta,Paquete 500 g,0.8,"Pasta, Arroz y Legumbres > Pasta > Para Sopa",Para Sopa,https://a0.soysuper.com/678f86c953f35a1533b5292592c7c6e2.110.110.0.min.wmark.061f3098.jpg
5a266ef70932f72166795050,Hacendado,Fideos orientales soja deshidratados yakisoba,Paquete 90 g,0.9,"Conservas, Sopas, Aceites y Condimentos > Platos Preparados en Conserva > Pasta preparada",Pasta preparada,https://a1.soysuper.com/39042cfe46a58ade3088fd53730831cc.110.110.0.min.wmark.53aad67c.jpg
4fc91597cc75fa2a35018178,Hacendado,Salchicha frankfurt bocata 4 U,Paquete 350 g,1.9,Frescos y Charcutería > Charcutería > Salchichas envasadas,Salchichas envasadas,https://a0.soysuper.com/7629bcfad0714060faf48c49bffb551e.110.110.0.min.wmark.19990d23.jpg
5012f0aa0f8e48d05d0001c5,Hacendado,Coliflor congelada,Paquete 1 kg,1.95,"Congelados > Verduras, Hortalizas y Legumbres congeladas > Coliflor Congelada",Coliflor Congelada,https://a0.soysuper.com/fd50c940d2575e4a3fb10c4543c5683d.110.110.0.min.wmark.d1e23d63.jpg
5c491b2d722d6a6d7c56f0bb,Hacendado,Chocolate negro fundir,Tableta 200 g,2.25,Chocolates y Dulces > Chocolates > Tabletas,Tabletas,https://a0.soysuper.com/64f6f9be4b57c7ccfc4ef588f6740450.110.110.0.min.wmark.e33d671b.jpg
5d9d73fd1452a04e9f703a1a,Hacendado,Infusion hinojo,Paquete 20 bolsitas,1.05,"Cafés, Cacaos e Infusiones > Infusiones > Hinojo",Hinojo,https://a0.soysuper.com/11c31a473888023c38d5c6b7bac51142.110.110.0.min.wmark.b740d06a.jpg
5012eca6238436c85d0000bb,Hacendado,Helado chocolate con trocitos,"tarrina 1 l, 550 g",3.22,Congelados > Helados > Tarrina,Tarrina,https://a1.soysuper.com/e995b199e9546b8d17704f8f98ed5c51.110.110.0.min.wmark.fd8b41af.jpg
5ffcf64f722d6a30d0435920,Hacendado,Tomate natural troceado,Bote 410 g,0.78,"Conservas, Sopas, Aceites y Condimentos > Conservas Vegetales > Tomate",Tomate,https://a2.soysuper.com/3a0ac8331aabb90218db6c321cf51aeb.110.110.0.min.wmark.896acb96.jpg
5c11e7930932f70ca31b2099,Hacendado,Espinacas a la crema congeladas,Paquete 450 g,2.21,Congelados > Platos Preparados > Verduras y Legumbres,Verduras y Legumbres,https://a0.soysuper.com/489fedc99dd71f3d3fb3c6f1e3f74a1b.110.110.0.min.wmark.f8d8378f.jpg
5eedd9e60932f728c62d54c4,Hacendado,Atún congelado en rodajas,Unidad 250 g,4.38,Congelados > Pescados y Mariscos > Atún,Atún,
63f9b27053c97b506218d342,Hacendado,Buñuelos congelados bacalao,Paquete 400 g,3.85,"Congelados > Platos Preparados > Croquetas, Bolas y Empanados","Croquetas, Bolas y Empanados",https://a0.soysuper.com/0c3765e023c1f0765bb051e9aae3f9e0.110.110.0.min.wmark.ab08f8af.jpg
62f203d7d7918743c95a7e36,Hacendado,Crema catalana,Pack 4 x 100 g - 400 g,2.75,Lácteos y Huevos > Postres > Crema,Crema,https://a2.soysuper.com/c0e9cb423a436ff43aecc81dfe6ec264.110.110.0.min.wmark.544f3408.jpg
655f8c628ca63c0e305b4412,Hacendado,Gofre chocolate industrial,Pack 2 x 140 g - 280 g,1.55,"Panadería, Pastelería y Repostería > Pastelería > Gofres",Gofres,https://a1.soysuper.com/007b1b7a583df4c42d190cb85b2f86e5.110.110.0.min.wmark.dcae1821.jpg
6225bfcee93cdf6a1c61d5b6,Hacendado,Caldo deshidratado pastillas carne,Caja 12 pastillas,0.85,"Conservas, Sopas, Aceites y Condimentos > Sopas, Cremas, Caldos y Purés > Caldo",Caldo,https://a1.soysuper.com/c35a4c6c3bd88329336d6c33fa1c8616.110.110.0.min.wmark.e4406ded.jpg
65269f83d7918748b53ff382,Hacendado,Zumo 100 % naranja refrigerado,Pet 1 l,2.1,Bebidas > Zumo > Refrigerados,Refrigerados,https://a2.soysuper.com/3dd7289124570392fdcfd5e99f79108a.110.110.0.min.wmark.7dfddd03.jpg
652e81158ca63c68e945efb6,Hacendado,Merluza congelada varitas,Paquete 400 g,4.26,Congelados > Platos Preparados > Pescado y Marisco,Pescado y Marisco,https://a1.soysuper.com/b290f25fb28253b4789a04195d1209cd.110.110.0.min.wmark.7cc5c7cb.jpg
65052691d7918763b83c1dfd,Hacendado,Aperitivo combinado,Paquete 200 g,1.61,Aperitivos > Snacks > Cócteles,Cócteles,https://a2.soysuper.com/9ceb2665cd0770760fb190bbff2d7dfa.110.110.0.min.wmark.9bdc2fa6.jpg
4fc91129cc75fa2a3500783c,Hacendado,Queso fresco Burgos sin lactosa,4 tarrinas x 62.5 g,1.9,"Frescos y Charcutería > Queso > Light, Sin Sal y Sin Lactosa","Light, Sin Sal y Sin Lactosa",https://a2.soysuper.com/63a82f3a25996f55c7a815bbc244def9.110.110.0.min.wmark.946f93c0.jpg
5b2ae861722d6a47a91914a2,Hacendado,Spaghetti carbonara,Bandeja 280 g,2.2,Frescos y Charcutería > Platos Preparados > Calientes,Calientes,https://a2.soysuper.com/494ec0d5ba971b0c72157cd1243ecfc9.110.110.0.min.wmark.9c444db3.jpg
4fc91672cc75fa2a3501b77e,Hacendado,Almendra cruda laminada,Paquete 125 g,2.15,"Panadería, Pastelería y Repostería > Repostería > Decoración de tartas",Decoración de tartas,https://a2.soysuper.com/2344a0c2e6aa336f44a836462d38a8b9.110.110.0.min.wmark.dc0c61bd.jpg
6230cdc2e6ed4049a67359d4,Hacendado,Surtido granel rollo sabor avellana,Unidad 80 g,0.46,"Panadería, Pastelería y Repostería > Bollería > Varios",Varios,
4fc916cdcc75fa2a3501cf6e,Hacendado,Gasificante reposteria,8 sobres 44 g,0.7,"Panadería, Pastelería y Repostería > Repostería > Levadura",Levadura,https://a2.soysuper.com/d4100a51b5bd1b940d4575a7ccd3b302.110.110.0.min.wmark.68eea597.jpg
640c3569722d6a3753067f05,Hacendado,Almendra frita marcona pelada,Paquete 125 g,2.95,Aperitivos > Frutos Secos > Almendras,Almendras,https://a2.soysuper.com/084b99475c89bbcd05b8e23bf09a3409.110.110.0.min.wmark.77f367da.jpg
5caaf1991452a02c3251c142,Hacendado,Semillas de lino,Paquete 150 g,1.19,Cereales y Galletas > Cereales > Línea y Semillas,Línea y Semillas,https://a1.soysuper.com/9a71793ebe877efb6b6b32ffe5c73fb7.110.110.0.min.wmark.e7d1a870.jpg
5012f093238436c85d0001f4,Hacendado,Helado leche merengada,"Tarrina 1 l, 550 g",2.95,Congelados > Helados > Tarrina,Tarrina,https://a1.soysuper.com/b9eb203ef73d3c22252f4000e7bf92e7.110.110.0.min.wmark.ee6fe215.jpg
50134e90a1320a57230003e1,Hacendado,Cafe molido natural,Paquete 500 g,4.9,"Cafés, Cacaos e Infusiones > Café > Molido",Molido,https://a1.soysuper.com/98a91369fba2cd31573d915708c73ec6.110.110.0.min.wmark.fc1ed522.jpg
5bfddfde98ec911dba47734f,Hacendado,Cereal mix 0% azucares añadidos (cereales inflados y copos de maiz),Paquete 375 g,2.4,Cereales y Galletas > Cereales > Clásicos,Clásicos,https://a0.soysuper.com/94d698b32077863e3d4b9b1be968296c.110.110.0.min.wmark.c9415442.jpg
618eec871452a0062b5e6b96,Hacendado,Rodajas de atún de aleta amarilla congelado,Bandeja 250 g aprox,4.38,Congelados > Pescados y Mariscos > Atún,Atún,https://a0.soysuper.com/5441ddbfb780e262a8f4321205e096d1.110.110.0.min.wmark.432bc376.jpg
50b9417712e3d8f937000658,Hacendado,Tortitas de arroz,Paquete 124 g,1.1,Aperitivos > Snacks > Tortitas,Tortitas,https://a0.soysuper.com/1edf848d1bb66a1f2c56873290131b41.110.110.0.min.wmark.89979dce.jpg
501335e929eba853230003aa,Hacendado,Pato confitado muslo,Unidad 350 gr,7.35,"Conservas, Sopas, Aceites y Condimentos > Platos Preparados en Conserva > Carne",Carne,https://a0.soysuper.com/38552855b36ac1a8303b5ae639a63720.110.110.0.min.wmark.48f54ad8.jpg
624a9490722d6a0f41595a9b,Hacendado,Helado nube con nubecitas,Tarrina 1 l,3.1,Congelados > Helados > Tarrina,Tarrina,https://a0.soysuper.com/db54e1ea2d4fd452bc497fc473d90d83.110.110.0.min.wmark.6ae092af.jpg
60ca0ac31452a0704b50c561,Hacendado,Chocolate con leche avellanas troceadas,Tableta 150 g,1.65,Chocolates y Dulces > Chocolates > Tabletas,Tabletas,https://a1.soysuper.com/9a332510b36e08e489dacebc6280a5cc.110.110.0.min.wmark.89abcd75.jpg
5c8242f2722d6a07651afd84,Hacendado,Cayena molida,Bote 55 g,1.65,"Conservas, Sopas, Aceites y Condimentos > Especias > Pimienta",Pimienta,https://a0.soysuper.com/8f71ed71f9486b4bf808dfc417b4abff.110.110.0.min.wmark.1e60eef4.jpg
571f4dae1452a01c4024a026,Hacendado,Helado palo hielo mango,caja 10 u x 75 ml,2.31,Congelados > Helados > Polos,Polos,https://a2.soysuper.com/9f231e965e8c5e6a0b3aa5e91ba30b50.110.110.0.min.wmark.f763bdeb.jpg
5582a4d798ec9165ac502cfe,Hacendado,Mostaza a la antigua con granitos,Tarro 200 g,1.7,"Conservas, Sopas, Aceites y Condimentos > Salsas > Mostaza",Mostaza,https://a1.soysuper.com/be5c0bf882c681f3763aef591c45003e.110.110.0.min.wmark.4ca32e56.jpg
65171af02508c1371c31c60c,Hacendado,Bebida avena 0% azucares,Brick 1 l,0.76,"Lácteos y Huevos > Leche > Soja, Avena, Arroz,..","Soja, Avena, Arroz,..",https://a1.soysuper.com/db54f6a9753956e741e4c6b70524518d.110.110.0.min.wmark.af4e902c.jpg
618eec88722d6a6c8d28f879,Hacendado,Queso tierno mezcla,1.22 kg aprox,10.61,"Frescos y Charcutería > Queso > Tierno, Semicurado y Curado","Tierno, Semicurado y Curado",https://a1.soysuper.com/7228910a9e2132a021b32bee3df57b72.110.110.0.min.wmark.e65f318d.jpg
5012f0df238436c85d000242,Hacendado,Cafe molido espresso descafeinado,Paquete 250 g,3.8,"Cafés, Cacaos e Infusiones > Café > Descafeinado",Descafeinado,https://a0.soysuper.com/76d41012685e297e8b1f5e08b8c61e98.110.110.0.min.wmark.87eef860.jpg
55c1d39d53c97b22be2e710a,Hacendado,Preparado lácteo líquido infantil crecimiento con cereales a partir 1 año,Pack 6 briks x 1 l - 6 l,9.66,Bebés y Niños > Alimentación Infantil > Leche infantil,Leche infantil,https://a0.soysuper.com/1b9f7f6678d39c9b3ef2c421b9e80489.110.110.0.min.wmark.7190fa9b.jpg
5012f092459c33cc5d0001ff,Hacendado,Helado chocolate cookies,"Bote 500 ml, 350 g",3.01,Congelados > Helados > Tarrina,Tarrina,https://a0.soysuper.com/56a9e5e574e690b1a5bb2b01d19a7864.110.110.0.min.wmark.54811768.jpg
5aa8e0be53c97b0eae35d469,Hacendado,Helado cono mini nata,Pack 12 x 37 ml,3.32,Congelados > Helados > Conos,Conos,https://a0.soysuper.com/df87e86c72a37b8317034d24f370df37.110.110.0.min.wmark.71df282b.jpg
65bb5058e6ed4001d472353e,Hacendado,Snack de queso de vaca,Malla 200 g,3,Frescos y Charcutería > Queso > Tablas de Queso y Snacks,Tablas de Queso y Snacks,https://a0.soysuper.com/3bf5199d32cb24464230630889c3b404.110.110.0.min.wmark.3c3b8d0e.jpg
61726bd8e93cdf3b1d7eb25f,Hacendado,Yogur liquido l casei natural azucarado,Botellin pack 12 x 100 g - 1200 g,2.25,Lácteos y Huevos > Yogur > L.Casei,L.Casei,https://a0.soysuper.com/424a0b6f2375b26abc836891f2433e50.110.110.0.min.wmark.50771bbb.jpg
615d665f0932f71b8855ecff,Hacendado,Comida preparada arroz secreto iberico con setas,Bandeja 280 g,3,Frescos y Charcutería > Platos Preparados > Calientes,Calientes,https://a1.soysuper.com/48838a6723069ea4ac3c3a6f7d2d681f.110.110.0.min.wmark.2906efb1.jpg
5fb32dd0e93cdf6d5043aa4a,Hacendado,Bifidus trozos ciruela,Pack 4 x 125 g - 500 g,1.3,Lácteos y Huevos > Yogur > Con Bífidus,Con Bífidus,https://a2.soysuper.com/dd76df5dc12ce59a1cdf1120113f5b3c.110.110.0.min.wmark.3ed35f8a.jpg
5c3335500932f73cc41c5956,Hacendado,Queso fresco mato,Pack 2 x 100 g - 200 g,1.45,Frescos y Charcutería > Queso > Fresco y para Ensaladas,Fresco y para Ensaladas,https://a1.soysuper.com/0d47a1581672124a6d01d30994f05699.110.110.0.min.wmark.e14eae07.jpg
64d1ff388ca63c5c6e3fdc04,Hacendado,Cafe grano descafeinado,Paquete 1000 g,12.5,"Cafés, Cacaos e Infusiones > Café > Descafeinado",Descafeinado,https://a1.soysuper.com/79ccc9ae0cefcbd61e0fe492ef0ee617.110.110.0.min.wmark.5dcf6092.jpg
4fc9168ccc75fa2a3501be4e,Hacendado,Bonito norte en aceite oliva (abre fácil solapin),U - 222 g,3.2,"Conservas, Sopas, Aceites y Condimentos > Conservas de Pescado > Bonito del Norte",Bonito del Norte,https://a2.soysuper.com/7af3a482430c042ec08860e8910b8fcf.110.110.0.min.wmark.13390035.jpg
630c7078e6ed400a8c75cee5,Hacendado,Nectar melocoton,Brick 1000 ml,1.1,Bebidas > Zumo > Melocotón,Melocotón,https://a0.soysuper.com/8dee2ad36e0d64e9c75f527f355ba694.110.110.0.min.wmark.ec6bf423.jpg
53bbc936a90a0b5e0a000061,Hacendado,Bifidus desnatado trozos frutas del bosque,Pack 4 x 125 g - 500 g,1.35,Lácteos y Huevos > Yogur > Con Bífidus,Con Bífidus,https://a1.soysuper.com/87db1d4944cd901bee0961895626cdae.110.110.0.min.wmark.f3023751.jpg
6107aaee2508c17f49185e53,Hacendado,Mermelada ciruela y kiwi,Tarro 340 g,1.7,"Conservas, Sopas, Aceites y Condimentos > Conservas Dulces > Confituras y Mermeladas",Confituras y Mermeladas,https://a1.soysuper.com/0dbac95081b1ed1d0cd7a3316f389857.110.110.0.min.wmark.eb8d9aa0.jpg
612cf6bbd7918718b619d3e6,Hacendado,Surtido granel rosquito azúcar,Unidad 25 g,0.14,"Panadería, Pastelería y Repostería > Bollería > Varios",Varios,
4fc912f3cc75fa2a3500e321,Hacendado,Rosquillas,Paquete 250 g,0.99,"Panadería, Pastelería y Repostería > Pan > Picos y Crackers",Picos y Crackers,https://a1.soysuper.com/e0a1d9e389a08a8c2265e154c6673d53.110.110.0.min.wmark.81f6926a.jpg
640e82ab722d6a3753075a60,Hacendado,Merluza fresca porciones,Unidad 450 gr,12.13,Frescos y Charcutería > Pescados y Mariscos > Pescado Blanco,Pescado Blanco,
5b3f3bac0932f72524518dcc,Hacendado,Tubo de pota Argentina limpio congelado,100 g aprox.,1.5,Congelados > Pescados y Mariscos > Cefalópodos congelados,Cefalópodos congelados,https://a1.soysuper.com/9efd4fa93887269c15f92e92c43d3fda.110.110.0.min.wmark.a628c621.jpg
5eb2d3a553c97b72213cfaa8,Hacendado,Butifarra blanca pieza,Unidad 260 g,2.73,Frescos y Charcutería > Charcutería > Butifarra,Butifarra,
63df00fb0932f7506a21ad77,Hacendado,Gamba congelada blanca arrocera,Caja 400 g,6.05,Congelados > Pescados y Mariscos > Gambas congeladas,Gambas congeladas,https://a0.soysuper.com/cd56a9b99dbd6396cdcce0cdf3ee9202.110.110.0.min.wmark.d951cf71.jpg
65aca0bc1452a0306f63bb67,Hacendado,Almendra cruda palitos,Paquete 100 g,1.85,Aperitivos > Frutos Secos > Almendras,Almendras,https://a0.soysuper.com/7065fb1cfaae1186fb94d6006a6b2bc4.110.110.0.min.wmark.10d745fa.jpg
64ddea8b98ec91284e5eb671,Hacendado,Tarrito compota manzana a partir 4 meses,Tarrina pack 4 x 130 g - 520 g,2.75,Bebés y Niños > Alimentación Infantil > Tarritos,Tarritos,https://a1.soysuper.com/ba3d9207d0e59955e1c991ddf289703c.110.110.0.min.wmark.0647d791.jpg
614ad5c653c97b0f696de30b,Hacendado,Panecillo bretzel (venta por unidades),1 u 95 g,1,"Panadería, Pastelería y Repostería > Pan > Pan Fresco",Pan Fresco,https://a0.soysuper.com/6b7cdb2b9d8c061cc09d160646787afa.110.110.0.min.wmark.790e824e.jpg
68dcf39d8ca63c133f74fa8d,Hacendado,Manteca cerdo,Tarrina 220 g,2.2,Frescos y Charcutería > Charcutería > Manteca,Manteca,https://a2.soysuper.com/b2773b1ee3d5e3b45434063d1be8f8e0.110.110.0.min.wmark.9d10c1bc.jpg
6761b7f2e6ed4010fe33a2b7,Hacendado,Cuerpos crudos pequeños congelados,Unidad 500 gr,10.48,Congelados > Pescados y Mariscos > Marisco Preparado,Marisco Preparado,
68e6c9a791e12818db233136,Hacendado,Gelatina frutos rojos para preparar,Caja 29 g,1.99,"Panadería, Pastelería y Repostería > Repostería > Postres para Preparar",Postres para Preparar,https://a0.soysuper.com/4cb69b25cffacac224b5eb241dabbe50.110.110.0.min.wmark.ea590cb3.jpg
66a2df9753c97b25e2095b3d,Hacendado,Noodles deshidratados sabor pollo (fideos orientales),Paquete 65 g,0.65,Frescos y Charcutería > Platos Preparados > Calientes,Calientes,https://a1.soysuper.com/49f00a81917a37e6513c2ea00e346555.110.110.0.min.wmark.ed7ea42e.jpg
690afc81a445087d5b5e39f7,Hacendado,Bebida láctea sabor stracciatella + proteinas,Botellin 280 g,1.15,Lácteos y Huevos > Batido > Proteína,Proteína,https://a2.soysuper.com/47c489cb21a20cb325583d62da827cd0.110.110.0.min.wmark.f99fd0de.jpg
6603d48c1452a021730e16a8,Hacendado,Pastas de aceite,Caja 250 g,1.25,Cereales y Galletas > Galletas > Especiales,Especiales,https://a0.soysuper.com/093975ce55ac2bd4df7fdedacfe1dfab.110.110.0.min.wmark.62b291a8.jpg
69bf96938ca63c7b984f92e6,Hacendado,Helado palo bombon pistacho,540 ml (caja 6 u),4.6,Congelados > Helados > Bombón Helado,Bombón Helado,https://a2.soysuper.com/1b72f4fb5f5322f075a9894f2a827956.110.110.0.min.wmark.f38b9cdf.jpg
683014076c714bdbf663f43d,Hacendado,Helado brownie (crema al cacao y crema de vainilla con trozos de bizcocho al cacao),Bote 500 ml,3.35,Congelados > Helados > Tarrina,Tarrina,https://a2.soysuper.com/096f5844dc8eca66b8194170b9ded5f1.110.110.0.min.wmark.d33267ef.jpg
682434371452a03039458067,Hacendado,Smoothie mango y coco refrigerado,Botella 250 ml,1.65,Bebidas > Zumo > Mezcla de Frutas,Mezcla de Frutas,https://a0.soysuper.com/0dc036132707f41461a1d503fe7e8443.110.110.0.min.wmark.194f4139.jpg
685256bd1452a0337c436574,Hacendado,Aceituna negra con hueso kalamata,Tarro 350 g escurrido 180 g,2.2,Aperitivos > Aceitunas > Negras,Negras,https://a0.soysuper.com/0c40784ee00f2224726688071599fc7e.110.110.0.min.wmark.06537067.jpg
67f8c9c36c714b78461c7e90,Hacendado,Regaliz fresa relleno de nata pica largo,Caja 280 g,1.75,Chocolates y Dulces > Golosinas > Gominolas,Gominolas,https://a0.soysuper.com/5dbe3363ad037eaf7749b39909b347aa.110.110.0.min.wmark.9017a62a.jpg
67a0e03691e128b93c814d54,Hacendado,Comida preparada lasaña pollo,Bandeja 350 g,2.75,Frescos y Charcutería > Platos Preparados > Refrigerados,Refrigerados,https://a0.soysuper.com/eac36f8df0134b5fa2436d5d8eb44210.110.110.0.min.wmark.e5270253.jpg
6880eedc53c97b290f61eac2,Hacendado,Tortita maiz campestre,Pack 4 paquetes - 140 g,1.75,Aperitivos > Snacks > Tortitas,Tortitas,https://a0.soysuper.com/fc889868b5fd9dd1e53e587093c5ac61.110.110.0.min.wmark.7bf7c3cd.jpg
660ee6fc722d6a5ab34ce70e,Hacendado,Patata prefrita congelada,Paquete 750 g,2.1,"Congelados > Verduras, Hortalizas y Legumbres congeladas > Patatas congeladas",Patatas congeladas,https://a2.soysuper.com/082513307df7660016cc686180aed8e0.110.110.0.min.wmark.30201f36.jpg
668e4ea1e6ed40713a259501,Hacendado,"Verdura preparado sofreir (pimiento verde, rojo , cebolla dulce y calabacin verde), fr",Bolsa 400 g,2.4,"Frescos y Charcutería > Verduras, Hortalizas y Legumbres > Verduras Preparadas",Verduras Preparadas,https://a2.soysuper.com/c70803422e039bab83144d2d4df38ff6.110.110.0.min.wmark.b33cd564.jpg
68ff4e3c2508c11c2213b480,Hacendado,Cafe grano forte,Paquete 500 g,5.5,"Cafés, Cacaos e Infusiones > Café > En Grano",En Grano,https://a0.soysuper.com/886b9852e0e6149812f5199eefdfcc2e.110.110.0.min.wmark.761f02b5.jpg
68880aefa4450837965cd428,Hacendado,Duo fruta congelado (fresa y platano),Paquete 450 g,2.75,Congelados > Helados > Frutas Heladas,Frutas Heladas,https://a0.soysuper.com/4fb674a7bac769e82852e9f808220522.110.110.0.min.wmark.61c3f00e.jpg
692953662508c11132479ac3,Hacendado,Stick de pavo,50 g (paquete 5 u),1.5,Frescos y Charcutería > Charcutería > Fuet - longaniza,Fuet - longaniza,https://a2.soysuper.com/587ee3e2b620e854df941985224be420.110.110.0.min.wmark.d8887266.jpg
681dab708ca63c496d1f75a9,Hacendado,Patatas fritas onduladas queso cabra / cebolla caramelizada,Paquete 150 g,1.21,Aperitivos > Patatas Fritas > Lisas,Lisas,https://a1.soysuper.com/3085c9b04b48e43bb8231df37578b46b.110.110.0.min.wmark.93590b39.jpg
69ad01661452a00bfb142d81,Hacendado,Barritas crujientes con relleno de galleta cookies,90 g (paquete 5 u),1.7,Chocolates y Dulces > Chocolates > Chocolatinas,Chocolatinas,https://a2.soysuper.com/857efd5194cb8713fb60d6043a4bc5e3.110.110.0.min.wmark.4e6d8257.jpg
6972b304e6ed40520d499d50,Hacendado,Yogur liquido cuidacol avena nueces (reduce el colesterol),Botellin pack 8 x 100 g - 800 g,2.5,Lácteos y Huevos > Yogur > Líquido,Líquido,https://a1.soysuper.com/2322fe11878668ca2f2a084cdc5a85af.110.110.0.min.wmark.14442acd.jpg
65facc1be93cdf5d5f1e3c94,Hacendado,Sopa deshidratada verdura,Sobre 51 g,0.65,"Conservas, Sopas, Aceites y Condimentos > Sopas, Cremas, Caldos y Purés > Sopa",Sopa,https://a1.soysuper.com/45e146a76453986470343ac6cc223235.110.110.0.min.wmark.bf6f70ef.jpg
68b85503a445081d826b7b87,Hacendado,Caldo liquido carne con sofrito (para guisos y arroces),Brick 1 l,1.8,"Conservas, Sopas, Aceites y Condimentos > Sopas, Cremas, Caldos y Purés > Caldo",Caldo,https://a0.soysuper.com/3914f6432def530ac0f8944c30f1e2e5.110.110.0.min.wmark.38c090fc.jpg
67321a672508c13e2e772100,Hacendado,Comida preparada patatas bravas (alioli + salsa brava),Tarrina 470 g,2.6,Frescos y Charcutería > Platos Preparados > Calientes,Calientes,https://a1.soysuper.com/34949755cdb86af57eae5e6176c3e3ac.110.110.0.min.wmark.f664144d.jpg
68db77941452a06fe0478060,Hacendado,Sopa hortelana refrigerada,Tarrina 350 g,1.7,"Conservas, Sopas, Aceites y Condimentos > Sopas, Cremas, Caldos y Purés > Sopa",Sopa,https://a0.soysuper.com/0d1d02d1d806a0f8520e34eb4c30ee10.110.110.0.min.wmark.f032acc7.jpg
688287826c714bdd3e3d4299,Hacendado,Pan molde espelta integral 100%,550 g,1.64,"Panadería, Pastelería y Repostería > Pan > Pan de Molde",Pan de Molde,https://a2.soysuper.com/b3a2137e4ed88d2d50fd4dff277854fe.110.110.0.min.wmark.f4d6f577.jpg
67e35e4ee6ed405b865f620c,Hacendado,Hummus snack (contiene hummus classic y palitos),Paquete 120 g,1,Frescos y Charcutería > Platos Preparados > Refrigerados,Refrigerados,https://a2.soysuper.com/2e449ce9e70bab5573fc3f2e940e8fb5.110.110.0.min.wmark.de842b78.jpg
68ac727ea445081d834f84da,Hacendado,Aceite oliva virgen extra gran seleccion (tapon dosificador),Botella cristal 500 ml,4,"Conservas, Sopas, Aceites y Condimentos > Aceite > De Oliva",De Oliva,https://a2.soysuper.com/810961c1c1b5e7e2ebe293a0ea3304c6.110.110.0.min.wmark.cf98762f.jpg
6a12953ea44508016a239744,Hacendado,Refresco ice tea maracuya *****novedad****,Lata 330 ml,0.5,Bebidas > Refresco > Té,Té,https://a0.soysuper.com/ff5c5afbc2d82cb1ad0d0b32f72cb752.110.110.0.min.wmark.3a14002a.jpg
555eb5b01452a003db4e6848,Deliplus,Toallitas faciales desmaquilladoras cara y ojos piel seca-sensible con aloe vera (color azul),Paquete de 25 unidades,1.13,Perfumería y Parafarmacia > Cuidado Facial > Limpieza Facial,Limpieza Facial,https://a0.soysuper.com/07ba97f1d99de8421e6cdc3c1eba0221.110.110.0.min.wmark.cca09e40.jpg
656a1e2b2508c11a1e1f5b81,Deliplus,Serum facial micro capsulas,Bote 30 ml,9,Perfumería y Parafarmacia > Cuidado Facial > Crema Facial,Crema Facial,https://a0.soysuper.com/60d675eaf1ff4db5be2a3521dfc7c771.110.110.0.min.wmark.7dcc5387.jpg
5f82b22ae93cdf05d617a20e,Deliplus,Ampollas faciales reductoras de bolsas y ojeras sisbela,10 ml (caja 5 u),5,Perfumería y Parafarmacia > Cuidado Facial > Crema Facial,Crema Facial,https://a0.soysuper.com/d0f060ad44a3e410a0158d9df44b41f5.110.110.0.min.wmark.f2e4e130.jpg
5012efa9459c33cc5d00017a,Deliplus,Compresa incontinencia extra (absorción 3),Paquete 20 u,3.35,Perfumería y Parafarmacia > Higiene Íntima > Incontinencia,Incontinencia,https://a1.soysuper.com/8750c4ca1dec4819e245ac2d5cbe9725.110.110.0.min.wmark.4f4acb45.jpg
60aeb4c92508c155276e621d,Deliplus,Maquillaje fluido cover & fix Nª 4,1 unidad,5.25,Perfumería y Parafarmacia > Maquillaje > Maquillaje Facial,Maquillaje Facial,https://a0.soysuper.com/cd25387e7206104645daf9ccf0a728b1.110.110.0.min.wmark.c3d98535.jpg
5ee8442f98ec9128e13660bf,Deliplus,Tiras protectoras infantiles 2 tamaños,Caja 20 u,1.3,Perfumería y Parafarmacia > Parafarmacia > Botiquín,Botiquín,https://a2.soysuper.com/06b2c8f099659030d5f69029d59377cc.110.110.0.min.wmark.f0a296bb.jpg
6267afae722d6a015366f710,Deliplus,Barra labios cremosa Nº 205 fucsia,U,4.65,Perfumería y Parafarmacia > Maquillaje > Maquillaje para Labios,Maquillaje para Labios,https://a0.soysuper.com/2b19e8b8dd62f497b881f01d5bea8465.110.110.0.min.wmark.aebd9fe5.jpg
64a2d56d8ca63c79db35d881,Deliplus,Povidona yodada,Botella 125 ml,2.14,Perfumería y Parafarmacia > Parafarmacia > Botiquín,Botiquín,https://a1.soysuper.com/3bb42dab1aafa3505c00f2458aa05d2a.110.110.0.min.wmark.7e18f4ff.jpg
6268e6bc8ca63c54f34f1cc2,Deliplus,Tampon super 100 % algodon (sin aplicador),Caja 18 u,3.4,Perfumería y Parafarmacia > Higiene Íntima > Tampones,Tampones,https://a2.soysuper.com/8ff3b0c7a895a251b5ce276c7b6a7237.110.110.0.min.wmark.50de8fc0.jpg
62b169cb1452a06a12093c4e,Deliplus,Perfilador cejas Nº 03,U,2.75,Perfumería y Parafarmacia > Maquillaje > Maquillaje Facial,Maquillaje Facial,https://a2.soysuper.com/f51bc1d69b50a129f3417168bb531a23.110.110.0.min.wmark.520c74c9.jpg
61b3189d53c97b4fd10c3670,Deliplus,Pintalabios fluido mate Nº 05 rojo,U,4.5,Perfumería y Parafarmacia > Maquillaje > Maquillaje para Labios,Maquillaje para Labios,https://a0.soysuper.com/51c837809fd52f679cf4bd2544f4de73.110.110.0.min.wmark.f8052b2e.jpg
62285b59e6ed40499e60196a,Deliplus,Barra labios color balm textura balsamo Nº06 morado (acabado brillo),1 unidad,4.5,Perfumería y Parafarmacia > Maquillaje > Maquillaje para Labios,Maquillaje para Labios,https://a1.soysuper.com/f2593e0db26795ceb0c61d6de22cade8.110.110.0.min.wmark.e36a1846.jpg
5acb0c8e0932f70b07456638,Deliplus,Tinte coloracion permanente Nº 4.15 colorcor chocolate helado,U,3.9,Perfumería y Parafarmacia > Cuidado del Cabello > Tintes para el Cabello,Tintes para el Cabello,https://a2.soysuper.com/ef70cf520b95e213be0a4a18d6fb13f5.110.110.0.min.wmark.1de12e1b.jpg
622da5838ca63c36d615d1f1,Deliplus,Barra labios color fix larga duracion Nº 07 frambuesa (acabado mate y sedoso),U,4.5,Perfumería y Parafarmacia > Maquillaje > Maquillaje para Labios,Maquillaje para Labios,https://a2.soysuper.com/638ec4a3bded98aa7ec1e2f0685a976a.110.110.0.min.wmark.36f114ec.jpg
606fb53e722d6a75443e64f4,Deliplus,Perfilador ojos eye liner negro resistente al agua,U,3.74,Perfumería y Parafarmacia > Maquillaje > Maquillaje para Ojos,Maquillaje para Ojos,https://a1.soysuper.com/f5202b6b6a0b9f5ff7038140472bea47.110.110.0.min.wmark.ad94f716.jpg
5c0112c92508c1331532c9bc,Deliplus,Tinte coloracion permanente Nº 4 0% amoniaco castaño,U,3.9,Perfumería y Parafarmacia > Cuidado del Cabello > Tintes para el Cabello,Tintes para el Cabello,https://a2.soysuper.com/751eadc2d90290a0e7395d54fe2aeec4.110.110.0.min.wmark.d176d829.jpg
61a456c11452a0062b6dedce,Deliplus,Tinte coloracion permanente Nº 7.1 0% amoniaco rubio medio ceniza,U,3.9,Perfumería y Parafarmacia > Cuidado del Cabello > Tintes para el Cabello,Tintes para el Cabello,https://a0.soysuper.com/b0bb60d322293bc65c510a701f16d579.110.110.0.min.wmark.c9bbcb88.jpg
5ef08812722d6a5a1a5dda11,Deliplus,Crema facial dia antiarrugas SPF20 regen skin,Tarro 50 ml,5.5,Perfumería y Parafarmacia > Cuidado Facial > Crema Facial,Crema Facial,https://a0.soysuper.com/719c6db411ddffe3c641349f84d76c45.110.110.0.min.wmark.82cdfa0a.jpg
61373924d7918718d21feadf,Deliplus,Sombra ojos Nº 19 champagne metal,U,3.5,Perfumería y Parafarmacia > Maquillaje > Maquillaje para Ojos,Maquillaje para Ojos,https://a0.soysuper.com/c87c93df6c878685b0947994da96483c.110.110.0.min.wmark.fc417b2f.jpg
4fc90fe9cc75fa2a350021c9,Deliplus,Guante baño de crin exfoliante,U,2.15,Bebés y Niños > Higiene y Perfumería > Accesorios,Accesorios,https://a0.soysuper.com/39bc0b5b15c94fca6a1973d246d8b4f7.110.110.0.min.wmark.bc1aa6e7.jpg
619350782508c167285ec292,Deliplus,Barra labios cremosa Nº 208 violeta,Unidad,4.65,Perfumería y Parafarmacia > Maquillaje > Maquillaje para Labios,Maquillaje para Labios,https://a2.soysuper.com/3345a072e0660d2df6fee6a999c32232.110.110.0.min.wmark.848ecfea.jpg
60aeb4cc2508c155276e622e,Deliplus,Maquillaje fluido hydra-vital Nº1 beige claro,1 unidad,5.25,Perfumería y Parafarmacia > Maquillaje > Maquillaje Facial,Maquillaje Facial,https://a2.soysuper.com/d6c114c13bff3bf9034ffea8dc7fe0be.110.110.0.min.wmark.c2be609d.jpg
60aeb4cb2508c155276e6229,Deliplus,Maquillaje fluido hydra-vital Nº4 moka,1 unidad,5.25,Perfumería y Parafarmacia > Maquillaje > Maquillaje Facial,Maquillaje Facial,https://a2.soysuper.com/d6c114c13bff3bf9034ffea8dc7fe0be.110.110.0.min.wmark.c2be609d.jpg
61935078d791871df9187e9b,Deliplus,Barra labios cremosa Nº201 nude,U,4.65,Perfumería y Parafarmacia > Maquillaje > Maquillaje para Labios,Maquillaje para Labios,https://a2.soysuper.com/870bbc4ec79c795e51e7111859f236a8.110.110.0.min.wmark.9ffcd936.jpg
64953f9c2508c1654f168775,Deliplus,Perfilador de labios Long Lasting 01 rosa nude,1 ud,2.5,Perfumería y Parafarmacia > Maquillaje > Maquillaje para Labios,Maquillaje para Labios,https://a2.soysuper.com/07888e1da359429d5a38a11d7863a6fb.110.110.0.min.wmark.0d6ec7b8.jpg
589aecf198ec9107931d3651,Deliplus,Cepillo interdental fino,Paquete de 6 unidades,1.5,Perfumería y Parafarmacia > Higiene Bucal > Cepillo Dental,Cepillo Dental,https://a2.soysuper.com/075b828df3cb19bc9618580bb4b42e72.110.110.0.min.wmark.8fc43bc1.jpg
5aced8b91452a06baa27ec90,Deliplus,"Tinte coloracion permanente Nº 7,3 colorcor rubio medio dorado",U,3.9,Perfumería y Parafarmacia > Cuidado del Cabello > Tintes para el Cabello,Tintes para el Cabello,https://a0.soysuper.com/1d943419d9c60a63a01f67a70533b985.110.110.0.min.wmark.0ff34cd7.jpg
5aced8b9722d6a6ff24026fe,Deliplus,"Tinte coloracion permanente Nº 8,3 colorcor rubio claro dorado",U,3.9,Perfumería y Parafarmacia > Cuidado del Cabello > Tintes para el Cabello,Tintes para el Cabello,https://a2.soysuper.com/2251339436b8d146c8b7b227fc57ec5f.110.110.0.min.wmark.d9cb4f28.jpg
55e70dde53c97b48fa5b7949,Deliplus,Barra labios cremosa Nº 213 marsala,U,4.65,Perfumería y Parafarmacia > Maquillaje > Maquillaje para Labios,Maquillaje para Labios,https://a2.soysuper.com/9b28d52f197bc1505e90d2e2f278252d.110.110.0.min.wmark.ccf3887a.jpg
5c0112c82508c1331532c9ba,Deliplus,Tinte coloracion permanente Nº 9.0 0% amoniaco rubio muy claro luminoso,U,3.9,Perfumería y Parafarmacia > Cuidado del Cabello > Tintes para el Cabello,Tintes para el Cabello,https://a2.soysuper.com/b2de042d9e73f459e1e5c372ccfee188.110.110.0.min.wmark.ea46a9cb.jpg
62978c4d722d6a01b34ae952,Deliplus,Pintalabios fluido mate Nº 6 caldera,U,3,Perfumería y Parafarmacia > Maquillaje > Maquillaje para Labios,Maquillaje para Labios,https://a1.soysuper.com/ebffecb65aae277a0867a077e9022ea7.110.110.0.min.wmark.024bb2fc.jpg
6524f6c3d7918748b24e9536,Deliplus,Perfilador labios automatico Nº 08 granate,U,2.5,Perfumería y Parafarmacia > Maquillaje > Maquillaje para Labios,Maquillaje para Labios,https://a1.soysuper.com/2592c022968cb0070ccec556c358b517.110.110.0.min.wmark.9cc33605.jpg
60aeb4cbd79187699d632db0,Deliplus,Maquillaje fluido hydra-vital Nº 6,1 unidad,5.5,Perfumería y Parafarmacia > Maquillaje > Maquillaje Facial,Maquillaje Facial,https://a2.soysuper.com/d6c114c13bff3bf9034ffea8dc7fe0be.110.110.0.min.wmark.c2be609d.jpg
60aeb4c52508c155276e6218,Deliplus,Colorete mate Nº1,1 unidad,5,Perfumería y Parafarmacia > Maquillaje > Maquillaje Facial,Maquillaje Facial,https://a0.soysuper.com/ec0b88d910fd35036c13db16aebffddb.110.110.0.min.wmark.ac415c35.jpg
60aeb4cb2508c155276e6225,Deliplus,Maquillaje fluido long lasting 04,1 unidad,5.5,Perfumería y Parafarmacia > Maquillaje > Maquillaje Facial,Maquillaje Facial,https://a1.soysuper.com/cd62657080d1b7be2cf1cecb5197dbcd.110.110.0.min.wmark.ef32a80d.jpg
61a456c01452a0062827946a,Deliplus,Tinte coloracion permanente Nº 6.1 0% amoniaco rubio oscuro ceniza,U,3.9,Perfumería y Parafarmacia > Cuidado del Cabello > Tintes para el Cabello,Tintes para el Cabello,https://a1.soysuper.com/658e9ebbce07ac2036084bf6ffa9600e.110.110.0.min.wmark.77394df0.jpg
5acb0c8e53c97b5ae42a5467,Deliplus,"Tinte coloracion permanente Nº 4,5 colorcor caoba intenso",U,3.9,Perfumería y Parafarmacia > Cuidado del Cabello > Tintes para el Cabello,Tintes para el Cabello,https://a0.soysuper.com/2a767f338be1364302f48290a3cc0f03.110.110.0.min.wmark.560248d5.jpg
6579c93ee6ed407ea90d9d4f,Deliplus,Perfilador ojos water Nº 01 negro,U,3.25,Perfumería y Parafarmacia > Maquillaje > Maquillaje para Ojos,Maquillaje para Ojos,https://a0.soysuper.com/ac8c539b680d0799e27f018f13777909.110.110.0.min.wmark.5888da6a.jpg
5fd35253d7918716f7349a94,Deliplus,Lima uñas fibra de vidrio negra,U,1,Perfumería y Parafarmacia > Cuidado de Pies y Manos > Manicura y Pedicura,Manicura y Pedicura,https://a0.soysuper.com/7f9dccb456f8a14321ed3e25d01ad2a6.110.110.0.min.wmark.e2d9ff7c.jpg
65cf0b07722d6a53da66be68,Deliplus,Perfilador de ojos 02 marrón,1 ud,2.3,Perfumería y Parafarmacia > Maquillaje > Maquillaje para Ojos,Maquillaje para Ojos,https://a0.soysuper.com/3c6a940aab419423074d5ec5277ac231.110.110.0.min.wmark.f0b5a4a4.jpg
65df41ba1452a05b0813d397,Deliplus,Champu silver cabello blanco y platino,Botella 400 ml,2.75,Perfumería y Parafarmacia > Cuidado del Cabello > Champú,Champú,https://a2.soysuper.com/358d6410584adc26225ef383c51abb26.110.110.0.min.wmark.5cb43803.jpg
60d98e3098ec91014740e6d9,Deliplus,Alivio picaduras (roll-on),Tubo 15 ml,3.5,Perfumería y Parafarmacia > Parafarmacia > Botiquín,Botiquín,https://a2.soysuper.com/985a0298bc8371f51c261b6bb176f29c.110.110.0.min.wmark.f3b6f715.jpg
5704e8e553c97b6fcb3c582e,Deliplus,Body spray citronela,Botella 150 ml,1.35,Perfumería y Parafarmacia > Colonia > Familiar,Familiar,https://a1.soysuper.com/6166aab61f371c58988df470cb835204.110.110.0.min.wmark.3224b399.jpg
58aecaa61452a06cbd7b0191,Deliplus,Tampón súper con aplicador suave,Caja 20 u,2.73,Perfumería y Parafarmacia > Higiene Íntima > Tampones,Tampones,https://a1.soysuper.com/08feca138eb06216766cddcbdb70b759.110.110.0.min.wmark.d77014d5.jpg
5eafdda398ec91572d28fd29,Deliplus,"Perlas programa solar (preparacion piel) con betacaroteno, luteina y cobre",Caja 30 u,3.92,Dietéticos > Complementos Dietéticos > Vitaminas,Vitaminas,https://a0.soysuper.com/d4282c36f8868885dbe8d7593fe9bfd7.110.110.0.min.wmark.a25d80e0.jpg
58aecaa61452a06cbd7b018d,Deliplus,Tampón regular con aplicador suave,Caja de 20 u,2.73,Perfumería y Parafarmacia > Higiene Íntima > Tampones,Tampones,https://a1.soysuper.com/7ceb768a143dc008f968c2e3e0e81597.110.110.0.min.wmark.29bcf118.jpg
5c8717ee2508c11ea71eb156,Deliplus,Mascarilla color intense iluminacion y proteccion con aclarado cabello teñido o con mechas,Tarro 400 ml,2.4,Perfumería y Parafarmacia > Cuidado del Cabello > Mascarilla,Mascarilla,https://a2.soysuper.com/c438c2915967dd7d6ad2c82093674e2c.110.110.0.min.wmark.f5407981.jpg
663c8ec798ec9161840c5c5f,Deliplus,Tiras protectoras infantiles tattoo,Caja 12 u,1.6,Perfumería y Parafarmacia > Parafarmacia > Botiquín,Botiquín,https://a0.soysuper.com/3965602696964e512659486245da3f4c.110.110.0.min.wmark.bbbdabd7.jpg
66961fc3e6ed40495620799c,Deliplus,"Agua facial mist hidratante (efecto antioxidante, hidrata y revitaliza la piel del rostro)",Botella 100 ml,3.5,Perfumería y Parafarmacia > Cuidado Facial > Limpieza Facial,Limpieza Facial,https://a1.soysuper.com/39264388a03e2cb4fdc57ff931f06137.110.110.0.min.wmark.7b7d971d.jpg
67e78044a44508c3af30c237,Deliplus,Sombra ojos creamy Nº 04 rose (textura crema de larga duracion),U,5,Perfumería y Parafarmacia > Maquillaje > Maquillaje para Ojos,Maquillaje para Ojos,https://a2.soysuper.com/eea5c771497a7a8b615f33f64442e07b.110.110.0.min.wmark.177cf007.jpg
680f8c2753c97b375261e356,Deliplus,"Sombra ojos cuarteto Nº 08 nudes (mates, satinadas y perladas)",U,4,Perfumería y Parafarmacia > Maquillaje > Maquillaje para Ojos,Maquillaje para Ojos,https://a0.soysuper.com/3715e240520dbab9cd4097f67dfd6320.110.110.0.min.wmark.a64281cb.jpg
65e70b33722d6a337d65d4ff,Deliplus,Gel baño dermo aroma piel normal coco,Botella 750 ml,1.59,Perfumería y Parafarmacia > Cuidado Corporal > Gel de Baño,Gel de Baño,https://a2.soysuper.com/7ed81197228c4173f2f6494253371e7f.110.110.0.min.wmark.cac3560a.jpg
66ed7e991452a07b655a5492,Deliplus,Acondicionador instantaneo cabello niños spray kids sin aclarado,Botella 250 ml,2,Perfumería y Parafarmacia > Cuidado del Cabello > Acondicionador,Acondicionador,https://a1.soysuper.com/ee5248f3173e6b19adb4cedbeed91b4a.110.110.0.min.wmark.e651f297.jpg
6a112c37e6ed401f4316b658,Deliplus,Polvos compactos faciales matificantes (efecto seda),U,6,Perfumería y Parafarmacia > Maquillaje > Maquillaje Facial,Maquillaje Facial,https://a1.soysuper.com/ed5ff35be81b4ba15234ad4ff19ac3d9.110.110.0.min.wmark.23749e79.jpg
64a6ac341452a010994d37dc,Deliplus,Tijeras uñas,U,4.2,Perfumería y Parafarmacia > Cuidado de Pies y Manos > Manicura y Pedicura,Manicura y Pedicura,https://a0.soysuper.com/1c90f4b5ba5783a2f156b51ee0819644.110.110.0.min.wmark.c70d91b2.jpg
5c4c6a530932f735a4031717,Deliplus,Gel pies y piernas refrescante mentol (dosificador),Botella 300 ml,2.5,Perfumería y Parafarmacia > Cuidado Corporal > Cremas y Lociones,Cremas y Lociones,https://a2.soysuper.com/6fdcd7c92d89dec32f137108391fa8b8.110.110.0.min.wmark.bdd45ef6.jpg
5c9641b0722d6a53e113657e,Deliplus,Compresa normal suave alas,Paquete 10 u,1,Perfumería y Parafarmacia > Higiene Íntima > Compresas,Compresas,https://a2.soysuper.com/9f97041dd38762a29e5a31287f7ebd91.110.110.0.min.wmark.95aa3247.jpg
5c8717ef98ec911c4f68a877,Deliplus,Tratamiento cabello potencia brillo serum be radiant cabello apagado,Botella 100 ml,4.1,Perfumería y Parafarmacia > Cuidado del Cabello > Tratamientos para el Cabello,Tratamientos para el Cabello,https://a0.soysuper.com/dcfa9678b711c660d516b91e8a291872.110.110.0.min.wmark.edf27ff1.jpg
60c709db0932f701724b33ca,Deliplus,Mascarilla quirúrgica,Paquete 10 u,1.5,Perfumería y Parafarmacia > Mascarillas y Gel Higienizante > Mascarillas,Mascarillas,https://a2.soysuper.com/d710ab6e910a7278fcdcff1e47af5ebb.110.110.0.min.wmark.c52dd297.jpg
4fc9148ccc75fa2a350144a2,Deliplus,Esponja baño vegetal suave pieles sensibles celulosa,U,1.4,Bebés y Niños > Higiene y Perfumería > Accesorios,Accesorios,https://a0.soysuper.com/5466e9ac0132021e8ced3f7303fb384d.110.110.0.min.wmark.eea6a69d.jpg
61647ace0932f7413672db62,Deliplus,Pincel coloretes (marca pómulos y corrige),1 unidad,4,Perfumería y Parafarmacia > Maquillaje > Accesorios,Accesorios,https://a1.soysuper.com/1d40a8b452e3363c74085971ddcedca8.110.110.0.min.wmark.414d6a20.jpg
622da583e93cdf6a274efc97,Deliplus,Barra labios color fix larga duracion Nº 11 marron (acabado mate y sedoso),U,4.5,Perfumería y Parafarmacia > Maquillaje > Maquillaje para Labios,Maquillaje para Labios,https://a2.soysuper.com/5496fab0d9893a26e0db6a9e5669bef2.110.110.0.min.wmark.6612dedb.jpg
62b169cb2508c1539736bdaf,Deliplus,Perfilador cejas Nº 01,U,2.75,Perfumería y Parafarmacia > Maquillaje > Maquillaje Facial,Maquillaje Facial,https://a0.soysuper.com/4df558b13ca665521c3ac668d5914521.110.110.0.min.wmark.f52421ca.jpg
67c5c5561452a07fda262714,Deliplus,Colorete liquido blush mate Nº 03 rosa,U,4.75,Perfumería y Parafarmacia > Maquillaje > Maquillaje Facial,Maquillaje Facial,https://a1.soysuper.com/5d1f7b1abdafe4255b3f18a6ff91f6fd.110.110.0.min.wmark.5e2ae613.jpg
6a112c381452a07570777810,Deliplus,Polvos sueltos faciales translucidos,U,6,Perfumería y Parafarmacia > Maquillaje > Maquillaje Facial,Maquillaje Facial,https://a0.soysuper.com/8f49f03c334467bd652cabe349392d23.110.110.0.min.wmark.e8d26e8c.jpg
6904630f0932f708d308671c,Bosque Verde,Vela perfumada pequeña aroma latte,Paquete 18 u,1.85,Droguería > Ambientadores > Velas ambientador,Velas ambientador,https://a0.soysuper.com/1aa7d7db346a204da2fcde927f1ffd35.110.110.0.min.wmark.295901e6.jpg
4fc90fc7cc75fa2a35001977,Bosque Verde,Limpiacalzado autoaplicador blanco,Bote 50 ml,0.94,"Droguería > Cuidado del Calzado > Cremas, Betunes y Bálsamos","Cremas, Betunes y Bálsamos",https://a1.soysuper.com/75c8f839b2e318dfd663eff34605306b.110.110.0.min.wmark.10ab032e.jpg
69d9af0d0932f75d3b24236d,Compy,"Comida perro seca con pollo fresco, fruta y verdura supreme adulto razas medianas y grandes",Paquete 5 kg,12.25,Mascotas > Perros > Comida para Perros,Comida para Perros,https://a0.soysuper.com/b53df6b2b782eab8a53e0cb1957b3016.110.110.0.min.wmark.063e315e.jpg
551050c92508c17f137f328a,Hacendado,Hélices con vegetales Hacendado,Paquete 1 kg,1.56,"Pasta, Arroz y Legumbres > Pasta > Fusilli-Espirales",Fusilli-Espirales,https://a2.soysuper.com/d2f031608374a1b1e6b989ae36916f2a.110.110.0.min.wmark.253bf87f.jpg
4fc9136acc75fa2a3500fed4,Hacendado,Batido de chocolate Hacendado,Botella 1 l,1.31,Lácteos y Huevos > Batido > Chocolate y Cacao,Chocolate y Cacao,https://a2.soysuper.com/8fe91dc5fb5aa30fc0036df494a29d24.110.110.0.min.wmark.084f916d.jpg
4fc91135cc75fa2a35007b51,Hacendado,Arroz largo Hacendado,Paquete 1 kg,1.25,"Pasta, Arroz y Legumbres > Arroz > Blanco",Blanco,https://a0.soysuper.com/868779226a37f76ce1769f8dc239f21c.110.110.0.min.wmark.cace31b2.jpg
4fc9100dcc75fa2a350029e2,Hacendado,Pajaritas con vegetales Hacendado,Paquete 500 g,0.99,"Pasta, Arroz y Legumbres > Pasta > Macarrones-Plumas",Macarrones-Plumas,https://a0.soysuper.com/1553a5de40bee154d8c79e3a9e42a60f.110.110.0.min.wmark.40a75c2e.jpg
4fc9136acc75fa2a3500fec0,Hacendado,Batido sabor fresa Hacendado,Botella 1 l,1.3,Lácteos y Huevos > Batido > Fresa,Fresa,https://a1.soysuper.com/c8b4d15c64331df27a88a531c08c23a3.110.110.0.min.wmark.f691ff8f.jpg
51689c6c271d7c3f02000009,Hacendado,Nidos al huevo tagliatelle Hacendado,Paquete 500 g,1.46,"Pasta, Arroz y Legumbres > Pasta > Tagliatelles",Tagliatelles,https://a2.soysuper.com/1627d55ab2f8ba7d6c93d031a381b9ee.110.110.0.min.wmark.f40fc239.jpg
4fc91029cc75fa2a35003073,Hacendado,Bebida láctea sabor canela y limón Hacendado,Botella 1 l,1.75,Lácteos y Huevos > Leche > Especiales,Especiales,https://a2.soysuper.com/ef863b68371f0007fcb8f2c3fee7728a.110.110.0.min.wmark.5f062e91.jpg
69c63bd36c714b6a8308d37d,Hacendado,Cola de rape blanco sin piel Hacendado ultracongelada,500 g aprox.,9.25,Congelados > Platos Preparados > Pescado y Marisco,Pescado y Marisco,https://a0.soysuper.com/195d5525409a81faa62e36561b2998c0.110.110.0.min.wmark.cdc12510.jpg
5012f05b0f8e48d05d00019b,Hacendado,Queso rallado mozzarella pizza-roma,Paquete 200 g,1.6,"Frescos y Charcutería > Queso > Lonchas, Rallado y en Porciones","Lonchas, Rallado y en Porciones",https://a2.soysuper.com/b6fa3f17946acc5f1d6a0270cd3779be.110.110.0.min.wmark.084a2bba.jpg
509e478912e3d8f937000204,Hacendado,Nata para cocinar ligera,Pack 3 x 200 ml - 600 ml,1.84,Lácteos y Huevos > Nata > Para cocinar,Para cocinar,https://a0.soysuper.com/15c943d196a35f903799f32755ecc6f6.110.110.0.min.wmark.00ce803a.jpg
56160f5d1452a02e451a0a01,Hacendado,Salchichas cocidas estilo Frankfurt de pollo y cerdo sabor ahumado,4 paquetes x 176 g,1.9,Frescos y Charcutería > Charcutería > Salchichas envasadas,Salchichas envasadas,https://a1.soysuper.com/319d202dca944fa019c48ddb508e533e.110.110.0.min.wmark.f4b484d6.jpg
5012f0aa459c33cc5d00020d,Hacendado,Cebolla troceada congelada,Paquete de 450 g,0.95,"Congelados > Verduras, Hortalizas y Legumbres congeladas > Cebolla troceada",Cebolla troceada,https://a0.soysuper.com/f25e3037e575037be10dc94ba86de0ba.110.110.0.min.wmark.c2fcb248.jpg
5e44b04653c97b2dee6457a9,Hacendado,Aceite girasol (alto oleico) tapon amarillo,Botella 1 l,1.74,"Conservas, Sopas, Aceites y Condimentos > Aceite > De Girasol",De Girasol,https://a0.soysuper.com/ca4b5ac4e89c26ddc4412357c296da00.110.110.0.min.wmark.80434cc1.jpg
4fc916a5cc75fa2a3501c4bd,Hacendado,Ketchup,Bote 600 g,1.15,"Conservas, Sopas, Aceites y Condimentos > Salsas > Ketchup",Ketchup,https://a2.soysuper.com/02bc89e97b8e757eaf73fc6b22662017.110.110.0.min.wmark.0a81b0e5.jpg
5012ee76825ae05b23000111,Hacendado,Espagueti pasta,Paquete 1 kg,1.2,"Pasta, Arroz y Legumbres > Pasta > Espaguetis",Espaguetis,https://a1.soysuper.com/02ed2dafb353609a4fd6a9d087c57588.110.110.0.min.wmark.9cd95b5e.jpg
5ce7baf598ec915913592a96,Hacendado,Fideo fino cabello angel pasta,Paquete 500 g,0.8,"Pasta, Arroz y Legumbres > Pasta > Para Sopa",Para Sopa,https://a0.soysuper.com/478d09201dd6153d1be46aef758355f3.110.110.0.min.wmark.8f78d586.jpg
576b0feb98ec910a984e0c2e,Hacendado,Patata prefrita congelada corte fino,Paquete 1 kg,1.92,"Congelados > Verduras, Hortalizas y Legumbres congeladas > Patatas congeladas",Patatas congeladas,https://a2.soysuper.com/811fb68244f93d5abd0e029569546dfd.110.110.0.min.wmark.dcf3c671.jpg
52d7a89c86b0aee71400004f,Hacendado,Galletas rebuenas rellenas de chocolate,Paquete 500 g,1.3,Cereales y Galletas > Galletas > Con Chocolate,Con Chocolate,https://a1.soysuper.com/54bc98bca71f8fcedf4f4960efa9839e.110.110.0.min.wmark.6b72a62a.jpg
4fc9168ccc75fa2a3501be60,Hacendado,Atún claro natural (abre fácil solapin),Pack 6 latas x 60 g,4.2,"Conservas, Sopas, Aceites y Condimentos > Conservas de Pescado > Atún",Atún,https://a1.soysuper.com/aa1afba58cd0f2ce481462510ee0e719.110.110.0.min.wmark.f730f584.jpg
57920e1f53c97b54f3519e74,Hacendado,Patatas fritas classicas,300 g (paquete 2 u),1.82,Aperitivos > Patatas Fritas > Lisas,Lisas,https://a1.soysuper.com/0c8e87a399bda8fe3b09c5091dd2682e.110.110.0.min.wmark.f552b129.jpg
4fc915d5cc75fa2a3501920c,Hacendado,Aceite oliva sabor suave tapon rojo,Botella 1 l,3.9,"Conservas, Sopas, Aceites y Condimentos > Aceite > De Oliva",De Oliva,https://a0.soysuper.com/78f2e0cf25983e445ed2e556a0eb0bbe.110.110.0.min.wmark.336b930a.jpg
5bf000fc722d6a733c70fe21,Hacendado,Leche desnatada,6 x 1 l,4.94,Lácteos y Huevos > Leche > Desnatada,Desnatada,https://a0.soysuper.com/467b8ae21d6b92329c9ccd2b4303f043.110.110.0.min.wmark.7fcdc71a.jpg
502eb379a21e21f566000000,Hacendado,Aperitivo triangulo maiz tex mex,Paquete 150 g,0.95,Aperitivos > Snacks > Nachos,Nachos,https://a2.soysuper.com/3999adc749a24275040b59f2fb40dff4.110.110.0.min.wmark.157b43e6.jpg
540603a42d6bbeb314004679,Hacendado,Maíz dulce conserva,Pack 3 latas x 70 g neto escurrido,1.25,"Conservas, Sopas, Aceites y Condimentos > Conservas Vegetales > Maíz en conserva",Maíz en conserva,https://a1.soysuper.com/8ba271c2223c4af06f8e4816fea46f44.110.110.0.min.wmark.248dd541.jpg
4fc91526cc75fa2a35016822,Hacendado,Lenteja pardina,Paquete 1 kg,1.94,"Pasta, Arroz y Legumbres > Legumbres Secas > Lentejas",Lentejas,https://a2.soysuper.com/064586a9c091cd29cdcfb828af25c68b.110.110.0.min.wmark.878c7aad.jpg
57c467e41452a040fb4d499e,Hacendado,Aperitivo cono sabor queso y bacon,Paquete de 100 g,0.8,Aperitivos > Snacks > Conos,Conos,https://a1.soysuper.com/c2c0352c62cc51927008c6ade9c42d54.110.110.0.min.wmark.7f9f16cd.jpg
4fc91129cc75fa2a35007854,Hacendado,Salsa barbacoa,Bote 350 g,1.14,"Conservas, Sopas, Aceites y Condimentos > Salsas > Salsa Barbacoa",Salsa Barbacoa,https://a1.soysuper.com/ff4ce86eb966cc228767d6f173bcfa9d.110.110.0.min.wmark.5799f7e1.jpg
4fc91635cc75fa2a3501a88e,Hacendado,Piña en su jugo rodajas,Bote pack 3 - 681 g escurrido 420 g,2.38,"Conservas, Sopas, Aceites y Condimentos > Conservas Dulces > Conservas de Fruta",Conservas de Fruta,https://a0.soysuper.com/c6636fbc064b3f451d3a57863387714b.110.110.0.min.wmark.2223c153.jpg
4fc91395cc75fa2a35010896,Hacendado,Copa chocolate nata,Pack 4 x 115 g - 460 g,1.4,Lácteos y Huevos > Postres > Copas de postre,Copas de postre,https://a2.soysuper.com/4fcbe8b30641ab7e4503a38c46e02b6b.110.110.0.min.wmark.2c2ed8f4.jpg
5012f0a2459c33cc5d000206,Hacendado,Croquetas congeladas jamon,Paquete 500 g,1.48,"Congelados > Platos Preparados > Croquetas, Bolas y Empanados","Croquetas, Bolas y Empanados",https://a0.soysuper.com/8d6e8080b191e103a3cb0d33a7f2b44d.110.110.0.min.wmark.06ef5e84.jpg
56f8f7c62508c16ea24f406d,Hacendado,Fiambre pechuga pavo lonchas finas reducido en sal,Paquete pack 2 x 200 g - 400 g,3.95,Frescos y Charcutería > Charcutería > Pavo charcutería,Pavo charcutería,https://a2.soysuper.com/a08bc08eaa4b6677596e5e873fbd168d.110.110.0.min.wmark.4e6c102f.jpg
5b61728b98ec9172f9026d6d,Hacendado,Salami extra lonchas,4 paquetes x 60 g,1.85,Frescos y Charcutería > Charcutería > Salami,Salami,https://a1.soysuper.com/c7f0237324a2a53c2fe40046c4238e31.110.110.0.min.wmark.971cf54c.jpg
5012f05b825ae05b2300019f,Hacendado,Queso rallado polvo grana padano,Paquete 100 g,1.65,"Frescos y Charcutería > Queso > Lonchas, Rallado y en Porciones","Lonchas, Rallado y en Porciones",https://a0.soysuper.com/75c344cdbddeb37028dc0daf74aa51ab.110.110.0.min.wmark.3096e22d.jpg
592110112508c16aaf268c8a,Hacendado,Queso fundido sándwich lonchas,Paquete 200 g,1.2,"Frescos y Charcutería > Queso > Lonchas, Rallado y en Porciones","Lonchas, Rallado y en Porciones",https://a2.soysuper.com/267cdec5dabc65b8913d732723f0bf1d.110.110.0.min.wmark.3e2a62de.jpg
4fc9137bcc75fa2a35010295,Hacendado,Yogur griego stracciatella,Pack 6 x 125 g - 750 g,1.85,Lácteos y Huevos > Yogur > Especiales,Especiales,https://a2.soysuper.com/cc7806660b45fa48ef5416d4f2418fac.110.110.0.min.wmark.9ae00099.jpg
4fc9127bcc75fa2a3500c5dd,Hacendado,Pipas girasol gigantes tostadas aguasal,Paquete 200 g,1.1,Aperitivos > Frutos Secos > Pipas,Pipas,https://a1.soysuper.com/c2274cd5c55eb30c48d80810b5734995.110.110.0.min.wmark.f10c175c.jpg
5345cef10148c75002000063,Hacendado,Galletas mini caritas con crema de cacao,Caja 329 g,1.4,Cereales y Galletas > Galletas > Infantiles,Infantiles,https://a0.soysuper.com/40cd2a769917b96a41642bc74ff71fd6.110.110.0.min.wmark.86c3355f.jpg
5012f0aaa1320a57230001ca,Hacendado,Guisante fino congelado,Paquete 1 kg,1.52,"Congelados > Verduras, Hortalizas y Legumbres congeladas > Guisantes congelados",Guisantes congelados,https://a2.soysuper.com/f55fb92182b961bf9f81aa0d3c3ce290.110.110.0.min.wmark.913e3986.jpg
5c5145de98ec9130a3787908,Hacendado,Mortadela lonchas,Paquete 250 g,1.25,Frescos y Charcutería > Charcutería > Mortadela,Mortadela,https://a0.soysuper.com/b21fdff702215c1d003e36ec74807e9e.110.110.0.min.wmark.8cd9ae41.jpg
5b90f45c0932f71f16207bd9,Hacendado,Palomitas microondas saladas,3u x 90 g (270g),1.1,Aperitivos > Snacks > Palomitas,Palomitas,https://a1.soysuper.com/a3ebd08b06b64f95edaefe90ecbc7931.110.110.0.min.wmark.10fef9b4.jpg
5adeeaf498ec9148786006c8,Hacendado,Salchichón extra lonchas,4 paquetes x 60 g,1.95,Frescos y Charcutería > Charcutería > Salchichón,Salchichón,https://a1.soysuper.com/53c1b12acab2307b22141b5b8f9e14ac.110.110.0.min.wmark.e2c2643f.jpg
517b47e9e37cf22a0f00003e,Hacendado,Yogur natural azucarado (azucar de caña),Pack 6 x 125 g - 750 g,1.07,Lácteos y Huevos > Yogur > Natural,Natural,https://a1.soysuper.com/4079c24799e24e905f92b01a2e6bbd58.110.110.0.min.wmark.831608b9.jpg
4fc91023cc75fa2a35002efb,Hacendado,Tomate frito aceite oliva receta artesana,Tarro 300 g,1.4,"Conservas, Sopas, Aceites y Condimentos > Salsas > Tomate Frito",Tomate Frito,https://a2.soysuper.com/456d3367601375bbdc95f37566ff072d.110.110.0.min.wmark.9f21d21c.jpg
4fc91621cc75fa2a3501a45c,Hacendado,Pimiento asado tiras conserva,U - 240 g,1.35,"Conservas, Sopas, Aceites y Condimentos > Conservas Vegetales > Pimientos",Pimientos,https://a1.soysuper.com/cf36f918b28d1bbb6dc0627ad9a00098.110.110.0.min.wmark.048fa7a1.jpg
58db5f012508c12109150270,Hacendado,Salsa soja salada,Botella 250 ml,1.21,"Conservas, Sopas, Aceites y Condimentos > Salsas > Salsas Orientales",Salsas Orientales,https://a0.soysuper.com/6f206004fe7a0b336eb3ff47f6ad0bbe.110.110.0.min.wmark.6c8f6ef8.jpg
5012eedf459c33cc5d000157,Hacendado,Valencianas,Paquete 700 g,2.5,"Panadería, Pastelería y Repostería > Bollería > Magdalenas",Magdalenas,https://a1.soysuper.com/81c4ce06452306280be9a3ddbf59b324.110.110.0.min.wmark.3c07c0dd.jpg
4fc91577cc75fa2a35017979,Hacendado,Maxi york finas lonchas,Paquete 500 g,2.3,Frescos y Charcutería > Charcutería > Jamón Cocido,Jamón Cocido,https://a1.soysuper.com/131c166a7377f80179128d237bddc832.110.110.0.min.wmark.50ebfdf5.jpg
4fc9101bcc75fa2a35002d3c,Hacendado,Bicarbonato sódico,Paquete de 1 kg,1.45,"Conservas, Sopas, Aceites y Condimentos > Especias > Bicarbonato sódico",Bicarbonato sódico,https://a2.soysuper.com/0b54a620aeade4cb5a54d53a5037f286.110.110.0.min.wmark.06f69119.jpg
51f8320433e9dd8220000000,Hacendado,Galletitas saladas redondas,Bote 350 g,1.2,Aperitivos > Snacks > Galletas Saladas,Galletas Saladas,https://a1.soysuper.com/00d81c55b662106107410914b050d3c2.110.110.0.min.wmark.a02a721f.jpg
4fc9105bcc75fa2a35003aa4,Hacendado,Zumo pura naranja,Brick 1 l,1.84,Bebidas > Zumo > Naranja,Naranja,https://a0.soysuper.com/f9320dff474a98e61108d4b213976e46.110.110.0.min.wmark.fb30e4d0.jpg
57312d6a98ec91631750eb98,Hacendado,Pan bocadillo,700 g (paquete 5 u),1.4,"Panadería, Pastelería y Repostería > Pan > Pan Fresco",Pan Fresco,https://a1.soysuper.com/d8c49df0053e0389b2d92aa83b819ae1.110.110.0.min.wmark.5a605f1c.jpg
4fc913c5cc75fa2a35011364,Hacendado,"Salteado verduras asadas (calabacin,pimiento,cebolla,berenjena) congelado",Paquete 400 g,1.7,Congelados > Platos Preparados > Salteados,Salteados,https://a1.soysuper.com/305253cde39bc8388f561307799849e1.110.110.0.min.wmark.a3b38b8d.jpg
5733203398ec91401401c179,Hacendado,Tiras de pechuga pollo al horno,Paquete 140 g,2.25,Frescos y Charcutería > Platos Preparados > Refrigerados,Refrigerados,https://a1.soysuper.com/99b1984003fd9c9b72ca667f09ff91e8.110.110.0.min.wmark.d8ef4e10.jpg
5ebc120fe93cdf5e091fe72f,Hacendado,"Cafe capsula extraforte (compatible cafetera nespresso*(marca de grupo societe des produits nestlé, S.A. no relacionada con productos solubles,s.a.))",Paquete 20 u,3.79,"Cafés, Cacaos e Infusiones > Café > Cápsulas",Cápsulas,https://a2.soysuper.com/56d1cef19b5df08e0256e3c6809c8ae1.110.110.0.min.wmark.db596c1e.jpg
56b0879698ec917160131b9f,Hacendado,"Tortillas mejicanas trigo maxi (para hacer burritos, fajitas, wraps, base para pizzas...)",Paquete 360 g (6 u),1.5,"Conservas, Sopas, Aceites y Condimentos > Platos Preparados en Conserva > Comida Mexicana",Comida Mexicana,https://a2.soysuper.com/597d175c78431bbb33f0d3565bc54e0b.110.110.0.min.wmark.df413613.jpg
5a16fe672508c14a8576293f,Hacendado,Galletas con chocolate blanco,Caja 235.8 g,1.36,Cereales y Galletas > Galletas > Con Chocolate,Con Chocolate,https://a0.soysuper.com/f0764f28e99a419aa7d371c13fa4fac8.110.110.0.min.wmark.868fdd84.jpg
6205062dd791870d1480b76d,Hacendado,Galleta rellena cereales con chocolate (crunchy choc),Caja 520 g,2.65,Cereales y Galletas > Galletas > Rellenas,Rellenas,https://a0.soysuper.com/84f69c2549bcc1fe5d092d4442ec04e6.110.110.0.min.wmark.b3faa2e7.jpg
5012f054459c33cc5d0001d9,Hacendado,Mortadela con aceitunas lonchas,Paquete 250 g,1.25,Frescos y Charcutería > Charcutería > Mortadela,Mortadela,https://a1.soysuper.com/c61f7ab12ba0c9d5e41aaa7962418d69.110.110.0.min.wmark.aa12aa7d.jpg
5012edd729eba853230000f4,Hacendado,Leche semidesnatada sin lactosa,Brick 1 l,0.94,Lácteos y Huevos > Leche > Sin Lactosa,Sin Lactosa,https://a1.soysuper.com/7d41a049609d555a596a6b3da913f2ff.110.110.0.min.wmark.58cd3ebb.jpg
4fc9136bcc75fa2a3500ff07,Hacendado,Frutas+leche mediterraneo (brick azul),6 x 200 ml,1.21,Bebidas > Zumo > Con Leche,Con Leche,https://a0.soysuper.com/e0f6ca84d49612d2d19ab28fa0ecac61.110.110.0.min.wmark.d46b4724.jpg
4fc916d4cc75fa2a3501d172,Hacendado,Anchoa filete aceite oliva,Pack 3 u x 29 g - 120 g escurrido 87 g,2.77,Frescos y Charcutería > Pescados y Mariscos > Salazón,Salazón,https://a0.soysuper.com/7299702b150e04fa2a162acdd13c70cd.110.110.0.min.wmark.a7375aa2.jpg
53a9f7bdf8d3f778420086ec,Hacendado,Yogur liquido l casei piña-coco/fresa-platano,Botellin pack 12 x 100 g - 1200 g,2.25,Lácteos y Huevos > Yogur > L.Casei,L.Casei,https://a1.soysuper.com/1cfef50bd9436be1c03c7d70c863d22c.110.110.0.min.wmark.d31bff70.jpg
4fc9100dcc75fa2a350029d7,Hacendado,Helices pasta,Paquete 500 g,0.8,"Pasta, Arroz y Legumbres > Pasta > Macarrones-Plumas",Macarrones-Plumas,https://a1.soysuper.com/68688b9bb6e0a52104bb94fbdc889449.110.110.0.min.wmark.954b9d93.jpg
4fc9139dcc75fa2a35010a74,Hacendado,Margarina con sal,Tarrina 500 g,1.5,Lácteos y Huevos > Margarina > Vegetal,Vegetal,https://a0.soysuper.com/6de1b686813a1346082fd3806bad7680.110.110.0.min.wmark.6a1a057b.jpg
4fc9168ccc75fa2a3501be3d,Hacendado,Calamar en salsa americana trozos conserva (abre facil solapin),3 x 80 g peso neto - 3x59 g pne,2.76,"Conservas, Sopas, Aceites y Condimentos > Conservas de Cefalópodos > Calamares y Chipirones",Calamares y Chipirones,https://a0.soysuper.com/76941bcdd1c5c46412ce8938241a1404.110.110.0.min.wmark.f475c7cb.jpg
4fc9160ccc75fa2a35019f20,Hacendado,Tomate frito aceite oliva,Pack 3  brik x 210 g -630 g,1.39,"Conservas, Sopas, Aceites y Condimentos > Conservas Vegetales > Tomate",Tomate,https://a2.soysuper.com/065f1ed8a05711e40e3656da49522137.110.110.0.min.wmark.0d1a4c9e.jpg
5331498fc89c0a575c00006d,Hacendado,Natilla chocolate,Pack 4 x 125 g - 500 g,1.05,Lácteos y Huevos > Postres > Natillas,Natillas,https://a1.soysuper.com/fec3731c9a586c4ec247b560555fcbfc.110.110.0.min.wmark.87a37d1a.jpg
646c622bd79187384827dbfa,Hacendado,Chocolate leche classic,Tableta 150 g,1.6,Chocolates y Dulces > Chocolates > Tabletas,Tabletas,https://a0.soysuper.com/9ed13c22536844cf68080c59bc3c8d24.110.110.0.min.wmark.119d5bed.jpg
50b94298d2468cfd370006d5,Hacendado,Nata para montar,Brik 500 ml,1.94,Lácteos y Huevos > Nata > Para montar,Para montar,https://a2.soysuper.com/6e9b6296920632ea230edcdc135b14d4.110.110.0.min.wmark.f1baf7e9.jpg
58ff67ea98ec914a7f39fbc9,Hacendado,"Gellytina sabores tropicales (2 mango, 2 maracuya, 2 piña) (gelatina)",Pack 6 x 100 g - 600 g,1,Lácteos y Huevos > Postres > Gelatina,Gelatina,https://a1.soysuper.com/162f3b4d9cce521a904c1c4863830e03.110.110.0.min.wmark.e36d6861.jpg
5012ed070f8e48d05d0000e0,Hacendado,Pipas girasol gigantes tostadas con sal,Paquete 200 g,1.1,Aperitivos > Frutos Secos > Pipas,Pipas,https://a2.soysuper.com/0ff62fcbf2202a0b3ad1e967add232a9.110.110.0.min.wmark.48ddfaa0.jpg
4fc91672cc75fa2a3501b786,Hacendado,Almendra natural (con piel),Paquete 200 g,2.3,Aperitivos > Frutos Secos > Almendras,Almendras,https://a2.soysuper.com/5e444ef0afdf7e21df5c31450462421a.110.110.0.min.wmark.344f49bc.jpg
6142ecc8e93cdf19274e9841,Hacendado,Yogur griego limon,Pack 6 x 125 g - 750 g,1.67,Lácteos y Huevos > Yogur > Especiales,Especiales,https://a0.soysuper.com/14a20bc29057d2ef3569c381371bf4f6.110.110.0.min.wmark.df5eadbb.jpg
5bfd09f698ec9137a4285037,Hacendado,Panecillo viena (venta por unidades),1 u - 80 g,0.4,"Panadería, Pastelería y Repostería > Pan > Pan Fresco",Pan Fresco,https://a0.soysuper.com/6a982113d12bcbd5bb8ffd04a75eab82.110.110.0.min.wmark.1c20b229.jpg
5ac63c02722d6a202c7cce59,Hacendado,"Espinacas baby frescas, fr",Bolsa 100 g,1.15,"Frescos y Charcutería > Verduras, Hortalizas y Legumbres > Lechugas, Endivias, Col, etc.","Lechugas, Endivias, Col, etc.",https://a1.soysuper.com/c85840541f6457106d5d360ace9d7cd8.110.110.0.min.wmark.811a65f0.jpg
59c38f191452a04e9b2ae020,Hacendado,Galletas caocream chocolate blanco rellenas de crema,Caja 252 g,1.99,Cereales y Galletas > Galletas > Infantiles,Infantiles,https://a2.soysuper.com/249102ee44a29517d06da46dd8ca2f80.110.110.0.min.wmark.dd267128.jpg
595cb52b98ec915d08739383,Hacendado,Palomitas con mantequilla para microondas,3 uds x 90 g,1.2,Aperitivos > Snacks > Palomitas,Palomitas,https://a1.soysuper.com/cb91efd46089781bf0456f1f5c1edc25.110.110.0.min.wmark.ace84a87.jpg
4fc912f3cc75fa2a3500e327,Hacendado,Regañá,Paquete 250 g,1.05,"Panadería, Pastelería y Repostería > Pan > Picos y Crackers",Picos y Crackers,https://a1.soysuper.com/e724bd53402c02bc658a268e79903174.110.110.0.min.wmark.b6fb451c.jpg
557a7d9e1452a059b71a9a2a,Hacendado,Merluza congelada figuritas,Paquete 500 g,3.6,Congelados > Platos Preparados > Pescado y Marisco,Pescado y Marisco,https://a1.soysuper.com/e2841d332f372e769039c2ca217e4a7f.110.110.0.min.wmark.065b6b28.jpg
4fc91620cc75fa2a3501a40d,Hacendado,Champiñon laminado conserva,Bote 180 g neto escurrido,1,"Conservas, Sopas, Aceites y Condimentos > Conservas Vegetales > Champiñones y Otras Setas",Champiñones y Otras Setas,https://a1.soysuper.com/e553b308e9696efbf87bffaf849b46fe.110.110.0.min.wmark.38001229.jpg
5285f38c032691d024000013,Hacendado,Maíz frito crujiente,Paquete 170 g,1,Aperitivos > Frutos Secos > Maíz,Maíz,https://a1.soysuper.com/2d20a82c9c78a99042e3fe57d624046e.110.110.0.min.wmark.071e4fb2.jpg
635b9c63722d6a3b7f7bc35b,Hacendado,Picos 100 % integrales,Paquete 250 g,0.8,"Panadería, Pastelería y Repostería > Pan > Picos y Crackers",Picos y Crackers,https://a2.soysuper.com/3e78bc46ac6ffc93113725e63408fddf.110.110.0.min.wmark.be29b434.jpg
64215b08e6ed401552280919,Hacendado,Melocoton en almibar,Bote 840 g escurrido 480 g,1.95,"Conservas, Sopas, Aceites y Condimentos > Conservas Dulces > Conservas de Fruta",Conservas de Fruta,https://a0.soysuper.com/847945e35ee5cd497813acdcfd29ca42.110.110.0.min.wmark.72d37a1e.jpg
4fc9139dcc75fa2a35010a6d,Hacendado,Margarina ligera,Tarrina 500 g,1.44,Lácteos y Huevos > Margarina > Ligera,Ligera,https://a2.soysuper.com/aab6dd548be658f5cdbe94613fe86557.110.110.0.min.wmark.186b76d1.jpg
6113759953c97b31e4687536,Hacendado,Croquetas congeladas cocido,Paquete 350 g,2,"Congelados > Platos Preparados > Croquetas, Bolas y Empanados","Croquetas, Bolas y Empanados",https://a0.soysuper.com/4dedfafe0847fa393f69a0ca1aa492a0.110.110.0.min.wmark.16e1c327.jpg
5d7220ae722d6a7f7e20dfcf,Hacendado,Tortillas mejicanas integrales 100 %,"Paquete 10 u, 360 g",1.55,"Conservas, Sopas, Aceites y Condimentos > Platos Preparados en Conserva > Comida Mexicana",Comida Mexicana,https://a1.soysuper.com/b90499744754e5a119ad2b23c1120750.110.110.0.min.wmark.7b396ea5.jpg
5ae17d5b1452a0713a1afc66,Hacendado,Queso fundido burger lonchas,Paquete 300 g,1.9,"Frescos y Charcutería > Queso > Lonchas, Rallado y en Porciones","Lonchas, Rallado y en Porciones",https://a0.soysuper.com/d7b6735dfc2ee9724bd0f5dc0edc6ecd.110.110.0.min.wmark.08c900e6.jpg
4fc9137ccc75fa2a3501029c,Hacendado,Yogur fresa,Pack 4 x 125 g - 500 g,0.76,Lácteos y Huevos > Yogur > Sabores,Sabores,https://a0.soysuper.com/19bdd37d01b5154eb5de1c1b8b7737ae.110.110.0.min.wmark.4b219dae.jpg
5a6f170898ec917a4933013a,Hacendado,Crema cacao dos sabores,Tarro 500 g,1.95,Chocolates y Dulces > Cremas Untables > Crema de Cacao,Crema de Cacao,https://a1.soysuper.com/477b354588e6bf2d93d0c7273008b287.110.110.0.min.wmark.df2d3f56.jpg
63385edb53c97b49402e433c,Hacendado,Picos camperos,Paquete 250 g,1,"Panadería, Pastelería y Repostería > Pan > Pan Tostado",Pan Tostado,https://a0.soysuper.com/84981cbb3c624c3de5c8362d8d707a65.110.110.0.min.wmark.f5fb296f.jpg
633aafdb53c97b61e04c43d3,Hacendado,Queso roquefort,100 g,1.95,Frescos y Charcutería > Queso > Roquefort y Quesos Azules,Roquefort y Quesos Azules,https://a1.soysuper.com/d3408f2011be017c53ddbe5149689961.110.110.0.min.wmark.aa16cc2d.jpg
4fc91029cc75fa2a3500307a,Hacendado,Barrita cereales arroz y trigo integral chocolate leche linea v,Caja 6 ud (120 g),1.55,Cereales y Galletas > Cereales > Barritas,Barritas,https://a0.soysuper.com/649553b3a258006e7af051c7680a254e.110.110.0.min.wmark.ae1b2f8c.jpg
51dc926ea9762a7b37000024,Hacendado,Lasaña boloñesa 2 raciones congelada,Pack 2 x 300 g,3.12,Congelados > Platos Preparados > Pasta,Pasta,https://a1.soysuper.com/1a71feb6f4e8d7fc26d669c37262626b.110.110.0.min.wmark.bd372d8b.jpg
4fc91369cc75fa2a3500fe96,Hacendado,Leche semidesnatada,"6 x 1,5 l",9,Lácteos y Huevos > Leche > Semidesnatada,Semidesnatada,https://a0.soysuper.com/edf8e6d88cd4e4d9183e7fea5558430c.110.110.0.min.wmark.247968a3.jpg
580f4d141452a047857863af,Hacendado,Postre lacteo desnatado trozos fresa + proteinas,Pack 4 x 120 g - 480 g,1.56,Lácteos y Huevos > Yogur > Desnatado,Desnatado,https://a1.soysuper.com/d3b32ed6b9430b8e2cb6d197c4db741e.110.110.0.min.wmark.f824af7d.jpg
5ed0f02f1452a00dbe3917bf,Hacendado,Queso semicurado mezcla,Unidad 400 g,3.9,"Frescos y Charcutería > Queso > Tierno, Semicurado y Curado","Tierno, Semicurado y Curado",
4fc9100bcc75fa2a3500293d,Hacendado,Alubia blanca,Paquete 1 kg,2.45,"Pasta, Arroz y Legumbres > Legumbres Secas > Alubias",Alubias,https://a2.soysuper.com/5bee31779e95ed039d7aacafebf6909c.110.110.0.min.wmark.8e4aa997.jpg
64f6cf90d7918763e038c264,Hacendado,Yogur griego natural con azucar de caña,Pack 6 x 125 g - 750 g,1.5,Lácteos y Huevos > Yogur > Especiales,Especiales,https://a1.soysuper.com/f5958b2a67739b3427b316a3de59113d.110.110.0.min.wmark.d78f8df3.jpg
5c0097321452a03d86681012,Hacendado,Galletas Digestive,Paquete 800 g,1.54,Cereales y Galletas > Galletas > Digestive,Digestive,https://a2.soysuper.com/90c78efffa7667812fb51451fb46041a.110.110.0.min.wmark.6df1ab3a.jpg
4fc9137bcc75fa2a35010291,Hacendado,Yogur coco,Pack 4 x 125 g - 500 g,0.76,Lácteos y Huevos > Yogur > Sabores,Sabores,https://a1.soysuper.com/86a61442c2f5f8879b535cf90122fac8.110.110.0.min.wmark.b44de47e.jpg
4fc912d8cc75fa2a3500dcaf,Hacendado,Palmeritas,Paquete 270 g,1.55,"Panadería, Pastelería y Repostería > Bollería > Cañas, Palmeras y Napolitanas","Cañas, Palmeras y Napolitanas",https://a1.soysuper.com/dcd398ec42c0e55a02da83d448d21cd8.110.110.0.min.wmark.4de48e52.jpg
4fc90fb4cc75fa2a35001496,Hacendado,Picos saladitos,Paquete 250 g,1.14,"Panadería, Pastelería y Repostería > Pan > Picos y Crackers",Picos y Crackers,https://a2.soysuper.com/533fd2fd3a752dd9d35ee3d48a00dce9.110.110.0.min.wmark.9de7225b.jpg
63889789e6ed4018fb7c63d7,Hacendado,Risotto de setas congelado (para microondas),Paquete 350 g,2,Congelados > Platos Preparados > Arroz,Arroz,https://a1.soysuper.com/3bb4d708db939e310f30864435a217d6.110.110.0.min.wmark.8f002343.jpg
4fc90f6fcc75fa2a350004f7,Hacendado,Galletas canela,Caja 500 g,1.48,Cereales y Galletas > Galletas > Especiales,Especiales,https://a0.soysuper.com/22e0aa6b8b934c22be00a88aa07656af.110.110.0.min.wmark.9f8aee34.jpg
4fc91665cc75fa2a3501b48f,Hacendado,Aceituna manzanilla sin hueso,Pack 3 sobres x 75 g,1.68,Aperitivos > Aceitunas > Verdes,Verdes,https://a1.soysuper.com/8037736071d92b53f88ff0fdbd3b82e2.110.110.0.min.wmark.08101cbf.jpg
4fc91322cc75fa2a3500ee24,Hacendado,Almeja del pacifico congelada cocida,Paquete 450 g,1.8,Congelados > Pescados y Mariscos > Almejas,Almejas,https://a0.soysuper.com/fc6fcb16f8c7f2ad07638c8e0bc877cf.110.110.0.min.wmark.986089d1.jpg
5fa9dfa1e93cdf30f6443a57,Hacendado,Salmon ahumado lonchas,Unidad 300 gr,10.8,Frescos y Charcutería > Pescados y Mariscos > Ahumados,Ahumados,
57cdacb598ec9129633c56e8,Hacendado,Regaliz fresa relleno de nata largo,Caja 320 g,1.75,Chocolates y Dulces > Golosinas > Gominolas,Gominolas,https://a2.soysuper.com/32d2b52eb372449de8b68d4aa57985ae.110.110.0.min.wmark.3eab15ba.jpg
60e5515b98ec910147466ae1,Hacendado,Pan molde blanco,460 g,0.8,"Panadería, Pastelería y Repostería > Pan > Pan de Molde",Pan de Molde,https://a2.soysuper.com/8b42a99b6cee828dd7e726b319851525.110.110.0.min.wmark.53fbaf0b.jpg
62b9f8f798ec916d1b7d67f6,Hacendado,Calamar refrigerado patagónico pequeño,Bandeja 300 g,5.75,Frescos y Charcutería > Pescados y Mariscos > Cefalópodos,Cefalópodos,https://a0.soysuper.com/5a7b30ff8e324668f7f65e172d8c91bc.110.110.0.min.wmark.ab7af42a.jpg
5c00973298ec917aa92d0853,Hacendado,Galleta relieve,Paquete 645 g,1.35,Cereales y Galletas > Galletas > Desayuno,Desayuno,https://a0.soysuper.com/f43f16e5ad66a8552e6467b82b706766.110.110.0.min.wmark.d085aa8b.jpg
621f221e2508c144374b74eb,Hacendado,Pure patata copos sin leche,Caja - 500 g,2,"Conservas, Sopas, Aceites y Condimentos > Sopas, Cremas, Caldos y Purés > Puré",Puré,https://a2.soysuper.com/4daad397c0d639a68af55fb5a1d4d749.110.110.0.min.wmark.bf8b0a82.jpg
596c5d0c0932f7502b01c153,Hacendado,Pan tostado pasas,Paquete 120 g,1.16,"Panadería, Pastelería y Repostería > Pan > Pan Tostado",Pan Tostado,https://a2.soysuper.com/6aac20a5609f2da8e4d3165557aed96b.110.110.0.min.wmark.2bbdc1bf.jpg
588b1ab51452a02bf442dce2,Hacendado,Tortitas de arroz con chocolate con leche,Paquete 130 g,1.9,Aperitivos > Snacks > Tortitas,Tortitas,https://a0.soysuper.com/d12854016515ae5daa62f4a47bf78de0.110.110.0.min.wmark.eaea15f8.jpg
5fa92e81e93cdf1fc9716154,Hacendado,Aperitivo cuquitos sabor queso,Paquete 100 g,0.85,Aperitivos > Snacks > Formas,Formas,https://a2.soysuper.com/ef40ca138c5593f1a3766c77190dc446.110.110.0.min.wmark.d85a8dc1.jpg
4fc91620cc75fa2a3501a44e,Hacendado,Guisante conserva,Bote 250 g neto escurrido,0.95,"Conservas, Sopas, Aceites y Condimentos > Conservas Vegetales > Legumbres",Legumbres,https://a1.soysuper.com/9e9c0219464f909e5b9fbc4ba0c3e992.110.110.0.min.wmark.d6abab2a.jpg
528550c238c9deaa13000022,Hacendado,Macarron pasta,Paquete 500 g,0.8,"Pasta, Arroz y Legumbres > Pasta > Macarrones-Plumas",Macarrones-Plumas,https://a1.soysuper.com/2bd72ffb2263805a4ae3a78dc58461f6.110.110.0.min.wmark.fa2cce5a.jpg
4fc91369cc75fa2a3500fea4,Hacendado,Batido vainilla,Pack 6 x 200 ml - 1200 ml,1.56,Lácteos y Huevos > Batido > Vainilla,Vainilla,https://a2.soysuper.com/d7c0df6919b07a037d2efd2fa42b5139.110.110.0.min.wmark.377c0b4d.jpg
511be6e297f2191717000042,Hacendado,Yogur griego natural,Tarrina 1 kg,2.23,Lácteos y Huevos > Yogur > Especiales,Especiales,https://a1.soysuper.com/e0f147bdd69d7a1f9d1979dfc8257a8d.110.110.0.min.wmark.8eab8552.jpg
4fc9136acc75fa2a3500febe,Hacendado,Batido fresa,Pack 6 x 200 ml - 1200 ml,1.56,Lácteos y Huevos > Batido > Fresa,Fresa,https://a0.soysuper.com/d62cd84ffd21b9767401d4581a9a2ca9.110.110.0.min.wmark.157dae70.jpg
5d28a0cd2508c15cf329bb00,Hacendado,Porras fritas congeladas,Paquete 240 g,2.02,Congelados > Pan y Repostería > Churros,Churros,https://a0.soysuper.com/cbd7008f64f863f931d5c7aa408b95e6.110.110.0.min.wmark.1d4c6246.jpg
5b5743060932f77c084685a5,Hacendado,Pan bocadillo 51% integral,625 g (bolsa 5 u),1.35,"Panadería, Pastelería y Repostería > Pan > Pan Fresco",Pan Fresco,https://a2.soysuper.com/606b2ec78bd6b45ff5f055f01f52e01e.110.110.0.min.wmark.71183e99.jpg
5a30e7df1452a074460d1ce2,Hacendado,Estrellas pasta,Paquete 500 g,0.8,"Pasta, Arroz y Legumbres > Pasta > Para Sopa",Para Sopa,https://a2.soysuper.com/9d16166de3141052720cdcc745937db4.110.110.0.min.wmark.4a1fecbd.jpg
5e18737e2508c15c5a3d26a2,Hacendado,Judía verde redonda troceada en conserva,Tarro 360 g peso neto escurrido,1.19,"Conservas, Sopas, Aceites y Condimentos > Conservas Vegetales > Legumbres",Legumbres,https://a0.soysuper.com/3ca72374634dad82357c6198fdf88e74.110.110.0.min.wmark.5aa24ae6.jpg
4fc9160ccc75fa2a35019f28,Hacendado,Tomate natural tamizado,Brick 390 g,0.89,"Conservas, Sopas, Aceites y Condimentos > Conservas Vegetales > Tomate",Tomate,https://a1.soysuper.com/38436e4c295e1ad0035db51bf59c2c47.110.110.0.min.wmark.5d0c936f.jpg
4fc91028cc75fa2a3500305b,Hacendado,Aceituna gazpacha,Tarro 500 g neto escurrido,2.5,Aperitivos > Aceitunas > Verdes,Verdes,https://a1.soysuper.com/49ae8627d5eda0e65a5805e877ff8dfa.110.110.0.min.wmark.74a7ecb6.jpg
58e74ee953c97b388f6f29ff,Hacendado,Salsa teriyaki,Botella 250 ml,1.7,"Conservas, Sopas, Aceites y Condimentos > Salsas > Salsas Orientales",Salsas Orientales,https://a2.soysuper.com/ebd5e4752251c3a78522fc7e4889c191.110.110.0.min.wmark.b8c630b9.jpg
584574be2508c16f6637c4dc,Hacendado,Penne rigate integral pasta (alto contenido en fibra),Paquete 500 g,1.15,"Pasta, Arroz y Legumbres > Pasta > Macarrones-Plumas",Macarrones-Plumas,https://a0.soysuper.com/52535b426369163797aa476670ce35c3.110.110.0.min.wmark.a67d0edc.jpg
59b112b12508c13ca533921f,Hacendado,Aperitivo torrezno sabor barbacoa,Paquete 100 g,1.4,Aperitivos > Snacks > Cortezas y Torreznos,Cortezas y Torreznos,https://a1.soysuper.com/1e2fcad0c26c88cb03ebbb9c03e10504.110.110.0.min.wmark.30668314.jpg
619761b71452a006256be290,Hacendado,Cereal copos maiz 0% azucares añadidos,Caja 500 g,1.5,Cereales y Galletas > Cereales > Clásicos,Clásicos,https://a2.soysuper.com/88a8bb93c03c29f7482d3220928fbfa0.110.110.0.min.wmark.a00ac695.jpg
5d7c2ace0932f716081075ea,Hacendado,Mozzarella fresca light,Paquete 125 g escurrido,1,"Frescos y Charcutería > Queso > Mozzarella, Parmesano y Ricotta","Mozzarella, Parmesano y Ricotta",https://a2.soysuper.com/e9c8cae4da9a568de4ffb22ebbe8408d.110.110.0.min.wmark.7c3b36a9.jpg
571df38853c97b7fb506b0f2,Hacendado,Helado palo bombon almendrado,Caja 6 u x 120 ml,3.32,Congelados > Helados > Bombón Helado,Bombón Helado,https://a2.soysuper.com/5c56535af8bd86db5f8a73e185ef2e29.110.110.0.min.wmark.6ef245e2.jpg
5ebc120f2508c1406d667751,Hacendado,"Cafe capsula ristretto (compatible cafetera nespresso*(marca de grupo societe des produits nestlé, S.A. no relacionada con productos solubles, s.a.))",Paquete 20 u,3.79,"Cafés, Cacaos e Infusiones > Café > Cápsulas",Cápsulas,https://a0.soysuper.com/60e09f79f40c64182b417c30fab50d4d.110.110.0.min.wmark.357fe2a5.jpg
4fc915c0cc75fa2a35018c4f,Hacendado,Vinagre vino blanco,Botella 1 l,0.65,"Conservas, Sopas, Aceites y Condimentos > Vinagre > De Vino",De Vino,https://a0.soysuper.com/50737fe10f18cf1dcf98e5d1ba53de47.110.110.0.min.wmark.d6e707d9.jpg
643a8ca58ca63c43b27caee3,Hacendado,Azucar moreno,Paquete 1 kg,1.9,"Panadería, Pastelería y Repostería > Azúcar y Edulcorantes > Azúcar",Azúcar,https://a0.soysuper.com/089aac05581fe5bca0f01cc3dc93c3e9.110.110.0.min.wmark.22f7b127.jpg
62b16bb3d791876d311a44c1,Hacendado,Queso rallado hilos especial fundir,Paquete 200 g,1.2,"Frescos y Charcutería > Queso > Lonchas, Rallado y en Porciones","Lonchas, Rallado y en Porciones",https://a1.soysuper.com/3b7e7e8d0873099e803bbdb3053d2751.110.110.0.min.wmark.e5d32091.jpg
5ec392181452a0228d529b55,Hacendado,Ciruelas desecadas sin hueso,Paquete 250 g,2.14,Aperitivos > Frutos Secos > Frutas Deshidratadas,Frutas Deshidratadas,https://a0.soysuper.com/d2f029cd711f5f5e62f6ad9bf32eeacb.110.110.0.min.wmark.03abe8c8.jpg
60eff0dcd7918753e86e200c,Hacendado,Queso rallado gouda,Paquete 200 g,1.44,"Frescos y Charcutería > Queso > Lonchas, Rallado y en Porciones","Lonchas, Rallado y en Porciones",https://a2.soysuper.com/7c061bc9a1075e2ff9070b4aabdbc571.110.110.0.min.wmark.ff1fa06c.jpg
656d9b712508c119fd240981,Hacendado,Rosca fresca lomo bacon queso emmental,U 480 g,3.4,Frescos y Charcutería > Platos Preparados > Refrigerados,Refrigerados,https://a2.soysuper.com/0a63e87870d945a49b1663c532b51eeb.110.110.0.min.wmark.a297bc43.jpg
5825fac41452a02dab13306c,Hacendado,Masa hojaldre mantequilla refrigerada,2 unidades (520 g),2.85,Frescos y Charcutería > Platos Preparados > Refrigerados,Refrigerados,https://a2.soysuper.com/907ff0544c4751fc29162732e5a4f43c.110.110.0.min.wmark.720db4c3.jpg
5b2ae8600932f770dd06a738,Hacendado,Lasaña de espinacas y requesón,Bandeja 350 g,2.75,Frescos y Charcutería > Platos Preparados > Calientes,Calientes,https://a1.soysuper.com/f9dd50704cb35b233640793e2962b171.110.110.0.min.wmark.84b7d984.jpg
508adca67206bc6e7d000038,Hacendado,Cacahuetes chocolate con leche,Paquete 250 g,2.15,Chocolates y Dulces > Chocolates > Frutos Secos Bañados,Frutos Secos Bañados,https://a1.soysuper.com/f356d0b33b3dae969808c847d693b5d6.110.110.0.min.wmark.0625bf61.jpg
5012f05b825ae05b23000199,Hacendado,Jamón de pavo finas lonchas,Paquete 225 g,1.91,Frescos y Charcutería > Charcutería > Pavo charcutería,Pavo charcutería,https://a2.soysuper.com/5e4ceb029d195d8fe693dda2ded8e897.110.110.0.min.wmark.5454ea2f.jpg
634e751a0932f7560e2ea2ac,Hacendado,"Yogur desnatado trozos (2 piña, 2 mango, 2 fresa, 2 manzana)",Pack 8 x 125 g - 1000 g,2,Lácteos y Huevos > Yogur > Desnatado,Desnatado,https://a0.soysuper.com/0f52314f494631982c8e1052f2c35cef.110.110.0.min.wmark.e55715e7.jpg
53a47bf23109f6d448001522,Hacendado,Pipas calabaza tostadas aguasal,Paquete 125 g,1.55,Aperitivos > Frutos Secos > Pipas,Pipas,https://a1.soysuper.com/ac2c10ce2b05fe1d0bb6ea9853ebb4ab.110.110.0.min.wmark.13685191.jpg
6540eec998ec9103db6dd455,Hacendado,Pepinillo agridulce grande,Tarro 670 g escurrido 360 g,1.5,Aperitivos > Encurtidos > Pepinillos,Pepinillos,https://a1.soysuper.com/fee03139690a84a95241e57f495c2003.110.110.0.min.wmark.a2988fd9.jpg
5a47562c53c97b01913a406f,Hacendado,Arándanos enteros congelados,Paquete 300 g,2.15,Congelados > Fruta > Arándanos,Arándanos,https://a2.soysuper.com/96ac3c820b8887a834a7a146ca73c863.110.110.0.min.wmark.b35b3165.jpg
616ea2192508c1675662a6c8,Hacendado,"Batido chocolate sin lactosa, sin grasa y sin azucares añadidos",Minibrick pack 6 x 200 ml - 1200 ml,1.85,Lácteos y Huevos > Batido > Chocolate y Cacao,Chocolate y Cacao,https://a2.soysuper.com/5602dc054eee30853f0b7f867245c051.110.110.0.min.wmark.fd20b52b.jpg
5c009731722d6a3d850b566c,Hacendado,Galletas Choco negro con chocolatina,Caja 150 g,1.4,Cereales y Galletas > Galletas > Con Chocolate,Con Chocolate,https://a1.soysuper.com/3b043a329286023a6410e9b5ceb461ee.110.110.0.min.wmark.4121075d.jpg
5e18737e2508c15c5a3d26a1,Hacendado,Judía verde plana troceada en conserva,Tarro 360 g peso neto escurrido,1.2,"Conservas, Sopas, Aceites y Condimentos > Conservas Vegetales > Legumbres",Legumbres,https://a1.soysuper.com/6926fcac4e66ca5ba52801e25820946a.110.110.0.min.wmark.8c6d07f1.jpg
606ec62253c97b7337626d44,Hacendado,Helado tarta de nata chocolate,"Caja 1 l, 567 g",2.07,Congelados > Helados > Tarta,Tarta,https://a2.soysuper.com/7152493e38df879138bd0c3d534dd94c.110.110.0.min.wmark.ca1e2584.jpg
59e6f8d91452a00ae48011d2,Hacendado,Turron chocolate crujiente,Pastilla 250 g,2.5,Chocolates y Dulces > Dulces de navidad > Turrón,Turrón,https://a1.soysuper.com/9b958f116eb6badb9aa43a3ea2655cef.110.110.0.min.wmark.01308fd4.jpg
5695425d53c97b43b6029631,Hacendado,Pizza fresca barbacoa con bacon familiar,600 g,3.4,Frescos y Charcutería > Platos Preparados > Calientes,Calientes,https://a0.soysuper.com/e399f967d1e0f439a431d56eb1b39098.110.110.0.min.wmark.d5503997.jpg
4fc91296cc75fa2a3500cc1b,Hacendado,Pan de molde 100% integral,Paquete 460 g,0.9,"Panadería, Pastelería y Repostería > Pan > Pan de Molde",Pan de Molde,https://a0.soysuper.com/32d46ff87b439c7471515ea929ef63cf.110.110.0.min.wmark.be580933.jpg
4fc916cdcc75fa2a3501cf72,Hacendado,Caramelo líquido,Botella 300 g,1.73,"Panadería, Pastelería y Repostería > Repostería > Aromas y Esencias",Aromas y Esencias,https://a1.soysuper.com/6aec77288bf08aaa8805f40a2e2fbf22.110.110.0.min.wmark.bf4d4174.jpg
4fc9105bcc75fa2a35003a9c,Hacendado,Zumo de manzana,6 mini bricks x 200 ml,1.3,Bebidas > Zumo > Manzana,Manzana,https://a0.soysuper.com/585e569cdac5c46775ad37a55956283c.110.110.0.min.wmark.4dc22b59.jpg
5f447fb053c97b3fc104724d,Hacendado,Panecillo semillas (venta por unidades),1 u - 90 g,0.35,"Panadería, Pastelería y Repostería > Pan > Pan Fresco",Pan Fresco,https://a1.soysuper.com/f5348d826f985c2bdb03202de20d4acd.110.110.0.min.wmark.5e0d8952.jpg
4fc90ff3cc75fa2a3500242b,Hacendado,Vinagre balsamico de modena crema,Botella 250 g,1.79,"Conservas, Sopas, Aceites y Condimentos > Vinagre > Crema de Vinagre",Crema de Vinagre,https://a0.soysuper.com/b47501e2415215b660b486225d18486a.110.110.0.min.wmark.c19c3327.jpg
51785a27f0973b310f000000,Hacendado,Queso mozzarella fresca perlas,Tarrina 300 g escurrido 150 g,1.9,"Frescos y Charcutería > Queso > Mozzarella, Parmesano y Ricotta","Mozzarella, Parmesano y Ricotta",https://a2.soysuper.com/a8e3aa03c3b1d98c149c77fdf07f9e1a.110.110.0.min.wmark.72806236.jpg
605c5837722d6a53e664fd92,Hacendado,Patata entera conserva,Tarro 660 g escurrido 400 g,1.9,"Conservas, Sopas, Aceites y Condimentos > Conservas Vegetales > Otras Verduras",Otras Verduras,https://a1.soysuper.com/9914bad3312312c31ff730531fc454cb.110.110.0.min.wmark.98545ba9.jpg
5710a7962508c130962e2a9a,Hacendado,Helado sandwich super nata,Pack 6 x 145 ml,3.32,Congelados > Helados > Sándwich,Sándwich,https://a2.soysuper.com/4364560b0c4b72edc05e33f377b79eb0.110.110.0.min.wmark.f51527eb.jpg
616fc9cb98ec9127600facf1,Hacendado,Salmon ahumado taquitos,Paquete 100 g,3.8,Frescos y Charcutería > Pescados y Mariscos > Ahumados,Ahumados,https://a1.soysuper.com/8c7d8f2a5806bc654d2cbd7a8ae4a845.110.110.0.min.wmark.7fd304f9.jpg
5012f061825ae05b230001a0,Hacendado,Queso fresco batido desnatado 0% materia grasa,Tarrina 500 g,1.1,Frescos y Charcutería > Queso > Fresco y para Ensaladas,Fresco y para Ensaladas,https://a0.soysuper.com/2498df4008bd8b2f45386c1f6f3f8b4c.110.110.0.min.wmark.f8215ffa.jpg
4fc910edcc75fa2a350069b5,Hacendado,Zumo melocoton y uva,6 bricks x 200 ml,1.5,Bebidas > Zumo > Mezcla de Frutas,Mezcla de Frutas,https://a2.soysuper.com/c73fa61c8380cfcc3c7fa5fee1d055b9.110.110.0.min.wmark.62939151.jpg
5296602573892e8279000047,Hacendado,Hummus de garbanzos con pimiento del piquillo asado,Tarrina 240 g,1.45,Frescos y Charcutería > Platos Preparados > Refrigerados,Refrigerados,https://a1.soysuper.com/14f46408446209e21f82fba06c001b19.110.110.0.min.wmark.00eea49c.jpg
5cc8adf453c97b3e7f5d8429,Hacendado,Pan tostado 100% espelta integral,Paquete 250 g,1.47,"Panadería, Pastelería y Repostería > Pan > Pan Tostado",Pan Tostado,https://a2.soysuper.com/223da3a04c6bd59d27756cc8bc49a64d.110.110.0.min.wmark.938fb09e.jpg
5b2ae85f53c97b2b3b1896e9,Hacendado,Canelones de carne y boletus,Bandeja 350 g,3.7,Frescos y Charcutería > Platos Preparados > Calientes,Calientes,https://a0.soysuper.com/7f2eb31feef9ec6f065fcbe2fa9ce55f.110.110.0.min.wmark.96b8ea88.jpg
5d03643e722d6a3670098af3,Hacendado,Postre coulant de chocolate,Caja 180 g,2.2,Lácteos y Huevos > Postres > Coulant,Coulant,https://a2.soysuper.com/c0c2d0f165afb4e3ef5d8d0c03045b04.110.110.0.min.wmark.3bbcbeb0.jpg
60c07fdb2508c15fcf83f35d,Hacendado,Comida preparada pollo asado entero,"Paquete 1,2 kg",6.78,Frescos y Charcutería > Platos Preparados > Refrigerados,Refrigerados,
4fc91391cc75fa2a350107bf,Hacendado,Flan de queso,Pack 4 x 100 g - 400 g,2.15,Lácteos y Huevos > Postres > Flan,Flan,https://a0.soysuper.com/1af1ad6a2db3a8b14d4f7bc9f8c5004b.110.110.0.min.wmark.90fcd19b.jpg
60dfe23b2508c144404dc507,Hacendado,Alcachofa cortada congelada,Paquete 400 g,2.55,"Congelados > Verduras, Hortalizas y Legumbres congeladas > Alcachofas congeladas",Alcachofas congeladas,https://a2.soysuper.com/8acc63ccf2eb5941b9aa42c5825bf97e.110.110.0.min.wmark.fe9afe63.jpg
62b9f8f60932f736991e6b1e,Hacendado,Pulpo cocido patas,Bandeja 250 g,9.95,Frescos y Charcutería > Pescados y Mariscos > Cefalópodos,Cefalópodos,https://a1.soysuper.com/48769333f0f6e04c02f95e49d362897b.110.110.0.min.wmark.2bfa3d1e.jpg
4fc90f8dcc75fa2a35000b42,Hacendado,Pizza fresca margarita,u 340 g,2.2,Frescos y Charcutería > Platos Preparados > Calientes,Calientes,https://a0.soysuper.com/3a974e616d437ebcff36a50ffd8bc21f.110.110.0.min.wmark.023171c3.jpg
50b941c4cb0afde63a000021,Hacendado,Piña en su jugo rodajas,Bote 822 g escurrido 490 g,2.07,"Conservas, Sopas, Aceites y Condimentos > Conservas Dulces > Conservas de Fruta",Conservas de Fruta,https://a0.soysuper.com/74c5f1e01d2ee4eb7a644c5314663846.110.110.0.min.wmark.f5ed6479.jpg
5bf7bef01452a07eae0c658d,Hacendado,Vela de cumpleaños 5,Paquete 1 ud,0.85,Bazar y Casa > Decoración > Velas,Velas,https://a2.soysuper.com/f9578ce5d3df3b8ef43cf12d52530251.110.110.0.min.wmark.76d9a20a.jpg
619e1ab90932f70ab36268f8,Hacendado,Queso escamas grana padano,Paquete 100 g,2.4,"Frescos y Charcutería > Queso > Mozzarella, Parmesano y Ricotta","Mozzarella, Parmesano y Ricotta",https://a2.soysuper.com/cf511b9f6c9d44a25cbec2a48def85d4.110.110.0.min.wmark.b2124e3f.jpg
4fc9100dcc75fa2a350029bf,Hacendado,Macarron al huevo pasta,Paquete 500 g,1.45,"Pasta, Arroz y Legumbres > Pasta > Macarrones-Plumas",Macarrones-Plumas,https://a2.soysuper.com/25a1a70f7c8a592700bc0403a13a3b2c.110.110.0.min.wmark.94d0e593.jpg
63365af82508c12ce602cc8c,Hacendado,Surtido picos y regaña,Paquete 350 g,1.44,"Panadería, Pastelería y Repostería > Pan > Pan Tostado",Pan Tostado,https://a0.soysuper.com/8b0565dedf498d905a2e5c6c2ccb04db.110.110.0.min.wmark.28e6d714.jpg
5ebc120f722d6a5df1034fba,Hacendado,"Cafe capsula expresso (compatible cafetera nespresso*(marca de grupo societe des produits nestlé, S.A. no relacionada con productos solubles, s.a.))",Paquete 20 u,3.79,"Cafés, Cacaos e Infusiones > Café > Cápsulas",Cápsulas,https://a2.soysuper.com/aea6349c070baa446194e389c03225c1.110.110.0.min.wmark.2284462b.jpg
63e2057bd7918735c95b13dc,Hacendado,"Cocktail frutos secos natural (nuez, anacardo y almendra)",Paquete 200 g,2.6,Aperitivos > Frutos Secos > Cóctel,Cóctel,https://a2.soysuper.com/0b3e8915827a9d3f0f6fbc7bafbd3cb3.110.110.0.min.wmark.35e59772.jpg
6496a14a53c97b60306ed9f2,Hacendado,Salteado gambas congelado,Paquete 450 g,2.9,Congelados > Platos Preparados > Salteados,Salteados,https://a1.soysuper.com/d9cc8bff1c20f3728d035fd01496d8cc.110.110.0.min.wmark.564d3b78.jpg
52ac511e2ede5cb30a000032,Hacendado,Cracker pan salado (paquete amarillo),14 bolsitas - 500 g,1.85,"Panadería, Pastelería y Repostería > Pan > Picos y Crackers",Picos y Crackers,https://a1.soysuper.com/14bfb65b5edd37f72959b80aa7eb72a1.110.110.0.min.wmark.5b60bb72.jpg
5012f0c1a1320a57230001d3,Hacendado,Leche desnatada,Brik 1 l,0.82,Lácteos y Huevos > Leche > Desnatada,Desnatada,https://a2.soysuper.com/dfcc6089e84362c6d5ab67962e34109c.110.110.0.min.wmark.87003750.jpg
6194ebd1e93cdf3b1d8e8c59,Hacendado,Pizza congelada barbacoa masa fina,Paquete 390 g,2.5,Congelados > Platos Preparados > Pizzas,Pizzas,https://a1.soysuper.com/49098498c3c0653cac9f2095dc357559.110.110.0.min.wmark.d5390be2.jpg
537d16578a70e7c46c009778,Hacendado,Sazonador de paella con azafrán,Caja de 20 g (5 sobres),1.55,"Conservas, Sopas, Aceites y Condimentos > Especias > Sazonadores",Sazonadores,https://a2.soysuper.com/8b808036dd7c0e6ac0577bb9fda5835a.110.110.0.min.wmark.8c094599.jpg
4fc9168ccc75fa2a3501be55,Hacendado,Atun claro en aceite oliva,Tarro 140 g peso escurrido neto,3.7,"Conservas, Sopas, Aceites y Condimentos > Conservas de Pescado > Atún",Atún,https://a0.soysuper.com/069484b236714b7d6663a93f26fb46aa.110.110.0.min.wmark.934782bf.jpg
58bfe25498ec916d975fd8b5,Hacendado,Sal de frutas con sabor a limón,Bote de 250 g,2.1,Perfumería y Parafarmacia > Parafarmacia > Botiquín,Botiquín,https://a0.soysuper.com/caaf4c6bc6510dc3f6eb431256040b49.110.110.0.min.wmark.354aabf8.jpg
5012eed229eba85323000119,Hacendado,Galletas tostadas,Paquete 800 g,1.34,Cereales y Galletas > Galletas > Tostada,Tostada,https://a2.soysuper.com/6b2ac9d253f18c1ece91ebc937e3d38a.110.110.0.min.wmark.66845639.jpg
5dddc1e82508c169e43c90b8,Hacendado,Postre de soja natural,Pack 4 u x 100 g - 400 g,1.2,Lácteos y Huevos > Yogur > Soja,Soja,https://a1.soysuper.com/68c8807e3193c00a3275d9586cf05000.110.110.0.min.wmark.d5c61442.jpg
4fc915cbcc75fa2a35018f3d,Hacendado,Cebolla polvo (tapon rojo),Bote 60 g,0.94,"Conservas, Sopas, Aceites y Condimentos > Especias > Cebolla",Cebolla,https://a2.soysuper.com/88f003bbfa767b3d3379f2e8f792c5f3.110.110.0.min.wmark.fb919a12.jpg
5012ee76825ae05b23000113,Hacendado,Espagueti fino pasta,Paquete 500 g,0.8,"Pasta, Arroz y Legumbres > Pasta > Espaguetis",Espaguetis,https://a0.soysuper.com/981cc676bcf64cc3d6f1af6535534f68.110.110.0.min.wmark.440d7279.jpg
60d443bb98ec91204b756c05,Hacendado,Cereal avena crunchy,Caja 400 g,1.9,Cereales y Galletas > Cereales > Línea y Semillas,Línea y Semillas,https://a1.soysuper.com/9587fc35fbc796d73f07220f2c621d65.110.110.0.min.wmark.79f32416.jpg
4fc91377cc75fa2a350101b5,Hacendado,Yogur liquido coco piña exotic,Botella 1 kg,1.52,Lácteos y Huevos > Yogur > Líquido,Líquido,https://a2.soysuper.com/e0119c0dbe7bd052778e906e78977063.110.110.0.min.wmark.59786048.jpg
5aa641bb2508c10c230252d1,Hacendado,Bebida energetica energy drink,Lata pack 6 x 250 ml - 1500 ml,2.4,Bebidas > Bebida Energética > Normal,Normal,https://a2.soysuper.com/496924811320d5a9130fa0d94dae9a3a.110.110.0.min.wmark.7d2abfe4.jpg
5bf000b153c97b46616745da,Hacendado,Leche desnatada + proteinas sin lactosa,6 x 1 l,8.1,Lácteos y Huevos > Leche > Desnatada,Desnatada,https://a1.soysuper.com/47b5f52bcaba30e68989a8e2d3abcae9.110.110.0.min.wmark.b13641e3.jpg
53eabff24e1f0aef2000aa64,Hacendado,Bifidus desnatado nueces y cereales,Pack 4 x 125 g - 500 g,1.3,Lácteos y Huevos > Yogur > Con Bífidus,Con Bífidus,https://a2.soysuper.com/d4e02403ee54f306af7e4e8aedb17589.110.110.0.min.wmark.eb834b36.jpg
5f4624792508c113227956af,Hacendado,Bebida láctea sabor tropical + proteínas,Botella 280 g,1.15,Lácteos y Huevos > Yogur > Líquido,Líquido,https://a2.soysuper.com/25cf7b034358f3acf9f54adee7e1a056.110.110.0.min.wmark.0633bb77.jpg
5ff2d1a198ec911d6c728e1c,Hacendado,Crema cacahuete 100%,Bote 500 g,2.73,Chocolates y Dulces > Cremas Untables > Crema de Cacahuete,Crema de Cacahuete,https://a1.soysuper.com/b1ae2aedfc03b01ba78fa0f66b7c629b.110.110.0.min.wmark.a6860593.jpg
593e585353c97b3ae20bd916,Hacendado,Salsa cesar,Bote 310 ml,1.4,"Conservas, Sopas, Aceites y Condimentos > Salsas > Salsas Para Ensaladas",Salsas Para Ensaladas,https://a2.soysuper.com/872c9b283ae728aca406e5ea4a08057d.110.110.0.min.wmark.1713c95a.jpg
5bf7bef00932f75b341dfb51,Hacendado,Vela de cumpleaños 3,Paquete 1 ud,0.85,Bazar y Casa > Decoración > Velas,Velas,https://a0.soysuper.com/25934123e855a4df5ee4d52fb2a4e38b.110.110.0.min.wmark.cfa9ea50.jpg
58c7bb3798ec912c94245b0c,Hacendado,Zumo piña y uva,6 x 200 ml,1.65,Bebidas > Zumo > Mezcla de Frutas,Mezcla de Frutas,https://a2.soysuper.com/3bb9f77d7ae206336d9af7275a6414d2.110.110.0.min.wmark.3a325035.jpg
6225b8c4e93cdf6a1f1a808d,Hacendado,Pan molde brioche,Paquete 400 g,2.36,"Panadería, Pastelería y Repostería > Pan > Pan de Molde",Pan de Molde,https://a1.soysuper.com/45edae79b6ec4fb44cca0de6c74be547.110.110.0.min.wmark.3e209be2.jpg
4fc91526cc75fa2a3501681a,Hacendado,Alubia cocida pinta,Tarro 570 g escurrido 400 g,1.23,"Pasta, Arroz y Legumbres > Legumbres Cocidas > Alubias cocidas",Alubias cocidas,https://a2.soysuper.com/9dd3bcd6d4ae45fd444b5e383efa0ee9.110.110.0.min.wmark.e78f8fd6.jpg
5012f0e429eba853230001d6,Hacendado,Picatostes tostados,Paquete 100 g,0.7,"Panadería, Pastelería y Repostería > Pan > Picos y Crackers",Picos y Crackers,https://a0.soysuper.com/18fdff07cddfdd61446753e840c23927.110.110.0.min.wmark.f5633b45.jpg
4fc912afcc75fa2a3500d21b,Hacendado,Barritas de chocolate con leche rellenas de leche,Paquete 200 g,2.18,Chocolates y Dulces > Chocolates > Chocolatinas,Chocolatinas,https://a2.soysuper.com/5a64548ce378d14eccda764f402e5cc3.110.110.0.min.wmark.401d8697.jpg
54d47ba7c096a8372e43fb2c,Hacendado,Bacalao congelado punto de sal filetes,Paquete 375 g,7.79,Congelados > Pescados y Mariscos > Bacalao,Bacalao,https://a2.soysuper.com/836b5fe28bf4ad75c167ab101f047c29.110.110.0.min.wmark.a4a0b1d8.jpg
5fb8d878e93cdf0bae2718f9,Hacendado,Verduras tempura congelada,Paquete 400 g,2.66,Congelados > Platos Preparados > Verduras y Legumbres,Verduras y Legumbres,https://a2.soysuper.com/1ab5a1e52feacfce975dc127003473f6.110.110.0.min.wmark.baf04e25.jpg
4fc916cccc75fa2a3501cf4e,Hacendado,Pan de molde con 35% avena 0% azúcares añadidos con harina 100% integral,Paquete 460 g,1.38,"Panadería, Pastelería y Repostería > Pan > Pan de Molde",Pan de Molde,https://a1.soysuper.com/eb88235c72dd9aecd4a3104ac0c2fb9b.110.110.0.min.wmark.f7a1f01e.jpg
622da4f898ec915307605528,Hacendado,Bollo pancake relleno chocolate dorayaki,180 g (paquete 4 u),1.4,"Panadería, Pastelería y Repostería > Bollería > Bizcocho, Mantecados y Ensaimadas","Bizcocho, Mantecados y Ensaimadas",https://a1.soysuper.com/b7cacfe9befd0c5a0d64039f4221603e.110.110.0.min.wmark.4e8404ec.jpg
532454572d9cf5c24c0000a4,Hacendado,"Pizza fresca de pollo (Pollo asado, cebolla, pimientos asados)",1 unidad de 430 g,2.9,Frescos y Charcutería > Platos Preparados > Calientes,Calientes,https://a0.soysuper.com/93dbad0e74366483ed866cd285488046.110.110.0.min.wmark.387037e0.jpg
520f824ff62c8b7415000049,Hacendado,Yogur desnatado cremoso natural edulcorado,Pack 6 x 125 g,1.4,Lácteos y Huevos > Yogur > Desnatado,Desnatado,https://a1.soysuper.com/9757dd5be4d6633d935e676505b1934e.110.110.0.min.wmark.6e0ec5cb.jpg
55dd774f53c97b5dc26846d9,Hacendado,Bebida Florida,Brick 2 l,1.4,Bebidas > Zumo > Naranja,Naranja,https://a1.soysuper.com/d65bfc048df208f12cc0841a9db232b8.110.110.0.min.wmark.e64be018.jpg
4fc9102acc75fa2a3500309f,Hacendado,Alubia jardinera (verduras),Bote 425 g,1.2,"Conservas, Sopas, Aceites y Condimentos > Platos Preparados en Conserva > Legumbres",Legumbres,https://a2.soysuper.com/b44bb4fdd2813722845bc31b4a4fadf2.110.110.0.min.wmark.485f0a36.jpg
4fc9163fcc75fa2a3501aaf7,Hacendado,Bebida isotónica naranja,"Botella 1,5 l",1,Bebidas > Bebida Isotónica > Naranja,Naranja,https://a1.soysuper.com/2204456292a45985af970929a87da052.110.110.0.min.wmark.d7251dff.jpg
5012f0f0825ae05b230001e4,Hacendado,Pan tostado con tomate,Paquete 170 g,1.29,"Panadería, Pastelería y Repostería > Pan > Pan Tostado",Pan Tostado,https://a2.soysuper.com/7d2d55d59401d6a3676dd8daf57a1a5e.110.110.0.min.wmark.1544cbba.jpg
4fc91307cc75fa2a3500e7b7,Hacendado,Edulcorante sacarina ciclomato pastillas,Bote 850 u,1.14,"Panadería, Pastelería y Repostería > Azúcar y Edulcorantes > Edulcorante",Edulcorante,https://a0.soysuper.com/14fbed7dd4e506c54695f913fe6c9a6d.110.110.0.min.wmark.86f09730.jpg
5ea947bbd7918766ef062654,Hacendado,Helado sandwich nata,Pack 8 x 100 ml,2.31,Congelados > Helados > Sándwich,Sándwich,https://a2.soysuper.com/c47740fef7cd83a6026642cd16636f5d.110.110.0.min.wmark.2ab5026b.jpg
5c491b2f1452a053ee6c5388,Hacendado,Chocolate con leche fundir,Tableta 200 g,2.25,Chocolates y Dulces > Chocolates > Tabletas,Tabletas,https://a2.soysuper.com/1116abaf9a77f67df8fac07950c4b791.110.110.0.min.wmark.a7a5e8b9.jpg
60f256872508c16a3d481756,Hacendado,Oblea de galleta para helado,52 g (paquete 24 u),0.7,Cereales y Galletas > Galletas > Barquillos,Barquillos,https://a0.soysuper.com/579ecd22956991af51af774a7bd11b49.110.110.0.min.wmark.21247991.jpg
615be387722d6a73f24e018e,Hacendado,Tarta Reina congelada,670 g,9,Congelados > Pan y Repostería > Tartas,Tartas,https://a2.soysuper.com/75c5686814d38769ee32dce1fc785c9a.110.110.0.min.wmark.4db2aab8.jpg
607f655ee93cdf013d6021cd,Hacendado,Picos sin gluten,Paquete 100 g,1.42,"Panadería, Pastelería y Repostería > Pan > Picos y Crackers",Picos y Crackers,https://a2.soysuper.com/29405448702a725eddd85a289d7d3eb7.110.110.0.min.wmark.45a6ce3b.jpg
5807915698ec915c176c9ad1,Hacendado,Edamame (vainas de soja verde) congelado,Paquete 500 g,1.74,"Congelados > Verduras, Hortalizas y Legumbres congeladas > Edamame congelado",Edamame congelado,https://a2.soysuper.com/97b63777903985441103be9ad71b7295.110.110.0.min.wmark.002e153f.jpg
6264f61e8ca63c54f34e9aa2,Hacendado,Bebida soja calcio,Brick pack 6 x 1 l - 6 l,3.93,"Lácteos y Huevos > Leche > Soja, Avena, Arroz,..","Soja, Avena, Arroz,..",https://a2.soysuper.com/a03bb03e99067b4a8854d11302e12c2b.110.110.0.min.wmark.651ddf25.jpg
5ed0ef6a1452a00dbe39177a,Hacendado,Queso curado cortado,Unidad 320 g,4.54,"Frescos y Charcutería > Queso > Tierno, Semicurado y Curado","Tierno, Semicurado y Curado",
654e11e5e6ed407157201b56,Hacendado,Barrita cereales muesli frutos secos,150 g (caja 6 u),1.65,Cereales y Galletas > Cereales > Barritas,Barritas,https://a1.soysuper.com/664203ec25744bbe3244e464ab86f42b.110.110.0.min.wmark.68a0c4f9.jpg
543904ef43152ebf3300b422,Hacendado,Arándanos fruta deshidratada,Paquete de 200 g,2.1,Aperitivos > Frutos Secos > Frutas Deshidratadas,Frutas Deshidratadas,https://a1.soysuper.com/2015fac912047511c5addaf46d5622b6.110.110.0.min.wmark.5f0b9202.jpg
4fc910c4cc75fa2a35005e24,Hacendado,Cacahuete cascara sal,Paquete 400 g,1.65,Aperitivos > Frutos Secos > Cacahuetes,Cacahuetes,https://a1.soysuper.com/d02ae738433766236206e8c8805ff890.110.110.0.min.wmark.211ccf36.jpg
59116e1798ec9145e76ebef0,Hacendado,Salsa fresca Trufa,Paquete 140 g,1.45,"Conservas, Sopas, Aceites y Condimentos > Salsas Refrigeradas > De Trufa",De Trufa,https://a1.soysuper.com/be6ff05b553f77e275bc4fb0e535d1a6.110.110.0.min.wmark.1f8b0710.jpg
5b1e46e01452a010716e32d3,Hacendado,Salsa soja sin gluten,Botella 250 ml,2.5,"Conservas, Sopas, Aceites y Condimentos > Salsas > Salsas Orientales",Salsas Orientales,https://a1.soysuper.com/b38b0302601686e98a2b795045d8075c.110.110.0.min.wmark.7b9f1bac.jpg
64914a4753c97b3dd269038e,Hacendado,Crema liquida natural calabacin refrigerada (sin conservantes),Tarrina 350 g,1.7,Frescos y Charcutería > Platos Preparados > Calientes,Calientes,https://a1.soysuper.com/1667285256e7e7b3cab0be5464842176.110.110.0.min.wmark.c4a89d1e.jpg
5d89bb511452a02830129cec,Hacendado,Corazones de alcachofa pequeños 10/14 piezas en conserva,Tarro 175 g neto escurrido,1.85,"Conservas, Sopas, Aceites y Condimentos > Conservas Vegetales > Alcachofa",Alcachofa,https://a0.soysuper.com/e66d72a99e485ed6de6f3817dc30a81b.110.110.0.min.wmark.35588ebe.jpg
6146e1410932f774140e3195,Hacendado,Postre lacteo desnatado limon + proteinas,Pack 4 x 120 g - 480 g,1.6,Lácteos y Huevos > Yogur > Sabores,Sabores,https://a1.soysuper.com/ad5b15cc46cf2a48f17a904ad9db53bd.110.110.0.min.wmark.6bcef2f2.jpg
5547335d53c97b0e2f0ce959,Hacendado,Sandwich mixto (jamon cocido y queso),Paquete pack 4 x 120 g - 480 g,2.8,Frescos y Charcutería > Platos Preparados > Refrigerados,Refrigerados,https://a1.soysuper.com/9436a82552e8da65e5f2659c3ba6b77d.110.110.0.min.wmark.ad18c9ea.jpg
620654c998ec9103cc4c74a7,Hacendado,Pate pollo asado,Tarro 160 g,1.1,"Conservas, Sopas, Aceites y Condimentos > Paté > Pollo",Pollo,https://a0.soysuper.com/c677a1a1d70d926284a298938fc1e3ff.110.110.0.min.wmark.8624c586.jpg
5012f0f0459c33cc5d00022a,Hacendado,Panecillo tostado classic,Paquete 300 g,1.14,"Panadería, Pastelería y Repostería > Pan > Pan Tostado",Pan Tostado,https://a2.soysuper.com/e0ce1b58c889c3a50b915a35f4e09dbb.110.110.0.min.wmark.6df26d2e.jpg
645c99ac53c97b5a880e7ca1,Hacendado,Golosinas surtidas mix azucar,Paquete 300 g,1.6,Chocolates y Dulces > Golosinas > Gominolas,Gominolas,https://a1.soysuper.com/6e98376ab2cded16beca61829ca7caa4.110.110.0.min.wmark.dfc508cd.jpg
628345b098ec9165294ee92a,Hacendado,Pizza fresca napolitana prosciutto,U 400 g,3.9,Frescos y Charcutería > Platos Preparados > Calientes,Calientes,https://a0.soysuper.com/e342f29b51b926c2f9c7ba06950d15b6.110.110.0.min.wmark.f764cd7a.jpg
4fc91526cc75fa2a35016825,Hacendado,Alubia pinta,Paquete 1 kg,2.29,"Pasta, Arroz y Legumbres > Legumbres Secas > Alubias",Alubias,https://a1.soysuper.com/72850475e6e99681c1ff983785280f74.110.110.0.min.wmark.0aab9d65.jpg
64c1a22f53c97b51b82f9cfe,Hacendado,Pepinillos pequeños,Tarro 420 g escurrido 230 g,1.55,Aperitivos > Encurtidos > Pepinillos,Pepinillos,https://a0.soysuper.com/8903871211cf502a4215f172cb51e8a9.110.110.0.min.wmark.c551bf36.jpg
556c17b01452a057a573203d,Hacendado,Pipas girasol mondadas fritas con sal,Paquete 200 g,1.1,Aperitivos > Frutos Secos > Pipas,Pipas,https://a0.soysuper.com/17ae84c00f4aee87d324131f462ccda4.110.110.0.min.wmark.f151c61a.jpg
4fc9156ecc75fa2a3501772f,Hacendado,Refresco te limón,Botella 1.5 l,0.99,Bebidas > Refresco > Té,Té,https://a2.soysuper.com/b550d8bf9d52cc4a2f9e79f62e10372f.110.110.0.min.wmark.2f0955d4.jpg
630dcf18e93cdf6f7b03c82d,Hacendado,Salsa fresca carbonara,Tarrina 200 g,1.45,"Conservas, Sopas, Aceites y Condimentos > Salsas Refrigeradas > Para Pasta",Para Pasta,https://a0.soysuper.com/5ee9ccba9c588076c13eba39f3dfbf8f.110.110.0.min.wmark.b5a4d85b.jpg
62591be6722d6a32ff8003df,Hacendado,Comida preparada migas,Bandeja 220 g,1.9,Frescos y Charcutería > Platos Preparados > Calientes,Calientes,https://a2.soysuper.com/4cfe64b3bc45d7155877f562b06e035a.110.110.0.min.wmark.9f13f098.jpg
5b88f0ea1452a0486d673b38,Hacendado,Pizza congelada americana rellena de queso cheddar,Unidad 540 g,3.5,Congelados > Platos Preparados > Pizzas,Pizzas,https://a0.soysuper.com/e20677cd3be82634ad88fded403dc7ec.110.110.0.min.wmark.8bc3bf26.jpg
5b0fd5f91452a024bc78c31f,Hacendado,Pizza fresca masa rustica con pollo y bacon (base 5 cereales),U 420 g,2.9,Frescos y Charcutería > Platos Preparados > Calientes,Calientes,https://a2.soysuper.com/643b173bffaf431b6f2c317ed6796d76.110.110.0.min.wmark.12d574cc.jpg
51a001010f49376f66000055,Hacendado,Cereal relleno de avellana,Caja de 500 g,2.09,Cereales y Galletas > Cereales > Clásicos,Clásicos,https://a0.soysuper.com/2feabb590decaa6605f20e5b6aca05ac.110.110.0.min.wmark.6ef94226.jpg
4fc91301cc75fa2a3500e68c,Hacendado,Harina reposteria,Paquete 1 kg,1,"Panadería, Pastelería y Repostería > Harina > De Trigo",De Trigo,https://a0.soysuper.com/d35ee34cfd7952f75a369fc288718ae5.110.110.0.min.wmark.3f4c3382.jpg
52d146351ddf264f2f00001c,Hacendado,Zumo pura naranja con pulpa,Brick 1 l,1.89,Bebidas > Zumo > Naranja,Naranja,https://a1.soysuper.com/cb022c0ae71d3514b83e1f9f5241be9f.110.110.0.min.wmark.5420b6fe.jpg
60d6de71722d6a788e67fa91,Hacendado,Bacalao ahumado aceite girasol,Paquete 110 g escurrido 80 g,4.3,Frescos y Charcutería > Pescados y Mariscos > Ahumados,Ahumados,https://a1.soysuper.com/ec2d67dd5e9eacc7f44398fb4fa4a46e.110.110.0.min.wmark.9b1386fb.jpg
63a56d5d0932f72ac3131af5,Hacendado,Golosinas fresas rellenas (fresi pink mix),Paquete 300 g,1.6,Chocolates y Dulces > Golosinas > Gominolas,Gominolas,https://a0.soysuper.com/7d70c069db36035ea8dbc6bcd0813bfc.110.110.0.min.wmark.4d46fcf7.jpg
575ecccc1452a04c044cf01d,Hacendado,Pasta fresca ravioli ricotta y espinacas,Tarrina 250 g,1.9,Frescos y Charcutería > Platos Preparados > Refrigerados,Refrigerados,https://a0.soysuper.com/b6c3e49138b703f1b57a7aaa99624a51.110.110.0.min.wmark.7a779692.jpg
4fc90fc0cc75fa2a350017f8,Hacendado,Yogur desnatado natural,Pack de 6x125 gr,1.05,Lácteos y Huevos > Yogur > Desnatado,Desnatado,https://a1.soysuper.com/d0a95955535cb881365d18d773ac42c6.110.110.0.min.wmark.be2ff232.jpg
5ebc120f0932f749cf14d5c5,Hacendado,"Cafe capsula descafeinado (compatible cafetera nespresso*(marca de grupo societe des produits nestlé,s.a. no relacionada con productos solubles,s.a.))",Paquete 20 u,3.84,"Cafés, Cacaos e Infusiones > Café > Cápsulas",Cápsulas,https://a2.soysuper.com/8e39d9a94ec6e110cc88e8c08e97353e.110.110.0.min.wmark.50a2795d.jpg
4fc90fa4cc75fa2a350010d7,Hacendado,Pan molde 55% centeno,720 g,1.43,"Panadería, Pastelería y Repostería > Pan > Pan de Molde",Pan de Molde,https://a2.soysuper.com/bd15415ffe2d92a72903cff2a2cd99f2.110.110.0.min.wmark.d2ac6ccf.jpg
6051b7982508c1296c3c9cd7,Hacendado,"Cafe capsula forte (compatible cafetera dolce gusto*(marca grupo societe des produits nestlé, sa no relacionada con productos solubles, sa))",Paquete 16 u,3.45,"Cafés, Cacaos e Infusiones > Café > Cápsulas",Cápsulas,https://a2.soysuper.com/83d12889845f3c377e6e36156df8e1dd.110.110.0.min.wmark.7365307e.jpg
4fc915f4cc75fa2a350199b3,Hacendado,Barrita cereales muesli chocolate,138 g (caja 6 u),1.55,Cereales y Galletas > Cereales > Barritas,Barritas,https://a1.soysuper.com/3f3d6b5848e5adf2fd48cb879f23750b.110.110.0.min.wmark.c4f692f2.jpg
64626458d79187384823d43a,Hacendado,Pizza fresca napolitana quesos (formaggi),U 400 g,3.9,Frescos y Charcutería > Platos Preparados > Calientes,Calientes,https://a0.soysuper.com/16aadeb14bb43710de09a84430b26bcc.110.110.0.min.wmark.09f6969a.jpg
6479a6c2e6ed407ddc7e51d1,Hacendado,Chocolate negro 72 % cacao con almendras enteras,Tableta 200 g,2.85,Chocolates y Dulces > Chocolates > Tabletas,Tabletas,https://a1.soysuper.com/fee2affda788af5ec7f36ddeec28ca2e.110.110.0.min.wmark.7ab47078.jpg
4fc9100ccc75fa2a35002970,Hacendado,Arroz vaporizado largo,Paquete 1 kg,1.53,"Pasta, Arroz y Legumbres > Arroz > Blanco",Blanco,https://a2.soysuper.com/377a76a8bfcf0618645d50e2da82cdc7.110.110.0.min.wmark.7368569f.jpg
5bf9da2a0932f728dd184e4b,Hacendado,Bebida almendras 0% azucares,Brick 1 l,1.15,"Lácteos y Huevos > Leche > Soja, Avena, Arroz,..","Soja, Avena, Arroz,..",https://a2.soysuper.com/eb832ab61c83adbba94703417df9935d.110.110.0.min.wmark.39516862.jpg
4fc91280cc75fa2a3500c6ec,Hacendado,Maiz frito gigante,Paquete 150 g,1.4,Aperitivos > Frutos Secos > Maíz,Maíz,https://a0.soysuper.com/a761f31a898c079e89ca419c66e461a4.110.110.0.min.wmark.09a07d7f.jpg
582c969e2508c1753d1d679a,Hacendado,Pescadilla congelada entera sin cabeza del cabo,Paquete 1 kg,5.25,Congelados > Pescados y Mariscos > Pescadilla congelada,Pescadilla congelada,https://a0.soysuper.com/a9a26036bb29fd1533c70111e3aeb837.110.110.0.min.wmark.c60cdb0d.jpg
62cd190cd791871e461454e8,Hacendado,Ajo perejil (molido),Tarro 74 g,1.35,"Conservas, Sopas, Aceites y Condimentos > Especias > Sazonadores",Sazonadores,https://a0.soysuper.com/7f7b88737b9d036ca5a363891742c61b.110.110.0.min.wmark.2e3dbd01.jpg
53a1595c4e777bba27002d06,Hacendado,Pate salmon,Tarro 160 g,1.1,"Conservas, Sopas, Aceites y Condimentos > Paté > Salmón",Salmón,https://a1.soysuper.com/e963e155b3386cbbc1278ea55e8fdea6.110.110.0.min.wmark.c9debe66.jpg
4fc91621cc75fa2a3501a450,Hacendado,Macedonia verdura conserva,Tarro 320 g neto escurrido,0.9,"Conservas, Sopas, Aceites y Condimentos > Conservas Vegetales > Menestras",Menestras,https://a2.soysuper.com/fdde921755a57b3dc14c8bcc3fcab50b.110.110.0.min.wmark.4c93052a.jpg
584557c053c97b05243c92f6,Hacendado,Pasta fresca al huevo tagliatelle,Paquete 250 g,1.2,Frescos y Charcutería > Platos Preparados > Refrigerados,Refrigerados,https://a1.soysuper.com/5947b41aa553b6ad16f3b0237007db37.110.110.0.min.wmark.bcc95ea2.jpg
4fc9105ccc75fa2a35003ac4,Hacendado,Galletas María integral,Paquete 800 g,1.4,Cereales y Galletas > Galletas > Integrales,Integrales,https://a0.soysuper.com/a5ff3c3521dfbef65d12c13b740ecd03.110.110.0.min.wmark.a33a86ac.jpg
5c5d3d24722d6a51ec49a62e,Hacendado,Tomate natural entero pelado,Bote 480 g peso neto escurrido,1.35,"Conservas, Sopas, Aceites y Condimentos > Conservas Vegetales > Tomate",Tomate,https://a2.soysuper.com/1b9a03d0cdfedaf4cf88a3cbe5829128.110.110.0.min.wmark.6a8ac7c4.jpg
4fc91597cc75fa2a3501817c,Hacendado,Salchichas cocidas de pollo,2 paquetes x 250 g,1.75,Frescos y Charcutería > Charcutería > Salchichas envasadas,Salchichas envasadas,https://a2.soysuper.com/a236485fb4652578e7122a2e84346e5c.110.110.0.min.wmark.b2c13d6e.jpg
5012f601459c33cc5d0002c7,Hacendado,Pan de molde blanco rebanada gruesa,Paquete 820 g,1.7,"Panadería, Pastelería y Repostería > Pan > Pan de Molde",Pan de Molde,https://a1.soysuper.com/2d488751976032fa2fdcf3e5b598c9ec.110.110.0.min.wmark.10d7d15d.jpg
55f8773853c97b50cd0d8a38,Hacendado,Salmón al natural,3 latas x 50 g escurrido,3.55,"Conservas, Sopas, Aceites y Condimentos > Conservas de Pescado > Salmón",Salmón,https://a2.soysuper.com/01c11ecddce2bd50adff5f12a86c9b3a.110.110.0.min.wmark.5a5d2747.jpg
63cf2bad0932f7506d11ce76,Hacendado,Fiambre pavo lonchas finas maxi,Paquete 400 g,3.05,Frescos y Charcutería > Charcutería > Pavo charcutería,Pavo charcutería,https://a2.soysuper.com/bf6e34ffcc03ed88a570c654a83db640.110.110.0.min.wmark.79d17348.jpg
64083d331452a01c8265a55d,Hacendado,Cereal estrellitas miel (stars),Paquete 400 g,2.1,Cereales y Galletas > Cereales > Infantiles,Infantiles,https://a2.soysuper.com/bff8b88119079c5a84cecee2f0671b11.110.110.0.min.wmark.31522c57.jpg
5012ed50825ae05b230000f0,Hacendado,Néctar tropical sin azúcares añadidos,Brick 1 l,1,Bebidas > Zumo > Mezcla de Frutas,Mezcla de Frutas,https://a2.soysuper.com/cdaba4dd7b8513b87ab415c67e4e3850.110.110.0.min.wmark.c6556d5f.jpg
5bfddfde2508c116b0078530,Hacendado,"Cereal muesli quinoa, chia y chocolate negro",Paquete 400 g,2.5,Cereales y Galletas > Cereales > Clásicos,Clásicos,https://a1.soysuper.com/1b285e590cda96216e20eb885189c5de.110.110.0.min.wmark.8f95e132.jpg
615561cc98ec913684283732,Hacendado,Infusión digest,Paquete 20 bolsitas,1.05,"Cafés, Cacaos e Infusiones > Infusiones > Digestiva",Digestiva,https://a0.soysuper.com/a456006663fde28cacf3c0fe42d8bca9.110.110.0.min.wmark.ce2c55c9.jpg
650943881452a04ce87607a5,Hacendado,Bolsa para asar pollo al ajo y limon,U - 30 g,1.05,"Conservas, Sopas, Aceites y Condimentos > Especias > Sazonadores",Sazonadores,https://a2.soysuper.com/71ba08e0a808f7705d987716f551ca09.110.110.0.min.wmark.2f494ade.jpg
4fc9100dcc75fa2a350029c0,Hacendado,Espagueti al huevo pasta,Paquete 500 g,1.45,"Pasta, Arroz y Legumbres > Pasta > Espaguetis",Espaguetis,https://a2.soysuper.com/eace4609aa9d4d176b55225525183d1c.110.110.0.min.wmark.a7ac04c1.jpg
4fc91369cc75fa2a3500fea2,Hacendado,Batido vainilla,Botella 1000 ml,1.3,Lácteos y Huevos > Batido > Vainilla,Vainilla,https://a0.soysuper.com/844384abeb38c36cded3c4cc7a626755.110.110.0.min.wmark.5eeb02c4.jpg
64785f3a722d6a5a8076ff9f,Hacendado,Salmón ahumado,2 paquetes x 150 g aprox,10.8,Frescos y Charcutería > Pescados y Mariscos > Ahumados,Ahumados,https://a0.soysuper.com/3a4d2b3fb21d253c2605aee8e968da3a.110.110.0.min.wmark.09e11b28.jpg
4fc91369cc75fa2a3500fe99,Hacendado,Leche entera,"Botella 1,5 l",1.56,Lácteos y Huevos > Leche > Entera,Entera,https://a0.soysuper.com/004cb5e356532e66eb11e63bd17125bf.110.110.0.min.wmark.d56e0c07.jpg
5012f054238436c85d0001ae,Hacendado,Fiambre cocido york pieza maxi,U 2 kg,5.97,Frescos y Charcutería > Charcutería > Jamón Cocido,Jamón Cocido,https://a1.soysuper.com/63da29964c415e28bab7332e30654c4b.110.110.0.min.wmark.6610dede.jpg
57b2ff4998ec915d5c130530,Hacendado,Castañas cocidas peladas,Paquete 100 g,1.31,Aperitivos > Frutos Secos > Castañas,Castañas,https://a0.soysuper.com/7bb78967f93b139ffba81b731505d427.110.110.0.min.wmark.29908b8a.jpg
4fc9168ccc75fa2a3501be5c,Hacendado,Ventresca atun claro en aceite oliva,Lata 78 g peso escurrido neto,3.3,"Conservas, Sopas, Aceites y Condimentos > Conservas de Pescado > Atún",Atún,https://a0.soysuper.com/ad4dd71df339edbecbf2e521e7d4b39d.110.110.0.min.wmark.183760dd.jpg
643ac2850932f73fe00c85b4,Hacendado,Pan molde blanco sin gluten y sin lactosa,500 g,2.74,"Panadería, Pastelería y Repostería > Pan > Pan de Molde",Pan de Molde,https://a2.soysuper.com/cb226e06caa8eec137239e44fe04ca4e.110.110.0.min.wmark.1c3a7bef.jpg
595403db1452a0198f3bb93f,Hacendado,Aceite de coco,Bote 450 ml,5.25,Dietéticos > Complementos Dietéticos > Aceite de coco,Aceite de coco,https://a0.soysuper.com/8ea89862f10990ad4a9d387de2fcf60e.110.110.0.min.wmark.0c75d0fd.jpg
5b31c74d98ec91121b17f7d0,Hacendado,Cola zero,Lata 330 ml,0.35,Bebidas > Refresco > Cola,Cola,https://a0.soysuper.com/8196426ea05c1170cde646606231145e.110.110.0.min.wmark.4e5a33a4.jpg
4fc910b8cc75fa2a35005b0a,Hacendado,Néctar de melocotón sin azúcares añadidos,Brick 1 l,0.99,Bebidas > Zumo > Melocotón,Melocotón,https://a0.soysuper.com/55cf9e7cded2ca9f682f6e9fb4ba78ab.110.110.0.min.wmark.0860aa6c.jpg
5a0018c753c97b037c4336ac,Hacendado,Te matcha en polvo,"10 sobres x 1,5 g",2.9,"Cafés, Cacaos e Infusiones > Infusiones > Té",Té,https://a2.soysuper.com/c9a6c4bf97a5e094667cefe42801746c.110.110.0.min.wmark.78a8da34.jpg
593f962053c97b185f5818d7,Hacendado,Panes especiales sabor pizza con queso,Paquete 80 g,0.85,"Panadería, Pastelería y Repostería > Pan > Pan Tostado, Aperitivos","Pan Tostado, Aperitivos",https://a1.soysuper.com/03c681e72202565b532b04e4d35804ae.110.110.0.min.wmark.be51e480.jpg
5012f0aa0f8e48d05d0001c6,Hacendado,Ajete tierno troceado,Paquete 300 g,2.05,"Congelados > Verduras, Hortalizas y Legumbres congeladas > Ajetes - Ajos Tiernos congelados",Ajetes - Ajos Tiernos congelados,https://a0.soysuper.com/21d3677e465109c911757b0992122c81.110.110.0.min.wmark.976e072c.jpg
58e5eb661452a0484a7168df,Hacendado,Arroz redondo j sendra,Paquete 1 kg,1.6,"Pasta, Arroz y Legumbres > Arroz > Blanco",Blanco,https://a1.soysuper.com/c3a3f9e01c9aca00bc39304600ae5abe.110.110.0.min.wmark.4c7ba561.jpg
616f6bab722d6a6cb80d1c8e,Hacendado,Turron surtido mini ***bajada pvp peninsula y baleares***,311 g (paquete 15 u),4.2,Chocolates y Dulces > Dulces de navidad > Turrón,Turrón,https://a0.soysuper.com/0869536737379ad9a0a6746faaeab5d2.110.110.0.min.wmark.a1856abf.jpg
617f8b00722d6a6cb8140915,Hacendado,Pizza congelada pepperoni rellena de salsa queso fresco,Paquete 540 g,3.5,Congelados > Platos Preparados > Pizzas,Pizzas,https://a2.soysuper.com/5a906e64f468b847759231b9d282520f.110.110.0.min.wmark.8038738f.jpg
53c0ec64b2ee64925c010e19,Hacendado,Azucar moreno sobre,350 g (paquete 50 u),1.75,"Panadería, Pastelería y Repostería > Azúcar y Edulcorantes > Azúcar",Azúcar,https://a0.soysuper.com/303615dd1776d2641cf8be04fdad0240.110.110.0.min.wmark.76bcf528.jpg
5bf00f422508c12a2c08ed42,Hacendado,Leche semidesnatada,6 x 200 ml,1.64,Lácteos y Huevos > Leche > Semidesnatada,Semidesnatada,https://a1.soysuper.com/dff3b9f509bb6253957bc1c8863cc41c.110.110.0.min.wmark.fe10be3b.jpg
60f1090e98ec91668910e957,Hacendado,Kefir liquido natural 0%,Botella 250 g,0.9,Lácteos y Huevos > Yogur > Especiales,Especiales,https://a0.soysuper.com/0c76cce29bac348ea72ae7c43f2e1e4a.110.110.0.min.wmark.973a61bd.jpg
5bf00e2a722d6a733f5b8a3a,Hacendado,Batido sabor chocolate + proteinas,Brick 330 ml,1.3,Lácteos y Huevos > Batido > Chocolate y Cacao,Chocolate y Cacao,https://a1.soysuper.com/688ed918d6372dd366198a33207d0209.110.110.0.min.wmark.6ecf0529.jpg
5b43f12b98ec9156205a9b6c,Hacendado,Anillas a la romana congelado,Paquete 500 g,5.25,Congelados > Platos Preparados > Pescado y Marisco,Pescado y Marisco,https://a0.soysuper.com/ac0c1a5e920f50df7d5375e657435770.110.110.0.min.wmark.4cc577b8.jpg
5a22e33298ec914d8326a1c2,Hacendado,Café capsula cortado descafeinado compatible Dolce Gusto,Caja 16 ud,3.45,"Cafés, Cacaos e Infusiones > Café > Cápsulas",Cápsulas,https://a2.soysuper.com/0055d8f92b645fccef3e6a63b74a4b21.110.110.0.min.wmark.7b17701f.jpg
6191ffae1452a0062b613dc1,Hacendado,Chili con carne,Bote 420 g,2.8,"Conservas, Sopas, Aceites y Condimentos > Salsas > Salsa Chili",Salsa Chili,https://a1.soysuper.com/9efa148e060728831ed394c1095d32b3.110.110.0.min.wmark.9ce0d20c.jpg
5ab0ca2d2508c1398a3e8799,Hacendado,Atun en salsa de tomate,U - 156 g,2.09,"Conservas, Sopas, Aceites y Condimentos > Conservas de Pescado > Atún",Atún,https://a1.soysuper.com/98aeba93f548c132d5d993b20b8eb538.110.110.0.min.wmark.61d947d6.jpg
62cbddabe93cdf60c40b90d5,Hacendado,Alubia roja,Paquete 1 kg,3.09,"Pasta, Arroz y Legumbres > Legumbres Secas > Alubias",Alubias,https://a1.soysuper.com/7e7adbfe23a848906a2bf3a4d97ef00b.110.110.0.min.wmark.a0afaebc.jpg
6458c0e4d791874a052d3f31,Hacendado,Tarrito fruta variada a partir 4 meses,Tarrina pack 4 x 130 g - 520 g,2.84,Bebés y Niños > Alimentación Infantil > Tarritos,Tarritos,https://a1.soysuper.com/ab64b3a06d2184c79a4e052c27737ecc.110.110.0.min.wmark.33792ff9.jpg
6397010b98ec913c4775bb58,Hacendado,Lasaña atun bechamel 2 raciones congelado,2 x 300 g,3.65,Congelados > Platos Preparados > Pasta,Pasta,https://a2.soysuper.com/7faf6a78289235dd1994511cb535a8a3.110.110.0.min.wmark.7085522f.jpg
4fc9142acc75fa2a35012b84,Hacendado,Cafe monodosis natural (compatible con cafetera sistema senseo),Paquete 32 ud,2.99,"Cafés, Cacaos e Infusiones > Café > Monodosis",Monodosis,https://a2.soysuper.com/54dc51f1933b19b44316fba8ea76c714.110.110.0.min.wmark.99502ca4.jpg
60ed25c1e93cdf1da534b54a,Hacendado,Panecillo 100 % integral,270 g (paquete 6 u),1.05,"Panadería, Pastelería y Repostería > Pan > Pan Fresco",Pan Fresco,https://a1.soysuper.com/60b0a06e872d93c867823475f635b9e2.110.110.0.min.wmark.e99f1bdb.jpg
5fd771dc2508c16d33322ef4,Hacendado,Fiambre galantina con pistacho y trufa lonchas finas,Paquete 150 g,1.85,Frescos y Charcutería > Charcutería > Galantina,Galantina,https://a2.soysuper.com/e7af38e2b5351f8a58b177b98e4bc07c.110.110.0.min.wmark.8db6782f.jpg
5bf000b098ec91173c19e2f6,Hacendado,LECHE ENTERA SIN LACTOSA,6 x 1 l,6.19,Lácteos y Huevos > Leche > Entera,Entera,https://a2.soysuper.com/cffe9a6e30e696e35d5c4206f4496ef5.110.110.0.min.wmark.e2140e1e.jpg
4fc91672cc75fa2a3501b784,Hacendado,Almendra frita pelada,Paquete 200 g,2.94,Aperitivos > Frutos Secos > Almendras,Almendras,https://a2.soysuper.com/4a998d181251ed256d50e8e851819b05.110.110.0.min.wmark.1d4c791e.jpg
5bf000b10932f70db53bef2e,Hacendado,LECHE SEMIDESNATADA SIN LACTOSA,"BOTELLA 1,5 l",1.62,Lácteos y Huevos > Leche > Sin Lactosa,Sin Lactosa,https://a1.soysuper.com/4deb0e5464c72317c4f5865194cc9b98.110.110.0.min.wmark.72d43ef6.jpg
616f6bac722d6a6c8d0ed768,Hacendado,Turron cacahuete crema,Pastilla 250 g,1.8,Chocolates y Dulces > Dulces de navidad > Turrón,Turrón,https://a2.soysuper.com/76a9a35166fd75f7b02c6e0cd8dc05e3.110.110.0.min.wmark.dd262a9b.jpg
4fc9168ccc75fa2a3501be5f,Hacendado,Atun en aceite girasol (abre fácil solapin),Lata 190 g escurrido 143 g,1.6,"Conservas, Sopas, Aceites y Condimentos > Conservas de Pescado > Atún",Atún,https://a0.soysuper.com/3c0eb120700bc4435d1238d09c62c7ab.110.110.0.min.wmark.6306fcd8.jpg
4fc91597cc75fa2a35018181,Hacendado,Salchichas cocidas bocata de pollo y pavo sabor ahumado,2 paquetes x 200 g,2,Frescos y Charcutería > Charcutería > Salchichas envasadas,Salchichas envasadas,https://a1.soysuper.com/fc9af87891248f9e23b093a02c9743d1.110.110.0.min.wmark.161ef527.jpg
51dc67efb21b8b2914000032,Hacendado,Salmorejo,3 x 330 ml,2.69,Frescos y Charcutería > Platos Preparados > Refrigerados,Refrigerados,https://a1.soysuper.com/4696ac9310ac03a0e145716ddac1562e.110.110.0.min.wmark.c5054565.jpg
54a2b9a56c28bf9c11007ed9,Hacendado,Langostino congelado crudo extra (32/38 piezas),Caja 1 kg,11.13,Congelados > Pescados y Mariscos > Langostinos,Langostinos,https://a2.soysuper.com/e916bb76ff310f8460ec7e3639ac01dd.110.110.0.min.wmark.dc60aa13.jpg
51c22d1b28fea2622b0000ae,Hacendado,Lima limon con gas,Lata 330 ml,0.38,Bebidas > Refresco > Limón,Limón,https://a0.soysuper.com/8558d140e7617d2f74b610b49f597fea.110.110.0.min.wmark.fc858e32.jpg
6389c79d98ec914bc61f1466,Hacendado,Fruta+leche piña coco,Pack 6 u x 200 ml,1.25,Bebidas > Zumo > Con Leche,Con Leche,https://a0.soysuper.com/519fa8f62aed02e6af7e20d01a9c8d3c.110.110.0.min.wmark.cc71a5e9.jpg
5fb32dd1e93cdf6d5043aa4b,Hacendado,"Bifidus natural con chocolate, almendras y laminas de coco",U - 180 g,1.2,Lácteos y Huevos > Yogur > Con Bífidus,Con Bífidus,https://a1.soysuper.com/743be23ed49092b156fa71a9de7af6fd.110.110.0.min.wmark.877d9c3d.jpg
652274872508c1371f16dfbd,Hacendado,Delicias del mar refrigeradas,"Pack 2 u, 250 g",2,Frescos y Charcutería > Pescados y Mariscos > Surimi y Gulas,Surimi y Gulas,https://a2.soysuper.com/ee0d79eef12d5df0e6ad83f92ef07df3.110.110.0.min.wmark.9247bac0.jpg
4fc915e3cc75fa2a350195da,Hacendado,Salsa fresca Queso,Paquete 180 g,1.45,"Conservas, Sopas, Aceites y Condimentos > Salsas Refrigeradas > Para Pasta",Para Pasta,https://a1.soysuper.com/038c3e10d79483b87ff209433b2c3c94.110.110.0.min.wmark.7abdc371.jpg
5e5777c9d7918735af14b935,Hacendado,Fiambre cabeza cerdo lonchas,Paquete 150 g,1.7,Frescos y Charcutería > Charcutería > Pavo charcutería,Pavo charcutería,https://a0.soysuper.com/e7691641ef3ea7f0ca959e3f95778e10.110.110.0.min.wmark.c5f9a5c3.jpg
5184748597b6302708000017,Hacendado,Jalapeños picantes en vinagre,Tarro 135 g escurrido 60 g,1.65,"Conservas, Sopas, Aceites y Condimentos > Conservas Vegetales > Pimientos",Pimientos,https://a2.soysuper.com/bc6a42288870f4113c8abcec1e45c98c.110.110.0.min.wmark.90b4d66c.jpg
54483913a652f205740033b7,Hacendado,"Postre lacteo tiramisu (queso mascarpone, bizcocho y salsa de cafe)",Pack 2 x 90 g - 180 g,1.35,Lácteos y Huevos > Postres > Tiramisu,Tiramisu,https://a1.soysuper.com/e8209213828456ef260775972e1a2bdd.110.110.0.min.wmark.ec5d16d1.jpg
4fc91695cc75fa2a3501c0cc,Hacendado,Sardinillas picantes aceite girasol,Pack 2 x 65 g peso escurrido neto,1.79,"Conservas, Sopas, Aceites y Condimentos > Conservas de Pescado > Sardinas",Sardinas,https://a0.soysuper.com/bc24fea8196d3bee8a97e589de58aaf7.110.110.0.min.wmark.c321e2a4.jpg
5864e5901452a051772a28d0,Hacendado,Chicle menta fuerte grageas sin azúcar,Bote de 70 unidades (100 g),1.95,Chocolates y Dulces > Golosinas > Chicles,Chicles,https://a1.soysuper.com/0cefd05b5b7d48492aa2ede10b92a6cc.110.110.0.min.wmark.72756109.jpg
61cec05853c97b4fe476d1c7,Hacendado,Menestra verdura conserva,Tarro 660 g,2.65,"Conservas, Sopas, Aceites y Condimentos > Conservas Vegetales > Menestras",Menestras,https://a1.soysuper.com/ff09a11a57270f24cd9a564d9fc3be65.110.110.0.min.wmark.ea9ddc2b.jpg
5c233e1053c97b0d5b4db31a,Hacendado,Almeja blanca del norte,Lata 185 g (peso neto escurrido 90 g),1.65,"Conservas, Sopas, Aceites y Condimentos > Conservas de Marisco > Almejas",Almejas,https://a1.soysuper.com/040797168a9403a714ac9b0e9c5f3d4a.110.110.0.min.wmark.d30def3b.jpg
596dd2300932f7374e1077d3,Hacendado,Yogur líquido l.casei fresa-plátano,12 botellines x 100 g,2.65,Lácteos y Huevos > Yogur > Líquido,Líquido,https://a2.soysuper.com/fc50b24488c8e7cb2f04de79f084ca9a.110.110.0.min.wmark.91feffe9.jpg
4fc915d5cc75fa2a35019209,Hacendado,Aceite oliva sabor intenso tapon verde,Botella 1 l,4.15,"Conservas, Sopas, Aceites y Condimentos > Aceite > De Oliva",De Oliva,https://a1.soysuper.com/88fde1918a91a3739ecd58e43fe25bbd.110.110.0.min.wmark.f2657e46.jpg
588b7cb51452a06b9b689a12,Hacendado,Galletas tradicionales,Caja 600 g,2.15,Cereales y Galletas > Galletas > Especiales,Especiales,https://a0.soysuper.com/4356ebbef0f323e60e2e14d33411b56d.110.110.0.min.wmark.a9f6d7ca.jpg
63ea0f0e98ec91503d4ead98,Hacendado,Esparrago blanco corto grueso conserva,Tarro 345 g escurrido 205 g,3,"Conservas, Sopas, Aceites y Condimentos > Conservas Vegetales > Espárragos en conserva",Espárragos en conserva,https://a2.soysuper.com/30cb0079bf0fbc2aba72c38ae07353c9.110.110.0.min.wmark.3b1a4fe5.jpg
4fc91526cc75fa2a35016818,Hacendado,Alubia cocida granja,Tarro 570 g escurrido 350 g,1.72,"Pasta, Arroz y Legumbres > Legumbres Cocidas > Alubias cocidas",Alubias cocidas,https://a0.soysuper.com/e07527d12688d6269bae1ba0833a61c6.110.110.0.min.wmark.9905a071.jpg
610a3bfc1452a06c1a827299,Hacendado,Tarrito de pera y manzana a partir 4 meses,Pack 4 tarrina x 130 g - 520 g,2.84,Bebés y Niños > Alimentación Infantil > Tarritos,Tarritos,https://a2.soysuper.com/295dedb33695cc0134bad8b7c0f3d57e.110.110.0.min.wmark.0b0a0609.jpg
5375131236caa4175800c407,Hacendado,Azafran molido,Paquete 0.40 g,1.88,"Conservas, Sopas, Aceites y Condimentos > Especias > Azafrán",Azafrán,https://a1.soysuper.com/178035316be0e8843452c6c138405e13.110.110.0.min.wmark.df52fd10.jpg
4fc9168ccc75fa2a3501be46,Hacendado,Filetes de melva en aceite de oliva,Lata 80 g escurrido,1.85,"Conservas, Sopas, Aceites y Condimentos > Conservas de Pescado > Melva",Melva,https://a2.soysuper.com/6678fb21c844fbdd9637b09368428489.110.110.0.min.wmark.c6659227.jpg
58be72e398ec915ddd526917,Hacendado,Cafe molido natural (sabor fuerte),Paquete 250 g,2.55,"Cafés, Cacaos e Infusiones > Café > Molido",Molido,https://a2.soysuper.com/c7d0dd51acbc36705f57cb4f95ede778.110.110.0.min.wmark.95e1dbe3.jpg
5012f0aa29eba853230001b8,Hacendado,Haba fina congelada,Paquete 450 g,1.19,"Congelados > Verduras, Hortalizas y Legumbres congeladas > Habas congeladas",Habas congeladas,https://a2.soysuper.com/f669233abcdf7260f3c06de5907e9a9d.110.110.0.min.wmark.4ac82948.jpg
645203f453c97b6457688cec,Hacendado,Chocolate negro 55% cacao con almendras enteras,Tableta 200 g,2.5,Chocolates y Dulces > Chocolates > Tabletas,Tabletas,https://a1.soysuper.com/a96811cd85f77f25d58554d751e09b5e.110.110.0.min.wmark.3f946ffe.jpg
50b9429812e3d8f9370006ae,Hacendado,Bonito norte en aceite oliva filete,Tarro 280 g peso escurrido neto,8.1,"Conservas, Sopas, Aceites y Condimentos > Conservas de Pescado > Bonito del Norte",Bonito del Norte,https://a0.soysuper.com/87c7c92addc5018f946768d1c728d883.110.110.0.min.wmark.6920b457.jpg
5b30693e98ec912c51463d59,Hacendado,Pasta fresca medialunas de calabaza y crema de quesos,Tarrina 250 g,2.1,Frescos y Charcutería > Platos Preparados > Refrigerados,Refrigerados,https://a2.soysuper.com/5bea6718738d024f8ea9a095ac367bba.110.110.0.min.wmark.af54e3d1.jpg
5fb32dd0e93cdf6d5043aa49,Hacendado,Bifidus natural,Pack 6 x 125 g - 750 g,1.2,Lácteos y Huevos > Yogur > Con Bífidus,Con Bífidus,https://a0.soysuper.com/af0f1012210b6adb9e0b9861a0eba977.110.110.0.min.wmark.75553dfc.jpg
4fc9142acc75fa2a35012b90,Hacendado,Cafe soluble cappuccino caramelo,Bote 250 g,2.75,"Cafés, Cacaos e Infusiones > Café > Soluble",Soluble,https://a2.soysuper.com/a835744c9a66e099c3065203aa250337.110.110.0.min.wmark.328fd107.jpg
4fc9121acc75fa2a3500ae12,Hacendado,Queso cheddar curado,300 g,2.84,Frescos y Charcutería > Queso > Quesos Internacionales,Quesos Internacionales,https://a1.soysuper.com/3e3e8c0a1491f4570aa0230ee3d948e2.110.110.0.min.wmark.ab3227ad.jpg
616f6bac722d6a6c8d0ed769,Hacendado,Turron coco,Pastilla 200 g,1.6,Chocolates y Dulces > Dulces de navidad > Turrón,Turrón,https://a0.soysuper.com/18329bd5c14045f496a3ea3dab397023.110.110.0.min.wmark.bbcc5e52.jpg
56fb91c82508c13ea83b03eb,Hacendado,Cafe con leche descafeinado liquido,Vaso 250 ml,0.85,"Cafés, Cacaos e Infusiones > Café > Listo para Tomar",Listo para Tomar,https://a1.soysuper.com/f9dc1a5b24a4f8761fb0a6f0749f06e3.110.110.0.min.wmark.65ecfde6.jpg
628c80a953c97b015a4a793f,Hacendado,Golosinas dentaduras,Paquete 100 g,1,Chocolates y Dulces > Golosinas > Gominolas,Gominolas,https://a1.soysuper.com/eae213bc6e44a75afe88c8ffe9329183.110.110.0.min.wmark.a8e8994a.jpg
596ddf5898ec913abe461593,Hacendado,Chorizo extra pimienta finas lonchas,Paquete 100 g,1.85,Frescos y Charcutería > Charcutería > Chorizo,Chorizo,https://a1.soysuper.com/f10f786ff5b47bff536d138d089b47c2.110.110.0.min.wmark.9a65c619.jpg
65c0f91398ec91065b78a3cb,Hacendado,Galleta bañada en chocolate con leche,145 g (paquete 8 u),1.7,Cereales y Galletas > Galletas > Con Chocolate,Con Chocolate,https://a2.soysuper.com/a6c8bd2803ec955d5b97aad322464774.110.110.0.min.wmark.3868de3d.jpg
618b89e7d791871dfd2adb49,Hacendado,Salsa rosa cocktail,Tarro 500 ml,1.4,"Conservas, Sopas, Aceites y Condimentos > Salsas > Salsa Rosa",Salsa Rosa,https://a1.soysuper.com/ede18ca6d429d7e4ec278aa32ce5707a.110.110.0.min.wmark.c6eca860.jpg
583da6382508c1518f4dfed3,Hacendado,Mantequilla sin lactosa,Tarrina 250 g,2.65,Lácteos y Huevos > Mantequilla > Especialidades,Especialidades,https://a0.soysuper.com/b81dce51c74c78c5b4324ca27b3364a1.110.110.0.min.wmark.0820b531.jpg
5b5c412f53c97b072a36ec3a,Hacendado,Magdalenas integrales 0% azúcares añadidos,Paquete 280 g,2.1,"Panadería, Pastelería y Repostería > Bollería > Magdalenas",Magdalenas,https://a0.soysuper.com/6a562b7a126f624aa1748e0ee1858ffe.110.110.0.min.wmark.21a0c887.jpg
58a6fa2a2508c1654733d68f,Hacendado,Masa fresca empanada,2 paquetes x 230 g,2.4,Frescos y Charcutería > Platos Preparados > Refrigerados,Refrigerados,https://a0.soysuper.com/69f5d222a3ff9dcafe8ee88be09d268d.110.110.0.min.wmark.ad644d3d.jpg
4fc91620cc75fa2a3501a406,Hacendado,Esparrago blanco muy grueso 6/12 piezas conserva,Tarro 325 g neto escurrido,2.88,"Conservas, Sopas, Aceites y Condimentos > Conservas Vegetales > Espárragos en conserva",Espárragos en conserva,https://a1.soysuper.com/8f5f3665e248945446bf50e028fcae73.110.110.0.min.wmark.c903086f.jpg
64ac041f8ca63c79a35f5c9c,Hacendado,Leche condensada entera,Bote 370 g,2.09,Lácteos y Huevos > Leche > Deshidratada,Deshidratada,https://a0.soysuper.com/5aef000b5024ef7d3f59e7c1dc237566.110.110.0.min.wmark.39250e0b.jpg
4fc910b9cc75fa2a35005b1e,Hacendado,Zumo manzana,Brik de 2 l,1.6,Bebidas > Zumo > Manzana,Manzana,https://a2.soysuper.com/ce63445a3b6ed23d190d9fd351668bd4.110.110.0.min.wmark.a0e72cc4.jpg
641d485e2508c1674313d91a,Hacendado,Postre soja chocolate,Pack 4 x 100 g - 400 g,1.55,Lácteos y Huevos > Yogur > Soja,Soja,https://a1.soysuper.com/281be70946f1c0a10392d81f43f93453.110.110.0.min.wmark.19f0413b.jpg
4fc9168ccc75fa2a3501be54,Hacendado,Atún claro en aceite vegetal girasol (abre fácil solapa),Pack 3 latas x 56 g peso neto escurrido,2.67,"Conservas, Sopas, Aceites y Condimentos > Conservas de Pescado > Atún",Atún,https://a1.soysuper.com/2412d000f842693abcf6080a6bb85710.110.110.0.min.wmark.0b4cd19d.jpg
5544d6e598ec915b3f5619a2,Hacendado,Bizcocho redondo de limon (queque) horno,U 800 g,3.55,"Panadería, Pastelería y Repostería > Bollería > Bizcocho, Mantecados y Ensaimadas","Bizcocho, Mantecados y Ensaimadas",https://a1.soysuper.com/b6343c7304d9ceab8543338704ba65c6.110.110.0.min.wmark.334c0154.jpg
4fc911bdcc75fa2a35009a1f,Hacendado,Naranja sin gas 12% zumo,Botellin pack 4 x 330 - 1320 ml,1.6,Bebidas > Refresco > Naranja,Naranja,https://a0.soysuper.com/73c211646504a3c66ecbf8335430b26a.110.110.0.min.wmark.dca4211f.jpg
4fc91027cc75fa2a35003018,Hacendado,Mejillon escabeche 8/12 piezas en aceite oliva medianos,Lata 111 g escurrido 69 g,2.8,"Conservas, Sopas, Aceites y Condimentos > Conservas de Marisco > Mejillones",Mejillones,https://a1.soysuper.com/7f14da8bd8ff4e186dedca32097c91b1.110.110.0.min.wmark.2c88d951.jpg
541a974867536c1215009662,Hacendado,Limon con gas,Lata 330 ml,0.37,Bebidas > Refresco > Limón,Limón,https://a0.soysuper.com/3b9b49da87f982d252b2b9e0f0d59138.110.110.0.min.wmark.d668c9a4.jpg
615d5898e93cdf2f9647d91a,Hacendado,Chocolate con leche almendras troceadas,Tableta 150 g,1,Chocolates y Dulces > Chocolates > Tabletas,Tabletas,https://a0.soysuper.com/c1e026d79e772c2994c2e96bed4bdb61.110.110.0.min.wmark.2ee4afe9.jpg
58a6d1272508c1568d062c43,Hacendado,Berberechos natural s (65/100 piezas),Lata 111 g escurrido 63 g,3,"Conservas, Sopas, Aceites y Condimentos > Conservas de Marisco > Berberechos",Berberechos,https://a2.soysuper.com/519c4155c21011110827e64e9f7fbffc.110.110.0.min.wmark.e5440251.jpg
647fc7221452a014a582fcee,Hacendado,"Bebida láctea sabor açai, platano + proteinas",Botellin 280 g,1.15,Lácteos y Huevos > Yogur > Líquido,Líquido,https://a0.soysuper.com/3cf222d109302a5239067781ee8d5523.110.110.0.min.wmark.1c209fc1.jpg
4fc91021cc75fa2a35002e8d,Hacendado,Tortitas de maíz con chocolate,Paquete 130 g,1.9,Aperitivos > Snacks > Tortitas,Tortitas,https://a2.soysuper.com/a076562ee3a18cda2593ff695cad0afe.110.110.0.min.wmark.71645af1.jpg
5c491b2f0932f7706b4db5d0,Hacendado,Chocolatinas chocolate extrafino negro 72%,Paquete 200 g,3.25,Chocolates y Dulces > Chocolates > Tabletas,Tabletas,https://a2.soysuper.com/eb1ad97c5f04be24eb6d507e07a87d08.110.110.0.min.wmark.8254b8f9.jpg
598c50100932f7017f31b4b2,Hacendado,Helado mochi coco,Caja 6 u x  36 ml,2.9,Congelados > Helados > Mochi,Mochi,https://a1.soysuper.com/2045d0afa08be2aff9d422d01816d4cc.110.110.0.min.wmark.0414b2a2.jpg
58f8949d1452a0302a4c1813,Hacendado,Azucar vainillado,15 x 8 g,1.3,"Panadería, Pastelería y Repostería > Azúcar y Edulcorantes > Azúcar",Azúcar,https://a0.soysuper.com/3f0f75800b03296ce619eedb0fb5a3d5.110.110.0.min.wmark.94420167.jpg
5810dc5053c97b3f0b559c66,Hacendado,Sirope de agave (edulcorante natural),Bote 350 g,2.6,"Panadería, Pastelería y Repostería > Azúcar y Edulcorantes > Sirope",Sirope,https://a0.soysuper.com/972d702ec7c6ca42c95b86fefe7645de.110.110.0.min.wmark.7766c1e8.jpg
4fc91620cc75fa2a3501a40c,Hacendado,Champiñon entero conserva,"Bote 355 g, 180 g pne",1.45,"Conservas, Sopas, Aceites y Condimentos > Conservas Vegetales > Champiñones y Otras Setas",Champiñones y Otras Setas,https://a1.soysuper.com/8c07b4e53f89a07ce895e02e251948b2.110.110.0.min.wmark.c55f40ef.jpg
63996de6d791872eae3ecb7f,Hacendado,Gamba blanca cocida refrigerada,Bandeja 300 g,8.3,Frescos y Charcutería > Pescados y Mariscos > Mariscos,Mariscos,https://a1.soysuper.com/3e9edd3165d01a87cca824206b69979a.110.110.0.min.wmark.fb7d25d4.jpg
65156f711452a006c7795279,Hacendado,Vinagre balsamico de modena,Botella 500 ml,2.23,"Conservas, Sopas, Aceites y Condimentos > Vinagre > Balsámico",Balsámico,https://a2.soysuper.com/dacdecfa93d44e8a43eacf53f2ca2927.110.110.0.min.wmark.3d1d8cc4.jpg
644ab743e6ed4032125b30f3,Hacendado,Queso fresco burgos desnatado 0%,Pack 4 u x 62.5 g,1.15,Frescos y Charcutería > Queso > Fresco y para Ensaladas,Fresco y para Ensaladas,https://a0.soysuper.com/a988f4576b90d3da722b7b5c12f3db8a.110.110.0.min.wmark.38c41c20.jpg
652d84338ca63c68f56c3d0e,Hacendado,Anacardo tostado 0% sal añadida,Paquete 200 g,2.7,Aperitivos > Frutos Secos > Anacardos,Anacardos,https://a2.soysuper.com/45920b2d8d008b4eadfa2dbdae344f67.110.110.0.min.wmark.a3311419.jpg
614a09dc722d6a43d46ed0fe,Hacendado,Espinaca hoja en porciones congelada,Paquete 500 g,0.96,"Congelados > Verduras, Hortalizas y Legumbres congeladas > Espinacas congeladas",Espinacas congeladas,https://a0.soysuper.com/d382bf06331201bcedc39260699522b5.110.110.0.min.wmark.1caf46a2.jpg
58db668c1452a05bd9035ea1,Hacendado,Natilla polvo casera con canela (21 raciones),Caja 89 g,1.39,"Panadería, Pastelería y Repostería > Repostería > Postres para Preparar",Postres para Preparar,https://a1.soysuper.com/71c0e7d959cd2a9c0bd7cf6520b51e31.110.110.0.min.wmark.5ff1f9b4.jpg
5e21e747722d6a43503a9cc3,Hacendado,Obleas redondas,Paquete 255 g,2.45,Cereales y Galletas > Galletas > Especiales,Especiales,https://a0.soysuper.com/2a56d904f88850d620225c18754f44c6.110.110.0.min.wmark.5864eec6.jpg
63d0dd6a98ec9150582acb2f,Hacendado,Pipas girasol tostadas 0% sal añadida,Paquete 200 g,1.3,Aperitivos > Frutos Secos > Pipas,Pipas,https://a1.soysuper.com/0b5027e3a829fcd8712e74ca40760f14.110.110.0.min.wmark.ddf1fda1.jpg
50134e9b825ae05b230003c2,Hacendado,Pan tostado blanco biscote mini,Paquete 300 g,1.7,"Panadería, Pastelería y Repostería > Pan > Pan Tostado",Pan Tostado,https://a1.soysuper.com/9602a8cd44e523aa0d9e00606f9089d6.110.110.0.min.wmark.7f51db7e.jpg
52f53be4d7c9d5494c000103,Hacendado,Cola normal,Lata 330 ml,0.36,Bebidas > Refresco > Cola,Cola,https://a0.soysuper.com/5fbadcd0bb759d3cf7d8db550e14d406.110.110.0.min.wmark.089c8f6e.jpg
63c81aa0e6ed404d3f27b22d,Hacendado,Alitas de pollo asadas,Bote 500 g aprox,4.4,Frescos y Charcutería > Platos Preparados > Calientes,Calientes,https://a2.soysuper.com/cefdb39cc35555881ceb828cdabfbce7.110.110.0.min.wmark.5b7194f3.jpg
6516eb8b98ec916b1e60f806,Hacendado,Espiral al cacao,64 g aprox,0.37,"Panadería, Pastelería y Repostería > Bollería > Bollos",Bollos,https://a1.soysuper.com/303dafd9a19fe5290e9c39ca7c717724.110.110.0.min.wmark.f5f4ac4b.jpg
64648bd70932f76170620063,Hacendado,Picadillo de variantes (pepinillo y zanahoria),Tarro 420 g escurrido 250 g,2.1,Aperitivos > Encurtidos > Picadillo,Picadillo,https://a0.soysuper.com/70337165122c2b2cea290b40bc073e41.110.110.0.min.wmark.e63b3d58.jpg
5d15d37d1452a03917618c4a,Hacendado,Masa de hojaldre sin gluten,Paquete 280 g,2.8,Frescos y Charcutería > Platos Preparados > Refrigerados,Refrigerados,https://a2.soysuper.com/06df5be992bd8cfb36142fd8e550f778.110.110.0.min.wmark.6e342d26.jpg
60abc56953c97b64a310e0d5,Hacendado,Frutas+leche tropical (brick rosa),Pack 3 x 330 ml - 990 ml,1,Bebidas > Zumo > Con Leche,Con Leche,https://a0.soysuper.com/8725523d62009f6d90cf870e47ee0a7f.110.110.0.min.wmark.f0d6fa9d.jpg
64228db90932f7632e00b2fe,Hacendado,Smoothie mango y naranja refrigerado,Botella 250 ml,1.65,Bebidas > Zumo > Refrigerados,Refrigerados,https://a2.soysuper.com/77c24c8436acd03ca324ae7879e93d88.110.110.0.min.wmark.21e8a195.jpg
61b4eb8f53c97b4fd10d97be,Hacendado,Almejas del pacifico al natural,Lata 111 g escurrido 63 g,2,"Conservas, Sopas, Aceites y Condimentos > Conservas de Marisco > Almejas",Almejas,https://a0.soysuper.com/a0e2d1de061b17a9527e84a86e056108.110.110.0.min.wmark.53e726f0.jpg
5c77c1d31452a0281f6de87d,Hacendado,Queso rallado hilos emmental gratinar,Paquete 200 g,1.65,"Frescos y Charcutería > Queso > Lonchas, Rallado y en Porciones","Lonchas, Rallado y en Porciones",https://a2.soysuper.com/16fea4cc0943275d803071752e0016b3.110.110.0.min.wmark.1a20356a.jpg
607602c598ec91372e440d4f,Hacendado,Frutas+leche mediterraneo (brick azul),3 x 330 ml,1,Bebidas > Zumo > Con Leche,Con Leche,https://a2.soysuper.com/b0f394999db34e129ed77e634e7a0f82.110.110.0.min.wmark.348e18a4.jpg
4fc91419cc75fa2a350126f8,Hacendado,Cereal soluble con achicoria,Tarro 150 g,2.15,"Cafés, Cacaos e Infusiones > Cereales Solubles y Achicoria > Cereales Solubles",Cereales Solubles,https://a0.soysuper.com/c1f8c936f37eee2450604183b701117f.110.110.0.min.wmark.6829dc3d.jpg
5bcd9b072508c113f9193f73,Hacendado,Nuez pecana natural,Paquete 200 g,3.9,Aperitivos > Frutos Secos > Nueces,Nueces,https://a2.soysuper.com/6b63046ab64bd2c5af4f1b7cfcf19a7f.110.110.0.min.wmark.d35c9bbf.jpg
5012f0df238436c85d000240,Hacendado,Infusion respir (mezcla eucalipto/tomillo/romero/menta),Caja 20 bolsitas,1.4,"Cafés, Cacaos e Infusiones > Infusiones > Multi infusion",Multi infusion,https://a2.soysuper.com/323b30105551afa06d5de2e926e03a0d.110.110.0.min.wmark.6b5f479c.jpg
4fc91301cc75fa2a3500e682,Hacendado,Harina trigo integral,Paquete 1 kg,0.9,"Panadería, Pastelería y Repostería > Harina > De Trigo",De Trigo,https://a2.soysuper.com/8a9f4261d2ace1a168f5e5c85073e910.110.110.0.min.wmark.756d0ee5.jpg
5ed0f02e1452a00dbe3917bb,Hacendado,Queso tierno bajo en sal,Unidad 330 g,3.65,"Frescos y Charcutería > Queso > Tierno, Semicurado y Curado","Tierno, Semicurado y Curado",
53a46da5b0d3af9433000f9b,Hacendado,Chicle original frutas grageas sin azucar,Paquete 32 u,1,Chocolates y Dulces > Golosinas > Chicles,Chicles,https://a2.soysuper.com/176709c8c7491741ec728f889935c1ec.110.110.0.min.wmark.476471dc.jpg
5695330c98ec917463716297,Hacendado,Pimiento choricero conserva (carne de pimiento),Tarro 140 g,1.53,"Conservas, Sopas, Aceites y Condimentos > Platos Preparados en Conserva > Pimientos Rellenos",Pimientos Rellenos,https://a1.soysuper.com/dcbcd24e7d998bf991fc829c66398bf0.110.110.0.min.wmark.5bc80c23.jpg
5c0097321452a03d821f5060,Hacendado,Galleta digestive avena,Caja 384 g - 8 paquetes individuales,1.65,Cereales y Galletas > Galletas > Digestive,Digestive,https://a1.soysuper.com/29ec8ee7a8665ae64086fdb0602191de.110.110.0.min.wmark.a7fcc686.jpg
5c491b2d1452a053ee6c537e,Hacendado,Chocolate negro fundir 0% azúcares añadidos,Tableta 200 g,3.25,Chocolates y Dulces > Chocolates > Tabletas,Tabletas,https://a0.soysuper.com/4f7411e86be84b949bf13bbb44b36845.110.110.0.min.wmark.c3519aab.jpg
4fc9160ccc75fa2a35019f1e,Hacendado,Tomate para untar,Pack 2 tarros x 160 g,1.65,"Conservas, Sopas, Aceites y Condimentos > Salsas > Tomate para Untar",Tomate para Untar,https://a2.soysuper.com/50b89885a9fa4692fe5dd2b83945db99.110.110.0.min.wmark.671da1ea.jpg
62df8e042508c177ae4f3abd,Hacendado,Bífidus cremoso coco,Pack 4 ud x 125 g - 500 g,1.3,Lácteos y Huevos > Yogur > Con Bífidus,Con Bífidus,https://a0.soysuper.com/40d96018982c9a5c2c23e0056755cf83.110.110.0.min.wmark.836db6c5.jpg
5df4d1f12508c13f2431beea,Hacendado,Mostaza extra dulce,Bote 450 g,1.45,"Conservas, Sopas, Aceites y Condimentos > Salsas > Mostaza",Mostaza,https://a0.soysuper.com/a5111d4324b7f0964703b521e6ce04c3.110.110.0.min.wmark.e2fb1ffa.jpg
4fc912becc75fa2a3500d61c,Hacendado,Chicle fresa grageas sin azucar,Paquete 32 uds - 45 g,1,Chocolates y Dulces > Golosinas > Chicles,Chicles,https://a0.soysuper.com/acf8379a51e0e5f7871b5f8aedee406e.110.110.0.min.wmark.caef9e42.jpg
5bf9da2a722d6a259661f33c,Hacendado,Bebida arroz,Brick 1 l,1.05,"Lácteos y Huevos > Leche > Soja, Avena, Arroz,..","Soja, Avena, Arroz,..",https://a0.soysuper.com/b1dbf1b0b5b5ff2ba23a7e8e04f47b56.110.110.0.min.wmark.de840c1d.jpg
5bfddfde1452a0534469536a,Hacendado,Cereal muesli 50% frutas y frutos secos,Paquete 500 g,2.1,Cereales y Galletas > Cereales > Clásicos,Clásicos,https://a0.soysuper.com/396e914f8f831ab08d07ee190d18d3ba.110.110.0.min.wmark.0cc7c86f.jpg
641979a81452a056a8392940,Hacendado,Sazonador sabor barbacoa (contiene bolsa para horno y microondas),Paquete 57 g,1.3,"Conservas, Sopas, Aceites y Condimentos > Especias > Sazonadores",Sazonadores,https://a2.soysuper.com/59f180ce9e510728da1a6664722e4d4a.110.110.0.min.wmark.a15ee60d.jpg
55c31761c240647e4d0175e4,Hacendado,Cafe molido descafeinado natural,Paquete 250 g,3.1,"Cafés, Cacaos e Infusiones > Café > Descafeinado",Descafeinado,https://a0.soysuper.com/16c28fff5e08adb6061633f00c0e113a.110.110.0.min.wmark.f690bf1f.jpg
5927f3a22508c1131d394655,Hacendado,Aritos de surimi a la romana congelado,Paquete 600 g,3.3,Congelados > Pescados y Mariscos > Gulas y Surimi congelado,Gulas y Surimi congelado,https://a1.soysuper.com/75622603143b2fb65db6379adaf167d3.110.110.0.min.wmark.946c7fea.jpg
509509a612e3d8f9370000f5,Hacendado,Bizcochos,Paquete 300 g,2,"Panadería, Pastelería y Repostería > Bollería > Bizcocho, Mantecados y Ensaimadas","Bizcocho, Mantecados y Ensaimadas",https://a0.soysuper.com/958f2b95c02d0d85d9f4efa6ad3bbdbc.110.110.0.min.wmark.e20e2e27.jpg
5d96fff0d79187206e1a7fb4,Hacendado,Harina de garbanzo,Paquete 500 g,2,"Panadería, Pastelería y Repostería > Harina > De Garbanzos",De Garbanzos,https://a2.soysuper.com/5ea6e5f2d2ab3e5244988a9907a419ff.110.110.0.min.wmark.0d2e8ccc.jpg
64d48bebe93cdf018c63c6a3,Hacendado,Aperitivo snack redes barbacoa,Paquete 100 g,0.85,Aperitivos > Snacks > Formas,Formas,https://a2.soysuper.com/c0887545fd4910b21d2647faf1c30dc0.110.110.0.min.wmark.b6bccc13.jpg
61446dc953c97b0f696bf153,Hacendado,Guindillas picantes,Bote 290 g escurrido 125 g,1.55,Aperitivos > Encurtidos > Guindillas,Guindillas,https://a2.soysuper.com/3c1b52d09f6b19e66b927e7913b32a0b.110.110.0.min.wmark.9591294a.jpg
53bbc9534a03f4c629007667,Hacendado,Bifidus desnatado trozos piña,Pack 4 x 125 g - 500 g,1.3,Lácteos y Huevos > Yogur > Con Bífidus,Con Bífidus,https://a0.soysuper.com/e8d0a529a91430fd7ad2b8f31ffcb463.110.110.0.min.wmark.dc22f44d.jpg
5bf7bef00932f75b341dfb52,Hacendado,Vela de cumpleaños 9,Paquete 1 ud,0.85,Bazar y Casa > Decoración > Velas,Velas,https://a1.soysuper.com/36f3846a117b448ed7fd050d2e36895b.110.110.0.min.wmark.47c0f55d.jpg
52e1963cf74436793c000010,Hacendado,Fabada,Bote 860 g,2.95,"Conservas, Sopas, Aceites y Condimentos > Platos Preparados en Conserva > Legumbres",Legumbres,https://a2.soysuper.com/814aaaca486e0f365b38087f955acb78.110.110.0.min.wmark.26f5bc13.jpg
5a436dbe98ec9150f753ae52,Hacendado,Cereal avena tostada con semillas y frutos secos (granola),Paquete 400 g,2.4,Cereales y Galletas > Cereales > Clásicos,Clásicos,https://a0.soysuper.com/ea7285a852b4e152c51a95377fa20022.110.110.0.min.wmark.9b7a9821.jpg
65171af198ec916b1e6100c4,Hacendado,Bebida avena 0% azucares,Brick pack 6 x 1 l - 6 l,4.58,"Lácteos y Huevos > Leche > Soja, Avena, Arroz,..","Soja, Avena, Arroz,..",https://a0.soysuper.com/9440352e9b8d324143aebe33524ad0da.110.110.0.min.wmark.c826a643.jpg
4fc91695cc75fa2a3501c0c5,Hacendado,Sardinillas escabeche,Pack 2 x 65 g peso escurrido neto,1.95,"Conservas, Sopas, Aceites y Condimentos > Conservas de Pescado > Sardinas",Sardinas,https://a1.soysuper.com/9446b67ad3e5a4b732bd0e35a4ecdbc1.110.110.0.min.wmark.ed1f4e07.jpg
6290a1178ca63c01453f89b8,Hacendado,Piñones,Bote 70 g,3.25,Aperitivos > Frutos Secos > Piñones,Piñones,https://a2.soysuper.com/75fe92ae66baeb4737d75812bfeed31c.110.110.0.min.wmark.3d35244e.jpg
4fc911c7cc75fa2a35009c33,Hacendado,Gaseosa,Botellin 500 ml,0.34,Bebidas > Refresco > Gaseosa,Gaseosa,https://a1.soysuper.com/7b9a9e29fbd53d1d04b6f0e73b91cc61.110.110.0.min.wmark.d8ca81db.jpg
4fc916cdcc75fa2a3501cf76,Hacendado,Fideos chocolate,Paquete 100 g,1.75,"Panadería, Pastelería y Repostería > Repostería > Decoración de tartas",Decoración de tartas,https://a2.soysuper.com/6bbec110dadf10d3b3482684b4bc4e25.110.110.0.min.wmark.66cf35f2.jpg
4fc9105bcc75fa2a35003a9f,Hacendado,Zumo de tomate,Brick 1 l,1.05,Bebidas > Zumo > Tomate,Tomate,https://a2.soysuper.com/2a5691e852c42b2fd440ab19667de7d4.110.110.0.min.wmark.2495308a.jpg
4fc91353cc75fa2a3500f9eb,Hacendado,Nata para cocinar fresca,Bote 197 g,1.29,Lácteos y Huevos > Nata > Para cocinar,Para cocinar,https://a1.soysuper.com/9b4e2287d47473676ce0420a5f7e1878.110.110.0.min.wmark.809b0c23.jpg
4fc9101bcc75fa2a35002d39,Hacendado,SAL baja sodio (60 % menos),Bote 250 g,2.3,"Conservas, Sopas, Aceites y Condimentos > Especias > Sal",Sal,https://a0.soysuper.com/d3cc73d825a31a45f02f331826d15fea.110.110.0.min.wmark.54060d56.jpg
5be952701452a010286a3afa,Hacendado,Crema de soja para cocinar,Brick 200 ml,1.1,Lácteos y Huevos > Nata > Especiales,Especiales,https://a2.soysuper.com/c1befb50a092efdbecdc5e80712b5e62.110.110.0.min.wmark.864ad26b.jpg
618eec881452a006256774c6,Hacendado,Queso viejo tostado mezcla,1.64 kg aprox,22.01,"Frescos y Charcutería > Queso > Tierno, Semicurado y Curado","Tierno, Semicurado y Curado",https://a1.soysuper.com/32e869fe42d40bdd832b1892b9c6d634.110.110.0.min.wmark.21b4e412.jpg
63db6e932508c1603d70ed38,Hacendado,Oreja guisada (abre facil),Bote 380 g,2.55,"Conservas, Sopas, Aceites y Condimentos > Platos Preparados en Conserva > Carne",Carne,https://a0.soysuper.com/424e4b3458b82d408429857e4c515f00.110.110.0.min.wmark.cd973505.jpg
5f2d7fa1e93cdf694724d125,Hacendado,Acelga cocida troceada en conserva,Tarro 425 g neto escurrido,1.8,"Conservas, Sopas, Aceites y Condimentos > Conservas Vegetales > Acelgas",Acelgas,https://a0.soysuper.com/20979e0a2bae7cdbf7451589641a5e39.110.110.0.min.wmark.576e45c3.jpg
4fc90fbfcc75fa2a3500178c,Hacendado,Leche entera calcio,Brik 1 l,1.17,Lácteos y Huevos > Leche > Entera,Entera,https://a2.soysuper.com/2feff2ad39cc970b97e216fae138c7e7.110.110.0.min.wmark.fc937cd4.jpg
64e754b3722d6a077866589e,Hacendado,Atun en aceite girasol (abre facil solapin),3 uds x 175 g,3.85,"Conservas, Sopas, Aceites y Condimentos > Conservas de Pescado > Atún",Atún,https://a1.soysuper.com/9fb789e43732016c0626d219f66200e7.110.110.0.min.wmark.91c1e775.jpg
5a125f7098ec91783552f0e1,Hacendado,Queso fresco de vaca,Tarrina 250 g,1.6,Frescos y Charcutería > Queso > Fresco y para Ensaladas,Fresco y para Ensaladas,https://a1.soysuper.com/852a3727fe6edab233c325d120a26690.110.110.0.min.wmark.045bf870.jpg
5462eb70d9f5a9776600284c,Hacendado,Mermelada tomate,Tarro 440 g,1.95,"Conservas, Sopas, Aceites y Condimentos > Conservas Dulces > Confituras y Mermeladas",Confituras y Mermeladas,https://a2.soysuper.com/6a1e983447e45822228e7c1ed2a08f2e.110.110.0.min.wmark.e603feb1.jpg
4fc9168ccc75fa2a3501be5a,Hacendado,Bonito norte en escabeche,Lata 140 g peso escurrido neto,3.45,"Conservas, Sopas, Aceites y Condimentos > Conservas de Pescado > Bonito del Norte",Bonito del Norte,https://a2.soysuper.com/0987f40514d5822e4d8e684733f58501.110.110.0.min.wmark.db068370.jpg
5012f0e4238436c85d000248,Hacendado,Pan tostado blanco tostas mini (rectangulares extraplanas),Caja 100 g,1.33,"Panadería, Pastelería y Repostería > Pan > Pan Tostado",Pan Tostado,https://a1.soysuper.com/ff7f71a1e43a0f25e1e04b6391911615.110.110.0.min.wmark.254cfa2a.jpg
656d9b712508c119fd240980,Hacendado,Rosca fresca jamon curado queso emmental,U 450 g,3.7,Frescos y Charcutería > Platos Preparados > Calientes,Calientes,https://a1.soysuper.com/b6e26bab422b87a91ea68c27f7479fe0.110.110.0.min.wmark.6eb31dc6.jpg
5b0571f4722d6a3ebb2aa338,Hacendado,Rosada congelada escalopines sin piel,Paquete 500 g peso neto escurrido,8.54,Congelados > Pescados y Mariscos > Rosada,Rosada,https://a0.soysuper.com/2e2b84569c51cba42840a6df9a9114c6.110.110.0.min.wmark.db47ebb7.jpg
4fc90f8dcc75fa2a35000b4c,Hacendado,Pan de molde blanco,Paquete 460 g,0.8,"Panadería, Pastelería y Repostería > Pan > Pan de Molde",Pan de Molde,https://a2.soysuper.com/d8fc885d107164a4f6d996be7131c05d.110.110.0.min.wmark.20392c4d.jpg
5100819c6d8eb4753e00001f,Hacendado,Queso mascarpone,Tarrina 250 g,2.75,Frescos y Charcutería > Queso > Quesos Internacionales,Quesos Internacionales,https://a1.soysuper.com/99909c34fef2960ca4370d688071924b.110.110.0.min.wmark.778938f4.jpg
4fc912becc75fa2a3500d61d,Hacendado,Chicle menta suave grageas sin azucar (paquete blanco),Paquete 32 u,1,Chocolates y Dulces > Golosinas > Chicles,Chicles,https://a0.soysuper.com/9ca76208fbb48fbe4d293bcba7155739.110.110.0.min.wmark.f1adb420.jpg
5c5145df98ec9130a378790a,Hacendado,Chopped,500 g,2.25,Frescos y Charcutería > Charcutería > Chopped,Chopped,https://a1.soysuper.com/2652e393e59378cb75776a635d6413e3.110.110.0.min.wmark.0bd019c6.jpg
5c72c8fd2508c11f96549221,Hacendado,Tarta red velvet congelada,700 g,10,Congelados > Pan y Repostería > Tartas,Tartas,https://a1.soysuper.com/0e3cd4ab83ec0becf779d2a0b03e0201.110.110.0.min.wmark.8bd10da7.jpg
5ab0d75f722d6a0c844e099c,Hacendado,Helado palo bombon mini nocciola (cobertura doble de crema cacao y avellana),Caja 8 u x 60 ml,3.16,Congelados > Helados > Bombón Helado,Bombón Helado,https://a2.soysuper.com/36c3c14cde19b58f8a4c8be3eb8ab678.110.110.0.min.wmark.735731c8.jpg
5801ddff53c97b1a14660149,Hacendado,Bebida isotonica blue,Botella 1500 ml,1.55,Bebidas > Bebida Isotónica > Normal,Normal,https://a1.soysuper.com/d573796cb2e4d828e91ec14b9d6e56d6.110.110.0.min.wmark.b82cf021.jpg
62454e58e93cdf6a27544687,Hacendado,Cafe soluble cappuccino descafeinado,Bote 250 g,3.1,"Cafés, Cacaos e Infusiones > Café > Descafeinado",Descafeinado,https://a2.soysuper.com/a3662d8ab674c22f1c43c06f28d57a2f.110.110.0.min.wmark.5eb5a02d.jpg
51dc67f1edb8723314000032,Hacendado,Helado palo bombon mini almendrado,Pack 8 x 60 ml,3,Congelados > Helados > Bombón Helado,Bombón Helado,https://a1.soysuper.com/c0d7c378068a4aad29dfe906c3696d55.110.110.0.min.wmark.2202f5ea.jpg
51ef0515e6340bcc44000021,Hacendado,Yogur cremoso natural azucarado sin lactosa,Pack 4 x 125 g - 500 g,1.55,Lácteos y Huevos > Yogur > Cremoso,Cremoso,https://a0.soysuper.com/173fe5eca9c3bd5a2b005740477ef6d0.110.110.0.min.wmark.320ada2d.jpg
6370a5591452a002e42ab27c,Hacendado,Rosquilletas planas 100 % espelta integral y cereales (snack),150 g,1.33,"Panadería, Pastelería y Repostería > Pan > Picos y Crackers",Picos y Crackers,https://a0.soysuper.com/f0d48c3aa5ec591135ba4762212d053e.110.110.0.min.wmark.f4b6e51f.jpg
4fc9168fcc75fa2a3501bf3d,Hacendado,Mejillon salsa vieira 13/18 pequeños,Lata 111 g escurrido 65 g,2,"Conservas, Sopas, Aceites y Condimentos > Conservas de Marisco > Mejillones",Mejillones,https://a2.soysuper.com/b9da3fe1216d24180bebc908faa44ccc.110.110.0.min.wmark.ac848517.jpg
62c7d6281452a0483b1a1204,Hacendado,Bebida soja chocolate (sin azucares añadidos),Brick 1 l,1.1,"Lácteos y Huevos > Leche > Soja, Avena, Arroz,..","Soja, Avena, Arroz,..",https://a1.soysuper.com/50f20f5d80afcd3d74ea46f4c41e8624.110.110.0.min.wmark.9b316f32.jpg
5012f093238436c85d0001f7,Hacendado,Helado sandwich mini chocolate y nata,Pack 6 x 80 ml,2.62,Congelados > Helados > Sándwich,Sándwich,https://a2.soysuper.com/6792d117c15c0494e3d7f31669fdc694.110.110.0.min.wmark.bc4a05c1.jpg
5495b05ca0ccbe281500dda0,Hacendado,Preparado lacteo crecimiento cacao y cereales a partir 1 año,6 x 200 ml,2.31,Lácteos y Huevos > Leche > Especiales,Especiales,https://a2.soysuper.com/060d1397dcbbe03c2f6d7b1775604abb.110.110.0.min.wmark.44a29caa.jpg
5d381996e93cdf1f4e1764a4,Hacendado,Bebida isotónica de limón,"Pack 6 latas x 33 cl - 1,98 l",2.67,Bebidas > Bebida Isotónica > Limón,Limón,https://a1.soysuper.com/1f36dae841a82b0ec677e95787c89b51.110.110.0.min.wmark.e215dac3.jpg
4fc915cbcc75fa2a35018f3a,Hacendado,Albahaca (tapon verde),Bote 20 g,1.22,"Conservas, Sopas, Aceites y Condimentos > Especias > Albahaca",Albahaca,https://a2.soysuper.com/7641ecd27f1bfcf793e3f52f0b151093.110.110.0.min.wmark.caf274fc.jpg
62c7d628e6ed40108b6a05a3,Hacendado,Bebida soja chocolate (sin azucares añadidos),Pack 6 x 1 l - 6 l,6.6,"Lácteos y Huevos > Leche > Soja, Avena, Arroz,..","Soja, Avena, Arroz,..",https://a0.soysuper.com/1ae7aa0defe3387ad469edf97184dc19.110.110.0.min.wmark.bd5a3122.jpg
65563353722d6a17c6520157,Hacendado,Cebolla caramelizada,Tarro 190 g,1.7,"Conservas, Sopas, Aceites y Condimentos > Conservas Vegetales > Cebolla en conserva",Cebolla en conserva,https://a0.soysuper.com/d09bb0ca39ca2d864761b0727794733f.110.110.0.min.wmark.01b1f400.jpg
60473628722d6a51b727fdaf,Hacendado,Chorizo pavo lonchas,Pack 4 x 37.5 g - 150 g,2.8,Frescos y Charcutería > Charcutería > Chorizo,Chorizo,https://a1.soysuper.com/fa2e087e7fcd574c8daed152df95fe0b.110.110.0.min.wmark.7496c885.jpg
5c9f3a3253c97b5829159898,Hacendado,Helado vainilla,"Tarrina 1000 ml, 500 g",2.41,Congelados > Helados > Tarrina,Tarrina,https://a2.soysuper.com/c161a6a087418566bd612961a6196bdc.110.110.0.min.wmark.2809cb1d.jpg
576ee02498ec915bb91967b1,Hacendado,Sardina aceite oliva,U- 234 g,2.16,"Conservas, Sopas, Aceites y Condimentos > Conservas de Pescado > Sardinas",Sardinas,https://a2.soysuper.com/3b35b37c1b1c2ef542211039de78d437.110.110.0.min.wmark.08567b30.jpg
5784c83453c97b6f37360e64,Hacendado,Aroma de vainilla liquido,Botella 150 ml,2.01,"Panadería, Pastelería y Repostería > Repostería > Aromas y Esencias",Aromas y Esencias,https://a1.soysuper.com/a73f3c440e154b797960500163e11667.110.110.0.min.wmark.29fb0218.jpg
6066c1a71452a04f1d30fcec,Hacendado,Cafe capsula descafeinado espresso (compatible cafetera nespresso(marca de grupo societe des produits nestlé S.A. no relacionada con productos soluble,Paquete 20 u,3.85,"Cafés, Cacaos e Infusiones > Café > Cápsulas",Cápsulas,https://a0.soysuper.com/667e2b7acee6f471411bfafbac41ff3d.110.110.0.min.wmark.f7241179.jpg
5372e1a9f41df01219005eed,Hacendado,Espagueti pasta,Paquete 500 g,0.8,"Pasta, Arroz y Legumbres > Pasta > Espaguetis",Espaguetis,https://a1.soysuper.com/db7ac08ac9966f19651c99127d782a05.110.110.0.min.wmark.2c079315.jpg
5a9671042508c1687542a189,Hacendado,Alubia cocida ganxet,Tarro 295 g escurrido 210 g,2.75,"Pasta, Arroz y Legumbres > Legumbres Cocidas > Alubias cocidas",Alubias cocidas,https://a1.soysuper.com/14479fed2238d7d8b5071b059df69ef9.110.110.0.min.wmark.86f56e5b.jpg
60094c3998ec9122eb7229b8,Hacendado,Salsa mexicana,Tarro 300 g,1.25,"Conservas, Sopas, Aceites y Condimentos > Salsas > Salsas Mexicanas",Salsas Mexicanas,https://a2.soysuper.com/6aa2d3906b0060ca3289741ef068acf9.110.110.0.min.wmark.9b2ae559.jpg
5cc6f22b98ec915386351f0f,Hacendado,Aperitivo corteza trigo semielaborado (para freír),Tarrina 250 g,2.5,Aperitivos > Snacks > Cortezas y Torreznos,Cortezas y Torreznos,https://a1.soysuper.com/996eb3909959ab10525b75aa8224850a.110.110.0.min.wmark.8a59bf00.jpg
652674b498ec916b2914c995,Hacendado,Chocolatina barrita cacahuete y caramelo,216 g (paquete 6 u),1.85,Chocolates y Dulces > Chocolates > Chocolatinas,Chocolatinas,https://a1.soysuper.com/dc82d404704c9c7b4e3d99f41d3fa4ae.110.110.0.min.wmark.fc48998a.jpg
599eaee10932f77a2b26dfbf,Hacendado,Naranja con gas,Lata pack 6 x 330 ml - 1980 ml,2.22,Bebidas > Refresco > Naranja,Naranja,https://a0.soysuper.com/1505d4caf660706da0ddff42be46c73d.110.110.0.min.wmark.7b910eb2.jpg
5012ed50459c33cc5d000120,Hacendado,"Bebida 5 frutas (platano, naranja, mandarina, UVA Y manzana) (sin azucares añadidos)",6 bricks x 200 ml,1.74,Bebidas > Zumo > Mezcla de Frutas,Mezcla de Frutas,https://a2.soysuper.com/107a677b7c30526ba5d7deb5cd2ddf7c.110.110.0.min.wmark.15d4f43a.jpg
653c8b5953c97b0e675e3e28,Hacendado,Kefir liquido vegetal fresa-platano,Botella 250 g,0.9,Lácteos y Huevos > Yogur > Especiales,Especiales,https://a1.soysuper.com/638f9915b39c8ac74f5dae94f2a49f40.110.110.0.min.wmark.2dbedddc.jpg
6407fa6453c97b704803488d,Hacendado,Queso semicurado mahones pasteurizado,Unidad 360 gr,4.05,"Frescos y Charcutería > Queso > Tierno, Semicurado y Curado","Tierno, Semicurado y Curado",
5012ee470f8e48d05d000104,Hacendado,Pimienta blanca molida (tapon rojo),Bote 70 g,2.27,"Conservas, Sopas, Aceites y Condimentos > Especias > Pimienta",Pimienta,https://a1.soysuper.com/bc88705f5aaba01a866cd390e4e4362b.110.110.0.min.wmark.d8a0a6e6.jpg
5012f08629eba853230001a8,Hacendado,Rodaja de emperador ultracongelado,300 g aprox.,4.47,Congelados > Pescados y Mariscos > Pez espada congelado,Pez espada congelado,https://a0.soysuper.com/9eb096c7981c20b386c76f177be823bf.110.110.0.min.wmark.dd0304cb.jpg
624a9490e93cdf6a1f22b6fb,Hacendado,Helado caramelo salado,Bote 500 ml,3.25,Congelados > Helados > Tarrina,Tarrina,https://a2.soysuper.com/7ee7ddf73622100245df99792089f1b6.110.110.0.min.wmark.8bfa3cbf.jpg
5a72cae4722d6a2bb759acad,Hacendado,Harina migas,Paquete 1 kg,1.3,"Panadería, Pastelería y Repostería > Harina",Harina,https://a2.soysuper.com/5413935880a81e25efa090c72dd2e8ae.110.110.0.min.wmark.3f35c469.jpg
63293aa9722d6a759f3003cf,Hacendado,Gambon grande congelado (20/30 piezas aprox/caja),Caja 2 kg,23,Congelados > Pescados y Mariscos > Gambón congelado,Gambón congelado,https://a0.soysuper.com/d61b56cd05dccde9e01789a32a1af147.110.110.0.min.wmark.59c72a58.jpg
604744e6d7918702cc5e8cec,Hacendado,Levadura seca de panaderia,Pack 10 x 7 g,1.6,"Panadería, Pastelería y Repostería > Repostería > Levadura",Levadura,https://a0.soysuper.com/f80a8a69086d605626f710cde632b462.110.110.0.min.wmark.e8248c5f.jpg
5012f086459c33cc5d0001f8,Hacendado,Pulpo congelado crudo,Unidad 1300 gr,23.34,Congelados > Pescados y Mariscos > Cefalópodos congelados,Cefalópodos congelados,https://a0.soysuper.com/bef2991fe0c0b5a8620f05a866980bc3.110.110.0.min.wmark.18962ed2.jpg
5458d2e294001e8920008f6a,Hacendado,Edulcorante stevia natural granulado,Bote de 200 g,3.05,"Panadería, Pastelería y Repostería > Azúcar y Edulcorantes > Edulcorante",Edulcorante,https://a1.soysuper.com/b5ccf507e06c18a6ef5acda52a3c5ebe.110.110.0.min.wmark.ccbd5fa6.jpg
5c9a0f4d98ec9144392ea35d,Hacendado,Postre lácteo desnatado natural + proteínas,Unidad 500 g,1.41,Lácteos y Huevos > Yogur > Desnatado,Desnatado,https://a2.soysuper.com/24592b3bce34bb56d6fac7cef03f3405.110.110.0.min.wmark.7d336352.jpg
5b8adbd6722d6a43ba4571ea,Hacendado,Agua con gas seltz,Botella 500 ml,0.33,Bebidas > Agua > Con Gas,Con Gas,https://a2.soysuper.com/b63174dca15a32a7d7cd402711811d71.110.110.0.min.wmark.a871c4e2.jpg
6005d82198ec913ff43d50a5,Hacendado,Mermelada fresa monodosis,Pack 10 x 25 g - 250 g,1.5,"Conservas, Sopas, Aceites y Condimentos > Conservas Dulces > Confituras y Mermeladas",Confituras y Mermeladas,https://a2.soysuper.com/7d8507b72c77903e14ec856ecdebf93a.110.110.0.min.wmark.f0af47a0.jpg
61704eb0e93cdf3b23741d11,Hacendado,Bombon cocolizze: de coco con almendra,Caja 150 g,2.75,Chocolates y Dulces > Bombones > Sin chocolate,Sin chocolate,https://a2.soysuper.com/c1503727f745112444e713e3b6b03cca.110.110.0.min.wmark.d8c280e0.jpg
4fc912becc75fa2a3500d615,Hacendado,Chicle tropical xxl grageas sin azucar,100 g (paquete 25 u),1.8,Chocolates y Dulces > Golosinas > Chicles,Chicles,https://a1.soysuper.com/2737e29203ef62753f715e3eab645433.110.110.0.min.wmark.b35ab5fb.jpg
6102470d722d6a10c7473469,Hacendado,Queso añejo aceite oliva,Unidad 330 gr,5.92,"Frescos y Charcutería > Queso > Tierno, Semicurado y Curado","Tierno, Semicurado y Curado",
60a681dcd7918769a02ba62c,Hacendado,Crema pastelera para preparar,Caja 174 g (2 sobres),3.2,"Panadería, Pastelería y Repostería > Repostería > Postres para Preparar",Postres para Preparar,https://a2.soysuper.com/d28194e2d5cfa977f0aa7233c8df68c4.110.110.0.min.wmark.f404a136.jpg
622afefd2508c12fa220adbe,Hacendado,"Cafe capsula descafeinado (compatible cafetera dolce gusto*(marca de grupo societe des produits nestle, S.A. no relacionada con productos solubles, sa",Paquete 16 u,3.45,"Cafés, Cacaos e Infusiones > Café > Cápsulas",Cápsulas,https://a1.soysuper.com/6faca55f0f0629e394ab28d365693906.110.110.0.min.wmark.14a5f4b7.jpg
534ef872ad4828a843000099,Hacendado,Grissini palitos de pan con sésamo,2 paquetes x 100 g,1.42,"Panadería, Pastelería y Repostería > Pan > Picos y Crackers",Picos y Crackers,https://a0.soysuper.com/4ac965b2eae18ec2bc46c43537c17b28.110.110.0.min.wmark.e7b33967.jpg
62e7bb0098ec916b0d56e66f,Hacendado,Mermelada frambuesa,Tarro 340 g,2.38,"Conservas, Sopas, Aceites y Condimentos > Conservas Dulces > Confituras y Mermeladas",Confituras y Mermeladas,https://a0.soysuper.com/e83910c8fe2e731f551421dd30054a92.110.110.0.min.wmark.8df349dd.jpg
4fc912becc75fa2a3500d605,Hacendado,Caramelo sin azucar cafe sin gluten,Paquete 90 g,1.15,Chocolates y Dulces > Golosinas > Caramelos,Caramelos,https://a0.soysuper.com/c448164112a93a61a26e66d37f49801f.110.110.0.min.wmark.11405f8e.jpg
60ecdb78e93cdf1da53499e4,Hacendado,Vieira congelado carne (carne de vieira congelado sin concha envasado al vacio),Bandeja 213 g,9.9,Congelados > Pescados y Mariscos > Vieiras,Vieiras,https://a2.soysuper.com/01ef62087229c4e016cf3256042e0ce4.110.110.0.min.wmark.368029de.jpg
5d20b141e93cdf5f4f3c0168,Hacendado,Pastel de atún,Bandeja 260 g,2.9,Frescos y Charcutería > Platos Preparados > Refrigerados,Refrigerados,https://a2.soysuper.com/450f048fb3dee98b4d843784626a9d59.110.110.0.min.wmark.f65935a4.jpg
5012f08d238436c85d0001dd,Hacendado,Merluza congelada medallones del cabo,Paquete 485 g,4.8,Congelados > Pescados y Mariscos > Merluza,Merluza,https://a2.soysuper.com/815cca713b5ffab42e5a91e3858b3806.110.110.0.min.wmark.f9f0fc9a.jpg
6536517a722d6a681f0c751d,Hacendado,Nuez troceada,Paquete 150 g,1.79,Aperitivos > Frutos Secos > Nueces,Nueces,https://a0.soysuper.com/c1e7c1ed7d0be05be962974cb3455eea.110.110.0.min.wmark.7a31fd04.jpg
6381a16953c97b5aab3f7964,Hacendado,Pasta fresca gnocchi quesos,Paquete 400 g,2,Frescos y Charcutería > Platos Preparados > Refrigerados,Refrigerados,https://a2.soysuper.com/fde29d853d2b6a77ad280c6b34b14da3.110.110.0.min.wmark.bbd91e26.jpg
628b49d2e93cdf01563e48fa,Hacendado,Queso arzua ulloa,Pieza 800 g,7.17,Frescos y Charcutería > Queso > Quesos Nacionales,Quesos Nacionales,
56d6db4a53c97b72724ee490,Hacendado,"Helado corte 3 gustos vainilla, chocolate, nata",Caja 1000 ml,1.91,Congelados > Helados > Tarta,Tarta,https://a0.soysuper.com/793b76c91e4238e60e416ee73d10f039.110.110.0.min.wmark.66ef6b7e.jpg
600ea9b2d791874ff9397ff5,Hacendado,Yogur natural,Pack 6 u x 125 g - 750 g,1.1,Lácteos y Huevos > Yogur > Natural,Natural,https://a1.soysuper.com/efaa4a123f48f71c95da44bb07b47a96.110.110.0.min.wmark.fb4a3c7d.jpg
60c1177d98ec914359813a04,Hacendado,Colas de rape del cabo ultracongeladas,Paquete 800 g escurrido,11.95,Congelados > Pescados y Mariscos > Rape,Rape,https://a0.soysuper.com/87f682d8dd4968de0180baa0de285f3e.110.110.0.min.wmark.a95c8110.jpg
5cf4e462e93cdf24ff767fac,Hacendado,Masa filo refrigerada para hojaldres dulces y salados / bella,Paquete 250 g,1.95,Frescos y Charcutería > Platos Preparados > Refrigerados,Refrigerados,https://a2.soysuper.com/f94486af1f6530a3b1cc25c6725b7951.110.110.0.min.wmark.f5b6a0cc.jpg
598460f80932f76cd316b780,Hacendado,Golosinas moras,Paquete 200 g,1.1,Chocolates y Dulces > Golosinas > Gominolas,Gominolas,https://a2.soysuper.com/9ab8b98a76e4c91153941e736721093a.110.110.0.min.wmark.18786359.jpg
62862787e6ed4005520a74b3,Hacendado,Pimienta popurri molinillo (tapon gris),Bote 50 g,1.95,"Conservas, Sopas, Aceites y Condimentos > Especias > Pimienta",Pimienta,https://a1.soysuper.com/58c818a86e42911f9f1335b0e1ae5fe1.110.110.0.min.wmark.3340df29.jpg
5b30e10d722d6a42820e3e85,Hacendado,Zumo de naranja recién exprimido,Botella 250 ml,1.95,Bebidas > Zumo > Naranja,Naranja,https://a2.soysuper.com/b38cd1b09cc70afe4bf932eeaff49cd9.110.110.0.min.wmark.a581857f.jpg
5012ed07a1320a57230000ff,Hacendado,Cacahuete frito repelado,Paquete 250 g,0.9,Aperitivos > Frutos Secos > Cacahuetes,Cacahuetes,https://a0.soysuper.com/3ef05ed7b6b9513a44e5d5f720cdb999.110.110.0.min.wmark.d08d8bb2.jpg
640c0b911452a01c8f115e49,Hacendado,Chocolate leche relleno fresa (fussion),Tableta 110 g,1.35,Chocolates y Dulces > Chocolates > Tabletas,Tabletas,https://a1.soysuper.com/5a6f3eb28137f7562c7fcfec4b4ba039.110.110.0.min.wmark.b75050ff.jpg
5982e4490932f72a9d38a18d,Hacendado,Anchoa filete aceite oliva virgen,Lata 29 g,1.29,Frescos y Charcutería > Pescados y Mariscos > Salazón,Salazón,https://a2.soysuper.com/e2eb2b515eef3384650753515cc3349f.110.110.0.min.wmark.b335a488.jpg
504a30d836f2aaed48000007,Hacendado,Cafe capsula (compatible con cafetera sistema senseo) expresso descafeinado,Paquete 32 u,3.29,"Cafés, Cacaos e Infusiones > Café > Cápsulas",Cápsulas,https://a2.soysuper.com/c2793ebc99753c2174007c437286fe00.110.110.0.min.wmark.ad62e915.jpg
5012eca60f8e48d05d0000bb,Hacendado,Helado sin azucar añadido palo bombon mini,Caja de 8 u x 57 ml,2.99,Congelados > Helados > Bombón Helado,Bombón Helado,https://a2.soysuper.com/2ca91b686bb96ce3b6fa5d2945050a37.110.110.0.min.wmark.55486a70.jpg
536023341eb3944f2a00021f,Hacendado,Habas (michirones) congeladas,Paquete 1 kg,2.91,"Congelados > Verduras, Hortalizas y Legumbres congeladas > Habas congeladas",Habas congeladas,https://a2.soysuper.com/2d0e320d2a97f8b31914e22e387f0355.110.110.0.min.wmark.47072be0.jpg
4fc90fe0cc75fa2a35001f69,Hacendado,Cafe grano descafeinado Nº3 (medio),Paquete 500 g,6.8,"Cafés, Cacaos e Infusiones > Café > Descafeinado",Descafeinado,https://a0.soysuper.com/6206c1730111e469aa2ca9c5cdd2e21e.110.110.0.min.wmark.5f39a552.jpg
6516eb8c1452a006d0410d51,Hacendado,Rollo con sabor avellana,42 g aprox,0.24,"Panadería, Pastelería y Repostería > Bollería > Bizcocho, Mantecados y Ensaimadas","Bizcocho, Mantecados y Ensaimadas",https://a0.soysuper.com/42c65a2bf609e4a82822f11a08c17dbf.110.110.0.min.wmark.d3a74b03.jpg
57f4c6d198ec911963110a66,Hacendado,Vinagre de vino Pedro Ximénez reducción,Botella de 300 g,2.25,"Conservas, Sopas, Aceites y Condimentos > Vinagre > De Jerez",De Jerez,https://a1.soysuper.com/6c557f1500d509559709fc0604f10fd8.110.110.0.min.wmark.6dc86b62.jpg
65d97c391452a031f9431d7a,Hacendado,Caña choco rellena crema,255 g (paquete 3 u),1.7,"Panadería, Pastelería y Repostería > Bollería > Cañas, Palmeras y Napolitanas","Cañas, Palmeras y Napolitanas",https://a2.soysuper.com/eeec90cc5e5547d339ced8da1ceb75e9.110.110.0.min.wmark.e0657351.jpg
5aebf121722d6a411459bd31,Hacendado,Calamar entero limpio congelado,Paquete 950 g,9.18,Congelados > Pescados y Mariscos > Cefalópodos congelados,Cefalópodos congelados,https://a1.soysuper.com/e7065761e55ebbc44e9b255953694cfb.110.110.0.min.wmark.77138bf5.jpg
632ff8c1e6ed400ac91d5f66,Hacendado,Langostino congelado crudo mediano,Caja 600 g,5.95,Congelados > Pescados y Mariscos > Langostinos,Langostinos,https://a2.soysuper.com/2cfc6ccdb6181d638fa90fb60184377e.110.110.0.min.wmark.fa4862df.jpg
4fc90fc8cc75fa2a350019b6,Hacendado,Café soluble descafeinado,Caja 10 sobres (20 g),1.2,"Cafés, Cacaos e Infusiones > Café > Descafeinado",Descafeinado,https://a1.soysuper.com/f68c18efba09eec0b3d34372a1ccbc3e.110.110.0.min.wmark.a297af5d.jpg
658b442098ec9149f08966c8,Hacendado,"Ostra rizada viva (entregas jueves, viernes y sabados)",Bandeja 400 g,6.5,Frescos y Charcutería > Pescados y Mariscos > Mariscos,Mariscos,https://a1.soysuper.com/554e9e1fd532489bfdbe8dd5eb2b8af1.110.110.0.min.wmark.c24fe8ef.jpg
65b9fb0fe6ed4001ee4d531d,Hacendado,"Chicles melones (varios sabores: melon, fresa, melocoton Y frambuesa)",Paquete 100 g,1.15,Chocolates y Dulces > Golosinas > Chicles,Chicles,https://a2.soysuper.com/f33293748577e404f8ae229ae7a5a159.110.110.0.min.wmark.613f0513.jpg
4fe4d44bd8786f413e000000,Hacendado,Clavo grano (tapón marron),Bote 42 g,1.75,"Conservas, Sopas, Aceites y Condimentos > Especias > Clavo",Clavo,https://a2.soysuper.com/4454375471a75b1e36fe451869e79460.110.110.0.min.wmark.2380c44c.jpg
50138ae2459c33cc5d00049f,Hacendado,Emperador congelado rodaja pequeña,Paquete 900 g,12.56,Congelados > Pescados y Mariscos > Pez espada congelado,Pez espada congelado,https://a1.soysuper.com/0e990ed356b133fa7777cf756de96d6b.110.110.0.min.wmark.1781617e.jpg
618eec8898ec9127912750eb,Hacendado,Muslo de pato confitado,Bandeja 300 g aprox,6.3,Frescos y Charcutería > Platos Preparados > Refrigerados,Refrigerados,https://a2.soysuper.com/8968beffc40976d5970ff9c6deba2774.110.110.0.min.wmark.f4447e34.jpg
54734f2464a48e942701b979,Hacendado,Yogur desnatado coco,Pack 6 x 125 g - 750 g,1.25,Lácteos y Huevos > Yogur > Desnatado,Desnatado,https://a0.soysuper.com/833bc5d35fdfef04c7381ce0e5f17c3a.110.110.0.min.wmark.15f00aa3.jpg
593c798698ec911009596f4c,Hacendado,Panecillo pulguitas,240 g (paquete 6 u),1.05,"Panadería, Pastelería y Repostería > Pan > Pan Fresco",Pan Fresco,https://a0.soysuper.com/19a865bac1f6697a28470ee7c42e4888.110.110.0.min.wmark.0d807c25.jpg
51734bf5c9c84a5e2d0000ae,Hacendado,Edulcorante stevia sobres,Caja 54 u,2.09,"Panadería, Pastelería y Repostería > Azúcar y Edulcorantes > Edulcorante",Edulcorante,https://a2.soysuper.com/99a3891dcfeec130b01aa62e9706035f.110.110.0.min.wmark.6861e5e9.jpg
5f3c4bf40932f73015293e14,Hacendado,Tsatsiki,Tarrina 220 g,1.9,Frescos y Charcutería > Platos Preparados > Refrigerados,Refrigerados,https://a0.soysuper.com/47b9915930b24fbe3db03b66faf60319.110.110.0.min.wmark.5364b9d2.jpg
56efe4cc1452a027c0004bae,Hacendado,Helado cono nata fresa,6 x 120 ml,2.23,Congelados > Helados > Conos,Conos,https://a2.soysuper.com/c3c19665df71477960687f0e7d6819ff.110.110.0.min.wmark.8c7a3f03.jpg
64db296a0932f76f0314f8ba,Hacendado,Hueva de Maruca,Paquete 170 g aprox,9.1,Frescos y Charcutería > Pescados y Mariscos > Salazón,Salazón,https://a1.soysuper.com/dea7455fd1db551ae845596c5d226bac.110.110.0.min.wmark.3991a2b8.jpg
5d14bcd9722d6a1478624376,Hacendado,Refresco de cola zero,"Pack 8 latas x 33 cl - 2,64 cl",2.56,Bebidas > Refresco > Cola,Cola,https://a0.soysuper.com/f01dae6e49ab563b1a5a1a810f1e7938.110.110.0.min.wmark.b218d9af.jpg
5d0204b11452a026ab3bfaa8,Hacendado,Cereal relleno chocolate y avellanas sin gluten,Paquete 400 g,2.25,Cereales y Galletas > Cereales > Clásicos,Clásicos,https://a0.soysuper.com/f86faba1ae7272e27e2357158983edcd.110.110.0.min.wmark.e0f9f438.jpg
553f415653c97b76686697b3,Hacendado,Helado palo hielo chocolate,Pack 10 x 75 ml,2.3,Congelados > Helados > Polos,Polos,https://a0.soysuper.com/bd495d615be0ed144b0a466ff35211e6.110.110.0.min.wmark.3e36b258.jpg
4fc916d4cc75fa2a3501d171,Hacendado,Anchoa filete aceite oliva,Paquete 110 g neto escurrido,6.75,Frescos y Charcutería > Pescados y Mariscos > Salazón,Salazón,https://a0.soysuper.com/e55839d47d1e206398330317876aa4a2.110.110.0.min.wmark.aa474a35.jpg
65bb808ce6ed4001d01a9fa5,Hacendado,Panecillo horno,495 g (paquete 11 u),1.14,"Panadería, Pastelería y Repostería > Pan > Pan Fresco",Pan Fresco,https://a1.soysuper.com/6317f00cb6976aa51e55ffcb04e13cb7.110.110.0.min.wmark.214a9668.jpg
50b942982fd821e23a000068,Hacendado,Sal para ahumar,Bote 750 g,3.35,"Conservas, Sopas, Aceites y Condimentos > Especias > Sal",Sal,https://a2.soysuper.com/ff99e70e7adf490fc39c33811fb52c3b.110.110.0.min.wmark.0a5aa8c8.jpg
5012f0afa1320a57230001cd,Hacendado,Verdura paella congelada,Paquete 450 g,0.95,"Congelados > Verduras, Hortalizas y Legumbres congeladas > Judías verdes congeladas",Judías verdes congeladas,https://a1.soysuper.com/2ae102822f78a16ddc83f9f18694196d.110.110.0.min.wmark.39122cd6.jpg
60f1090ee93cdf47907720a2,Hacendado,Kefir liquido vegetal coco,Botella 250 g,1.1,Lácteos y Huevos > Yogur > Especiales,Especiales,https://a0.soysuper.com/e94cc6f46b32037754ecf88ca686a9be.110.110.0.min.wmark.636c4e2d.jpg
615e48a61452a049526022d4,Hacendado,Surtido granel rollo sabor nata,Unidad 80 gr,0.46,"Panadería, Pastelería y Repostería > Bollería > Varios",Varios,
63293969d7918726626c5f94,Hacendado,Dorada entera limpia fresca,Unidad 400 gr,5.84,Frescos y Charcutería > Pescados y Mariscos > Pescado Semigraso,Pescado Semigraso,
5c80f1f21452a06f7023f1fe,Hacendado,Mantequilla de irlanda con sal,Pastilla 250 g,2.83,Lácteos y Huevos > Mantequilla > Con sal,Con sal,https://a2.soysuper.com/8d42ce60ba68d3188f83cef6672126a2.110.110.0.min.wmark.ae16e8e7.jpg
5d513666e93cdf0b251689fc,Hacendado,Fiambre carne mechada al horno lonchas,Paquete 150 g,2.7,Frescos y Charcutería > Charcutería > Pavo charcutería,Pavo charcutería,https://a2.soysuper.com/e8f261127fb389c64b3d12f4f74cf054.110.110.0.min.wmark.413f5b6d.jpg
620a2039722d6a5d37084648,Hacendado,Cacao soluble 0% azucares añadidos,Bote 450 g,3.15,"Cafés, Cacaos e Infusiones > Cacao > Soluble",Soluble,https://a1.soysuper.com/d1ee311acc8e9ac610c701ac261164a3.110.110.0.min.wmark.5114a524.jpg
5ed0f02fe93cdf099a2c8e73,Hacendado,Queso semicurado cabra,Unidad 420 g,6.83,"Frescos y Charcutería > Queso > Tierno, Semicurado y Curado","Tierno, Semicurado y Curado",
4fc916bacc75fa2a3501ca4e,Hacendado,Preparado lacteo semidesnatado con fibra,Brick 1 l,1.3,Lácteos y Huevos > Leche > Semidesnatada,Semidesnatada,https://a1.soysuper.com/556c79ede80b0ef2b7139dcf8fd53f97.110.110.0.min.wmark.3b70b2ef.jpg
4fc91635cc75fa2a3501a891,Hacendado,Melocoton light,Bote 400 g escurrido 240 g,1.45,"Conservas, Sopas, Aceites y Condimentos > Conservas Dulces > Conservas de Fruta",Conservas de Fruta,https://a1.soysuper.com/a2e2d3f516d9707f6f5150f2e171ca68.110.110.0.min.wmark.56a1a258.jpg
4fc91369cc75fa2a3500fe7f,Hacendado,Leche semidesnatada cabra,Brick 1 l,1.97,Lácteos y Huevos > Leche > Especiales,Especiales,https://a1.soysuper.com/793b86762724f3c0346cea6ba6904793.110.110.0.min.wmark.f1cd8032.jpg
4fc91643cc75fa2a3501abf3,Hacendado,Zumo manzana seleccion refrigerado,Brick 1 l,1.71,Bebidas > Zumo > Refrigerados,Refrigerados,https://a2.soysuper.com/606e21b0bf131839af796996c9725191.110.110.0.min.wmark.7b4ddb9c.jpg
5bf7bef098ec9163792b0bb5,Hacendado,Vela de cumpleaños 2,Paquete 1 ud,0.85,Bazar y Casa > Decoración > Velas,Velas,https://a0.soysuper.com/e5a87a34d9d554baf05a78b9ee1af217.110.110.0.min.wmark.c181d61d.jpg
4fc91176cc75fa2a35008b0a,Hacendado,Salmorejo,Brick 1l,2.27,Frescos y Charcutería > Platos Preparados > Refrigerados,Refrigerados,https://a2.soysuper.com/959579a35e3d9fb250ac8af5234c4775.110.110.0.min.wmark.4d7e4401.jpg
53397e024450489b74000695,Hacendado,Natillas fresa,4 unidades de 125 g (500 g),1.2,Lácteos y Huevos > Postres > Natillas,Natillas,https://a0.soysuper.com/3851b32046aa24811c28855d1bcca6a6.110.110.0.min.wmark.cdec3352.jpg
64b7c349722d6a30a559184f,Hacendado,Griego natural,Pack 6 x 125 g - 750 g,1.6,Lácteos y Huevos > Yogur > Especiales,Especiales,https://a0.soysuper.com/718c6ff01e1a85d445a92abba28e1781.110.110.0.min.wmark.8e0b1def.jpg
64b0590553c97b51b828d331,Hacendado,Gamba blanca cocida fresca,Bandeja 300 g,6.95,Congelados > Platos Preparados > Pescado y Marisco,Pescado y Marisco,https://a0.soysuper.com/56b37aa5565f6220288ade9595e2008a.110.110.0.min.wmark.a478ff96.jpg
60e6a372722d6a7891624928,Hacendado,Tarta infantil (dibujo animales) trufa 8 raciones (cuadrada) pasteleria congelada,1 u - 635 g,8.5,Congelados > Pan y Repostería > Tartas,Tartas,https://a2.soysuper.com/dc7d87142e068ad31abfe49340e9cf64.110.110.0.min.wmark.5a7d0ef9.jpg
604202e353c97b0e00672646,Hacendado,Sal salero normal de mesa,Tarro 300 g,0.74,"Conservas, Sopas, Aceites y Condimentos > Especias > Sal",Sal,https://a1.soysuper.com/d630ff1d0ef50d6a1783106446ace9d1.110.110.0.min.wmark.56e85a37.jpg
633945c1e6ed4028050f5a74,Hacendado,"Cafe capsula cortado (compatible cafetera dolce gusto (marca de grupo societe des produits nestle, sa. no relacionada con cocatech,sl.))",Caja 16 u,3.45,"Cafés, Cacaos e Infusiones > Café > Cápsulas",Cápsulas,https://a1.soysuper.com/38cfdb57bca5e65729b7c182f687392b.110.110.0.min.wmark.6cdf6ba1.jpg
64efc882e93cdf32555ec1de,Hacendado,Pan molde blanco sin gluten y sin lactosa,470 g,2.69,"Panadería, Pastelería y Repostería > Pan > Pan de Molde",Pan de Molde,https://a2.soysuper.com/63cc6cad15c4882b56efb68f0b16143f.110.110.0.min.wmark.67bb2c5b.jpg
5ca8a94b722d6a5d8524f10b,Hacendado,Pimiento relleno de carne congelado,Paquete 185 g,2.1,Congelados > Platos Preparados > Pescado y Marisco,Pescado y Marisco,https://a1.soysuper.com/52784c548024e197d83d65cd4b2fd5ba.110.110.0.min.wmark.4f882bd3.jpg
60d2dc49d791873a1d4ae153,Hacendado,Yogur líquido desnatado frutos silvestres,Botella 1 l,1.52,Lácteos y Huevos > Yogur > Líquido,Líquido,https://a1.soysuper.com/28f5ecaccbaa60885f96b379f838fac2.110.110.0.min.wmark.a789d1f9.jpg
5db1a447d791873db41ba90f,Hacendado,Helado hielo flip-flap lima limon,Pack 6 x 110 ml,2.32,Congelados > Helados > Polos,Polos,https://a2.soysuper.com/8d0129dd40d24497fbe0e858dbc6c298.110.110.0.min.wmark.8d1ebaf9.jpg
622b386c1452a079a02ec5d4,Hacendado,Lima limon con gas zero,Lata pack 8 x 330 ml - 2640 ml,3.36,Bebidas > Refresco > Lima-Limón,Lima-Limón,https://a2.soysuper.com/24c13202b9753f223dd82626a38cb1c3.110.110.0.min.wmark.6a3b8ee1.jpg
4fc91680cc75fa2a3501bb16,Hacendado,Sopa deshidratada rabo de buey,Sobre 79 g,0.9,"Conservas, Sopas, Aceites y Condimentos > Sopas, Cremas, Caldos y Purés > Sopa",Sopa,https://a1.soysuper.com/d9ca0269facefd39ffbab0c99cc8c669.110.110.0.min.wmark.60149437.jpg
598c3dff0932f7017c595dea,Hacendado,Edulcorante stevia liquida,Botella 150 ml,2.03,"Panadería, Pastelería y Repostería > Azúcar y Edulcorantes > Edulcorante",Edulcorante,https://a0.soysuper.com/d78daa8f5605c2fccb32a83661093943.110.110.0.min.wmark.377d1559.jpg
64fac6d9d7918763bb44c7f7,Hacendado,Helado capuccino,Tarrina 950 ml,3.26,Congelados > Helados > Tarrina,Tarrina,https://a0.soysuper.com/5f8be8561ad9de260264daaa1d71937c.110.110.0.min.wmark.ee7e4ead.jpg
643833090932f769440d6152,Hacendado,Corvina filete fresca,Unidad 450 gr,8.96,Frescos y Charcutería > Pescados y Mariscos > Pescado Blanco,Pescado Blanco,
520eceab9795622409000042,Hacendado,Helado palo hielo naranja,Pack 10 x 75 ml,2.13,Congelados > Helados > Polos,Polos,https://a0.soysuper.com/da2a48c2fdf24348953f9b79ed02d78c.110.110.0.min.wmark.8e9bf406.jpg
653fb52dd7918748b2533dc9,Hacendado,Arroz albufera,Paquete 1 kg,2.95,"Pasta, Arroz y Legumbres > Arroz > Blanco",Blanco,https://a0.soysuper.com/c66df643ec77154e0faff0bf811f352e.110.110.0.min.wmark.cd5e0c7d.jpg
540eaac66b1ee60806006b4d,Hacendado,"Wrapidos texas (ensalada variada,tomate, salsa ranchera,pollo TEX mex, queso, 4 tortitas Y tenedor) fresh",Tarrina 300 g,3.1,Frescos y Charcutería > Platos Preparados > Refrigerados,Refrigerados,https://a1.soysuper.com/a03adf01c3ab84b7a74f5ded4e6ece93.110.110.0.min.wmark.24a8d4d9.jpg
603d94832508c1296f33d3da,Hacendado,Queso fresco de cabra ahumado,Tarrina 350 g,4.05,Frescos y Charcutería > Queso > Fresco y para Ensaladas,Fresco y para Ensaladas,https://a1.soysuper.com/a08df0934733b23ae9da0c6f3b0c9898.110.110.0.min.wmark.b904308f.jpg
651ef7db98ec916b2105834a,Hacendado,Alcachofa en aceite conserva (corazones enteros),Bandeja 260 g,3,"Conservas, Sopas, Aceites y Condimentos > Conservas Vegetales > Alcachofa",Alcachofa,https://a2.soysuper.com/ec476eb7b2bcd1b8c612fbe104758893.110.110.0.min.wmark.84f50829.jpg
63f3cfc6e93cdf4ab13db088,Hacendado,Panes pipas calabaza (snack),Paquete 80 g,0.85,"Panadería, Pastelería y Repostería > Pan > Pan Tostado, Aperitivos","Pan Tostado, Aperitivos",https://a1.soysuper.com/dc78428bc869c894a06db91f8ef78a05.110.110.0.min.wmark.52c22f04.jpg
618f48260932f70ab3586418,Hacendado,Queso curado DOP manchego de oveja,350 g aprox,7.17,"Frescos y Charcutería > Queso > Tierno, Semicurado y Curado","Tierno, Semicurado y Curado",https://a0.soysuper.com/dd7da14fc18d05346a921c2b3d38d9f5.110.110.0.min.wmark.4853cf9c.jpg
53bbc93602f538bc29007d5a,Hacendado,Bifidus desnatado fibras trozos cereales y kiwi,Pack 4 x 125 g - 500 g,1.35,Lácteos y Huevos > Yogur > Con Bífidus,Con Bífidus,https://a0.soysuper.com/312c1c862a583b1a263251be287d465e.110.110.0.min.wmark.53f3ff80.jpg
6114c796e93cdf218e086729,Hacendado,Queso semicurado mezcla pieza,3000 g,18,"Frescos y Charcutería > Queso > Tierno, Semicurado y Curado","Tierno, Semicurado y Curado",https://a2.soysuper.com/3cc60097df3adf814d0d81bcfad9ebac.110.110.0.min.wmark.306eee52.jpg
53e2020e45a112b045005cca,Hacendado,Preparado lacteo liquido infantil crecimiento con hierro a partir 1 año,Brick pack 6 x 1 l - 6 l,8.4,Bebés y Niños > Alimentación Infantil > Leche infantil,Leche infantil,https://a2.soysuper.com/634db29608223ea92c701b59ed2216ad.110.110.0.min.wmark.76c76c21.jpg
5d1fa42653c97b2c4963a869,Hacendado,Cola zero (azucar) zero (cafeina),Lata pack 8 x 330 ml - 2640 ml,2.56,Bebidas > Refresco > Cola,Cola,https://a1.soysuper.com/3864f1bb35732a2b12c05485c5699f61.110.110.0.min.wmark.31dfe1ac.jpg
616f6bac722d6a6cb80d1c98,Hacendado,Turron blando porciones ***sujeto a disponibilidad***,200 g (paquete 8 u),3,Chocolates y Dulces > Dulces de navidad > Turrón,Turrón,https://a1.soysuper.com/80f6e3440f2c0d4c473fdd5c41727332.110.110.0.min.wmark.30b208a5.jpg
5b618cff53c97b5cda24878b,Hacendado,Queso fresco villalon vaca y oveja,Tarrina 250 g,2.3,Frescos y Charcutería > Queso > Fresco y para Ensaladas,Fresco y para Ensaladas,https://a1.soysuper.com/6183815e13cfb908cf7440bd98b22571.110.110.0.min.wmark.c6ada080.jpg
630d60d5d791872dff78ad22,Hacendado,Pan espiga (15% masa madre),1 u - 400 g,1.05,"Panadería, Pastelería y Repostería > Pan > Pan Fresco",Pan Fresco,
636a57f6e93cdf0ee46458a8,Hacendado,Pulpo crudo congelado,Paquete 1 kg aprox,17.95,Congelados > Pescados y Mariscos > Cefalópodos congelados,Cefalópodos congelados,https://a0.soysuper.com/b7324659e5d76eee85f5717eff897575.110.110.0.min.wmark.04120aa8.jpg
5012ee4729eba85323000104,Hacendado,Sazonador burrito,Sobre 40 g,1.3,"Conservas, Sopas, Aceites y Condimentos > Especias > Sazonadores",Sazonadores,https://a0.soysuper.com/d365fc844fc5db9477132991288e2e1b.110.110.0.min.wmark.ab7c70cf.jpg
599eaee20932f77a2b26dfc0,Hacendado,Naranja con gas,Lata 330 ml,0.37,Bebidas > Refresco > Naranja,Naranja,https://a0.soysuper.com/a0bcb91e272a3841f4b42a2ebb5531ae.110.110.0.min.wmark.4b21f22a.jpg
62b9f6b52508c13b784436f6,Hacendado,Merluza fresca porciones,Unidad 300 gr,8.09,Frescos y Charcutería > Pescados y Mariscos > Pescado Blanco,Pescado Blanco,
5d20b141e93cdf5f4f3c0167,Hacendado,Albóndigas guisadas,Bandeja 275 g,2.65,Frescos y Charcutería > Platos Preparados > Calientes,Calientes,https://a2.soysuper.com/ee826ab1481af500a6f72ce6a05caf7c.110.110.0.min.wmark.e3ae27b7.jpg
5aed962953c97b48ec474af1,Hacendado,Leche fermentada laban,Botella 1 l,1.6,Lácteos y Huevos > Leche > Especiales,Especiales,https://a1.soysuper.com/bc572ea7cfecdde5ed95b0afdef4c74c.110.110.0.min.wmark.04ce8743.jpg
5a549e4e722d6a413d1da951,Hacendado,Tintorera congelada rodaja sin piel,Unidad 650 gr,5.36,Congelados > Pescados y Mariscos > Tintorera,Tintorera,
6406ec4453c97b504f1bf981,Hacendado,Bebida avena chocolate,Minibrick pack 3 x 250 ml - 750 ml,1.6,"Lácteos y Huevos > Leche > Soja, Avena, Arroz,..","Soja, Avena, Arroz,..",https://a0.soysuper.com/253a62da97ba38ffd9a357c9fa30cd99.110.110.0.min.wmark.857dede3.jpg
5c65dfe90932f75ad9398324,Hacendado,Galleta agua cream crakers,Paquete 200 g,0.8,Aperitivos > Snacks > Galletas Saladas,Galletas Saladas,https://a2.soysuper.com/f2e15b2125e28ecd24514f42d6601992.110.110.0.min.wmark.abe695e5.jpg
610a4dd353c97b31d4147abd,Hacendado,"Tarrito de plátano, naranja y galleta a partir 4 meses",Pack 4 tarrina x 130 g - 520 g,2.7,Bebés y Niños > Alimentación Infantil > Tarritos,Tarritos,https://a1.soysuper.com/e775f6be40b4b65f4dba648f25ac86a4.110.110.0.min.wmark.8ab544b5.jpg
6382a66e0932f7673a407930,Hacendado,Huevas merluza cocidas frescas,90 g,1.95,Frescos y Charcutería > Pescados y Mariscos > Huevas,Huevas,https://a1.soysuper.com/a7bea34898729933e73626af878e0911.110.110.0.min.wmark.5102ec9d.jpg
560d031f98ec911e86288fe8,Hacendado,Bífidus de mango y piña 0% MG 0% azúcares añadidos,4 ud. x 125 g aprox,1.35,Lácteos y Huevos > Yogur > Con Bífidus,Con Bífidus,https://a1.soysuper.com/2750d85e7433bca9dc80b3045c051cdf.110.110.0.min.wmark.4cb90441.jpg
65b359fd1452a0306c4f048b,Hacendado,Calamar congelado sucio entero,Paquete 500 g,5.5,Congelados > Pescados y Mariscos > Cefalópodos congelados,Cefalópodos congelados,https://a2.soysuper.com/008958c6f5558ac0ff02d471fe904540.110.110.0.min.wmark.10d84f37.jpg
6455f39853c97b643f13f971,Hacendado,Helado sandwich mini choco cream,Caja 6 u x  85 ml,3.01,Congelados > Helados > Sándwich,Sándwich,https://a1.soysuper.com/5f40e4f8f4f5e05ac687c48f54cf9805.110.110.0.min.wmark.cada3c28.jpg
5bf7bef098ec9163792b0bb4,Hacendado,Vela de cumpleaños 6,Paquete 1 ud,0.85,Bazar y Casa > Decoración > Velas,Velas,https://a2.soysuper.com/d858afaee20fd621b689d26c43715619.110.110.0.min.wmark.df276601.jpg
612cf6bbe93cdf19242c1db6,Hacendado,Surtido granel pasta almendra bañada chocolate,Unidad 50 g,0.25,"Panadería, Pastelería y Repostería > Bollería > Varios",Varios,
633d46fa0932f76fb95aca56,Hacendado,Pan blanco mallorquin cortado (disponible en todos los tramos de entrega excepto en el primero de la mañana),1 u - 600 g,2.05,"Panadería, Pastelería y Repostería > Pan > Pan de Molde",Pan de Molde,https://a2.soysuper.com/46975a7c45d761452e4c771c55eb52b1.110.110.0.min.wmark.24da0365.jpg
5d124a051452a077ac0494b9,Hacendado,Galantina con pistacho y trufa finas lonchas,Paquete 150 g,1.85,Frescos y Charcutería > Charcutería > Galantina,Galantina,https://a0.soysuper.com/5c2ad7afdd12da4d78fc58c2738a28c8.110.110.0.min.wmark.5cdb1d54.jpg
5a02e5a01452a03c8a449c8a,Hacendado,Ñora picada (tapon rojo),Tarro 55 g,1.36,"Conservas, Sopas, Aceites y Condimentos > Especias > Ñoras",Ñoras,https://a2.soysuper.com/15d1480f9ff5c96c5bd3cee5079056b7.110.110.0.min.wmark.c1884950.jpg
63293969722d6a759f3003c5,Hacendado,Dorada a la espalda limpia fresca,Unidad 400 gr,6.23,Frescos y Charcutería > Pescados y Mariscos > Pescado Semigraso,Pescado Semigraso,
5fc833941452a042c107e1cf,Hacendado,Bizcocho de chocolate sin gluten,Paquete 200 g,2.2,"Panadería, Pastelería y Repostería > Bollería > Bizcocho, Mantecados y Ensaimadas","Bizcocho, Mantecados y Ensaimadas",https://a1.soysuper.com/8e706a30ba923f95efb744b2c11d3f34.110.110.0.min.wmark.a9eadc70.jpg
650c101fe93cdf4bba2bfa77,Hacendado,Queso curado mahones,Unidad 300 gr,3.73,"Frescos y Charcutería > Queso > Tierno, Semicurado y Curado","Tierno, Semicurado y Curado",
51c22d1a28fea2622b0000ad,Hacendado,Refresco de lima limón con gas,"Pack 6 latas x 33 cl - 1,98 l",2.22,Bebidas > Refresco > Limón,Limón,https://a2.soysuper.com/0652680a7df3ae1ba28a3dd710f6240f.110.110.0.min.wmark.c9e811d2.jpg
4fc9168ccc75fa2a3501be5e,Hacendado,Atun claro en aceite girasol omega 3 (abre fácil solapin),Lata 190 g escurrido 143 g,2.4,"Conservas, Sopas, Aceites y Condimentos > Conservas de Pescado > Atún",Atún,https://a0.soysuper.com/a2fb0ce6a8c0e4748e91151f690d0398.110.110.0.min.wmark.6cc55a4b.jpg
5d14bc9b722d6a14752a47bd,Hacendado,Refresco de cola zero,Lata 33 cl,0.32,Bebidas > Refresco > Cola,Cola,https://a0.soysuper.com/f150534726aa4e9b5bfd9db9edd4e4f7.110.110.0.min.wmark.5f5eee68.jpg
630c7078e93cdf6f7b038a15,Hacendado,Nectar melocoton,3 x 200 ml,0.95,Bebidas > Zumo > Melocotón,Melocotón,https://a0.soysuper.com/82f6d9dbefb0a8b47189a1467c7ce9f0.110.110.0.min.wmark.72536237.jpg
622b386c98ec9153075fe92e,Hacendado,Lima-limon zero,Lata 330 ml,0.42,Bebidas > Refresco > Lima-Limón,Lima-Limón,https://a1.soysuper.com/99b2cacdfa8e39ec013270f6810c1d1a.110.110.0.min.wmark.bf6a275c.jpg
50134b5a238436c85d00045d,Hacendado,"Ensalada mixta (lechuga batavia,apolo,iceberg,lechuga roja,zanahoria,col,aceitunas, maiz,tomate cherry,salsa vinagreta I tenedor) fresh",Tarrina 360 g,2.65,Frescos y Charcutería > Platos Preparados > Refrigerados,Refrigerados,https://a0.soysuper.com/2f200e1fe991b61e16036735c070c1d9.110.110.0.min.wmark.5a265e81.jpg
541a44c8580663de4400731c,Hacendado,Rosquetes de limon y anis bañadas en almibar (rosquillas),Bandeja 200 g,1.5,Chocolates y Dulces > Dulces de navidad > Roscos,Roscos,https://a0.soysuper.com/c7bb69731df4b25a56b51d1df4909aaf.110.110.0.min.wmark.d486a804.jpg
63ceb4dae93cdf321a21f537,Hacendado,Merluza rodaja descongelada,Unidad 250 gr,4.49,Frescos y Charcutería > Pescados y Mariscos > Pescado Blanco,Pescado Blanco,
6448247ce6ed40321259f4dd,Hacendado,"Rabanitos, FR",Paquete 250 g,1.2,"Frescos y Charcutería > Verduras, Hortalizas y Legumbres > Rábanos",Rábanos,https://a0.soysuper.com/d26c93c492d869d2d32c37178c81ccb4.110.110.0.min.wmark.ba0080bc.jpg
6514892d98ec916b290f7bdb,Hacendado,Chirla fresca,Bandeja 500 g,4.6,Frescos y Charcutería > Pescados y Mariscos > Mariscos,Mariscos,https://a1.soysuper.com/4c81b6e01152867247bda5bd57708d79.110.110.0.min.wmark.347dcd8c.jpg
656ae849d791874ccc15c766,Hacendado,Bebida avena chocolate,Pack 6 x 1 l - 6 l,7.5,"Lácteos y Huevos > Leche > Soja, Avena, Arroz,..","Soja, Avena, Arroz,..",https://a1.soysuper.com/2b920c28f4f6fdb96eb5888a46ede6f4.110.110.0.min.wmark.74160d7c.jpg
6585558c1452a001442e8777,Hacendado,Queso añejo mezcla iberico precortado,Unidad 300 gr,5.1,"Frescos y Charcutería > Queso > Tierno, Semicurado y Curado","Tierno, Semicurado y Curado",
62d87e12e93cdf5bde2e43eb,Hacendado,Sepìa refrigerada limpia pequeña,Bandeja 400 g aprox( (2 u),6.78,Frescos y Charcutería > Pescados y Mariscos > Cefalópodos,Cefalópodos,
65e010ef1452a05aff210dae,Hacendado,Queso semicurado oveja,Unidad 320 gr,4.32,"Frescos y Charcutería > Queso > Tierno, Semicurado y Curado","Tierno, Semicurado y Curado",
65d47e75e93cdf69c71b02ba,Hacendado,Queso tierno cabra natural,Unidad 350 gr,4.95,"Frescos y Charcutería > Queso > Tierno, Semicurado y Curado","Tierno, Semicurado y Curado",
65d609ba53c97b310c40528e,Hacendado,Queso semicurado sin lactosa mezcla,430 g aprox,5.63,"Frescos y Charcutería > Queso > Tierno, Semicurado y Curado","Tierno, Semicurado y Curado",https://a1.soysuper.com/8f56e3e1ebf627b0da3c9e4f3c5140b3.110.110.0.min.wmark.27940722.jpg
65d611678ca63c193c6a975e,Hacendado,Queso añejo tostado mezcla,370 g aprox,6.19,"Frescos y Charcutería > Queso > Tierno, Semicurado y Curado","Tierno, Semicurado y Curado",https://a1.soysuper.com/179ea7a71ec53182be51457fb91693fc.110.110.0.min.wmark.6c30e031.jpg
65d79f770932f77cb8049bc1,Hacendado,Queso curado mezcla cortado en cuñitas,330 g aprox,4.69,"Frescos y Charcutería > Queso > Tierno, Semicurado y Curado","Tierno, Semicurado y Curado",https://a1.soysuper.com/d43f0814d7534294c484a2fc992019b0.110.110.0.min.wmark.307d1a51.jpg
65e03cdbe93cdf17c45208f8,Hacendado,Queso tierno bajo en sal mezcla,350 g aprox,3.87,"Frescos y Charcutería > Queso > Tierno, Semicurado y Curado","Tierno, Semicurado y Curado",https://a1.soysuper.com/ed869319b7e6035acb50ed3ab5af072d.110.110.0.min.wmark.c28218f1.jpg
65cba6571452a0306f6828a2,Hacendado,Queso viejo intenso mezcla,330 g aprox,4.74,"Frescos y Charcutería > Queso > Tierno, Semicurado y Curado","Tierno, Semicurado y Curado",https://a0.soysuper.com/0c19739dac3e9de6be99f82803b754c0.110.110.0.min.wmark.f1fc3f5a.jpg
594ce4cd2508c12c0744224c,Hacendado,Helado palo crocan choc vainilla (con lengua sabor chocolate),Pack 6 x 75 ml,3.01,Congelados > Helados > Bombón Helado,Bombón Helado,https://a0.soysuper.com/e07cc81f5debad514c6938dc40ea461c.110.110.0.min.wmark.fe7886af.jpg
51dc67f1f0f9763714000047,Hacendado,Helado palo mini infantiles,caja de 3 bolsas x 6 u x 15 ml,1.82,Congelados > Helados > Polos,Polos,https://a2.soysuper.com/0a33ebd03af4a79b781538e57d00caf1.110.110.0.min.wmark.1dec59ed.jpg
57c4227553c97b45a51b1cd7,Hacendado,Alcachofa baby congelada,Paquete 300 g,3.05,"Congelados > Verduras, Hortalizas y Legumbres congeladas > Alcachofas congeladas",Alcachofas congeladas,https://a2.soysuper.com/6a02d3dc8e6bb5f7e7e769f1810bc349.110.110.0.min.wmark.9b94f558.jpg
624a948fe93cdf6a27557a63,Hacendado,Helado barrita cacahuete con caramelo,Caja 6 u x 50 ml,3.32,Congelados > Helados > Barra,Barra,https://a2.soysuper.com/e5c201c243d63f1fe1f6e1d699d3601f.110.110.0.min.wmark.96233f70.jpg
51dc6807a9762a7b37000015,Hacendado,Helado tutti fruti,Tarrina 1 l,3.3,Congelados > Helados > Tarrina,Tarrina,https://a0.soysuper.com/77f831f135da6c2f1af0c6e526b905b7.110.110.0.min.wmark.3e304fe5.jpg
5bb21fb20932f76a9a1dd130,Hacendado,Aceituna gordal con hueso,Tarro 700 g escurrido 400 g,3.05,Aperitivos > Aceitunas > Verdes,Verdes,https://a1.soysuper.com/871e405b9dba08c3cc8b1d7eaf89dcf7.110.110.0.min.wmark.9f321dc3.jpg
681c97de2508c17b2c6d77d1,Hacendado,Queso curado de vaca Mahón Menorca,215 g aprox,2.67,"Frescos y Charcutería > Queso > Tierno, Semicurado y Curado","Tierno, Semicurado y Curado",https://a1.soysuper.com/045aa380465566fca5553fb45770508d.110.110.0.min.wmark.71d0e162.jpg
68469bff53c97b291802a5cf,Hacendado,Pollo asado troceado,Paquete 1.21 kg aprox,7.8,Frescos y Charcutería > Platos Preparados > Refrigerados,Refrigerados,https://a2.soysuper.com/740f37e56cd4957e60f947b26576dbdc.110.110.0.min.wmark.77185f7e.jpg
69338c558ca63c3ba37fea92,Hacendado,Panecillo 51% centeno,Paquete 468 g (6 u),1.45,"Panadería, Pastelería y Repostería > Pan > Pan Fresco",Pan Fresco,
68ba7f698ca63c655610f950,Hacendado,Lenguado arena congelado entero sin piel,Paquete 400 g peso neto escurrido,7.95,Congelados > Pescados y Mariscos > Lenguado congelado,Lenguado congelado,https://a1.soysuper.com/e07703d74d34860ec9db2a7edaeb33fe.110.110.0.min.wmark.6e1bdc76.jpg
6846a050e6ed402aec6362d7,Hacendado,Pulpo crudo congelado,Paquete 1.27 kg aprox,22.8,Congelados > Pescados y Mariscos > Cefalópodos congelados,Cefalópodos congelados,https://a0.soysuper.com/b7324659e5d76eee85f5717eff897575.110.110.0.min.wmark.04120aa8.jpg
68ff4e3cd79187176b367a68,Hacendado,Cafe soluble natural clasico,50 g,2.6,"Cafés, Cacaos e Infusiones > Café > Soluble",Soluble,https://a2.soysuper.com/ba1543e0c3d4452d105cc6f4c5f14d41.110.110.0.min.wmark.0fbbff56.jpg
6799dd3c53c97b7ea94c5658,Hacendado,Panes especiales sabor fuet,Paquete 80 g,0.85,"Panadería, Pastelería y Repostería > Pan > Picos y Crackers",Picos y Crackers,https://a1.soysuper.com/b3629c99daded8c7d0f463bed55c32b1.110.110.0.min.wmark.10bd70e6.jpg
684a9888e93cdf2d0e73f342,Hacendado,Queso mozzarella fresca perlas light,Tarrina 300 g escurrido 150 g,2,Frescos y Charcutería > Queso > Fresco y para Ensaladas,Fresco y para Ensaladas,https://a1.soysuper.com/819ce02e8f01b16bb6f2e086c6b2873c.110.110.0.min.wmark.99b50c77.jpg
668746b81452a02a4e23f48b,Hacendado,Queso gorgonzola de vaca,170 g aprox,2.09,Frescos y Charcutería > Queso > Roquefort y Quesos Azules,Roquefort y Quesos Azules,https://a0.soysuper.com/52e064653ac5fc42f5666aa7c51d8c72.110.110.0.min.wmark.d48d0dca.jpg
675bfcb56c714bef7a15a2e7,Hacendado,Cigala pequeña descongelada,Unidad 300 gr,6.45,Frescos y Charcutería > Pescados y Mariscos > Mariscos,Mariscos,
69a0ceee53c97b01683c39c0,Hacendado,Rodaja de marrajo ultracongelado,250 g aprox,3.73,Congelados > Pescados y Mariscos > Marrajo,Marrajo,https://a1.soysuper.com/694ac850d4cb6f69c21ad00e960feb28.110.110.0.min.wmark.94c8289a.jpg
67836b70e6ed4011065a2fe3,Hacendado,Merluza congelada ventrescas,Paquete 400 g,3.6,Congelados > Pescados y Mariscos > Merluza,Merluza,https://a0.soysuper.com/792576c6c4583a0b39795d4d7a0e7170.110.110.0.min.wmark.53ecf588.jpg
661868d01452a02173110d9a,Hacendado,Queso semicurado de cabra Payoya,500 g aprox,9.35,"Frescos y Charcutería > Queso > Tierno, Semicurado y Curado","Tierno, Semicurado y Curado",https://a1.soysuper.com/f29d7e23d41c456a346f8fcc5ae5554c.110.110.0.min.wmark.80f93abf.jpg
662052fd8ca63c273f2a140a,Hacendado,Queso viejo con leche cruda de cabra,280 g aprox,5.52,"Frescos y Charcutería > Queso > Tierno, Semicurado y Curado","Tierno, Semicurado y Curado",https://a2.soysuper.com/19e8a9a5242a03345089de9ebfc8a7c3.110.110.0.min.wmark.1cd886a6.jpg
68fcac861452a078dd1d2d16,Hacendado,Butifarra negra,225 g aprox,2.36,Frescos y Charcutería > Charcutería > Butifarra,Butifarra,
69dc50ca91e12843c56416e2,Hacendado,Surtido dulce rosquito de azucar,Pack 3 u - 135 g,0.8,Cereales y Galletas > Galletas > Especiales,Especiales,https://a1.soysuper.com/c2eee552cdfa8584d4b081f4bb5ae870.110.110.0.min.wmark.2ba66b7c.jpg
69da27d1e93cdf416a69b5e8,Hacendado,Rosquillas al cacao,Paquete 108 g,0.65,Cereales y Galletas > Galletas > Especiales,Especiales,
69da27d291e12843e580f418,Hacendado,Surtido dulce bizcocho baño cacao,Pack 3 u - 180 g,1.05,"Panadería, Pastelería y Repostería > Bollería > Bizcocho, Mantecados y Ensaimadas","Bizcocho, Mantecados y Ensaimadas",https://a2.soysuper.com/b27514186aa1dea5725a4152e1dd9278.110.110.0.min.wmark.813a6cc4.jpg
68469bb3e93cdf2d113685f9,Hacendado,Queso curado mezcla,1.09 kg aprox,12.31,"Frescos y Charcutería > Queso > Tierno, Semicurado y Curado","Tierno, Semicurado y Curado",https://a1.soysuper.com/adc364d206cf1c7402ade232d3f3112a.110.110.0.min.wmark.53723db1.jpg
69e5e06c2508c105ee617137,Hacendado,Aceitunas verdes rellenas de jalapeño picantes,Bote 85 g escurrido,1.2,Aperitivos > Aceitunas > Verdes,Verdes,https://a2.soysuper.com/a5cf186639ebe2b4603a6ff75b9a747c.110.110.0.min.wmark.80673d9d.jpg
670831b3e6ed407eb24468b4,Hacendado,Bollo preñao horno (venta por unidades),1 u - 60 g,0.95,"Panadería, Pastelería y Repostería > Salados > Bollo Preñao",Bollo Preñao,https://a2.soysuper.com/da30bd979285d19c0b85c4e44fa20d92.110.110.0.min.wmark.9b850ab5.jpg
688f1d0253c97b3dc81c24b7,Hacendado,Garbanza cocida,Tarro 570 g escurrido 400 g,1.35,"Pasta, Arroz y Legumbres > Legumbres Cocidas > Garbanzos cocidos",Garbanzos cocidos,https://a1.soysuper.com/59500239f7daa3f6cb55668cfeacb6e9.110.110.0.min.wmark.b50069b1.jpg
68662c780932f7742f44d252,Hacendado,Cañailla cocida,Bandeja 350 g,4.3,Frescos y Charcutería > Pescados y Mariscos > Mariscos,Mariscos,https://a0.soysuper.com/6ed828467506691a95f8f6db6daeeae6.110.110.0.min.wmark.d638c370.jpg
699c7aa1a44508f947144ded,Hacendado,Aceituna verde con pepinillo,Tarro 420 g escurrido 220 g,2.25,Aperitivos > Encurtidos > Kimbo,Kimbo,https://a1.soysuper.com/a7a3795a5cede59db858e35d6d504d72.110.110.0.min.wmark.2abb0be9.jpg
6846ec5891e128e3397ac4da,Hacendado,Gamba arrocera pequeña congelada,Caja 650 g aprox,7.09,Congelados > Pescados y Mariscos > Gambas congeladas,Gambas congeladas,https://a0.soysuper.com/b061b5119c2bd5d4b665ff8066c10249.110.110.0.min.wmark.8e1e5f67.jpg
695964070932f764d964b244,Hacendado,Patatas fritas onduladas sabor sal y vinagre,Paquete 150 g,1.2,Aperitivos > Patatas Fritas > Onduladas,Onduladas,https://a1.soysuper.com/7dc98b478734b5800b787bd4abc66b1c.110.110.0.min.wmark.f77ee307.jpg
69a55ff3e6ed40692c09f678,Hacendado,Cafe grano forte,Paquete 1 kg,10.5,"Cafés, Cacaos e Infusiones > Café > En Grano",En Grano,https://a0.soysuper.com/a5a7e71d7a7b7d055e955d5b8fe2b83d.110.110.0.min.wmark.06592a20.jpg
66f176b06c714bf87b5a66d9,Hacendado,Pimientos secos,Caja 50 g,1.9,"Conservas, Sopas, Aceites y Condimentos > Especias > Pimientos Secos",Pimientos Secos,https://a0.soysuper.com/001ceba6afa992be0ba23f8325b75d7b.110.110.0.min.wmark.b967bf2a.jpg
691f5ed491e128020832efdb,Hacendado,Chorizo pamplona pimienta finas lonchas,Paquete 100 g,1.85,Frescos y Charcutería > Charcutería > Chorizo,Chorizo,https://a2.soysuper.com/c2c9d0e51f2c8701e2dae0b3aca210e1.110.110.0.min.wmark.c70f4e48.jpg
6846a00a8ca63c11a937ab02,Hacendado,Pollo asado,Paquete 1.26 kg aprox,7.12,Frescos y Charcutería > Platos Preparados > Refrigerados,Refrigerados,https://a0.soysuper.com/ff83890c68555d100c3f1d9ecd14d40f.110.110.0.min.wmark.2cd35747.jpg
67ad9ed853c97b25a430c26a,Hacendado,Langostino cocido salvaje fresco,Bandeja 300 g,3.95,Frescos y Charcutería > Pescados y Mariscos > Mariscos,Mariscos,https://a0.soysuper.com/60bf1a97a3a8c224b358241a8267bde4.110.110.0.min.wmark.9e925481.jpg
65f8130b0932f776db09a4f4,Hacendado,"Verdura fresca troceada crema de calabaza (calabaza, zanahoria, patata, puerro y cebolla), fr",Bandeja 800 g,4,"Frescos y Charcutería > Verduras, Hortalizas y Legumbres > Verduras Preparadas",Verduras Preparadas,https://a0.soysuper.com/86b4c3467b833e2ade0364b4ff9770f3.110.110.0.min.wmark.bcf36c66.jpg
665ac99fe93cdf45d32a4bb3,Hacendado,Untapan cangrejo refrigerado,Tarrina 150 g,1.5,Frescos y Charcutería > Platos Preparados > Refrigerados,Refrigerados,https://a2.soysuper.com/93e97a87a0cb43d64ac62d3e5304a772.110.110.0.min.wmark.626964e9.jpg
674e6fb3722d6a11432e1d1e,Hacendado,Yogur liquido piña-coco,Botellin pack 12 x 100 g - 1200 g,2.35,Lácteos y Huevos > Yogur > Líquido,Líquido,https://a0.soysuper.com/1e2f83ab80fa3fd46733ecfc5e73b84a.110.110.0.min.wmark.eaf48d3f.jpg
665f2475722d6a30cc49f6d4,Hacendado,Empanadilla pollo rulo horno (venta por unidades),1 u - 100 g,1.5,"Panadería, Pastelería y Repostería > Salados > Empanadillas",Empanadillas,https://a1.soysuper.com/f0959dcfebce9b0d1571247cb5f03fab.110.110.0.min.wmark.6315736d.jpg
665f24c5722d6a30cc49f6e6,Hacendado,Queque chocolate horno,U 400 g,3.35,"Panadería, Pastelería y Repostería > Bollería > Bizcocho, Mantecados y Ensaimadas","Bizcocho, Mantecados y Ensaimadas",https://a2.soysuper.com/eed9f5ce27ff313f7efc0482dd2b6ee0.110.110.0.min.wmark.10f23408.jpg
665f24c68ca63c2722439410,Hacendado,Queque nueces horno,U 400 g,3.35,"Panadería, Pastelería y Repostería > Bollería > Bizcocho, Mantecados y Ensaimadas","Bizcocho, Mantecados y Ensaimadas",https://a0.soysuper.com/2ef33401a745c6cbcc03fa69db971942.110.110.0.min.wmark.9dab0647.jpg
6912f6b9e6ed406f4e2d70e8,Hacendado,"Bifidus trozos platano , avena y chia",Pack 4 x 125 g - 500 g,1.35,Lácteos y Huevos > Yogur > Con Bífidus,Con Bífidus,https://a1.soysuper.com/5e9bb74c684a2d81eea6d0076eec5af1.110.110.0.min.wmark.42b6b2b3.jpg
661e42bf722d6a30cc3c2801,Hacendado,Queso viejo tostado cuñitas,Unidad 320 gr,5.42,"Frescos y Charcutería > Queso > Tierno, Semicurado y Curado","Tierno, Semicurado y Curado",
673c893553c97b543a66c381,Hacendado,Queso curado afrutado cuñitas,Unidad 300 gr,4.39,"Frescos y Charcutería > Queso > Tierno, Semicurado y Curado","Tierno, Semicurado y Curado",
69a85a8353c97b3486227108,Hacendado,Merluza congelada medallones argentina,Paquete 500 g,4,Congelados > Pescados y Mariscos > Merluza,Merluza,
69b06c5fd791872bd134dc04,Hacendado,Merluza congelada rodaja argentina,Paquete 600 g,4.5,Congelados > Pescados y Mariscos > Merluza,Merluza,https://a2.soysuper.com/f54731a7199d08a05215d6d1074c1817.110.110.0.min.wmark.c2790db4.jpg
663ce97f722d6a30c94fb320,Hacendado,Aperitivo snack al ajillo,Paquete 100 g,1.05,Aperitivos > Snacks > Formas,Formas,https://a2.soysuper.com/cd10a4068f1d34ac4213c6d900b322de.110.110.0.min.wmark.ca7acda1.jpg
69f3a36f0932f76d73694709,Hacendado,Guanciale taco,Unidad 300 gr,4.5,Frescos y Charcutería > Carnes > Elaboradas,Elaboradas,
5b8370bc0932f71ba73bb29e,Hacendado,Zumo maracuya con semillas de chia refrigerado,Botella 250 ml,1.65,Bebidas > Zumo > Refrigerados,Refrigerados,https://a1.soysuper.com/2e5e049c7bd94c64c1557c90c5ccf806.110.110.0.min.wmark.2090b3a4.jpg
69fb2fe8a445080c853529d9,Hacendado,Macarron grueso pasta,Paquete 500 g,0.9,"Pasta, Arroz y Legumbres > Pasta > Macarrones-Plumas",Macarrones-Plumas,https://a2.soysuper.com/7c9e8c7acfdaf7feb9f660462741e987.110.110.0.min.wmark.a70765bc.jpg
690d9cb1a44508382b076d7e,Hacendado,Lomo cabecero lonchas,Paquete pack 4 x 37.5 g - 150 g,2.7,Frescos y Charcutería > Charcutería > Lomo,Lomo,https://a2.soysuper.com/89d9c6a5bcd4ee6fdc69bdc241fed275.110.110.0.min.wmark.3a5bfa5c.jpg
6846a00b6c714bdd3e2fdfb4,Hacendado,Lomo,340 g aprox,5.95,Frescos y Charcutería > Charcutería > Lomo,Lomo,https://a0.soysuper.com/ad733df087f6d5b97ffa0aebec6e2930.110.110.0.min.wmark.2c75874b.jpg
69c3724291e128a2d23e22f9,Hacendado,Lomo cebo iberico 50% raza iberica lonchas,Unidad 110 gr,6.33,Frescos y Charcutería > Charcutería > Lomo,Lomo,
6939a2442508c1092e6bee1f,Hacendado,Surtido granel pasta almendra,Unidad 50 gr,0.29,Cereales y Galletas > Galletas > Especiales,Especiales,
6819cbb653c97b374f129b72,Hacendado,Refresco berry lime sin gas,Botella 1500 ml,1.15,Bebidas > Refresco > Mezcla de Frutas,Mezcla de Frutas,https://a0.soysuper.com/e110753504d5b7d23c7eb6fa873649e7.110.110.0.min.wmark.05740e67.jpg
68fca6cc8ca63c672d0435ff,Hacendado,Patatas fritas onduladas sabor campestre,Paquete 150 g,1.21,Aperitivos > Patatas Fritas > Onduladas,Onduladas,https://a0.soysuper.com/3f440628cb4b972713e5fec1bfb6759a.110.110.0.min.wmark.6d730049.jpg
6980c0030932f70156433ddb,Hacendado,Galletitas saladas aperitivo semillas y oregano,Paquete 250 g,1.45,"Panadería, Pastelería y Repostería > Pan > Picos y Crackers",Picos y Crackers,https://a0.soysuper.com/4660697dbe4ac23d445fedf985d36803.110.110.0.min.wmark.6817c93a.jpg
67571be52508c16879701e98,Hacendado,Postre lacteo mousse chocolate + proteinas,Pack 4 x 100 g - 400 g,2.55,Lácteos y Huevos > Postres > Mousse,Mousse,https://a1.soysuper.com/a1a518dfb7174397aaf3c3eeb9becdd5.110.110.0.min.wmark.d0e4afcb.jpg
68bee43ea4450801562e07bf,Hacendado,Romero (tapon verde),Bote 35 g,1.31,"Conservas, Sopas, Aceites y Condimentos > Especias > Romero",Romero,https://a1.soysuper.com/7f91fa44293403b0bc0f238998a5f634.110.110.0.min.wmark.0513c958.jpg
67812a26a44508016036e5e0,Hacendado,Bebida isotonica limon zero,"Botella 1,5 l",1,Bebidas > Bebida Isotónica > Limón,Limón,https://a1.soysuper.com/4900e32f0515d8ee679468d63d458253.110.110.0.min.wmark.a7c98f98.jpg
6613b489e93cdf5d5c18e38a,Hacendado,Helado palo bombon mango blanco,540 ml (caja 6 u),3.9,Congelados > Helados > Bombón Helado,Bombón Helado,https://a2.soysuper.com/a0372055ebd2135808aad656e38fc675.110.110.0.min.wmark.9ba5ee7e.jpg
67f9ebe1a44508635d2b75b2,Hacendado,Lomo embuchado lonchas,Paquete pack 4 x 37.5 g - 150 g,2.55,Frescos y Charcutería > Charcutería > Lomo,Lomo,https://a2.soysuper.com/f7c718309a095aae8cf933c47430b7ba.110.110.0.min.wmark.bdcb36f1.jpg
68c7ae308ca63c653c775a92,Hacendado,Bizcocho industrial,290 g (paquete 6 u),1.76,"Panadería, Pastelería y Repostería > Bollería > Bizcocho, Mantecados y Ensaimadas","Bizcocho, Mantecados y Ensaimadas",https://a2.soysuper.com/5306668dd00255860513427a56fcbc5e.110.110.0.min.wmark.b18f7134.jpg
69c37242e93cdf7e3b1e4f7a,Hacendado,Salchichon cebo iberico lonchas,Unidad 110 gr,3.19,Frescos y Charcutería > Charcutería > Salchichón,Salchichón,
66abed168ca63c017b3d83de,Hacendado,"Arreglo pelado paella marisco fresco (poton, colas de gambon pelado, langostino y calamar)",Unidad 450 gr,9.45,Frescos y Charcutería > Pescados y Mariscos > Surtido,Surtido,
6826e10a91e1282afb6f49a2,Hacendado,Pate olivas (olivada),Tarrina 150 g,2.1,"Conservas, Sopas, Aceites y Condimentos > Paté > Aceitunas",Aceitunas,https://a0.soysuper.com/1950e03305c232eef2fa6fdda61db0cf.110.110.0.min.wmark.9d8ccd52.jpg
683026592508c1405f82501a,Hacendado,Arroz marinera congelado,Paquete 350 g,2.2,Congelados > Platos Preparados > Arroz,Arroz,https://a2.soysuper.com/257af9fa35b9597aee126704fa697429.110.110.0.min.wmark.bd8e9dc9.jpg
67f5646a91e12845003d59e1,Hacendado,Gambon grande congelado,Caja 500 g,6,Congelados > Pescados y Mariscos > Gambón congelado,Gambón congelado,https://a2.soysuper.com/1c16bcec6b9d08f36e5c151eb1cb5196.110.110.0.min.wmark.b723b33d.jpg
68f6a5e491e1281fd4486a9f,Hacendado,Cereal copos avena chocolate,Paquete 400 g,1.85,Cereales y Galletas > Cereales > Infantiles,Infantiles,https://a1.soysuper.com/df944f65907f65412a8afb0b6bbb27df.110.110.0.min.wmark.7ddee4a4.jpg
68637ccea44508e1b7746ecd,Hacendado,Remolacha tiras conserva,Tarro 420 g escurrido 235 g,1.32,"Conservas, Sopas, Aceites y Condimentos > Conservas Vegetales > Coles",Coles,https://a2.soysuper.com/3fd88636d988170fa6d3a349b0e5c5d0.110.110.0.min.wmark.06089dd6.jpg
6810d5080932f70741541768,Hacendado,Refresco fusion frutas sin gas cero 35% zumo,Botella 1500 ml,1.15,Bebidas > Refresco > Mezcla de Frutas,Mezcla de Frutas,https://a2.soysuper.com/2384b4727e6bc91d7776d8da75dc959d.110.110.0.min.wmark.2bed362c.jpg
6753ea4f53c97b538e7e6972,Hacendado,Mortadela pavo lonchas finas,Paquete 200 g,1.5,Frescos y Charcutería > Charcutería > Mortadela,Mortadela,https://a2.soysuper.com/027ccd46bc3f9090f89811a0dca7123d.110.110.0.min.wmark.00fd97cf.jpg
67c30ab30932f7405d70dd1a,Hacendado,Aperitivo super cuquis,Paquete pack 6 x 3 u - 36 g,1.1,Aperitivos > Snacks > De Patata,De Patata,https://a2.soysuper.com/dfc8c8e271768b86db04e96db4170417.110.110.0.min.wmark.f9027404.jpg
686c38c8722d6a0a383fce78,Hacendado,Tarta de la abuela con galletas chocolate y nata 12 raciones (cuadrada) pasteleria congelada,1 u - 1200 g,11.8,Congelados > Pan y Repostería > Tartas,Tartas,https://a0.soysuper.com/62d51131bb5ed3d7221dd0eee57642bd.110.110.0.min.wmark.e40b0d7d.jpg
6798ce6753c97b7ea94c1918,Hacendado,Bizcocho cacao horno,U 410 g,3.2,"Panadería, Pastelería y Repostería > Bollería > Bizcocho, Mantecados y Ensaimadas","Bizcocho, Mantecados y Ensaimadas",https://a2.soysuper.com/45aa1fabe19c391f477525e4b88800fa.110.110.0.min.wmark.d6cf6dee.jpg
691b97f2e93cdf60797b6ea1,Hacendado,Napolitana crema 31% horno (venta por unidades),U 120 g,0.95,"Panadería, Pastelería y Repostería > Bollería > Cañas, Palmeras y Napolitanas","Cañas, Palmeras y Napolitanas",https://a2.soysuper.com/8a1c13bb39d5558122954115d791f9e9.110.110.0.min.wmark.3a7f0c6a.jpg
69d5fa45722d6a4c83578e8e,Hacendado,Piña deshidratada 100 % natural,Paquete 50 g,1.6,Aperitivos > Frutos Secos > Frutas Deshidratadas,Frutas Deshidratadas,https://a1.soysuper.com/9b1c60f06a3be2445c4bb9d2a40aa29d.110.110.0.min.wmark.f25194de.jpg
675c1470e6ed4010fe3325c9,Hacendado,Mortadela pavo aceitunas lonchas,Paquete 200 g,1.5,Frescos y Charcutería > Charcutería > Mortadela,Mortadela,https://a0.soysuper.com/de9d388b29e48dc72e9ae48f90894fb3.110.110.0.min.wmark.b588d88d.jpg
67bc36a3e93cdf3b1004e428,Hacendado,Salsa ligera boca abajo,Bote 490 ml,1.35,"Conservas, Sopas, Aceites y Condimentos > Salsas > Mayonesa",Mayonesa,https://a1.soysuper.com/481d3ffda6a7561377a6e96c438cd800.110.110.0.min.wmark.742f17f2.jpg
67e67766722d6a39c56cffd2,Hacendado,Arroz con verduras congelado,Paquete 800 g,2,Congelados > Platos Preparados > Arroz,Arroz,https://a2.soysuper.com/c724829f0eb755130faf13ed160fe51c.110.110.0.min.wmark.1a807af1.jpg
667c31e31452a04e28573076,Hacendado,Postre lacteo copa choco-nata + proteinas,1 u - 500 g,2.55,Lácteos y Huevos > Postres > Copas de postre,Copas de postre,https://a2.soysuper.com/995cad6abac1797600fd96ebb8837182.110.110.0.min.wmark.8cfea149.jpg
678b3e9553c97b33b846877a,Hacendado,Crema liquida natural lentejas refrigerada (sin conservantes),Tarrina 350 g,1.7,"Conservas, Sopas, Aceites y Condimentos > Sopas, Cremas, Caldos y Purés > Cremas",Cremas,https://a1.soysuper.com/79d8c42cecb398a49bb63472866a2d71.110.110.0.min.wmark.1d9e6826.jpg
69823e872508c10bdc22b2d5,Hacendado,Cacao soluble instantaneo ******novedad*****,Bote 800 g,3.75,"Cafés, Cacaos e Infusiones > Cacao > Soluble",Soluble,https://a2.soysuper.com/58630cd07894ffbd8f99cc4bb11a820f.110.110.0.min.wmark.f0469663.jpg
681c994f722d6a4cb62d78ed,Hacendado,Queso lonchas semicurado Mahón,Paquete 210 g aprox,2.76,"Frescos y Charcutería > Queso > Lonchas, Rallado y en Porciones","Lonchas, Rallado y en Porciones",https://a0.soysuper.com/8e54bff0cc72df8df31d1d4db5d08013.110.110.0.min.wmark.81f1a0a3.jpg
6846a35a8ca63c11a937ab36,Hacendado,Queso semicurado Mahón Menorca de vaca,350 g aprox,3.94,"Frescos y Charcutería > Queso > Tierno, Semicurado y Curado","Tierno, Semicurado y Curado",https://a2.soysuper.com/2d60b2aa07a826d730ad872f38460171.110.110.0.min.wmark.502854d1.jpg
6905a9751452a018e45e761d,Hacendado,Patata prefrita congelada waffle fries,Paquete 600 g,2.1,"Congelados > Verduras, Hortalizas y Legumbres congeladas > Patatas congeladas",Patatas congeladas,https://a1.soysuper.com/7b2fb80ce2a45620d1afda7009d9b2ba.110.110.0.min.wmark.156b8ffa.jpg
698b5374d791870e763ff3e7,Hacendado,Pate de cerdo sabor intenso,Pack 3 x 100 g - 300 g,2,"Conservas, Sopas, Aceites y Condimentos > Paté > Cerdo",Cerdo,https://a1.soysuper.com/c1c67e2eaee8b54902418184e8855195.110.110.0.min.wmark.bf55edaa.jpg
66961cb0e6ed404975011080,Hacendado,Patatas fritas lisas sabor sal y vinagre,Paquete 150 g,1.21,Aperitivos > Patatas Fritas > Lisas,Lisas,https://a2.soysuper.com/6510eb0d662feac973bc091960d694f5.110.110.0.min.wmark.f01452ef.jpg
66961cb00932f750e4382a60,Hacendado,Patatas fritas lisas chili & lima,Paquete 150 g,1.21,Aperitivos > Patatas Fritas > Lisas,Lisas,https://a2.soysuper.com/39eee610fe63619828f5ad2966ad39b4.110.110.0.min.wmark.fbad38e5.jpg
6603d4cc1452a02164728a42,Hacendado,Tarta cookies&cream 8 raciones (redonda) pasteleria congelada,1 u - 830 g,11,Congelados > Pan y Repostería > Tartas,Tartas,https://a0.soysuper.com/82e1dcf24efe214f361eb070c65ceef8.110.110.0.min.wmark.82780478.jpg
6989a737a445083e8e150125,Hacendado,Fiambre lomo cerdo cocido lonchas finas,Pack 2 x 225 g - 450 g,2.95,Frescos y Charcutería > Charcutería > Fiambres Varios,Fiambres Varios,https://a1.soysuper.com/b23215794c1ccd2618fd93c0c44fea8d.110.110.0.min.wmark.86216e62.jpg
674fc985a445086b4e2a2d17,Hacendado,Mojama lonchas categoria extra,Paquete 50 g,3.5,Frescos y Charcutería > Charcutería > Mojama,Mojama,https://a2.soysuper.com/ba185242ae64001e4dafb67c47f6b4aa.110.110.0.min.wmark.e1859637.jpg
672b21cc2508c15dc86d4f68,Hacendado,Aperitivo queso balls,Paquete 100 g,1,Aperitivos > Snacks > Bolas,Bolas,https://a2.soysuper.com/2833e3a9baf01836eaf2b7411c54e493.110.110.0.min.wmark.b2be83da.jpg
68d62f2b53c97b1d1739c940,Hacendado,Aceituna rellena pimiento asado,Tarro 350 g escurrido 200 g,1.75,Aperitivos > Aceitunas > Verdes,Verdes,https://a0.soysuper.com/0973ed136b71c03a3a2c8ff5c062e164.110.110.0.min.wmark.78fdd2a2.jpg
69bf9693a44508ad9854a9b7,Hacendado,Helado dochi sabor tarta de la abuela,216 ml (caja 6 u),3,Congelados > Helados > Mochi,Mochi,https://a0.soysuper.com/9f0d9a670a48d288d9f2b378fc115e55.110.110.0.min.wmark.8d8e2019.jpg
664ee709e93cdf45d3277faa,Hacendado,Infusion te negro breakfast,20 bolsitas - 35 g,0.85,"Cafés, Cacaos e Infusiones > Infusiones > Té",Té,https://a0.soysuper.com/3f2eea1b8fb26231c849dd91453d74d3.110.110.0.min.wmark.e0d0daa5.jpg
664ee70be93cdf45d0277a68,Hacendado,Infusion frutos rojos,20 bolsitas - 40 g,1.4,"Cafés, Cacaos e Infusiones > Infusiones > Frutos Rojos",Frutos Rojos,https://a2.soysuper.com/2f46ff333b8b668064f80bb825f189bc.110.110.0.min.wmark.f0c97dcf.jpg
6856f7e18ca63c11b133d591,Hacendado,Ensalada china con mazorquitas conserva,Tarro 420 g escurrido 235 g,1.56,"Conservas, Sopas, Aceites y Condimentos > Conservas Vegetales > Otras Verduras",Otras Verduras,https://a0.soysuper.com/78c404bee2458563b06dccd365834f7a.110.110.0.min.wmark.c2ec27e0.jpg
681c96948ca63c496d1eb804,Hacendado,Butifarrón de cerdo dulce,Paquete 300 g aprox,3.15,Frescos y Charcutería > Charcutería > Butifarra,Butifarra,https://a2.soysuper.com/56e45615f48ba46be7f15a6a0cd1dbeb.110.110.0.min.wmark.76fa333d.jpg
67b5b225a4450801620799bd,Hacendado,Sopa deshidratada pollo fideos,Sobre 72 g,0.55,"Conservas, Sopas, Aceites y Condimentos > Sopas, Cremas, Caldos y Purés > Sopa",Sopa,https://a1.soysuper.com/db11f3a135e7538967c364ffd9926d73.110.110.0.min.wmark.7da8bbe6.jpg
68502738e6ed402adf7190b7,Hacendado,"Pizza congelada truffata (queso, champiñon y trufa)",U 400 g,2.9,Congelados > Platos Preparados > Pizzas,Pizzas,https://a0.soysuper.com/9691955e28e84f7198172338ca8b737b.110.110.0.min.wmark.adbbf4a2.jpg
6981a53b722d6a6be265d47e,Hacendado,Chocolate con leche relleno de crema de pistacho crujiente (fussion),Tableta 135 g,2.25,Chocolates y Dulces > Chocolates > Tabletas,Tabletas,https://a1.soysuper.com/a188874aa4785ea4c6f002f7bcf820e7.110.110.0.min.wmark.276a6f76.jpg
69ad0161e6ed40390d5328c8,Hacendado,Chocolate blanco relleno de crema de avellana crujiente (fussion),Tableta 135 g,1.75,Chocolates y Dulces > Chocolates > Tabletas,Tabletas,https://a0.soysuper.com/94a279ee0ca315bdcbc0aa016ff5b9e8.110.110.0.min.wmark.5b38cd5c.jpg
66a9111f0932f750e43a0764,Hacendado,"Chocolatina barritas rellenas (leche,avellanas y cacao)","Paquete 6 u, 123 g",1.7,Chocolates y Dulces > Chocolates > Chocolatinas,Chocolatinas,https://a1.soysuper.com/e6690bfc5851b3a73e13834885cc2f34.110.110.0.min.wmark.08246a99.jpg
67f47e332508c117525d7438,Hacendado,Vela cifra n 6,U,1.25,"Panadería, Pastelería y Repostería > Repostería > Decoración de tartas",Decoración de tartas,https://a1.soysuper.com/36692110fe023cf5981637daa57ab8b8.110.110.0.min.wmark.dd35b6a9.jpg
67f61ca691e128450367d5c9,Hacendado,Focaccia con tomates cherry,160 g,1.95,Frescos y Charcutería > Platos Preparados > Refrigerados,Refrigerados,https://a0.soysuper.com/8251d0684f642498e7fa50d0d95cbb4e.110.110.0.min.wmark.4a886a60.jpg
664a9c4c8ca63c27223bd255,Hacendado,Yogur liquido natural con azucar de caña,U x 100 g,2,Lácteos y Huevos > Yogur > Líquido,Líquido,https://a2.soysuper.com/0e952a51270e6d880179a364f74e7433.110.110.0.min.wmark.3a41f507.jpg
69b3d8ec2508c1428a598c82,Hacendado,Yogur liquido l casei desnatado natural,Botellin pack 12 x 100 g - 1200 g,2.6,Lácteos y Huevos > Yogur > L.Casei,L.Casei,https://a0.soysuper.com/8d1eba0975008e6fba4be205e60b4982.110.110.0.min.wmark.a4df3a47.jpg
69daeb922508c178a6579569,Hacendado,Regaliz surtida (rega pica mix),Paquete 300 g,1.6,Chocolates y Dulces > Golosinas > Gominolas,Gominolas,https://a1.soysuper.com/76b24653c3cba1cac6735d5aee6ba1ed.110.110.0.min.wmark.ff2bc68c.jpg
6641e5dc98ec9161840dbcbe,Hacendado,Sopa deshidratada cebolla,Sobre 43 g,0.65,"Conservas, Sopas, Aceites y Condimentos > Sopas, Cremas, Caldos y Purés > Sopa",Sopa,https://a2.soysuper.com/74485865b0bd8377c96c90614c13a3f3.110.110.0.min.wmark.a9f44cff.jpg
69cc5c632508c178a655b699,Hacendado,Hielo picado,Bolsa 2.5 kg,1.2,Congelados > Hielo > Cubitos Hielo,Cubitos Hielo,https://a0.soysuper.com/1787f7f321e35f1d25f34c85d5d338a2.110.110.0.min.wmark.fdce901a.jpg
686a47d491e128e3397f368b,Hacendado,Refresco ice tea limon,Botella pack 6 x 330 ml -1980 ml,3,Bebidas > Refresco > Té,Té,https://a0.soysuper.com/7af618f0fb595aa77de5faea2d8bc962.110.110.0.min.wmark.ae3a5674.jpg
6904aac08ca63c2f651923eb,Hacendado,Bebida isotonica naranja,Botella 330 ml,0.45,Bebidas > Bebida Isotónica > Naranja,Naranja,https://a2.soysuper.com/44a9a360e336b3578f224b3bf12cb5a7.110.110.0.min.wmark.7805d31b.jpg
68ff4e3d53c97b0163729d82,Hacendado,Cafe grano colombia ****novedad**** ***bajada pvp***,Paquete 500 g,7.3,"Cafés, Cacaos e Infusiones > Café > En Grano",En Grano,https://a1.soysuper.com/d82ddd2ec0ee26e9a4d4aad229a350eb.110.110.0.min.wmark.b0aaf0c6.jpg
67c5c430d791872c50778695,Hacendado,Migas de bacalao desaladas,Bandeja 285 g aprox,7.27,Frescos y Charcutería > Pescados y Mariscos > Salazón,Salazón,https://a0.soysuper.com/4f87285f4526f796a10940f6a31006cf.110.110.0.min.wmark.1cc71fc0.jpg
68469cf42508c122f710b947,Hacendado,Lomo,350 g aprox,6.12,Frescos y Charcutería > Charcutería > Lomo,Lomo,https://a2.soysuper.com/59aca7f02b7d8d3a306de23b4af86e7d.110.110.0.min.wmark.ff505173.jpg
68469dba53c97b290f540689,Hacendado,Queso curado DOP manchego de oveja,270 g aprox,5.43,"Frescos y Charcutería > Queso > Tierno, Semicurado y Curado","Tierno, Semicurado y Curado",https://a0.soysuper.com/dd7da14fc18d05346a921c2b3d38d9f5.110.110.0.min.wmark.4853cf9c.jpg
6999f027e93cdf794c449ad2,Hacendado,Salmon hamburguesas refrigerado,200 g (bandeja 2 u),3.5,Frescos y Charcutería > Platos Preparados > Refrigerados,Refrigerados,https://a2.soysuper.com/7581a23f28a0f439820079d750e47a34.110.110.0.min.wmark.5ec8d721.jpg
6924e4846c714be366164a8b,Hacendado,Alistado pequeño congelado,Caja 400 g aprox,10.32,Congelados > Pescados y Mariscos > Alistados congelados,Alistados congelados,https://a2.soysuper.com/3e60a575cc22c617bc55ab7acce64a51.110.110.0.min.wmark.653450f3.jpg
67287d912508c16cb67841e7,Hacendado,Caldo liquido escudella (sin conservantes ni colorantes),Brick 1 l,1.2,"Conservas, Sopas, Aceites y Condimentos > Sopas, Cremas, Caldos y Purés > Caldo",Caldo,https://a2.soysuper.com/4b6ccecad144dc09b9801b400e0d4761.110.110.0.min.wmark.4549e2bc.jpg
67589c0c722d6a11432f4790,Hacendado,Nécora cocida,Bandeja 500 g aprox,8.55,Frescos y Charcutería > Pescados y Mariscos > Mariscos,Mariscos,https://a2.soysuper.com/63001e3b01f5d742cb87827cb5527379.110.110.0.min.wmark.7143c1e9.jpg
66fba6fa53c97b3e066969df,Hacendado,Salpicón de marisco,Bandeja 400 g aprox,5.3,Frescos y Charcutería > Platos Preparados > Refrigerados,Refrigerados,https://a0.soysuper.com/80fd52d06d3cde557cbff824a1a0fd73.110.110.0.min.wmark.ed5cabaf.jpg
687ac655e93cdf2d113df032,Hacendado,Hojaldre relleno de crema de cacao,51 g aprox,0.29,"Panadería, Pastelería y Repostería > Pastelería > Hojaldres",Hojaldres,https://a0.soysuper.com/2536d64b6d9a1b3436cc5179bd541db7.110.110.0.min.wmark.291a58f3.jpg
66f902a32508c137eb3556dd,Hacendado,"Salteado de verduras (laminas de cebolla roja , pimiento verde ,pimiento rojo, calabacin verde ,brocoli y zanahoria), fr",Paquete 400 g,2.5,"Frescos y Charcutería > Verduras, Hortalizas y Legumbres > Verduras Preparadas",Verduras Preparadas,https://a1.soysuper.com/811b21fbf7e9b896483b7393a851d97c.110.110.0.min.wmark.7e0ae115.jpg
68ac2c77d791877b37145fe9,Hacendado,Queso curado mezcla afrutado cortado en cuñitas,330 g aprox,4.83,"Frescos y Charcutería > Queso > Tierno, Semicurado y Curado","Tierno, Semicurado y Curado",https://a0.soysuper.com/c96784cd2823f607edb55b50554c74bb.110.110.0.min.wmark.e4f3bb35.jpg
68469db8d79187182459dcfd,Hacendado,Queso viejo tostado mezcla,1.56 kg aprox,20.94,"Frescos y Charcutería > Queso > Tierno, Semicurado y Curado","Tierno, Semicurado y Curado",https://a1.soysuper.com/32e869fe42d40bdd832b1892b9c6d634.110.110.0.min.wmark.21b4e412.jpg
68d14ae6e6ed4016d4159d5c,Hacendado,Salmon congelado medallon *****novedad*****,Paquete 4 u,3.95,Congelados > Pescados y Mariscos > Salmón,Salmón,https://a0.soysuper.com/9201d94afad1a008ed94d36ad7cc3be9.110.110.0.min.wmark.d9ce2c88.jpg
69c6360f53c97b016b282b5c,Hacendado,Postre lacteo cheesecake con topping de arandanos ******novedad*****,Pack 2 x 80 g - 160 g,1.7,Lácteos y Huevos > Postres > Tarta,Tarta,https://a1.soysuper.com/102982b213fdbcca3b292f4881c4947e.110.110.0.min.wmark.faa49099.jpg
68ff3b0de6ed40080e4d3068,Hacendado,Atun listado natural familiar,Lata 385 g escurrido 270 g,3,"Conservas, Sopas, Aceites y Condimentos > Conservas de Pescado > Atún",Atún,https://a0.soysuper.com/6e872d224ae05b4304cc61eca3dbfa9f.110.110.0.min.wmark.d6038e14.jpg
685c29f16c714bdd3e33f27b,Hacendado,Cafe grano colombia,Paquete 500 g,7.1,"Cafés, Cacaos e Infusiones > Café > En Grano",En Grano,
6639d0bc0932f7307750d0f4,Hacendado,Queso viejo de cabra,300 g aprox,5.91,"Frescos y Charcutería > Queso > Tierno, Semicurado y Curado","Tierno, Semicurado y Curado",https://a1.soysuper.com/70ef94a05b47f299091e24940bd4643a.110.110.0.min.wmark.68f23f95.jpg
69f3b206d791875cbd0ba774,Hacendado,Naranja con gas zero,Botella 2 l,0.9,Bebidas > Refresco > Naranja,Naranja,https://a0.soysuper.com/413d8b322031a360fe4ae54e0cbc6451.110.110.0.min.wmark.ef829c2f.jpg
66c37a25d791875ba040db26,Hacendado,Allioli *****novedad*****,Bote 310 ml,1.45,"Conservas, Sopas, Aceites y Condimentos > Salsas > Ali Oli",Ali Oli,https://a2.soysuper.com/b259f898e7639a3a40daedaf32b389dd.110.110.0.min.wmark.0824642d.jpg
69328b311452a05eca2555d9,Hacendado,"Parmigiana congelada (tomate, berenjena y mozzarella)",Bandeja 350 g,2.3,Congelados > Platos Preparados > Pasta,Pasta,https://a1.soysuper.com/ba272465b15c1e5fc46b1f6117d81aca.110.110.0.min.wmark.9724f6e4.jpg
66055f89722d6a5abb0c3fea,Hacendado,Zumo 100 % naranja refrigerado,Pet 330 ml,1.1,Bebidas > Zumo > Refrigerados,Refrigerados,https://a0.soysuper.com/2008a7e5774f0409551079a7c4d2dbcd.110.110.0.min.wmark.48f7b8be.jpg
69dcac6a8ca63c74995bc16c,Hacendado,Surtido dulce hojaldre calado,Pack 3 u - 114 g,0.95,"Panadería, Pastelería y Repostería > Bollería > Hojaldre",Hojaldre,https://a0.soysuper.com/206a655a9d351a8a1bc98a9afd791783.110.110.0.min.wmark.697ff878.jpg
69bc2ac1e93cdf104e5d58d1,Hacendado,Boqueron fresco mediano entero (preparado: pieza entera),Unidad 350 gr,2.28,Frescos y Charcutería > Pescados y Mariscos > Pescado Azul,Pescado Azul,
697f4c6f53c97b01712008ec,Hacendado,Patata prefrita congelada crispy pops,Paquete 750 g,2.3,"Congelados > Verduras, Hortalizas y Legumbres congeladas > Patatas congeladas",Patatas congeladas,https://a0.soysuper.com/c7c25dded9251995e805b6c9648ad61c.110.110.0.min.wmark.1f3361f8.jpg
6687465c91e128ae684ed0f3,Hacendado,Queso tierno de cabra,360 g aprox,5.09,"Frescos y Charcutería > Queso > Tierno, Semicurado y Curado","Tierno, Semicurado y Curado",https://a0.soysuper.com/da81247241d49fc175b3a20b20e37e13.110.110.0.min.wmark.fb77e7bb.jpg
6a08bcf4e93cdf2d452a1ef8,Hacendado,Coca pimientos horno *****novedad****,U 140 g,2.1,"Panadería, Pastelería y Repostería > Salados > Coca Salada",Coca Salada,https://a0.soysuper.com/f935a01e9d3cdf83e317f62fc32e9fc1.110.110.0.min.wmark.7fe69bb7.jpg
669e4b7b91e128c5b448eb23,Hacendado,Salsa boloñesa (bolognese),Tarro 400 g,1.75,"Conservas, Sopas, Aceites y Condimentos > Salsas > Salsas Para Pasta",Salsas Para Pasta,https://a1.soysuper.com/b356174c710fa038d044eb1be4a54301.110.110.0.min.wmark.cfbbf77c.jpg
69feb4f78ca63c78f51a3d70,Hacendado,"Fruta bolsillo mango, papaya y frambuesa 100% fruta (color azul) a partir 6 meses *****novedad*****",Bolsa 120 g,0.9,Bebés y Niños > Alimentación Infantil > Postres Bebé,Postres Bebé,https://a0.soysuper.com/bf0f4d07f1ea0136d6ce9182b3a9567e.110.110.0.min.wmark.e1acf7d2.jpg
69f4694c8ca63c78f51876cf,Hacendado,Gaseosa,Botella 1500 ml,0.55,Bebidas > Refresco > Gaseosa,Gaseosa,https://a2.soysuper.com/9c1489cfeae5523dd6a386519c27b3a5.110.110.0.min.wmark.99f1addd.jpg
69c1961f6c714b6a7b3064b8,Hacendado,Aperitivo triangulo maiz padrisimos *****novedad*****,Paquete 150 g,0.95,Aperitivos > Snacks > De Maíz,De Maíz,https://a2.soysuper.com/6c6a921bd43cb95d42ba26583b2254ac.110.110.0.min.wmark.e980793f.jpg
6a0b98b991e12801522a60aa,Hacendado,Aceitunas verdes sin hueso,Tarro 320 g escurrido,2.2,Aperitivos > Aceitunas > Verdes,Verdes,https://a1.soysuper.com/379562a0cfc22d4ffb1de69f86bfbd0c.110.110.0.min.wmark.fee0dcea.jpg
69df2a1491e1285c647ca40d,Hacendado,Barrita cereales avena cacao,140 g (caja 6 u),1.65,Cereales y Galletas > Cereales > Barritas,Barritas,https://a1.soysuper.com/c8af8ed9a2b0a342854a40d7cf95cad4.110.110.0.min.wmark.5aad6902.jpg
699897ace93cdf794c445c9a,Hacendado,Cereal relleno leche bañado choco blanco,Paquete 125 g,1.75,Cereales y Galletas > Cereales > Infantiles,Infantiles,https://a1.soysuper.com/f4cd85f4e654076373ec9eb4bf5728bb.110.110.0.min.wmark.84116592.jpg
696a46572508c1723f243542,Hacendado,Tacos de atún congelado,Bandeja 280 g aprox,3.85,Congelados > Pescados y Mariscos > Atún,Atún,https://a0.soysuper.com/f5c81f4e442e526b08a0cf25374f83f4.110.110.0.min.wmark.7ff0f00e.jpg
680b30d31452a0303a1de79d,Hacendado,Alcachofa corazones grandes 08/12 piezas conserva,Tarro 430 g escurrido 245 g,2.15,"Conservas, Sopas, Aceites y Condimentos > Conservas Vegetales > Alcachofa",Alcachofa,https://a0.soysuper.com/e6316025e9158d36f0addb50180248d3.110.110.0.min.wmark.d364a8bc.jpg
698e2a048ca63c5cbd5e1e3e,Hacendado,Caprichos camembert congelados *****novedad*****,Paquete 350 g,2.75,"Congelados > Platos Preparados > Croquetas, Bolas y Empanados","Croquetas, Bolas y Empanados",https://a1.soysuper.com/fb058c84199ffe3ada01b55f946a1322.110.110.0.min.wmark.d3c82335.jpg
6938588fa445083bc45a026d,Hacendado,Queso viejo de oveja,300 g aprox,4.25,"Frescos y Charcutería > Queso > Tierno, Semicurado y Curado","Tierno, Semicurado y Curado",https://a0.soysuper.com/1f08719eced040492e7391bad6f13fc9.110.110.0.min.wmark.4fdf3728.jpg
69ef1723d791875cbd0a7143,Hacendado,Tonica,Lata 330 ml,0.37,Bebidas > Refresco > Tónica,Tónica,https://a1.soysuper.com/0d5df18070c1616ae5d760b90914ddba.110.110.0.min.wmark.8f5d461f.jpg
695fab15e6ed4036d94320aa,Hacendado,Arroz negro congelado,Paquete 350 g,2.14,Congelados > Platos Preparados > Arroz,Arroz,https://a2.soysuper.com/3bf9d09c93f605d41ae164ff7d317930.110.110.0.min.wmark.f03a60d6.jpg
69c18ce491e128a2cc37ae30,Hacendado,Galleta espelta,Paquete 400 g,1.77,Cereales y Galletas > Galletas > Especiales,Especiales,https://a2.soysuper.com/435b782ae1834487d166d62884015b16.110.110.0.min.wmark.18016519.jpg
66e289bfa44508016a744769,Hacendado,Bogavante americano mediano crudo,500 g aprox.,16.09,Congelados > Pescados y Mariscos > Bogavante,Bogavante,https://a0.soysuper.com/9818519f8f0e6dc92fbd8cc731405661.110.110.0.min.wmark.aa143e05.jpg
6646fe348ca63c27223af3f5,Hacendado,Energy drink furious zero,Lata 500 ml,1,Bebidas > Bebida Energética > Sin Azúcares añadidos,Sin Azúcares añadidos,https://a0.soysuper.com/eb39ca589b69ba225af292139bc0da9f.110.110.0.min.wmark.68607f3d.jpg
6629fc9c2508c11ac760d0e2,Hacendado,"Ensalada cesar (iceberg, hoja de roble, pechuga pollo, queso curado polvo, salsa cesar, picatostes y tenedor, fr",Tarrina 210 g,2.64,Frescos y Charcutería > Platos Preparados > Refrigerados,Refrigerados,https://a0.soysuper.com/e2109b5c3dc2e68e479ae408c23f2ecf.110.110.0.min.wmark.e641c124.jpg
69ea25fed791875cc33ad20d,Hacendado,Cola zero (azucar) zero (cafeina),Lata pack 6 x 330 ml - 1980 ml,2.1,Bebidas > Refresco > Cola,Cola,https://a1.soysuper.com/d351d997cb22c4f8385c345876be366a.110.110.0.min.wmark.7fc59896.jpg
69ea25ff8ca63c78f516d553,Hacendado,Cola zero (azucar) zero (cafeina),Lata 330 ml,0.35,Bebidas > Refresco > Cola,Cola,https://a2.soysuper.com/9743245232f2844460ab2ebe90c5e6a7.110.110.0.min.wmark.d409ca1c.jpg
661f76848ca63c273f29ef50,Hacendado,Queso viejo de oveja cortado en cuñitas,320 g aprox,5.56,"Frescos y Charcutería > Queso > Tierno, Semicurado y Curado","Tierno, Semicurado y Curado",https://a0.soysuper.com/a3c75c0e720443038cf80a8839f4c1ad.110.110.0.min.wmark.10f79dbf.jpg
69fba0a8e93cdf7d6b1b386c,Hacendado,"Cocktail frutos secos tostado sal (almendras, cacahuete, nuez pecana y anacardos) *****novedad*****",Paquete 200 g,2.8,Aperitivos > Frutos Secos > Cóctel,Cóctel,https://a0.soysuper.com/ffd15ff24c4b1c911542267d5d6bdb16.110.110.0.min.wmark.b9d1c511.jpg
65fd92078ca63c425270753a,Hacendado,Helado biscuit (con trozos de galleta caramelizada y trozos de galleta),Bote 500 ml,3,Congelados > Helados > Tarrina,Tarrina,https://a0.soysuper.com/b5240028c74828c70c097757c86ba928.110.110.0.min.wmark.dd1d46cb.jpg
68c187fa6c714bb89544cdce,Hacendado,Datil sin hueso,Paquete 250 g,1.65,Aperitivos > Frutos Secos > Frutas Deshidratadas,Frutas Deshidratadas,
693bb7fa0932f7067d1f25c8,Hacendado,Torrezno precocinado,Bandeja 420 g aprox,7.35,Frescos y Charcutería > Carnes > Casquería,Casquería,https://a1.soysuper.com/66e4a3d701150dc0ab9e54417cf2e0e5.110.110.0.min.wmark.ca9ccd6c.jpg
69fdc6cf0932f76d736aec85,Hacendado,Refresco lima limón fresh gas,6 latas x 330 ml,2.22,Bebidas > Refresco > Lima-Limón,Lima-Limón,https://a2.soysuper.com/0652680a7df3ae1ba28a3dd710f6240f.110.110.0.min.wmark.c9e811d2.jpg
6a0799e5e93cdf2d4813b46d,Hacendado,Regaliz nata fresa largo,Caja 320 g,1.75,Chocolates y Dulces > Golosinas > Gominolas,Gominolas,https://a2.soysuper.com/d46af99483264f08f2735134a1d46ded.110.110.0.min.wmark.fb149c9b.jpg
69e66a2c722d6a43817b2fad,Hacendado,Aperitivo torreznillos *****novedad*****,Paquete 100 g,1.4,Aperitivos > Snacks > Cortezas y Torreznos,Cortezas y Torreznos,https://a2.soysuper.com/f2a9122d9285ed0dd13123c07e95d1cb.110.110.0.min.wmark.d8c77029.jpg
68dd706f53c97b017c1d7c98,Hacendado,Aperitivo rolls queso picante,Paquete 100 g,1,Aperitivos > Snacks > Bolas,Bolas,https://a0.soysuper.com/196bf5c36703488714fb4718ff4a7b22.110.110.0.min.wmark.a098968b.jpg
664713022508c11af82ccf3c,Hacendado,Tortillitas camaron congeladas,Paquete 350 g,2.65,Congelados > Platos Preparados > Pescado y Marisco,Pescado y Marisco,https://a2.soysuper.com/5f95ef4da2c76991e82e6e41323cba3d.110.110.0.min.wmark.aea47281.jpg
688ba7566c714be65e663d48,Hacendado,Limonada light sin gas,Botellin 330 ml,0.4,Bebidas > Zumo > Limón,Limón,https://a2.soysuper.com/a084e1576bd5061825ee7a85a8724d8c.110.110.0.min.wmark.496a9779.jpg
688b3d59d79187655737a08e,Hacendado,Gamba congelada blanca arrocera,Unidad 500 gr,5.45,Congelados > Pescados y Mariscos > Gambas congeladas,Gambas congeladas,
68af14086c714bb8993fda01,Hacendado,Mini bombon de chocolate con leche relleno de crema de cacahuete,Paquete 126 g,1.9,Chocolates y Dulces > Bombones > De Chocolate,De Chocolate,https://a2.soysuper.com/2fb5a0a05bc6dfeab7f4716ecd896107.110.110.0.min.wmark.e3a3161a.jpg
69f930bb2508c105ee67415e,Hacendado,Cola zero (azucar) zero (cafeina),Botella 2 l,0.8,Bebidas > Refresco > Cola,Cola,https://a0.soysuper.com/f102540efced602248cb032484f9edb2.110.110.0.min.wmark.2b14b65f.jpg
6a095df5e93cdf2d4813fb0c,Hacendado,Energy drink katrine zero,Lata 500 ml,1,Bebidas > Bebida Energética > Zero,Zero,https://a2.soysuper.com/d706bb79b997d76fae2f6f1f4b8736de.110.110.0.min.wmark.04f677c0.jpg
69ff1e3891e1285c61150a5d,Hacendado,Energy drink furious,Lata 500 ml,1,Bebidas > Bebida Energética > Otros Sabores,Otros Sabores,https://a2.soysuper.com/4eab714caae072c5852b3aa791094896.110.110.0.min.wmark.14dd299b.jpg
69f46622722d6a43841dd7b6,Hacendado,Naranja con gas,Botella 2 l,0.95,Bebidas > Refresco > Naranja,Naranja,https://a2.soysuper.com/b6ad3ce7d349aac4d0631080a654eaa5.110.110.0.min.wmark.20959937.jpg
69f44dcbe6ed4047c428561f,Hacendado,Refresco te mango zero,Botella 1500 ml,1,Bebidas > Refresco > Té,Té,https://a1.soysuper.com/54814cbf13a9020a9dac6dcf2de25027.110.110.0.min.wmark.38571b2e.jpg
6a0b7ddf6c714b017150b274,Hacendado,Refresco ice tea rojo zero *****novedad*****,Botella 1500 ml,1,Bebidas > Refresco > Té,Té,https://a2.soysuper.com/192caca96db1cd84fad533da498c2b6f.110.110.0.min.wmark.f97b9539.jpg
68f94a20d79187176b351bdc,Hacendado,Refresco furious zero zero,Lata 500 ml,1,Bebidas > Bebida Energética > Zero,Zero,https://a1.soysuper.com/14dbf0c6a7e874d46a8b48bf9d6bb87b.110.110.0.min.wmark.0b1b07e8.jpg
69f9d63491e1285c6113d293,Hacendado,Aceituna negra natural aragon,Tarro 200 g,2.25,Aperitivos > Aceitunas > Negras,Negras,https://a1.soysuper.com/2f3e71e3a2a61a108aa12b541d9b430e.110.110.0.min.wmark.a270982e.jpg
69f0d919e93cdf7d59731701,Hacendado,Tonica,Lata pack 6 x 330 ml - 1980 ml,2.2,Bebidas > Refresco > Tónica,Tónica,https://a2.soysuper.com/6de76193e375f34d62d2f8a2af69c3af.110.110.0.min.wmark.a16542dc.jpg
6748630d722d6a7e954f285c,Hacendado,Cigala cruda grande ultracongelado,Caja 500 g aprox,16.95,Congelados > Pescados y Mariscos > Cigalas congeladas,Cigalas congeladas,https://a0.soysuper.com/dda91a94aa4f52a1b15ce966edb29b71.110.110.0.min.wmark.c74ec779.jpg
69fc31978ca63c7914323df6,Hacendado,Refresco lima limón fresh gas,Lata 330 ml,0.37,Bebidas > Refresco > Lima-Limón,Lima-Limón,https://a1.soysuper.com/1e0df5746c2073a7443b63ba24219eeb.110.110.0.min.wmark.858ba065.jpg
68469bb4722d6a0a490ac845,Hacendado,Queso viejo de oveja,310 g aprox,4.44,Frescos y Charcutería > Queso > De Cabra y de Oveja,De Cabra y de Oveja,https://a0.soysuper.com/1f08719eced040492e7391bad6f13fc9.110.110.0.min.wmark.4fdf3728.jpg
67b33f92d79187390004d4ad,Hacendado,Aceituna gordal guindilla,Tarro 315 g escurrido 150 g,2.85,Aperitivos > Aceitunas > Verdes,Verdes,https://a0.soysuper.com/ec80038e58439f71d3b1f149562e9c35.110.110.0.min.wmark.2cfcd2bb.jpg
69a97a6aa445087f8c46cd65,Hacendado,Aperitivo cono sabor queso y bacon,Paquete 150 g,1.15,Aperitivos > Snacks > Conos,Conos,https://a1.soysuper.com/07def4980f3051e6abedcf7d10824086.110.110.0.min.wmark.51210e48.jpg
6a0f3a1191e128017246e9ab,Hacendado,Empanadas langostino frescas,230 g (bandeja 4 u),4,Frescos y Charcutería > Platos Preparados > Calientes,Calientes,https://a1.soysuper.com/31c92e3f1759495e89cb75ec2c523139.110.110.0.min.wmark.b70a310c.jpg
673edfac53c97b29ad085e84,Hacendado,Bollo mantequilla horno,170 g (bandeja 2 u),2.6,"Panadería, Pastelería y Repostería > Bollería > Bollos",Bollos,https://a1.soysuper.com/32b56e4f138aa5dd40a925daf7603301.110.110.0.min.wmark.7c3b3fb7.jpg
6924ce95e6ed4057e72bfa3c,Hacendado,Energy drink berries zero,Lata 500 ml,1,Bebidas > Bebida Energética > Zero,Zero,https://a1.soysuper.com/77ee4ec5ac367fc67e4a858811c89250.110.110.0.min.wmark.eda21a12.jpg
67a1d5208ca63c73c65dd271,Hacendado,Aceituna gordal pepinillo,Tarro 315 g escurrido 150 g,2.75,Aperitivos > Aceitunas > Verdes,Verdes,https://a1.soysuper.com/584ae09774e7f1d68bc9a30bc7b84380.110.110.0.min.wmark.4d5232fb.jpg
6a0833ede93cdf2d42552269,Hacendado,Mosto tinto,"Pet 1,5 l",2.1,Bebidas > Zumo > Uva,Uva,
6a0f81c591e12801522bb832,Hacendado,Focaccia con aceitunas *****novedad*****,160 g,1.95,"Panadería, Pastelería y Repostería > Pan > Focaccia",Focaccia,
67ecd3970932f759e052bd2b,Hacendado,Regaliz nata fresa largo,Caja 280 g,1.75,Chocolates y Dulces > Golosinas > Gominolas,Gominolas,https://a0.soysuper.com/00aa8a37458b49b3c2bc4d369d0998d4.110.110.0.min.wmark.55a447f3.jpg
68167209a44508b66e2d2785,Hacendado,Energy drink katrine zero,Lata 500 ml,0.99,Bebidas > Bebida Energética > Sin Azúcares añadidos,Sin Azúcares añadidos,https://a2.soysuper.com/d706bb79b997d76fae2f6f1f4b8736de.110.110.0.min.wmark.04f677c0.jpg
68469237a44508e1b7712e8d,Hacendado,Refresco te verde zero maracuya y mango,Botella 1500 ml,1,Bebidas > Refresco > Té,Té,https://a1.soysuper.com/8d34c187446dffc4b72bddb0e191f799.110.110.0.min.wmark.77d734d0.jpg
68e046130932f7134e70d28f,Hacendado,Galleta caramelizada rellena choco (biscuit),Paquete 154 g,0.94,Cereales y Galletas > Galletas > Rellenas,Rellenas,
69fdaa2391e1285c3689cd9a,Hacendado,Queso viejo intenso,Unidad 370 gr,6.35,"Frescos y Charcutería > Queso > Tierno, Semicurado y Curado","Tierno, Semicurado y Curado",
69f5eb8ba445080c85341c7e,Hacendado,Bebida energetica zero,Lata pack 6 x 250 ml - 1500 ml,2.4,Bebidas > Bebida Energética > Zero,Zero,https://a0.soysuper.com/1deb335e7bca66990f568990904dcfcd.110.110.0.min.wmark.a074578a.jpg
69fae4582508c105ee6802b3,Hacendado,Energy drink tropic zero,Lata 500 ml,1,Bebidas > Bebida Energética > Zero,Zero,https://a1.soysuper.com/630d582d1c640039133597150b4d73c5.110.110.0.min.wmark.4523456b.jpg
69f6e67a6c714b23ac34ce6c,Hacendado,Bebida tropical s/gas,Botella 1.5 l,1.2,Bebidas > Refresco > Mezcla de Frutas,Mezcla de Frutas,https://a2.soysuper.com/c8fc5fc980748ce6a26e8966d6ef5417.110.110.0.min.wmark.d93da43d.jpg
4fc91577cc75fa2a35017977,Hacendado,Fuet espetec,240 g aprox,2.5,Frescos y Charcutería > Charcutería > Fuet - longaniza,Fuet - longaniza,https://a0.soysuper.com/e2739233c9a5554f0a0d894132f389b4.110.110.0.min.wmark.26d40580.jpg
50134e9629eba853230003e2,Hacendado,Pan molde blanco sin corteza,450 g,1.1,"Panadería, Pastelería y Repostería > Pan > Pan de Molde",Pan de Molde,https://a1.soysuper.com/7aee168e42b6d0a2e4831beebcd74880.110.110.0.min.wmark.d0859381.jpg
4fc9100bcc75fa2a3500293b,Hacendado,Garbanzo cocido,Tarro 400 g neto escurrido,0.85,"Pasta, Arroz y Legumbres > Legumbres Cocidas > Garbanzos cocidos",Garbanzos cocidos,https://a0.soysuper.com/5bda0a2e1f3bf01f853d8f6aca10ea41.110.110.0.min.wmark.badc708b.jpg
4fc9100dcc75fa2a350029da,Hacendado,Macarron pasta,Paquete 1 kg,1.2,"Pasta, Arroz y Legumbres > Pasta > Macarrones-Plumas",Macarrones-Plumas,https://a0.soysuper.com/9904a769924dad0da61f53d18e9bcf55.110.110.0.min.wmark.566310f9.jpg
4fc91355cc75fa2a3500fa6c,Hacendado,Leche entera,6 x 1 l,5.75,Lácteos y Huevos > Leche > Entera,Entera,https://a2.soysuper.com/aa1a889338f2a8a1795cbfc7c496f1b2.110.110.0.min.wmark.f6ff0e5d.jpg
4fc91027cc75fa2a35003017,Hacendado,Atun claro en aceite vegetal girasol (abre facil solapin),"6 latas, 480 g, 360 g escurrido",4.18,"Conservas, Sopas, Aceites y Condimentos > Conservas de Pescado > Atún",Atún,https://a2.soysuper.com/974e7db0ed0f2ad3d2e988eb9e409176.110.110.0.min.wmark.34bf0215.jpg
5012f054459c33cc5d0001dd,Hacendado,Jamon cocido extra lonchas finas,Pack 2 x 225 g - 450 g,3.4,Frescos y Charcutería > Charcutería > Jamón Cocido,Jamón Cocido,https://a0.soysuper.com/333fb87ae175da1398e43c4ea44aca79.110.110.0.min.wmark.1a2bce15.jpg
5012ed080f8e48d05d0000e2,Hacendado,Guacamole,Tarrina 200 g,1.8,Frescos y Charcutería > Platos Preparados > Refrigerados,Refrigerados,https://a2.soysuper.com/4ab5c2f9bfb12113f60546df4e18a3fd.110.110.0.min.wmark.a0fa6b27.jpg
4fc90f8dcc75fa2a35000b4d,Hacendado,Pan maxi hamburguesa,Paquete 300 g,0.85,"Panadería, Pastelería y Repostería > Pan > Pan Burger y Panecillos",Pan Burger y Panecillos,https://a1.soysuper.com/660ecbbd6bfd5d5dd0c40fd4f247a228.110.110.0.min.wmark.ea7024b9.jpg
5012ee99238436c85d00011e,Hacendado,Tortillas mejicanas de trigo,Paquete 10 unidades (360 gramos),1.15,"Conservas, Sopas, Aceites y Condimentos > Platos Preparados en Conserva > Comida Mexicana",Comida Mexicana,https://a1.soysuper.com/9cae91a8e290386fa54192e34b0c0de8.110.110.0.min.wmark.4aefbfa2.jpg
51dc67efb21b8b291400002a,Hacendado,Aceituna rellena anchoa,3U x 150 g,3.01,Aperitivos > Aceitunas > Verdes,Verdes,https://a1.soysuper.com/cebf2bdc09faf169cfc68aaa68a236e7.110.110.0.min.wmark.c2e7f9b2.jpg
4fc90fa2cc75fa2a35001057,Hacendado,Nuez mondada natural,Paquete 200 g,2.49,Aperitivos > Frutos Secos > Nueces,Nueces,https://a0.soysuper.com/d1b76eae1e2065c818512ab8b67afd97.110.110.0.min.wmark.8fcda7a9.jpg
5e79a23f98ec9102734da6b2,Hacendado,Galletas María dorada,Paquete 800 g,1.35,Cereales y Galletas > Galletas > María,María,https://a0.soysuper.com/6f7dd0eeeabeace5c61cb1765fd76396.110.110.0.min.wmark.7c60bddf.jpg
5a8a8fa253c97b4caf2eb864,Hacendado,Galletas mini cookies,Caja 160 g,1.4,Cereales y Galletas > Galletas > Infantiles,Infantiles,https://a0.soysuper.com/75b99e1252b045758c2eb5ea838184fd.110.110.0.min.wmark.632046fc.jpg
4fc9128ecc75fa2a3500ca22,Hacendado,Pizza fresca atun bacon,u 415 g,2.9,Frescos y Charcutería > Platos Preparados > Calientes,Calientes,https://a0.soysuper.com/b58f202739a7cf9809d5a573f6290e2f.110.110.0.min.wmark.7763799b.jpg
4fc91620cc75fa2a3501a40e,Hacendado,Champiñón laminado en conserva,Pack 3 bote x 85 g escurrido - 255 g,1.76,"Conservas, Sopas, Aceites y Condimentos > Conservas Vegetales > Champiñones y Otras Setas",Champiñones y Otras Setas,https://a0.soysuper.com/c892a307417435247fbc5e220fce87ee.110.110.0.min.wmark.f67f4016.jpg
4fc915edcc75fa2a3501986d,Hacendado,Cereal muesli crujiente chocolate,Caja 500 g,2.35,Cereales y Galletas > Cereales > Clásicos,Clásicos,https://a0.soysuper.com/140d6e37fe1237ff38d52b124a2b2969.110.110.0.min.wmark.dfc4a565.jpg
52fabc1c6ca9dfc635000030,Hacendado,Pizza fresca barbacoa con bacón,415 g,2.5,Frescos y Charcutería > Platos Preparados > Calientes,Calientes,https://a2.soysuper.com/824acc23172abe2ba7089a06791cb364.110.110.0.min.wmark.b470bfe1.jpg
5012eefd459c33cc5d00015d,Hacendado,"Rucula cortada, fr",Bolsa 50 g,0.85,"Frescos y Charcutería > Verduras, Hortalizas y Legumbres > Lechugas, Endivias, Col, etc.","Lechugas, Endivias, Col, etc.",https://a1.soysuper.com/66d5c05347f056641794e75d50d80cf7.110.110.0.min.wmark.533aeb48.jpg
632027efd79187438d589843,Hacendado,Helado cono vainilla,"Caja 6 unidades, 120 ml",2.23,Congelados > Helados > Conos,Conos,https://a0.soysuper.com/4a117afa65c8d3f02149434850b94639.110.110.0.min.wmark.e863cdf1.jpg
5a0063341452a078902d77f3,Hacendado,Mermelada melocoton 0% azucares añadidos,Tarro 380 g,1.59,"Conservas, Sopas, Aceites y Condimentos > Conservas Dulces > Confituras y Mermeladas",Confituras y Mermeladas,https://a1.soysuper.com/876f190a11c001540c4a495dec32fb36.110.110.0.min.wmark.3025d036.jpg
5a819339722d6a54923ef19f,Hacendado,"Postre lacteo desnatado mango, maracuya + proteinas",Pack 4 x 120 g - 480 g,1.56,Lácteos y Huevos > Yogur > Desnatado,Desnatado,https://a0.soysuper.com/dbac9956933689ff1bdcaf9303e8afd2.110.110.0.min.wmark.d4e9fba0.jpg
4fc912d8cc75fa2a3500dca8,Hacendado,Bocaditos bañados al cacao,Paquete 500 g,2.25,"Panadería, Pastelería y Repostería > Bollería > Bizcocho, Mantecados y Ensaimadas","Bizcocho, Mantecados y Ensaimadas",https://a0.soysuper.com/39783b92fb6dd481bd5abfd2def1739b.110.110.0.min.wmark.b78e0232.jpg
527a61628b09b83029000002,Hacendado,Queso lonchas cheddar,200 g (paquete 8 u),1.85,"Frescos y Charcutería > Queso > Lonchas, Rallado y en Porciones","Lonchas, Rallado y en Porciones",https://a1.soysuper.com/4a540e708900f48deabf5a5f54a8ae9e.110.110.0.min.wmark.cd921a79.jpg
4fc91288cc75fa2a3500c8d1,Hacendado,Avellana tostada,Paquete 200 g,4.3,Aperitivos > Frutos Secos > Avellanas,Avellanas,https://a2.soysuper.com/ad4eb01c62ec835a5271d52c4c535474.110.110.0.min.wmark.bbb0a1fa.jpg
4fc91665cc75fa2a3501b48e,Hacendado,Aceituna manzanilla sin hueso,Tarro 400 g peso neto escurrido,2.78,Aperitivos > Aceitunas > Verdes,Verdes,https://a0.soysuper.com/e74c12d2f6c87ca17a904d8e06341a48.110.110.0.min.wmark.ff2c1386.jpg
4fc91620cc75fa2a3501a408,Hacendado,Espárrago blanco mediano 6/12 piezas conserva,Tarro 205 g neto escurrido,1.84,"Conservas, Sopas, Aceites y Condimentos > Conservas Vegetales > Espárragos en conserva",Espárragos en conserva,https://a2.soysuper.com/53a112f2569449f7b2819957426f7b00.110.110.0.min.wmark.acb7da52.jpg
54c9d6f7c483e7349452206e,Hacendado,Pan tostado 100% integral bajo en sal y en azúcares,Paquete 540 g,2.18,"Panadería, Pastelería y Repostería > Pan > Pan Tostado",Pan Tostado,https://a2.soysuper.com/b800c87b312c30d59e8a2cc25a191ed5.110.110.0.min.wmark.65172f64.jpg
4fc91695cc75fa2a3501c0c9,Hacendado,Sardinillas tomate,Pack 2 x 65 g peso escurrido neto,1.65,"Conservas, Sopas, Aceites y Condimentos > Conservas de Pescado > Sardinas",Sardinas,https://a1.soysuper.com/2dce8d4cfe502d9ad1bc0c9b011e4cdf.110.110.0.min.wmark.9b5b686c.jpg
584fd91053c97b7dbf4ae517,Hacendado,Salchichón extra pimienta finas lonchas,Paquete 100 g,1.85,Frescos y Charcutería > Charcutería > Salchichón,Salchichón,https://a0.soysuper.com/d2d4ffbe4c5b0f1eed027a4b55c031f8.110.110.0.min.wmark.b861c479.jpg
590db79898ec916aef0f38a7,Hacendado,Infusión para dormir,Caja 20 bolsitas,1.05,"Cafés, Cacaos e Infusiones > Infusiones > Relajante",Relajante,https://a2.soysuper.com/9c38ee9fd92e0e52f9d479c9999b7fed.110.110.0.min.wmark.f82fd649.jpg
5506d4f353c97b0c872a3c9c,Hacendado,Cacahuete frito miel,Paquete de 200 g,1.65,Aperitivos > Frutos Secos > Cacahuetes,Cacahuetes,https://a1.soysuper.com/26b65ee58071c4cdc8dd62b55d6ff3d6.110.110.0.min.wmark.6c9c031e.jpg
63329c2698ec91688f6c4ef9,Hacendado,Flan + proteinas,Pack 4 x 100 g - 400 g,2.02,Lácteos y Huevos > Postres > Flan,Flan,https://a1.soysuper.com/468c2539c3fc52b1d3ecba5605b762bb.110.110.0.min.wmark.baff5d8c.jpg
5012f085238436c85d0001c9,Hacendado,Mejillon congelado cocido (sin concha),Paquete 275 g,2.5,Congelados > Pescados y Mariscos > Mejillones,Mejillones,https://a1.soysuper.com/24dc567f013f61d4be7811dc9548cb12.110.110.0.min.wmark.453d1656.jpg
58c7af9298ec913cc17308bc,Hacendado,Zumo de piña y uva,Brick 1 l,1.2,Bebidas > Zumo > Mezcla de Frutas,Mezcla de Frutas,https://a1.soysuper.com/a1e9842b6885cfe8bc81755a6da328b0.110.110.0.min.wmark.5c831ea1.jpg
643d1af1e93cdf72751079bd,Hacendado,Patatas fritas onduladas,Paquete 150 g,1.1,Aperitivos > Patatas Fritas > Onduladas,Onduladas,https://a2.soysuper.com/7fdc43bef7071d921c9cb80094ddaa9d.110.110.0.min.wmark.a464635b.jpg
5c49d1b42508c17716591667,Hacendado,Infusion tila,Caja 20 bolsitas,0.85,"Cafés, Cacaos e Infusiones > Infusiones > Manzanilla",Manzanilla,https://a1.soysuper.com/b955f23e6ee8b5512a6b0451bcc027de.110.110.0.min.wmark.369a20e3.jpg
4fc91526cc75fa2a3501682f,Hacendado,Lenteja castellana,Paquete 1 kg,2.1,"Pasta, Arroz y Legumbres > Legumbres Secas > Lentejas",Lentejas,https://a2.soysuper.com/f3dd4e4562317284436969f5c6fe20df.110.110.0.min.wmark.fbf6f9ed.jpg
616cc956d791871dfd1da201,Hacendado,Cafe soluble natural classic,Tarro 200 g,3.89,"Cafés, Cacaos e Infusiones > Café > Soluble",Soluble,https://a1.soysuper.com/b3614cd5ceb98980b2b5b7fbf499f8f0.110.110.0.min.wmark.1ab72e98.jpg
5d010e4798ec9136e8421c6f,Hacendado,Bebida lactea desnatada sabor fresa + proteinas,Botellin 280 g,1.15,Lácteos y Huevos > Yogur > Líquido,Líquido,https://a2.soysuper.com/4aba73bb7269c9e44fbd69926a1f1edf.110.110.0.min.wmark.ee2cafa8.jpg
619b3b1a0932f70abe179120,Hacendado,Queso crema viejo tostado,Tarrina 150 g,1.74,Frescos y Charcutería > Queso > Crema de Queso,Crema de Queso,https://a1.soysuper.com/1986602b4a77ee21733b0d7d2baae837.110.110.0.min.wmark.4cca209b.jpg
5012f054a1320a57230001a4,Hacendado,Jamón cocido jugoso,Paquete 225 g,1.8,Frescos y Charcutería > Charcutería > Jamón Cocido,Jamón Cocido,https://a1.soysuper.com/b96e68b8f7a3693bb05cded347407b47.110.110.0.min.wmark.f3a5fd9d.jpg
4fc915d5cc75fa2a35019206,Hacendado,Aceite oliva virgen extra gran seleccion (tapon dosificador),Botella cristal 750 ml,5.95,"Conservas, Sopas, Aceites y Condimentos > Aceite > De Oliva",De Oliva,https://a2.soysuper.com/8b5a2c883eef940bb523df2e830844cd.110.110.0.min.wmark.ac22a0a2.jpg
64d1e4fc0932f76f0313a073,Hacendado,Pan hamburguesa brioche,150 g (paquete 2 u),1.1,"Panadería, Pastelería y Repostería > Pan > Pan Burger y Panecillos",Pan Burger y Panecillos,https://a1.soysuper.com/fbb1fad66755c28c3a87e2a0a4ca98b7.110.110.0.min.wmark.f9f2de4f.jpg
634e6a4198ec913b890db0e0,Hacendado,Mermelada melocoton,Tarro 440 g,1.35,"Conservas, Sopas, Aceites y Condimentos > Conservas Dulces > Confituras y Mermeladas",Confituras y Mermeladas,https://a2.soysuper.com/06ec3e3e89112f0747f6dc0da05acf3e.110.110.0.min.wmark.99390163.jpg
4fc915c0cc75fa2a35018c50,Hacendado,Vinagre de manzana,Botella 1 l,0.88,"Conservas, Sopas, Aceites y Condimentos > Vinagre > De Sidra",De Sidra,https://a1.soysuper.com/052b31c40da4fd1be0ac031357ca3a58.110.110.0.min.wmark.28c59cb0.jpg
4fc911c7cc75fa2a35009c34,Hacendado,Gaseosa,Botellin pack 6 x 500 ml - 3000 ml,2.04,Bebidas > Refresco > Gaseosa,Gaseosa,https://a1.soysuper.com/f33833620d19e3a5db42a93295d1af55.110.110.0.min.wmark.afb023c8.jpg
529dd288b04f049a52000008,Hacendado,Salsa yogur,Bote 310 ml,1.2,"Conservas, Sopas, Aceites y Condimentos > Salsas > Salsas Para Ensaladas",Salsas Para Ensaladas,https://a0.soysuper.com/c0088017cc577521ac7b3fa6b0b9c98a.110.110.0.min.wmark.6232ef9e.jpg
60d2dc48e93cdf1da86934a9,Hacendado,Yogur liquido desnatado fresa,Botella 1 l,1.45,Lácteos y Huevos > Yogur > Líquido,Líquido,https://a0.soysuper.com/1d45cf733de4171d7b575916bd473f34.110.110.0.min.wmark.d47c1711.jpg
63f6683898ec910c8808197b,Hacendado,Tortita arroz legumbre,Pack 4 paquetes - 109 g,1.75,Aperitivos > Snacks > Tortitas,Tortitas,https://a1.soysuper.com/7bea3e81a79ce52a37b17dab41f77c93.110.110.0.min.wmark.edf493ae.jpg
50e202c0659b71065b000025,Hacendado,Aceite oliva virgen tapon verde oscuro,Botella 1 l,4.45,"Conservas, Sopas, Aceites y Condimentos > Aceite > De Oliva",De Oliva,https://a1.soysuper.com/af7f2e5ac90ac621f597b57531719466.110.110.0.min.wmark.9e99d58e.jpg
5582a4d71452a07c4c22a732,Hacendado,Mostaza dijon,Tarro 200 g,1.25,"Conservas, Sopas, Aceites y Condimentos > Salsas > Mostaza",Mostaza,https://a1.soysuper.com/57ca5774b9f4409feed1316b021c41ad.110.110.0.min.wmark.4fcdb173.jpg
618a469298ec9127847ef5de,Hacendado,Pasas sultanas sin semillas,Paquete 250 g,1.8,Aperitivos > Frutos Secos > Frutas Deshidratadas,Frutas Deshidratadas,https://a1.soysuper.com/cbd0e57567c2bd1f1a535e6f053aee6b.110.110.0.min.wmark.6b0ec1c2.jpg
56e6d6ed2508c13d096ff951,Hacendado,Churros congelados,Paquete 500 g,1.5,Congelados > Pan y Repostería > Churros,Churros,https://a1.soysuper.com/2334e2a6013c59c78bc273edf8494803.110.110.0.min.wmark.e59539ae.jpg
4fc91288cc75fa2a3500c8cd,Hacendado,Altramuces,Tarro 690 g - escurrido 440 g,1.75,Aperitivos > Encurtidos > Altramuces,Altramuces,https://a1.soysuper.com/b291eb09947feb899d4c4fcafb4237d0.110.110.0.min.wmark.5271286e.jpg
4fc91621cc75fa2a3501a45d,Hacendado,Pimiento asado tiras conserva,Bandeja 290 g,2.4,"Conservas, Sopas, Aceites y Condimentos > Conservas Vegetales > Pimientos",Pimientos,https://a1.soysuper.com/2c36a1ae1d01a4b560d92904a5e713b2.110.110.0.min.wmark.18e06351.jpg
613fa3db53c97b0f57223e5c,Hacendado,Salsa agridulce,Bote 340 g,1.7,"Conservas, Sopas, Aceites y Condimentos > Salsas > Salsas Orientales",Salsas Orientales,https://a2.soysuper.com/19e1b0535d47abc765000615be664313.110.110.0.min.wmark.08aa2bb2.jpg
4fc912f3cc75fa2a3500e336,Hacendado,Picatostes fritos con ajo,Paquete 100 g,0.8,"Panadería, Pastelería y Repostería > Pan > Picos y Crackers",Picos y Crackers,https://a1.soysuper.com/fa4b304bbfad2204e30fc3a66ef1a9d5.110.110.0.min.wmark.4608c6b8.jpg
4fc91621cc75fa2a3501a458,Hacendado,Guisante en conserva,Pack 3 latas x 120 g neto escurrido,1.73,"Conservas, Sopas, Aceites y Condimentos > Conservas Vegetales > Legumbres",Legumbres,https://a0.soysuper.com/b3e8f9a45fc421121cf402525a2f8955.110.110.0.min.wmark.657f50b6.jpg
5979b653722d6a72bd48e9de,Hacendado,Pizza congelada atun,U 390 g,2.6,Congelados > Platos Preparados > Pizzas,Pizzas,https://a0.soysuper.com/5514ae73bf4fb88be6d1cdd1ba4705bc.110.110.0.min.wmark.0e5c7312.jpg
50cbaffb3066501958000058,Hacendado,Pimenton dulce vera D.O,Bote 75 g,1.85,"Conservas, Sopas, Aceites y Condimentos > Especias > Pimentón",Pimentón,https://a2.soysuper.com/194f1578f399bc25b2b8d42d46c46381.110.110.0.min.wmark.1d564a02.jpg
57e3ae0153c97b7f7140ce31,Hacendado,Salsa patata gajos,Bote 250 ml,1.35,"Conservas, Sopas, Aceites y Condimentos > Salsas > Para Patatas Fritas",Para Patatas Fritas,https://a2.soysuper.com/b6ee661ed4fdf5a44d9304780f002360.110.110.0.min.wmark.fd733edc.jpg
52620c453360acf671000082,Hacendado,Galletas con chocolate y crema de leche,Caja 268 g,2.65,Cereales y Galletas > Galletas > Infantiles,Infantiles,https://a0.soysuper.com/83b75b4ff0ca991c2ffc57d555330c82.110.110.0.min.wmark.ccec1546.jpg
5a782636722d6a47811e8342,Hacendado,Salsa ranchera,Bote 250 ml,1.4,"Conservas, Sopas, Aceites y Condimentos > Salsas > Ranchera",Ranchera,https://a1.soysuper.com/0dd40ebd0e7467ce563ed1f4c5b4c380.110.110.0.min.wmark.e940cef0.jpg
4fc91397cc75fa2a35010903,Hacendado,Yogur yogomix natural azucarado con bolitas cereales chocolate para mezclar,Pack 2 x 150 g - 300 g,1.31,Lácteos y Huevos > Yogur > Petit e infantil,Petit e infantil,https://a0.soysuper.com/a0b3a03a6778dfb84b8da36e2a025d0a.110.110.0.min.wmark.658f1d63.jpg
5a53404c2508c17fdb75e87c,Hacendado,Crema de cacao 1 sabor,Tarro 500 g,1.95,Chocolates y Dulces > Cremas Untables > Crema de Cacao,Crema de Cacao,https://a0.soysuper.com/562080aa57e675cb528cbd632397a8f4.110.110.0.min.wmark.d979ba05.jpg
56d1025c1452a02f5904d649,Hacendado,Zumo de naranja recién exprimido,Botella 1 l,4.95,Bebidas > Zumo > Naranja,Naranja,https://a0.soysuper.com/ce4a35147db233d269a15313a7043a64.110.110.0.min.wmark.54bcd368.jpg
6581e2956016da8f3b087875,Hacendado,Emperador congelado rodaja,Unidad 300 gr,4.47,Congelados > Pescados y Mariscos > Pez espada congelado,Pez espada congelado,https://a2.soysuper.com/196b36bffecc921eca1befe6fcbc7b14.110.110.0.min.wmark.d38af48a.jpg
627221878ca63c54fc41cea3,Hacendado,Pan molde blanco natural rustico,550 g,1.4,"Panadería, Pastelería y Repostería > Pan > Pan de Molde",Pan de Molde,https://a2.soysuper.com/37bff04acb2e434b3aa33ed79271579c.110.110.0.min.wmark.6e08806c.jpg
5583cf7998ec9157bb42ded1,Hacendado,Cous cous mediano,Paquete 1 kg,1.94,"Pasta, Arroz y Legumbres > Sémolas > De Trigo",De Trigo,https://a2.soysuper.com/56870e66e8cc648c29064586f2fcf3b4.110.110.0.min.wmark.303f4985.jpg
5012f0480f8e48d05d00018e,Hacendado,Longaniza clásica extra,1 ud,2.8,Frescos y Charcutería > Charcutería > Fuet - longaniza,Fuet - longaniza,https://a2.soysuper.com/ffd6cfc369e92bfa6515d5a0237e7ec7.110.110.0.min.wmark.71121dff.jpg
5c7e4b350932f7763831dfb6,Hacendado,Trottole tricolore pasta italiana (hélices),Paquete 500 g,1.15,"Pasta, Arroz y Legumbres > Pasta > Helices",Helices,https://a1.soysuper.com/9e4a3b469b528aaf2f3a8443a49078d2.110.110.0.min.wmark.e5bc9f48.jpg
508adca681b47d981c000039,Hacendado,Cacahuetes chocolate negro,Paquete 250 g,2.15,Chocolates y Dulces > Chocolates > Frutos Secos Bañados,Frutos Secos Bañados,https://a1.soysuper.com/46f7cec7f970dfb1bf853ab094325a2c.110.110.0.min.wmark.bcf65d6e.jpg
62c7537198ec91366d58a01f,Hacendado,Langostino crudo congelado pelado 18/33 piezas,Bandeja 220 g,3.95,Congelados > Pescados y Mariscos > Langostinos,Langostinos,https://a0.soysuper.com/cce4a0e8e3d0b3f7629221cff5974651.110.110.0.min.wmark.598cece8.jpg
620a1f140932f73f0588a579,Hacendado,Queso emmental taco,350 g,3,Frescos y Charcutería > Queso > Emmental y Gruyer,Emmental y Gruyer,https://a1.soysuper.com/9945d58d7e21e22a7cdc92e57ab14e2e.110.110.0.min.wmark.c11fa4e8.jpg
4fc91395cc75fa2a350108c0,Hacendado,Arroz con leche,Pack 4 x 130 g - 520 g,1.33,Lácteos y Huevos > Postres > Arroz con leche,Arroz con leche,https://a2.soysuper.com/053debbf5f3acb42c93cdc9e25fddb48.110.110.0.min.wmark.e4cb56b4.jpg
4fc916d4cc75fa2a3501d16d,Hacendado,Anchoa filete aceite girasol,Pack 3 u x 29 g - 120 g escurrido 87 g,2.08,Frescos y Charcutería > Pescados y Mariscos > Salazón,Salazón,https://a2.soysuper.com/441ddd46612528924c2c8f1d65ff6189.110.110.0.min.wmark.878fab84.jpg
4fc910b9cc75fa2a35005b29,Hacendado,Nectar maracuya,Brick 1000 ml,1.48,Bebidas > Zumo > Maracuyá,Maracuyá,https://a1.soysuper.com/589b73b5df4cbaf72e257bac1e620b33.110.110.0.min.wmark.b595954b.jpg
5c824ff52508c112067c246a,Hacendado,Barquillos con crema de avellanas,Paquete 250 g,1.6,Cereales y Galletas > Galletas > Barquillos,Barquillos,https://a2.soysuper.com/fb522f1a4bc2397fdcde72bd069c29a1.110.110.0.min.wmark.8a684d1e.jpg
509509a0dcaf76180f0000e5,Hacendado,Galleta surtida y barquillos,Bolsa 500 g,2.2,Cereales y Galletas > Galletas > Especiales,Especiales,https://a0.soysuper.com/b5d908f09aaf52747db2e104b4ac9a53.110.110.0.min.wmark.4d1bc0e2.jpg
63982e740932f743c3494555,Hacendado,Golosinas surtidas brillo mix,Paquete 300 g,1.6,Chocolates y Dulces > Golosinas > Gominolas,Gominolas,https://a2.soysuper.com/7f613b6ca13b9a7448890658a1941866.110.110.0.min.wmark.6c6cd2a5.jpg
5e97e68198ec916faa25bb1c,Hacendado,Crepes congelados (calentar y rellenar),8 u - 400 g,2.45,Congelados > Platos Preparados > Platos Diversos,Platos Diversos,https://a1.soysuper.com/6a2e0b7a880549aeca0038828795ef45.110.110.0.min.wmark.b78fc317.jpg
4fc90fc0cc75fa2a350017d0,Hacendado,Frutas+leche tropical (brick rosa),Brick 1 l,0.96,Bebidas > Zumo > Con Leche,Con Leche,https://a1.soysuper.com/e18ad09ccc8e3bea268bc008bb018a59.110.110.0.min.wmark.d9bd4da1.jpg
62ce883498ec91250156f2cc,Hacendado,Yogur yogomix natural con disquitos chocolate para mezclar,Pack 2 x 150 g - 300 g,1.31,Lácteos y Huevos > Yogur > Petit e infantil,Petit e infantil,https://a1.soysuper.com/713c53b378d31f1d767d81cfa7aa3f54.110.110.0.min.wmark.b351a7ac.jpg
52a82dca3b7a564d6100001b,Hacendado,Infusion relax (mezcla tila/azahar/melisa/hierbaluisa),20 bolsitas,1.05,"Cafés, Cacaos e Infusiones > Infusiones > Relajante",Relajante,https://a0.soysuper.com/1d7f8b412f3a785196704c9afab96cc2.110.110.0.min.wmark.5ccea2ae.jpg
4fc915c0cc75fa2a35018c4c,Hacendado,Vinagre vino tinto,Botella 1 l,1.05,"Conservas, Sopas, Aceites y Condimentos > Vinagre > De Vino",De Vino,https://a2.soysuper.com/2f959dfaf1f4881ab0994233bf62a1da.110.110.0.min.wmark.34a731cd.jpg
655322ed8ca63c0e5a7a654d,Hacendado,Cereal copos arroz trigo integral con chocolate,Caja 425 g,2.3,Cereales y Galletas > Cereales > Integrales,Integrales,https://a1.soysuper.com/767bce35679460d8b3c5c879969a2950.110.110.0.min.wmark.11658e6f.jpg
62b9f8f7e6ed407f13508e56,Hacendado,Langostino refrigerado cocido,600 g,7.2,Frescos y Charcutería > Pescados y Mariscos > Mariscos,Mariscos,https://a0.soysuper.com/edcc8607043d921e7238e16736baee55.110.110.0.min.wmark.b7426459.jpg
585a538d1452a0261a08afdb,Hacendado,Postre lacteo desnatado trozos arandanos + proteinas,Pack 4 x 120 g - 480 g,1.56,Lácteos y Huevos > Yogur > Desnatado,Desnatado,https://a2.soysuper.com/792a28b9066c4c2cb6854b42509e90f8.110.110.0.min.wmark.b38d831c.jpg
53fdb11bdd1d15285b0000b0,Hacendado,"Aliño de aceite, ajo y perejil",Tarrina 150 ml,1.8,"Conservas, Sopas, Aceites y Condimentos > Salsas Refrigeradas > Para Ensaladas",Para Ensaladas,https://a1.soysuper.com/add1795cc5cfada6634c17c7c17a061b.110.110.0.min.wmark.45e11532.jpg
51dc67efedb872331400001b,Hacendado,Gazpacho tradicional (brick rojo),3 x 330 ml,2.19,Frescos y Charcutería > Platos Preparados > Refrigerados,Refrigerados,https://a0.soysuper.com/99660c330edb538e72f06dece65ed30a.110.110.0.min.wmark.dd2a0591.jpg
607014b21452a04f1a63a72a,Hacendado,Bebida avellanas,Brick 1 l,1.25,"Lácteos y Huevos > Leche > Soja, Avena, Arroz,..","Soja, Avena, Arroz,..",https://a1.soysuper.com/5b246e66bd86c39e66675a683e67bcd3.110.110.0.min.wmark.2de22632.jpg
64ddfe512508c14c16210116,Hacendado,Mantequilla light,Tarrina 250 g,2.16,Lácteos y Huevos > Mantequilla > Con sal,Con sal,https://a0.soysuper.com/84e96ccd8007ea337af7f261f071554f.110.110.0.min.wmark.778da978.jpg
4fc9128ecc75fa2a3500ca20,Hacendado,"Pizza fresca carbonara (crema leche,bacon,champiñon)",U 430 g,2.9,Frescos y Charcutería > Platos Preparados > Calientes,Calientes,https://a1.soysuper.com/6d1b0f382f4f91afc031d68c14e9f1fe.110.110.0.min.wmark.4c262b71.jpg
5f3ba8a4e93cdf52ac2a86ec,Hacendado,Infusión de té verde con hierbabuena,Paquete 20 bolsitas,1.35,"Cafés, Cacaos e Infusiones > Infusiones > Té",Té,https://a1.soysuper.com/0c0ad881bbf8b72ca96bf618f3729504.110.110.0.min.wmark.08b903e3.jpg
50133cb5825ae05b2300039c,Hacendado,Chocolate extrafino negro,Tableta 100 g,1.65,Chocolates y Dulces > Chocolates > Tabletas,Tabletas,https://a0.soysuper.com/c63b9e8467d178ed4f7999161c82ac2b.110.110.0.min.wmark.9f9ab103.jpg
546096ca434e9eb118000a13,Hacendado,Nuez California natural,Paquete de 600 g,3.7,Aperitivos > Frutos Secos > Nueces,Nueces,https://a2.soysuper.com/523c4d97b76e9dc7098f9db52f2f574f.110.110.0.min.wmark.fa62cd90.jpg
4fc91377cc75fa2a350101b4,Hacendado,Yogur liquido cuidacol natural,Botellin pack 8 x 100 g - 800 g,2.52,Lácteos y Huevos > Yogur > Líquido,Líquido,https://a1.soysuper.com/fa22dff8979d4d724a9d7f9ace131e34.110.110.0.min.wmark.effb648d.jpg
6525a7a02508c1370338f0e4,Hacendado,Queso provolone (parrilla),200 g,2.55,Frescos y Charcutería > Queso > Quesos Internacionales,Quesos Internacionales,https://a2.soysuper.com/af47737c35e0aeeaa3260186b62c619a.110.110.0.min.wmark.b4952a49.jpg
62a18cfe8ca63c39fe358dba,Hacendado,Merluza filete rebozado,Bandeja 230 g,3.9,Frescos y Charcutería > Pescados y Mariscos > Pescado Blanco,Pescado Blanco,https://a1.soysuper.com/de443c2465ee0cf5c1d12dfda3b6fe3b.110.110.0.min.wmark.3324bb50.jpg
653768aae6ed4002075df352,Hacendado,Galleta digestive avena chocolate con leche,Paquete 280 g,1.45,Cereales y Galletas > Galletas > Avena Con Chocolate,Avena Con Chocolate,https://a2.soysuper.com/f569173a09bfc9ed139e46bac17927a2.110.110.0.min.wmark.b0697b98.jpg
5012f086825ae05b230001b7,Hacendado,Salmon salvaje congelado filete,Unidad 400 gr,5.39,Congelados > Pescados y Mariscos > Salmón,Salmón,https://a1.soysuper.com/43c14d8b8e9da3126c0d69e03913eae9.110.110.0.min.wmark.81dc0ca8.jpg
605ed84c98ec91372e3c8046,Hacendado,Pimiento de piquillo tiras condimentadas en conserva,Tarro 235 g neto escurrido,1.15,"Conservas, Sopas, Aceites y Condimentos > Conservas Vegetales > Pimientos",Pimientos,https://a0.soysuper.com/dfc8f75258434ce91c7e382538035368.110.110.0.min.wmark.732682be.jpg
50cb9c653066501958000010,Hacendado,Berberechos natural xs (pequeños),Bote 90 g neto escurrido,3.2,"Conservas, Sopas, Aceites y Condimentos > Conservas de Marisco > Berberechos",Berberechos,https://a0.soysuper.com/b4c2fa3aafa177f3fa8e84933fe6a763.110.110.0.min.wmark.bb2843e8.jpg
52a8d6940f88e2e62800003b,Hacendado,Guacamole,Tarrina 500 g,3.95,Frescos y Charcutería > Platos Preparados > Refrigerados,Refrigerados,https://a0.soysuper.com/59d366584dc3574d71658fd58bd2075b.110.110.0.min.wmark.b96142ca.jpg
4fc91027cc75fa2a35003019,Hacendado,Sardinillas aceite oliva,Pack 2 x 65 g peso escurrido neto,2.03,"Conservas, Sopas, Aceites y Condimentos > Conservas de Pescado > Sardinas",Sardinas,https://a0.soysuper.com/9e9c4a1eb7d8840f8296fc0f4b255b8a.110.110.0.min.wmark.da0761de.jpg
6540b0b2e6ed4001f881ed04,Hacendado,Barrita cereales rellena arandanos,125 g (caja 10 u),1.55,Cereales y Galletas > Cereales > Barritas,Barritas,https://a1.soysuper.com/b43bf8cccf91ddbd7ee088c0736dc372.110.110.0.min.wmark.348a6c6b.jpg
55b8bc52c24064769b4bd0cc,Hacendado,Zumo de piña,Brick 1 l,1.75,Bebidas > Zumo > Piña,Piña,https://a2.soysuper.com/15b14b4541553018c50ab49e779c347b.110.110.0.min.wmark.297c5643.jpg
58072cc053c97b3d7801727e,Hacendado,Turron blando,Pastilla 250 g,3.3,Chocolates y Dulces > Dulces de navidad > Turrón,Turrón,https://a0.soysuper.com/8cd86819f3ea2f157dd80289cc6373bd.110.110.0.min.wmark.30744ffd.jpg
5012f0d5a1320a57230001dc,Hacendado,Infusion manzanilla sabor miel con edulcorante,20 bolsitas - 26 g,1.15,"Cafés, Cacaos e Infusiones > Infusiones > Manzanilla",Manzanilla,https://a0.soysuper.com/43c80d766cafb599d21cae2c59d20cbc.110.110.0.min.wmark.ab409915.jpg
620232d1e93cdf0eff517a5c,Hacendado,Boquerones vinagre y aceite girasol,Tarrina 330 g escurrido 265 g,5.6,Frescos y Charcutería > Pescados y Mariscos > Salazón,Salazón,https://a0.soysuper.com/4043b1fea9fcd701ca481faa8c280615.110.110.0.min.wmark.b2b11cfb.jpg
65b1288e98ec91065519a52d,Hacendado,Sopa deshidratada maravilla,Sobre 85 g,0.65,"Conservas, Sopas, Aceites y Condimentos > Sopas, Cremas, Caldos y Purés > Sopa",Sopa,https://a2.soysuper.com/5347f7f2ba5565193a4a3128c7ba7636.110.110.0.min.wmark.b457b1f9.jpg
4fc90f85cc75fa2a350009c2,Hacendado,Gaseosa,Botella 1500 ml,0.55,Bebidas > Refresco > Gaseosa,Gaseosa,https://a2.soysuper.com/2b9dc19222eb9dcfba2675b44db11035.110.110.0.min.wmark.f3d4e094.jpg
53b2e9dbca77ac174d0057d3,Hacendado,Cafe molido mezcla,Paquete 250 g,2.55,"Cafés, Cacaos e Infusiones > Café > Molido",Molido,https://a1.soysuper.com/88978e523f682d21800981e7832e2643.110.110.0.min.wmark.c99fee7a.jpg
5cece01f2508c1496c13ac6a,Hacendado,Merluza congelada filete grande sin piel del cabo,Paquete 970 g,11.3,Congelados > Pescados y Mariscos > Merluza,Merluza,https://a1.soysuper.com/0d2057484c95c97a6f7662b798bd4b87.110.110.0.min.wmark.4aa5eaf9.jpg
5a1bd4ec722d6a2d304752d0,Hacendado,Cereal copos arroz trigo integral (0% azucares añadidos),Caja 500 g,2,Cereales y Galletas > Cereales > Clásicos,Clásicos,https://a1.soysuper.com/ed32983f663663e1768ee203bb9f3370.110.110.0.min.wmark.5200fb6b.jpg
616f6bac722d6a6c8d0ed76b,Hacendado,Turron cream avellana ***sujeto a disponibilidad***,Pastilla 140 g,1.8,Chocolates y Dulces > Dulces de navidad > Turrón,Turrón,https://a1.soysuper.com/0173644bead2620cc992d766c2436215.110.110.0.min.wmark.2141a3da.jpg
50a6eebf13f4c4140f000360,Hacendado,Merluza congelada porciones del cabo,Paquete 500 g,4.9,Congelados > Pescados y Mariscos > Merluza,Merluza,https://a2.soysuper.com/5bb9cbec4b45de5f818900d5f95ae69b.110.110.0.min.wmark.47e859fc.jpg
5c234f931452a0231624c23d,Hacendado,Tocino de cielo,Pack 2 u x 100 g - 200 g,1.9,Lácteos y Huevos > Postres > Tocino de cielo,Tocino de cielo,https://a2.soysuper.com/dea707b6d8a89c061e2508e7ef8b6e31.110.110.0.min.wmark.c563ecc9.jpg
5bd6ee4153c97b68c8318885,Hacendado,Pistacho natural mondado,Paquete 100 g,2.95,Aperitivos > Frutos Secos > Pistachos,Pistachos,https://a1.soysuper.com/be4dcb2cd26da4eda27dbcf7a1fa596a.110.110.0.min.wmark.2f71fde6.jpg
5c491b2f98ec91314920fdf1,Hacendado,Chocolate extrafino negro con trozos de naranja,Tableta 100 g,1.65,Chocolates y Dulces > Chocolates > Tabletas,Tabletas,https://a1.soysuper.com/49d8c21606574fe4639c1e49a202fb79.110.110.0.min.wmark.33aece09.jpg
62c54e6653c97b6d663c4504,Hacendado,Alubia negra,Paquete 1 kg,2.52,"Pasta, Arroz y Legumbres > Legumbres Secas > Alubias",Alubias,https://a2.soysuper.com/4ebfd00e7d19ae8fc9df17cffc8b7547.110.110.0.min.wmark.adcb7830.jpg
4fc913adcc75fa2a35010e26,Hacendado,Ensaladilla delicias mar (cangrejo) refrigerada,Tarrina 250 g,1.8,Frescos y Charcutería > Platos Preparados > Refrigerados,Refrigerados,https://a2.soysuper.com/8a3469dc2a568dbe450cdf3b897e0e8d.110.110.0.min.wmark.dfb415b4.jpg
5864eec453c97b4c9750c73c,Hacendado,Chicle fresa grageas sin azúcar,Bote de 70 unidades (100 g),1.95,Chocolates y Dulces > Golosinas > Chicles,Chicles,https://a2.soysuper.com/5fd8cce9bea9f882dc6b3909f0558619.110.110.0.min.wmark.39e5f329.jpg
576aa9a898ec91569c57bfe6,Hacendado,Salchichas cocidas bocata gourmet de cerdo sabor ahumado,2 paquetes x 175 g,2.45,Frescos y Charcutería > Charcutería > Salchichas envasadas,Salchichas envasadas,https://a1.soysuper.com/17c936325b5756b748d8b861ac9f7ceb.110.110.0.min.wmark.44d11872.jpg
635baf60722d6a3b7f7bc7d4,Hacendado,Caprichos merluza congelados,Paquete 350 g,2.3,"Congelados > Platos Preparados > Croquetas, Bolas y Empanados","Croquetas, Bolas y Empanados",https://a2.soysuper.com/8c9353f462b67ed1f072f3793343258e.110.110.0.min.wmark.9c01bdfb.jpg
5b31c74a98ec91121b17f7cc,Hacendado,Limon con gas zero,"Pack 6 latas x 33 cl - 1,98 l",2.22,Bebidas > Refresco > Limón,Limón,https://a0.soysuper.com/381d714a82151217308731f5907c09d2.110.110.0.min.wmark.6490b41f.jpg
633bfaece6ed4058ca1423fb,Hacendado,Bebida avena calcio,Brick 1 l,1.2,"Lácteos y Huevos > Leche > Soja, Avena, Arroz,..","Soja, Avena, Arroz,..",https://a1.soysuper.com/a182a242653a97b504fcea28237a4304.110.110.0.min.wmark.1e99719b.jpg
5b8370bc722d6a1f47161e4a,Hacendado,Smoothie fresa refrigerado,Botella 250 ml,1.65,Bebidas > Zumo > Refrigerados,Refrigerados,https://a2.soysuper.com/e40f21a07643fea34132c7c030c144b7.110.110.0.min.wmark.c2ff3c3d.jpg
5d2c4e4e53c97b37f0261f3f,Hacendado,Palomitas microondas dulces,3 x 105 g,1.6,Aperitivos > Snacks > Palomitas,Palomitas,https://a2.soysuper.com/aee139488fdfd6116336e4566bd05a7a.110.110.0.min.wmark.cca1698f.jpg
5caaf1991452a02c3251c144,Hacendado,"Mezcla de semillas (sesamo, lino marron, semillas de chia y pipas de girasol y calabaza)",Paquete 200 g,1.46,Cereales y Galletas > Cereales > Línea y Semillas,Línea y Semillas,https://a1.soysuper.com/6a5d1e35b4d4d059fe95d33809dd1b04.110.110.0.min.wmark.d8469a2c.jpg
607014b21452a04f1a63a72b,Hacendado,Bebida avellanas,Brick pack 6 x 1 l - 6 l,7.5,"Lácteos y Huevos > Leche > Soja, Avena, Arroz,..","Soja, Avena, Arroz,..",https://a0.soysuper.com/612c07d94a3b1df67e3145f2a1dedf7d.110.110.0.min.wmark.39ac9626.jpg
638ec3848ca63c37f152f5ff,Hacendado,Pan molde cereales sin gluten y sin lactosa,470 g,2.75,"Panadería, Pastelería y Repostería > Pan > Pan de Molde",Pan de Molde,https://a0.soysuper.com/5bb98ebea3100daddb1bce1955902863.110.110.0.min.wmark.e324ecd0.jpg
50ef7f6c762607c870000016,Hacendado,"Cocktail crunchy (sabores barbacoa, tex-mex, miel Y sal)",Paquete 200 g,1.6,Aperitivos > Frutos Secos > Cóctel,Cóctel,https://a2.soysuper.com/e519da4fe587c7c9042751d3525e7970.110.110.0.min.wmark.e4b169af.jpg
51afaee934f1845112000011,Hacendado,Lomo,400 g aprox,7,Frescos y Charcutería > Charcutería > Lomo,Lomo,https://a2.soysuper.com/59aca7f02b7d8d3a306de23b4af86e7d.110.110.0.min.wmark.ff505173.jpg
53a2e0ce3d2d14dc110011db,Hacendado,Pate jamon,Tarro 160 g,1.1,"Conservas, Sopas, Aceites y Condimentos > Paté > Cerdo",Cerdo,https://a0.soysuper.com/30b4fdb09476f56b654e399658ce2790.110.110.0.min.wmark.2548621b.jpg
6006a25a0932f7277503b57e,Hacendado,Tarta queso,Unidad 180 g,1.9,Lácteos y Huevos > Postres > Tarta,Tarta,https://a0.soysuper.com/4121d01cc1701e5b6debcdb8c5fb5643.110.110.0.min.wmark.d98651cc.jpg
64bf77a7d7918755de25abbe,Hacendado,Salsa fresca pesto,Tarrina 150 g,1.9,"Conservas, Sopas, Aceites y Condimentos > Salsas Refrigeradas > Para Pasta",Para Pasta,https://a2.soysuper.com/1cd91a0e07e6c1f0a6455f9106bbf13a.110.110.0.min.wmark.710b87d4.jpg
58a5294698ec9134e1222599,Hacendado,"Napolitanas mini saladas surtidas horno (atún, queso, sobrasada y pate)",195 g (bolsa 12 u),1.4,"Panadería, Pastelería y Repostería > Salados > Hojaldre salado",Hojaldre salado,https://a0.soysuper.com/75a39492e63b042b59cef08bd7086411.110.110.0.min.wmark.db3d2a69.jpg
4fc9100dcc75fa2a350029e5,Hacendado,Marisco pasta,Paquete 500 g,0.8,"Pasta, Arroz y Legumbres > Pasta > Para Sopa",Para Sopa,https://a2.soysuper.com/7fe322fe83a4688b4cab4ea5d5b2d4a5.110.110.0.min.wmark.00988b49.jpg
61176a3553c97b31d41941b7,Hacendado,Hamburguesa ternera con bacon y queso (envase apto para microondas),220 g,2.65,Frescos y Charcutería > Platos Preparados > Calientes,Calientes,https://a1.soysuper.com/c54a314b81bd474c5fb4974dc1a04a4d.110.110.0.min.wmark.8510406d.jpg
4fc91369cc75fa2a3500fe7b,Hacendado,Leche desnatada sin lactosa,Brick 1 l,0.91,Lácteos y Huevos > Leche > Sin Lactosa,Sin Lactosa,https://a1.soysuper.com/efa49017310775fea8878db17ad59371.110.110.0.min.wmark.b504a732.jpg
51bbc1577f6686c817000019,Hacendado,Masa fresca quebrada brisa,2 paquetes x 230 g,2.2,Frescos y Charcutería > Platos Preparados > Refrigerados,Refrigerados,https://a1.soysuper.com/6e2beefc0eebea99f3969fc2d880c5aa.110.110.0.min.wmark.fad8a3a5.jpg
4fc9142acc75fa2a35012b94,Hacendado,Cafe molido espresso natural,Paquete 250 g,3.59,"Cafés, Cacaos e Infusiones > Café > Molido",Molido,https://a2.soysuper.com/fe9e9c5cf11541d6173acff216560d74.110.110.0.min.wmark.f9420c3d.jpg
628627870932f754ac81c54c,Hacendado,Pimienta negra molinillo (tapon gris),Bote 65 g,1.85,"Conservas, Sopas, Aceites y Condimentos > Especias > Pimienta",Pimienta,https://a2.soysuper.com/11e78653a20078f45d5bef1a520941c0.110.110.0.min.wmark.71ca44de.jpg
5041288af63270133000004f,Hacendado,Pipas girasol barbacoa,Paquete 200 g,1.35,Aperitivos > Frutos Secos > Pipas,Pipas,https://a1.soysuper.com/5089c59ee61a002f8c5e492ca5777750.110.110.0.min.wmark.5805af23.jpg
5a96923a1452a05be609d2f6,Hacendado,Bacalao congelado punto de sal migas,Paquete 300 g,6.39,Congelados > Pescados y Mariscos > Bacalao,Bacalao,https://a2.soysuper.com/5042c958ce5c072329b93fdca193f749.110.110.0.min.wmark.268a91f1.jpg
5ca8a94b53c97b59190a044e,Hacendado,Pimiento relleno bacalao congelado,Paquete 185 g,2,Congelados > Platos Preparados > Pescado y Marisco,Pescado y Marisco,https://a1.soysuper.com/4e3e396761f84ad2b54926fa23cb4e7b.110.110.0.min.wmark.2c383c1d.jpg
64b6c4a6e93cdf770430257a,Hacendado,Nectar guayaba,Brick 1 l,1.28,Bebidas > Zumo > Guayaba,Guayaba,https://a0.soysuper.com/5dcb0142203bd4d0a6c9b976c9a2d3bd.110.110.0.min.wmark.bf3de7f4.jpg
63a9553d1452a02a671ea8c0,Hacendado,"Cocktail rumba (cacahuete, maiz, pipas girasol y calabaza)",Paquete 300 g,1.6,Aperitivos > Frutos Secos > Cóctel,Cóctel,https://a0.soysuper.com/9d6f1223735f73179ba6367777bf1150.110.110.0.min.wmark.bf5be905.jpg
5b9b79902508c1361c47f395,Hacendado,Margarina vegetal 100%,Tarrina 250 g,1.6,Lácteos y Huevos > Margarina > Vegetal,Vegetal,https://a2.soysuper.com/c8b7ff0f97447cd7894b667ae7ebebb1.110.110.0.min.wmark.afc0e5eb.jpg
5541dc2598ec912d7359cb3b,Hacendado,Cafe con leche cappuccino liquido,Vaso 250 ml,0.85,"Cafés, Cacaos e Infusiones > Café > Listo para Tomar",Listo para Tomar,https://a0.soysuper.com/98431e52f8b47e71f74eb2731ec14700.110.110.0.min.wmark.0d5168da.jpg
645c8feb0932f71b1b6432f4,Hacendado,Espinaca picada congelada,Paquete 500 g,1.3,"Congelados > Verduras, Hortalizas y Legumbres congeladas > Espinacas congeladas",Espinacas congeladas,https://a1.soysuper.com/95178ff9434a1af5f1aaa743a450a8de.110.110.0.min.wmark.04ce867d.jpg
618eec880932f70ab358105c,Hacendado,Queso tierno tronchón mezcla,260 g aprox,3.21,"Frescos y Charcutería > Queso > Tierno, Semicurado y Curado","Tierno, Semicurado y Curado",https://a0.soysuper.com/b238b6860b08b80c2c483ea457324a56.110.110.0.min.wmark.42ede971.jpg
5ed0ef6a98ec913b47086cb1,Hacendado,Queso viejo intenso,Unidad 375 g,5.38,"Frescos y Charcutería > Queso > Tierno, Semicurado y Curado","Tierno, Semicurado y Curado",
4fc91027cc75fa2a35002ff9,Hacendado,Zumo piña seleccion refrigerado,Brick 1 l,2.6,Bebidas > Zumo > Refrigerados,Refrigerados,https://a0.soysuper.com/94673a578350331a6c723ee3b2e2c335.110.110.0.min.wmark.8f23fc64.jpg
4fc912becc75fa2a3500d618,Hacendado,Chicle menta fuerte grageas sin azucar,Paquete 32 u x45gr,1,Chocolates y Dulces > Golosinas > Chicles,Chicles,https://a0.soysuper.com/afa1755572f95ecb1d230b08b64d8192.110.110.0.min.wmark.be8a786a.jpg
6294fcfb8ca63c015032886a,Hacendado,Bebida soja vainilla,Brick 1 l,1.1,"Lácteos y Huevos > Leche > Soja, Avena, Arroz,..","Soja, Avena, Arroz,..",https://a2.soysuper.com/7fcb00373f42dbfec79d6ce6aa7382f0.110.110.0.min.wmark.54a24fb9.jpg
5940f42e1452a021280d50d1,Hacendado,"Pizza fresca romana (jamon, aceitunas y champiñones salteados)",U 430 g,2.9,Frescos y Charcutería > Platos Preparados > Calientes,Calientes,https://a0.soysuper.com/02944bbf942ad1e6fbbae5a2ebf11db7.110.110.0.min.wmark.67ab7648.jpg
5ed60758722d6a3be123c3af,Hacendado,Esparrago blanco corto delgado conserva,Tarro 200 g escurrido 110 g,1.25,"Conservas, Sopas, Aceites y Condimentos > Conservas Vegetales > Espárragos en conserva",Espárragos en conserva,https://a0.soysuper.com/a28b3dbd800d8e33c7a0ad6d1140aaab.110.110.0.min.wmark.04329c75.jpg
567133851452a0776f0beff1,Hacendado,Mazorquita de maíz agridulce en conserva,Tarro 190 g peso neto escurrido,2.6,"Conservas, Sopas, Aceites y Condimentos > Conservas Vegetales > Maíz en conserva",Maíz en conserva,https://a0.soysuper.com/ad0cb56ce5e932d881a9babc82271896.110.110.0.min.wmark.80c053c2.jpg
4fc91276cc75fa2a3500c511,Hacendado,Alcaparras,Tarro 135 g escurrido 80 g,1.35,Aperitivos > Encurtidos > Pepinillos,Pepinillos,https://a0.soysuper.com/80511e729c0354a700fd5017f043900f.110.110.0.min.wmark.1a5e8e5d.jpg
616dac8be93cdf3b237349e6,Hacendado,Cafe soluble classic,Tarro 100 g,2.9,"Cafés, Cacaos e Infusiones > Café > Soluble",Soluble,https://a1.soysuper.com/fb1f3a87506943665f776036c1af7fed.110.110.0.min.wmark.eddd0daa.jpg
5d76311e53c97b2f14054606,Hacendado,Tortillas mejicanas trigo mini,Pack 2 x 6 u - 300 g,1.65,"Conservas, Sopas, Aceites y Condimentos > Platos Preparados en Conserva > Comida Mexicana",Comida Mexicana,https://a2.soysuper.com/eacf9bce4d120ec32fad9215a9021acf.110.110.0.min.wmark.b2e456e8.jpg
62e8d26ed791873b5907d823,Hacendado,Mermelada higo,Tarro 340 g,1.93,"Conservas, Sopas, Aceites y Condimentos > Conservas Dulces > Confituras y Mermeladas",Confituras y Mermeladas,https://a2.soysuper.com/da69a5331cb16f35dcbaa8816521596e.110.110.0.min.wmark.6397acea.jpg
5bf000b1722d6a733c70fe1f,Hacendado,Leche semidesnatada sin lactosa,"Pack 6 botellas x 1,5 l",9.72,Lácteos y Huevos > Leche > Sin Lactosa,Sin Lactosa,https://a1.soysuper.com/046c5ef877981d276a5a8d8b64d9e0b0.110.110.0.min.wmark.75b9309e.jpg
5bf7bef053c97b66c0682478,Hacendado,Vela de cumpleaños 4,Paquete 1 ud,0.85,Bazar y Casa > Decoración > Velas,Velas,https://a0.soysuper.com/ffc967e0540fb17104151e9ddf5a0484.110.110.0.min.wmark.1a2cd275.jpg
618eec88722d6a6c8d28f877,Hacendado,Pollo asado troceado,Paquete 1.3 kg aprox,8.39,Frescos y Charcutería > Platos Preparados > Calientes,Calientes,https://a2.soysuper.com/740f37e56cd4957e60f947b26576dbdc.110.110.0.min.wmark.77185f7e.jpg
5eb446e00932f75c61776f42,Hacendado,Butifarra catalana lonchas,Paquete 150 g,1.85,Frescos y Charcutería > Charcutería > Butifarra,Butifarra,https://a0.soysuper.com/1da817ee6ab72faaefa5a2c779a9de01.110.110.0.min.wmark.a751adbf.jpg
624a948fe6ed4049ae6799a1,Hacendado,Helado palo bombon mini pistacho,Caja 8 u x 60 ml,3.32,Congelados > Helados > Bombón Helado,Bombón Helado,https://a0.soysuper.com/0c79474e940f59e9e16a6fc14d5bbacb.110.110.0.min.wmark.49cbb636.jpg
505d8ff369d11e6f670000f9,Hacendado,Leche entera sin lactosa,Brick 1 l,1.03,Lácteos y Huevos > Leche > Sin Lactosa,Sin Lactosa,https://a1.soysuper.com/f6f859130d20c45f4ed749c882153c70.110.110.0.min.wmark.59cd247d.jpg
5a0063342508c11b230dc10a,Hacendado,Mermelada fresa 0% azucares añadidos,Tarro 380 g,1.59,"Conservas, Sopas, Aceites y Condimentos > Conservas Dulces > Confituras y Mermeladas",Confituras y Mermeladas,https://a2.soysuper.com/db85a778506608843649aaca0ccbb4d7.110.110.0.min.wmark.b43d10bc.jpg
5a22e33298ec914d80572d2b,Hacendado,Café en cápsula café con leche descafeinado,Caja 16 ud,3.45,"Cafés, Cacaos e Infusiones > Café > Cápsulas",Cápsulas,https://a1.soysuper.com/b8c888887b5417efe0bc98ccf958fb13.110.110.0.min.wmark.324c20a1.jpg
4fc91288cc75fa2a3500c8cc,Hacendado,Habas fritas,Paquete 100 g,1.3,Aperitivos > Frutos Secos > Habas,Habas,https://a0.soysuper.com/081fbcf66fc32202d54c16d428f4d170.110.110.0.min.wmark.bacd049e.jpg
618127fce93cdf3b2029e3fe,Hacendado,Ensalada de pasta,Paquete 250 g,2.65,Frescos y Charcutería > Platos Preparados > Refrigerados,Refrigerados,https://a2.soysuper.com/f5e907f353e7b81d4c3a6e14c4ca65d2.110.110.0.min.wmark.68b3ce7b.jpg
4fc90fc4cc75fa2a350018dc,Hacendado,Postre soja vainilla,Pack 4 x 100 g - 400 g,1.55,Lácteos y Huevos > Yogur > Soja,Soja,https://a1.soysuper.com/6a4192ec9807fa1aeb37a36e6db49332.110.110.0.min.wmark.7bd88648.jpg
4fc910b8cc75fa2a35005b04,Hacendado,Bebida de frutas rojas antioxidante sin azúcares añadidos,Brick 1 l,1.94,Bebidas > Zumo > Mezcla de Frutas,Mezcla de Frutas,https://a2.soysuper.com/2f616607f251f51c2c2d08e140c5e0b9.110.110.0.min.wmark.386db9ed.jpg
5b00375b53c97b24973fefb4,Hacendado,Salmorejo 100 % natural fresco,Botellin 330 ml,1.25,Frescos y Charcutería > Platos Preparados > Refrigerados,Refrigerados,https://a2.soysuper.com/4246e8f72531513e1746d3aa11831348.110.110.0.min.wmark.52aee63b.jpg
656b48d7e93cdf2ae046932b,Hacendado,Canela rama (tapón marron),Bote 19 g,1.5,"Conservas, Sopas, Aceites y Condimentos > Especias > Canela",Canela,https://a0.soysuper.com/df6df4fd651a31d79d5aaf48a3e3661a.110.110.0.min.wmark.44e1c33d.jpg
5ce93c04722d6a39cf2b62d2,Hacendado,Cereal copos espelta (0% azucares añadidos),Paquete 400 g,1.7,Cereales y Galletas > Cereales > Línea y Semillas,Línea y Semillas,https://a2.soysuper.com/4efa5e4029c0708418fbadcfe0bf9478.110.110.0.min.wmark.80d7e251.jpg
5d44bfd32508c11e0903af1e,Hacendado,Queso curado oveja manchego,Unidad 330 gr,6.64,Frescos y Charcutería > Queso > Quesos Nacionales,Quesos Nacionales,
62ad4e15d791876d0749c6fd,Hacendado,Magdalena cacao redonda industrial,Paquete 350 g,2.1,"Panadería, Pastelería y Repostería > Bollería > Magdalenas",Magdalenas,https://a0.soysuper.com/d5bbb176397d967e19eb9b239498b8c2.110.110.0.min.wmark.7b6b3929.jpg
63930b42d791872e8a2ff829,Hacendado,Cafe molido mezcla,Paquete 500 g,4.9,"Cafés, Cacaos e Infusiones > Café > Molido",Molido,https://a2.soysuper.com/bf71e383e62cdca5c47ba6c8e117542d.110.110.0.min.wmark.ffd4b27f.jpg
61bc5dce98ec911778348239,Hacendado,Caramelo con palo sabor cereza relleno de chicle (cherry stick),Paquete 7 u,1.3,Chocolates y Dulces > Golosinas > Caramelos,Caramelos,https://a1.soysuper.com/531a7212dd79d0b047813f7f7c9c5c96.110.110.0.min.wmark.33cf1181.jpg
5b31c74e98ec91121b17f7d1,Hacendado,Cola zero (azucar) zero (cafeina),Lata pack 6 x 330 ml - 1980 ml,2.1,Bebidas > Refresco > Cola,Cola,https://a1.soysuper.com/d351d997cb22c4f8385c345876be366a.110.110.0.min.wmark.7fc59896.jpg
4fc90f80cc75fa2a35000885,Hacendado,Naranja con gas,Botella 2 l,0.95,Bebidas > Refresco > Naranja,Naranja,https://a0.soysuper.com/d9c794868547e029639a2a2b36a0a27b.110.110.0.min.wmark.c3128a0b.jpg
5012f085a1320a57230001bd,Hacendado,Gamba congelada blanca arrocera,Unidad 250 gr,3.13,Congelados > Pescados y Mariscos > Gambas congeladas,Gambas congeladas,https://a1.soysuper.com/af332a85fbc527cb48b4f9ed44c3f3f8.110.110.0.min.wmark.44878fd5.jpg
59b01c000932f71f2f6cc402,Hacendado,Néctar multivitaminas sin azúcares añadidos,Brick 1 l,1,Bebidas > Zumo > Mezcla de Frutas,Mezcla de Frutas,https://a0.soysuper.com/94e8291a0dade69ba9e1f931a62467cd.110.110.0.min.wmark.2d71f1f3.jpg
5afbf95f2508c148544e7f6b,Hacendado,Pate fresco pimienta verde,Paquete 100 g,1.45,Frescos y Charcutería > Charcutería > Paté y Foie,Paté y Foie,https://a1.soysuper.com/adc8bb7b3fa4b625d4f88d90e544aea8.110.110.0.min.wmark.58868bea.jpg
503930f9974dfa7b0e000168,Hacendado,Bebida soja 0% azucares,Brick 1 l,0.76,"Lácteos y Huevos > Leche > Soja, Avena, Arroz,..","Soja, Avena, Arroz,..",https://a2.soysuper.com/b14597ae9d577b68d42df20ffa3db430.110.110.0.min.wmark.d8b506db.jpg
4fc91276cc75fa2a3500c50f,Hacendado,Pepinillo vinagre grande,Tarro 670g. escurrido 370g,1.95,Aperitivos > Encurtidos > Pepinillos,Pepinillos,https://a0.soysuper.com/99b379873d8c03f89256ff24bd0a5a31.110.110.0.min.wmark.e0b57b31.jpg
58e207721452a031211dd876,Hacendado,Flan en polvo con azúcar y caramelo,Caja 190 g (8 raciones),1.4,"Panadería, Pastelería y Repostería > Repostería > Postres para Preparar",Postres para Preparar,https://a2.soysuper.com/0f0e7d283a819853be1ca65547a7e6d6.110.110.0.min.wmark.b1a03ef7.jpg
61013c9ed7918705181aa81b,Hacendado,Pate fresco pato con cebolla caramelizada,Paquete 100 g,2.3,Frescos y Charcutería > Charcutería > Paté y Foie,Paté y Foie,https://a0.soysuper.com/d5f47a19eb7af93b6c518d2bdb0669e2.110.110.0.min.wmark.a10b9f40.jpg
5b091cb898ec9178a94c1628,Hacendado,Aperitivo snack de gamba,Paquete 60 g,1.05,Aperitivos > Snacks > Pan de Gambas,Pan de Gambas,https://a2.soysuper.com/3d9d9870467b9542ce608438a6f1c72b.110.110.0.min.wmark.f750ac93.jpg
5b3f3ba9722d6a15107cc133,Hacendado,Filete de salmón rosado salvaje con piel ultracongelado,300 g aprox.,4.01,Congelados > Pescados y Mariscos > Salmón,Salmón,https://a2.soysuper.com/719288d5b11a67a6c868cface0ec3ae9.110.110.0.min.wmark.3d729479.jpg
4fc9168fcc75fa2a3501bf40,Hacendado,Mejillón en escabeche 13/18 piezas pequeños,Lata 69 g neto escurrido,2.15,"Conservas, Sopas, Aceites y Condimentos > Conservas de Marisco > Mejillones",Mejillones,https://a0.soysuper.com/29fb96852048ec7d471094c713f4c252.110.110.0.min.wmark.36357a40.jpg
5364bf26cfe8bfa468000025,Hacendado,Sal hornear,Paquete de 2 kg,1.4,"Conservas, Sopas, Aceites y Condimentos > Especias > Sal",Sal,https://a1.soysuper.com/e82c829272075e16d977f533cdc08ad9.110.110.0.min.wmark.03a950fc.jpg
6110d901d79187051b3a1b52,Hacendado,Caballa sur filete tomate,Lata pack 2 x 120 g - 240 g escurrido 170 g,2.6,"Conservas, Sopas, Aceites y Condimentos > Conservas de Pescado > Caballa",Caballa,https://a1.soysuper.com/097200d816f362bbc5b55db4c025c831.110.110.0.min.wmark.ec1c4a4a.jpg
60bdc462722d6a184a6bbcdd,Hacendado,Limonada light sin gas,"Pack 4 botellines x 33 cl - 1,32 l",1.6,Bebidas > Zumo > Limón,Limón,https://a0.soysuper.com/765a2b1d27dae81e55505b54410ad9d5.110.110.0.min.wmark.25e767df.jpg
4fc9156ecc75fa2a3501772a,Hacendado,Refresco te verde,Botella 1500 ml,1,Bebidas > Refresco > Té,Té,https://a0.soysuper.com/1d1eb9044773b786a9e3e0965708af49.110.110.0.min.wmark.4f8757a6.jpg
5bf67b8053c97b0a6e53b2a1,Hacendado,Helado sorbete limon (sin trocitos),"Tarrina 1 l, 720 g",2.36,Congelados > Helados > Tarrina,Tarrina,https://a0.soysuper.com/dc90d4eb3f23809525797026fc659193.110.110.0.min.wmark.d475ec14.jpg
5c8242f2722d6a07651afd85,Hacendado,Cilantro,Bote 12 g,1.85,"Conservas, Sopas, Aceites y Condimentos > Especias > Cilantro",Cilantro,https://a0.soysuper.com/265a3af1616108c24a2fae84855f93ed.110.110.0.min.wmark.5771f62c.jpg
60b5c66d2508c155303ec3b5,Hacendado,Bebida coco y arroz,Brick 1 l,1.6,"Lácteos y Huevos > Leche > Soja, Avena, Arroz,..","Soja, Avena, Arroz,..",https://a0.soysuper.com/a643023d714bfd6ab31acb4a76abe6fa.110.110.0.min.wmark.1aa4e458.jpg
56fb914d98ec912f5b3f2869,Hacendado,Café soluble descafeinado,Tarro de 100 g,3.1,"Cafés, Cacaos e Infusiones > Café > Descafeinado",Descafeinado,https://a1.soysuper.com/4030ad967c2c891ceac2f890c625319c.110.110.0.min.wmark.cd034970.jpg
55bf17ed53c97b0cb66a1708,Hacendado,"Yogur desnatado trozos 3 piña, 3 fresa , 3 frutas DEL bosque, 3 mango",Pack 12 x 125 g -1500 g,3.3,Lácteos y Huevos > Yogur > Desnatado,Desnatado,https://a0.soysuper.com/d841c7a7698fa1259bbb2be2e2bbdbd5.110.110.0.min.wmark.5176a134.jpg
54734f29400dfc7603016b01,Hacendado,Yogur desnatado natural,Pack 6 x 125 g - 750 g,1.15,Lácteos y Huevos > Yogur > Desnatado,Desnatado,https://a2.soysuper.com/1bf4a5121af56e47e43d1587e3e05148.110.110.0.min.wmark.63062bca.jpg
5bcd9b0753c97b22014b735a,Hacendado,Nuez de brasil natural,Paquete 200 g,4.95,Aperitivos > Frutos Secos > Nueces,Nueces,https://a2.soysuper.com/00e1eb0716a6bd5808ffec9e32ee2022.110.110.0.min.wmark.f3858195.jpg
64a591912508c14cd017df70,Hacendado,Golosinas surtidas acidas mix con pica,Paquete 300 g,1.6,Chocolates y Dulces > Golosinas > Surtido,Surtido,https://a0.soysuper.com/22a77f4fdf45f2e938f9507c04a547fe.110.110.0.min.wmark.b7a23d7e.jpg
588f151cc240640ac209c1d7,Hacendado,Leche entera fresca pasteurizada,Botella de 1 litro,1.15,Lácteos y Huevos > Leche > Entera,Entera,https://a2.soysuper.com/c63717fa5dae985262e5366da7021809.110.110.0.min.wmark.2d7e1976.jpg
5bf000b12508c12a2c08ec00,Hacendado,PREPARADO LACTEO SEMIDESNATADO CON FIBRA,6 x 1 l,7.8,Lácteos y Huevos > Leche > Semidesnatada,Semidesnatada,https://a0.soysuper.com/7b0b7e0aec27b7f506dee195cf7378b6.110.110.0.min.wmark.9f2f73de.jpg
5ed0f02f1452a00dbe3917be,Hacendado,Queso tierno cortado,Unidad 320 gr,3.76,"Frescos y Charcutería > Queso > Tierno, Semicurado y Curado","Tierno, Semicurado y Curado",
5852666c53c97b5a5a43de4f,Hacendado,Infusión té chai con especias,Paquete 20 bolsitas,1.15,"Cafés, Cacaos e Infusiones > Infusiones > Té",Té,https://a0.soysuper.com/4097f8e3d6a2d36cb872d210f63ad678.110.110.0.min.wmark.475fa665.jpg
5864e59053c97b4c9415bf9b,Hacendado,Chicle hierbabuena grageas sin azúcar,Bote 100 g (70 uds),1.95,Chocolates y Dulces > Golosinas > Chicles,Chicles,https://a0.soysuper.com/b4db949dc4d22213e1090afb202256fa.110.110.0.min.wmark.79d243a4.jpg
62270a3598ec9153045f2bc9,Hacendado,Horchata,Brick 1 l,1.2,Bebidas > Horchata > Natural,Natural,https://a2.soysuper.com/f7d62cefc0da120a9a50a8458ea4b6f1.110.110.0.min.wmark.d6494ef6.jpg
53ce4d9810e38ede300096d9,Hacendado,Edulcorante Stevia natural pastillas,BOTE 175 u,1.84,"Panadería, Pastelería y Repostería > Azúcar y Edulcorantes > Edulcorante",Edulcorante,https://a2.soysuper.com/14a029025ed2d80eb2d7ee824c2cdd16.110.110.0.min.wmark.9e40a632.jpg
5cac528198ec91065807d20d,Hacendado,Helado sándwich mini vainilla con cookies,Caja 6 u x  85 ml,3.01,Congelados > Helados > Sándwich,Sándwich,https://a2.soysuper.com/9bc10c55c1b680ab6c8f5c419696ae08.110.110.0.min.wmark.37b88b67.jpg
5462eb70367b95a869002b5d,Hacendado,Mermelada naranja amarga,Tarro 440 g,1.35,"Conservas, Sopas, Aceites y Condimentos > Conservas Dulces > Confituras y Mermeladas",Confituras y Mermeladas,https://a1.soysuper.com/938e99ba3093914430714d726fd2cbdc.110.110.0.min.wmark.cc3951a3.jpg
5f072e3f53c97b6a543caad0,Hacendado,Galletas Digestive 0% azúcares añadidos,Paquete 400 g,1.4,Cereales y Galletas > Galletas > Digestive,Digestive,https://a1.soysuper.com/9edbc6353ce384f052dcb653c5bfdabd.110.110.0.min.wmark.bf4f3b73.jpg
4fc912becc75fa2a3500d604,Hacendado,Caramelo blando con zumo frutas sin gluten,Paquete 300 g,1.6,Chocolates y Dulces > Golosinas > Caramelos,Caramelos,https://a0.soysuper.com/57f5b195f05aee1912b0b98cec3383ef.110.110.0.min.wmark.71ce93c7.jpg
60dc170253c97b301d5e412b,Hacendado,Tarta infantil justice league trufa 20 raciones (cuadrada) pasteleria congelada,1 u - 1400 g,13.8,Congelados > Pan y Repostería > Tartas,Tartas,https://a1.soysuper.com/d6e1f4dfba0a186827d90e31fd305230.110.110.0.min.wmark.2a9cd468.jpg
4fc9163fcc75fa2a3501aaf1,Hacendado,Bebida isotonica naranja,Lata pack 6 x 330 ml - 1980 ml,2.67,Bebidas > Bebida Isotónica > Naranja,Naranja,https://a2.soysuper.com/f032b1c64ea6b34f5b76668151844d53.110.110.0.min.wmark.34cba92b.jpg
4fc912f3cc75fa2a3500e334,Hacendado,Picos reventaos,Paquete 250 g,1,"Panadería, Pastelería y Repostería > Pan > Picos y Crackers",Picos y Crackers,https://a2.soysuper.com/e2f9adc3b922b06734d6ee1bf240302d.110.110.0.min.wmark.7ea7025f.jpg
618eec88d791871dd98a9570,Hacendado,Salmón ahumado,Paquete 100 g aprox,3.8,Frescos y Charcutería > Pescados y Mariscos > Ahumados,Ahumados,https://a2.soysuper.com/348ef11dcff718e35af214ad12059f9f.110.110.0.min.wmark.027d9da7.jpg
5012f048459c33cc5d0001d6,Hacendado,Longaniza de pavo Imperial extra,235 g,4.2,Frescos y Charcutería > Charcutería > Fuet - longaniza,Fuet - longaniza,https://a0.soysuper.com/5b83411a62b34b6274706acabf1bae04.110.110.0.min.wmark.cc0fbc22.jpg
5a00465598ec9178f85c4526,Hacendado,Garbanzo lechoso andaluz,Paquete 1 kg,2.5,"Pasta, Arroz y Legumbres > Legumbres Secas > Garbanzos",Garbanzos,https://a1.soysuper.com/5a1996d463aa91c69d89739bb3ac04d5.110.110.0.min.wmark.becf421d.jpg
51dc67f1edb8723314000031,Hacendado,Granizado cafe,Caja 6 u x 200 ml,3.15,Congelados > Helados > Granizado,Granizado,https://a0.soysuper.com/4c70db9f6e385ed97f58d3555da75996.110.110.0.min.wmark.1070be30.jpg
579fceb853c97b12bb413714,Hacendado,Grissini palitos de pan,Caja 250 g,1.66,"Panadería, Pastelería y Repostería > Pan > Picos y Crackers",Picos y Crackers,https://a0.soysuper.com/c571c02e360b882c8bef93164943ecaa.110.110.0.min.wmark.5cab819f.jpg
5b2ae8611452a032290a7e05,Hacendado,Pollo al curry con arroz basmati,Bandeja 280 g,2.85,Frescos y Charcutería > Platos Preparados > Calientes,Calientes,https://a1.soysuper.com/0eb904ef9a4e3c67c863ef1bc1b150b3.110.110.0.min.wmark.5baf31e9.jpg
51dc680782a5b02e14000018,Hacendado,Helado fruta coco natural relleno,Pack 2 x 175 ml,2.72,Congelados > Helados > Frutas Heladas,Frutas Heladas,https://a2.soysuper.com/70ae31679150d036e9a10dd1c86e3d05.110.110.0.min.wmark.bed17f4a.jpg
5c921c11d791872d685a6a85,Hacendado,Queso fresco cabra,Tarrina 250 g,2.57,Frescos y Charcutería > Queso > Fresco y para Ensaladas,Fresco y para Ensaladas,https://a0.soysuper.com/a08fe43d40a870075d31dcf8ba27e5be.110.110.0.min.wmark.e7bd1301.jpg
5ed0f02f98ec913b47086d0b,Hacendado,Queso semicurado mini,Unidad 1000 g,9.99,"Frescos y Charcutería > Queso > Tierno, Semicurado y Curado","Tierno, Semicurado y Curado",
61975ac398ec9127912bb47c,Hacendado,Pizza fresca calzone jamon y queso,U 400 g,3.5,Frescos y Charcutería > Platos Preparados > Calientes,Calientes,https://a2.soysuper.com/13ce918f0d2e4df92e3d9caadc15761f.110.110.0.min.wmark.e47805ae.jpg
5012ed00459c33cc5d000114,Hacendado,Tonica,Lata pack 6 x 330 ml - 1980 ml,2.23,Bebidas > Refresco > Tónica,Tónica,https://a1.soysuper.com/faa45c90896d0049ac5249898d7a0592.110.110.0.min.wmark.7b165e44.jpg
650d67f02508c1371c2f9ca4,Hacendado,Aceituna picadedos aliñada sin hueso,Tarro 710 g escurrido 350 g,3.8,Aperitivos > Aceitunas > Verdes,Verdes,https://a0.soysuper.com/4138d60336ff761b7c03a708114d5a55.110.110.0.min.wmark.9fa42aed.jpg
510c83788b7e987f2a00003e,Hacendado,Limon con gas 6% zumo,Botella 2 l,0.95,Bebidas > Refresco > Limón,Limón,https://a1.soysuper.com/40cd686b82e216d6a568d10f334beadb.110.110.0.min.wmark.750c9e45.jpg
6516eb8b0932f70355748085,Hacendado,Bizcocho con baño de cacao,68 g aprox,0.39,"Panadería, Pastelería y Repostería > Bollería > Bizcocho, Mantecados y Ensaimadas","Bizcocho, Mantecados y Ensaimadas",https://a0.soysuper.com/81117237dae06fbb1f598d8b850402de.110.110.0.min.wmark.cecf4a72.jpg
65b61f93e6ed4001ee4c508b,Hacendado,Cereal avena crunchy cacao,Paquete 400 g,2.15,Cereales y Galletas > Cereales > Línea y Semillas,Línea y Semillas,https://a1.soysuper.com/2d70302c264b8e5c0e1c9f6f7d7e4f9e.110.110.0.min.wmark.30a6ec5b.jpg
531b0be8d87874ce2200025c,Hacendado,Huevo chocolate sorpresa personaje,Pack 3 x 20 g,1.9,Chocolates y Dulces > Chocolates > Chocolatinas,Chocolatinas,https://a0.soysuper.com/cfe49c5fef1a6ff69f9f24820a9a64ea.110.110.0.min.wmark.3eb02d7a.jpg
58d4e3a42508c11b077b0a1d,Hacendado,Crackers sin gluten con romero,Paquete 200 g,1.71,"Panadería, Pastelería y Repostería > Pan > Picos y Crackers",Picos y Crackers,https://a1.soysuper.com/1ed08efc70ae0c93e62b2e5054f6f489.110.110.0.min.wmark.e4665e6b.jpg
5badf3362508c131df0910c2,Hacendado,Tarta tres chocolates congelada,880 g,9.5,Congelados > Pan y Repostería > Tartas,Tartas,https://a1.soysuper.com/8a49e665ce01ab19ce8b9f63341359a9.110.110.0.min.wmark.f564bba2.jpg
6382a66e98ec914bc95e170e,Hacendado,Huevas merluza cocidas frescas,Paquete 200 g,4.95,Frescos y Charcutería > Pescados y Mariscos > Huevas,Huevas,https://a1.soysuper.com/528b8b61b8340b4283298a4957b7ca54.110.110.0.min.wmark.7d754267.jpg
5c72c8fd2508c11f96549223,Hacendado,Tarta selva negra congelada,1.9 kg,14.9,Congelados > Pan y Repostería > Tartas,Tartas,https://a1.soysuper.com/cbaa386f1c1e0718fa7d35d30a56a0da.110.110.0.min.wmark.169be0e6.jpg
5c88c3cf722d6a6fe237cd55,Hacendado,Miel de naranjo dosificador,Bote 500 g,4.16,"Conservas, Sopas, Aceites y Condimentos > Conservas Dulces > Miel",Miel,https://a2.soysuper.com/f0c6f1e52368f359c7da53b46576cbc4.110.110.0.min.wmark.6e777214.jpg
61013ce20932f74c89550919,Hacendado,Stick salami (para picar),50 g (paquete 5 u),1.1,Frescos y Charcutería > Charcutería > Salami,Salami,https://a2.soysuper.com/7c2ec06a15ec2ac9d2443cf6bc2bf0ad.110.110.0.min.wmark.afae32c9.jpg
5eb446e0d7918772e2016f7d,Hacendado,Butifarra blanca lonchas,Paquete 150 g,1.75,Frescos y Charcutería > Charcutería > Butifarra,Butifarra,https://a0.soysuper.com/63d73bec5e748abf3203f2006d8bab68.110.110.0.min.wmark.c2038692.jpg
656ae8492508c119fd23ae83,Hacendado,Bebida avena chocolate,Brick 1 l,1.25,"Lácteos y Huevos > Leche > Soja, Avena, Arroz,..","Soja, Avena, Arroz,..",https://a1.soysuper.com/6b0946a100e982906bc56f6c4fd4ba90.110.110.0.min.wmark.bba75179.jpg
50b941d4cb0afde63a00003f,Hacendado,Queso untar con queso azul blanco pasteurizado,Tarrina 200 g,1.9,Frescos y Charcutería > Queso > Crema de Queso,Crema de Queso,https://a0.soysuper.com/c7e701b910ccbc83cefb6d9f4c6b4b1e.110.110.0.min.wmark.cf380838.jpg
62db9cb4d791877659031657,Hacendado,Queso tierno cabra,Unidad 350 g,5.25,Frescos y Charcutería > Queso > De Cabra y de Oveja,De Cabra y de Oveja,
609d84102508c14a7a6c4500,Hacendado,Pimiento piquillo asado entero tradicional conserva,Tarro 185 g escurrido 175 g,1.7,"Conservas, Sopas, Aceites y Condimentos > Conservas Vegetales > Pimientos",Pimientos,https://a2.soysuper.com/d3e5c8420073d328ee39958027934d27.110.110.0.min.wmark.a0acf5fe.jpg
618eec88d791871dd98a9572,Hacendado,Queso semicurado mezcla,1.54 kg aprox,14.49,"Frescos y Charcutería > Queso > Tierno, Semicurado y Curado","Tierno, Semicurado y Curado",https://a0.soysuper.com/3cbbf61c87aafc5ebdd579d64b4355ef.110.110.0.min.wmark.c8de0bcd.jpg
654cbac4e93cdf380c614265,Hacendado,Eneldo hojas (tapon verde),Bote 18 g,1.85,"Conservas, Sopas, Aceites y Condimentos > Especias > Eneldo",Eneldo,https://a2.soysuper.com/83c329d187ce7bcda3ce78639c126003.110.110.0.min.wmark.94e9f914.jpg
653a407698ec916b1e679a34,Hacendado,Helado sabor huevo de chocolate,"Tarrina 950 ml, 565 g",3.67,Congelados > Helados > Tarrina,Tarrina,https://a0.soysuper.com/caafb541402f002ae32516ac0643b137.110.110.0.min.wmark.e1fd2125.jpg
50134f4f238436c85d000471,Hacendado,Queso gorgonzola,Unidad 220 gr,2.71,Frescos y Charcutería > Queso > Roquefort y Quesos Azules,Roquefort y Quesos Azules,https://a1.soysuper.com/6ebafc17d09cd8936cf82b675f87a8bd.110.110.0.min.wmark.b381dc47.jpg
6550f9da1452a00157328cfd,Hacendado,"Cafe capsula doble expresso (compatible cafetera nespresso(marca de grupo societe des produits nestlé S.A. no relacionada con productos solubles,s.a.)",Paquete 20 u,3.79,"Cafés, Cacaos e Infusiones > Café > Cápsulas",Cápsulas,https://a0.soysuper.com/48d32ceaa64f619629edd662b880849a.110.110.0.min.wmark.c2ed28d5.jpg
4fc91353cc75fa2a3500f9e5,Hacendado,Nata congelada,Tarrina 500 ml,2.3,Congelados > Pan y Repostería > Nata,Nata,https://a2.soysuper.com/2bc6ddcc6929c7f631ec393463b187ba.110.110.0.min.wmark.1986145e.jpg
59db54362508c14c0a0d2158,Hacendado,Agua de coco 100%,Brick 1 l,2.3,Bebidas > Bebida Isotónica > Agua de Coco,Agua de Coco,https://a2.soysuper.com/f7a78ce9a2b76e4beeb3d058520c10a3.110.110.0.min.wmark.fcd11166.jpg
618eec88d791871df91656ab,Hacendado,Queso semicurado de cabra,390 g aprox,5.91,Frescos y Charcutería > Queso > De Cabra y de Oveja,De Cabra y de Oveja,https://a2.soysuper.com/28e4ff5dad9bdf05acd2d3557849dce1.110.110.0.min.wmark.09b6b445.jpg
649d1671d7918744a868a8dc,Hacendado,Queso semicurado Mahón Menorca de vaca,400 g aprox,4.5,"Frescos y Charcutería > Queso > Tierno, Semicurado y Curado","Tierno, Semicurado y Curado",https://a2.soysuper.com/2d60b2aa07a826d730ad872f38460171.110.110.0.min.wmark.502854d1.jpg
5634adb21452a02bd94b0101,Hacendado,"Yogur trozos frutas (3 piña Y coco, 3 cereza, 3 fresa, 3 mango Y maracuya)",Pack 12 x 125 g - 1500 g,3.5,Lácteos y Huevos > Yogur > Cremoso,Cremoso,https://a0.soysuper.com/942d3d46af8315effe69521ab7d9b6cd.110.110.0.min.wmark.3d2fb036.jpg
616d0bd80932f70ab6574aae,Hacendado,Tacos atun congelado,Unidad 235 gr,3.23,Congelados > Pescados y Mariscos > Atún,Atún,
5053abc369d11e6f67000007,Hacendado,Preparado lacteo desnatado omega 3,Brik 1 l,1.17,Lácteos y Huevos > Leche > Especiales,Especiales,https://a1.soysuper.com/ee6d074fccfd357a148faf8f10872c11.110.110.0.min.wmark.24ec8d51.jpg
4fc9168ccc75fa2a3501be49,Hacendado,Aguja aceite oliva,Lata 120 g escurrido 80 g,1.85,"Conservas, Sopas, Aceites y Condimentos > Conservas de Pescado > Aguja",Aguja,https://a2.soysuper.com/db6214306d3427898811cde3199fb243.110.110.0.min.wmark.fa0ea68d.jpg
62eb7563d791873b7a2875fd,Hacendado,Lomo de bonito seco salado,Paquete 180 g aprox,3.42,Frescos y Charcutería > Pescados y Mariscos > Salazón,Salazón,https://a0.soysuper.com/760bb0c7eac29d20a02f242b2c48ed21.110.110.0.min.wmark.0fdac82e.jpg
624acd5be93cdf6a1f22c285,Hacendado,Chocolate negro 72% cacao con pepitas cacao tostadas,Tableta 100 g,1.25,Chocolates y Dulces > Chocolates > Tabletas,Tabletas,https://a1.soysuper.com/8a50ea82c7ae6d3d846f70df6029e43d.110.110.0.min.wmark.539a1ae9.jpg
5b3a15c32508c123ee50f63d,Hacendado,Rosada congelada filete sin piel,Unidad 250 gr,3.56,Congelados > Pescados y Mariscos > Rosada,Rosada,
65aa8a772508c159fa22599c,Hacendado,Mix frutas en almibar,Bote pack 2x115g escurrido,2.1,"Conservas, Sopas, Aceites y Condimentos > Conservas Dulces > Conservas de Fruta",Conservas de Fruta,https://a2.soysuper.com/a9433b13381593f705ed941ed236444d.110.110.0.min.wmark.be68d747.jpg
582365ad2508c12105800acb,Hacendado,Bechamel,Minibrick pack 3 x 200 ml - 600 ml,2.35,"Conservas, Sopas, Aceites y Condimentos > Salsas > Salsa Bechamel",Salsa Bechamel,https://a1.soysuper.com/6d03d3a3c9cf2cf2d97856dffdbd31ae.110.110.0.min.wmark.001a25fe.jpg
60dd9ce4722d6a788e6ad97a,Hacendado,Pate hígado cerdo light,Pack 2 latas x 80 g - 160 g,1.6,"Conservas, Sopas, Aceites y Condimentos > Paté > Cerdo",Cerdo,https://a0.soysuper.com/6a0c0d78dd039c869effd56490b2bd65.110.110.0.min.wmark.469eaf2d.jpg
64f19cf3d7918730e84f3a8d,Hacendado,Boquerones aliñados,Paquete 80 g escurrido 60 g,1.7,Frescos y Charcutería > Platos Preparados > Refrigerados,Refrigerados,https://a1.soysuper.com/682a9756bc22b606b42a40a5f8dfcbb6.110.110.0.min.wmark.add26636.jpg
5b4866a21452a039d7473dd9,Hacendado,Fogonero congelado porciones en su punto de sal (sin espinas),Paquete 600 g,7.4,Congelados > Pescados y Mariscos > Fogonero congelado,Fogonero congelado,https://a2.soysuper.com/16cad165e882705090632cf7ac96c6c9.110.110.0.min.wmark.37169ee0.jpg
63a037bae93cdf4367318337,Hacendado,Rodaja de marrajo ultracongelado,350 g aprox,5.21,Congelados > Pescados y Mariscos > Marrajo,Marrajo,https://a0.soysuper.com/0664b270d552b1f5c1bfdb6c92413e9c.110.110.0.min.wmark.becd95e4.jpg
5fb32dd1722d6a37f860d16e,Hacendado,Bifidus trozos higo,Pack 4 x 125 g - 500 g,1.35,Lácteos y Huevos > Yogur > Con Bífidus,Con Bífidus,https://a1.soysuper.com/dde00fd8ddf228dd3ca2d71985e0492c.110.110.0.min.wmark.123640fa.jpg
6565b6458ca63c0e5a807a22,Hacendado,Queso blando de vaca y cabra,Tarrina 140 g,2.24,Frescos y Charcutería > Queso > Quesos Nacionales,Quesos Nacionales,https://a1.soysuper.com/e987c1908c8fa5ff484a8c017cc7755e.110.110.0.min.wmark.22aec689.jpg
65bdf2c32508c159f70a035c,Hacendado,Cocido,Bote 420 g,1.9,"Conservas, Sopas, Aceites y Condimentos > Platos Preparados en Conserva > Cocido",Cocido,https://a0.soysuper.com/22d901ae6a478fe45c7b4dccf286597a.110.110.0.min.wmark.9a9c5641.jpg
5ed0f02e1452a00dbe3917ba,Hacendado,Queso tierno mezcla,Unidad 330 g,2.95,"Frescos y Charcutería > Queso > Tierno, Semicurado y Curado","Tierno, Semicurado y Curado",
5f3217fa722d6a476927faad,Hacendado,Cardo troceado conserva,Tarro 400 g neto escurrido,1.95,"Conservas, Sopas, Aceites y Condimentos > Conservas Vegetales > Cardo",Cardo,https://a1.soysuper.com/d72e533f4a4d98f0e09854fad45cdd8a.110.110.0.min.wmark.c6191c3c.jpg
6540b483e6ed4002075f8818,Hacendado,Mejillon tigre congelado,Paquete 400 g,3.5,Congelados > Pescados y Mariscos > Mejillones,Mejillones,https://a1.soysuper.com/ed699fb198ae3853895fb6fa3fab26cb.110.110.0.min.wmark.f828971f.jpg
645b3e41e6ed402ab6755198,Hacendado,Palitos horneados con aceitunas *****novedad*****,Pack 2 paquetes - 128 g,1.18,"Panadería, Pastelería y Repostería > Pan > Picos y Crackers",Picos y Crackers,https://a0.soysuper.com/ad245f59e0f8f2b1b371707a26b15bea.110.110.0.min.wmark.5b9957a8.jpg
612ce247722d6a43b35a6b8a,Hacendado,Sepia refrigerada limpia troceada,Bandeja 300 g,5.95,Frescos y Charcutería > Pescados y Mariscos > Cefalópodos,Cefalópodos,https://a2.soysuper.com/db9fa3ad1d5b1cc5eb0754c88151a638.110.110.0.min.wmark.c48001c6.jpg
5ddd7baa0932f73c975dbe25,Hacendado,99% cacao extrafino negro,Tableta 100 g,2.4,Chocolates y Dulces > Chocolates > Tabletas,Tabletas,https://a1.soysuper.com/4c52559bda790af2f6f3653a8f8faaa4.110.110.0.min.wmark.3df56e47.jpg
5ae1a61253c97b7e836ee0f5,Hacendado,Arroz largo integral,Paquete 1 kg,1.65,"Pasta, Arroz y Legumbres > Arroz > Integral",Integral,https://a2.soysuper.com/5607c3ea723f41209707465e267df1e1.110.110.0.min.wmark.ab251d6b.jpg
5c935a5653c97b2ae8056e5a,Hacendado,Cacao soluble instantaneo,Bote 500 g,2.8,"Cafés, Cacaos e Infusiones > Cacao > Soluble",Soluble,https://a2.soysuper.com/c8fe922199cee85f40060d54f7035e78.110.110.0.min.wmark.ec374168.jpg
5d38199653c97b6ed4447ea1,Hacendado,Bebida isotónica de limón,Lata 33 cl,0.45,Bebidas > Bebida Isotónica > Limón,Limón,https://a1.soysuper.com/c41cff4dd059ed00c4fa8b5a5ccbec61.110.110.0.min.wmark.b3ec9eba.jpg
60bf0079722d6a184a6ca639,Hacendado,Cereal copos arroz trigo integral con chocolate,Caja 450 g,2.1,Cereales y Galletas > Cereales > Infantiles,Infantiles,https://a1.soysuper.com/4dc2bd8d204096345d6de8cc5ecaf73f.110.110.0.min.wmark.b7f09e97.jpg
5d14bc961452a004930e57c5,Hacendado,Refresco de nranja con gas,"Pack 8 latas x 33 cl - 2,64 l",3.12,Bebidas > Refresco > Naranja,Naranja,https://a2.soysuper.com/61aaf6ea45f2a7c4ecab3c81c5d83134.110.110.0.min.wmark.20868f61.jpg
63dbec1a98ec915058300270,Hacendado,Merluza congelada del cabo lomos 6/9 U,Paquete 400 g,4.9,Congelados > Pescados y Mariscos > Merluza,Merluza,https://a0.soysuper.com/46a7fd661d7ea48a508354bbfa154c62.110.110.0.min.wmark.4ff46ab0.jpg
6565bd09e6ed407157279881,Hacendado,Aceituna manzanilla con hueso sabor anchoa,Tarro 935 g escurrido 530 g,2.85,Aperitivos > Aceitunas > Verdes,Verdes,https://a0.soysuper.com/b426979c7a6b90c1aafb89488b335f9a.110.110.0.min.wmark.233650a7.jpg
618eec8853c97b380f77e3ca,Hacendado,Queso viejo de oveja,1.54 kg aprox,20.18,Frescos y Charcutería > Queso > De Cabra y de Oveja,De Cabra y de Oveja,https://a2.soysuper.com/8e189ebd165777e97aaa15547ae09439.110.110.0.min.wmark.8fcf3064.jpg
651a7257e93cdf60121042cc,Hacendado,Aperitivo snack sticks vegetales,Paquete 100 g,1.19,Aperitivos > Snacks > Vegetales Fritos,Vegetales Fritos,https://a0.soysuper.com/8d4c28b845864b95fb2321c40503c532.110.110.0.min.wmark.4de72724.jpg
5ed0f02e1452a00dbe3917b9,Hacendado,Queso tierno mini,Unidad 1100 g,9.57,"Frescos y Charcutería > Queso > Tierno, Semicurado y Curado","Tierno, Semicurado y Curado",
5e7378af98ec911684732686,Hacendado,"Sandwich atun, huevo y mayonesa",1 u - 185 g,1.8,Frescos y Charcutería > Platos Preparados > Refrigerados,Refrigerados,https://a2.soysuper.com/5ab9cf7f0cdf1b833a285ea3de5d84ce.110.110.0.min.wmark.4ebf675f.jpg
520eceabe233537015000043,Hacendado,Helado palo hielo limon,Pack 10 x 75 ml,2.13,Congelados > Helados > Polos,Polos,https://a2.soysuper.com/34d26607010028df29acfa7617de3063.110.110.0.min.wmark.89c75f8d.jpg
598c50100932f7017f31b4b1,Hacendado,Helado mochi mango,Caja 6 u x  36 ml,2.9,Congelados > Helados > Mochi,Mochi,https://a2.soysuper.com/b704619385027173ef183a7ee310afe2.110.110.0.min.wmark.f1246b81.jpg
626fa9758c0afd2e904ff832,Hacendado,Pizza fresca jamon queso sin gluten y sin lactosa,U 420 g,3.2,Frescos y Charcutería > Platos Preparados > Calientes,Calientes,https://a1.soysuper.com/593544adf74ab5c5fae63021b3651f62.110.110.0.min.wmark.d0ce86a4.jpg
4fc91276cc75fa2a3500c515,Hacendado,Cebolla vinagre grande extra,Tarro 670 g escurrido 370 g,2.2,Aperitivos > Encurtidos > Cebollitas,Cebollitas,https://a2.soysuper.com/5bdb9400c2fc7d7680a66ea8f16c9b59.110.110.0.min.wmark.81029c6b.jpg
5d3ab442722d6a4499261bd4,Hacendado,Pimiento dulce choricero,Paquete 50 g,2.3,"Conservas, Sopas, Aceites y Condimentos > Especias > Pimientos Secos",Pimientos Secos,https://a2.soysuper.com/b6f1f80fc1ab266385839d2bcfd447dd.110.110.0.min.wmark.c1172883.jpg
5013872b29eba85323000425,Hacendado,Pebrella (tapon verde),Bote 16 g,2.3,"Conservas, Sopas, Aceites y Condimentos > Especias > Pebrella",Pebrella,https://a2.soysuper.com/cabf6c86afa2a358b1184267c897f094.110.110.0.min.wmark.0b355ed8.jpg
51dc67f1f0f976371400004c,Hacendado,Helado palo hielo fresa,Pack 10 x 75 ml,2.31,Congelados > Helados > Polos,Polos,https://a2.soysuper.com/b0061acd3071e1a620921ce71480d14e.110.110.0.min.wmark.1a378b5e.jpg
62b9f6b58ca63c34a51c513a,Hacendado,Salmon fresco escalopin,Unidad 400 gr,10,Frescos y Charcutería > Platos Preparados > Refrigerados,Refrigerados,
5c7d6c8c722d6a6a0e7cfcca,Hacendado,Horchata,Brik 1 l,1.37,Bebidas > Horchata > Natural,Natural,https://a1.soysuper.com/2926c87a137cd5b2400fb182df4a087f.110.110.0.min.wmark.48ddf266.jpg
5bf7bef02508c15ce11fae0e,Hacendado,Vela de cumpleaños 7,Paquete 1 ud,0.85,Bazar y Casa > Decoración > Velas,Velas,https://a2.soysuper.com/5f2019c7d5b52bcb1a57a46c271078e1.110.110.0.min.wmark.e1a86648.jpg
6516eb8c722d6a681c8175c5,Hacendado,Rollo con sabor nata,42 g aprox,0.24,"Panadería, Pastelería y Repostería > Pastelería > Pastel",Pastel,https://a2.soysuper.com/963ddf23179616dfa0ce615e84ca621b.110.110.0.min.wmark.4d5c309c.jpg
53dcc12c66272c055600d6e4,Hacendado,Pate anchoas,Tarro 160 g,1.65,"Conservas, Sopas, Aceites y Condimentos > Paté > Anchoas",Anchoas,https://a2.soysuper.com/e428b86086b47e52c2d4101a90a82db4.110.110.0.min.wmark.2dded1ef.jpg
63846ef28ca63c59b94f6b41,Hacendado,Gamba blanca pequeña congelada,Caja 1 kg aprox,9.9,Congelados > Pescados y Mariscos > Gambas congeladas,Gambas congeladas,https://a0.soysuper.com/70cff3b6f463f99128498946bbda2f3b.110.110.0.min.wmark.7477cd81.jpg
5d9c4ac3e93cdf1dfc7fd392,Hacendado,Pastel de pescado,Tarrina 200 g,2.95,Frescos y Charcutería > Platos Preparados > Refrigerados,Refrigerados,https://a1.soysuper.com/2c2931a8f37db1c57f0f0dc6f06c37ed.110.110.0.min.wmark.26ac9029.jpg
63293969e6ed4016194bfd97,Hacendado,Lenguado rubio filete fresco,Unidad 280 gr,9.8,Frescos y Charcutería > Pescados y Mariscos > Pescado Blanco,Pescado Blanco,
646dceebd79187385c1eeba2,Hacendado,Membrillo (dulce de membrillo) con nueces,Paquete 260 g,2.4,"Conservas, Sopas, Aceites y Condimentos > Conservas Dulces > Membrillo y Jalea",Membrillo y Jalea,https://a0.soysuper.com/a07df9614ba4b342308b166d1af5ea98.110.110.0.min.wmark.4759f258.jpg
5d14bc971452a004930e57cc,Hacendado,Refresco de limón con gas zero,"Pack 8 latas x 33 cl - 2,64 l",3.36,Bebidas > Refresco > Limón,Limón,https://a2.soysuper.com/787608e36722b096484589a4750ba25f.110.110.0.min.wmark.ab2012fe.jpg
5012ed51a1320a5723000106,Hacendado,Néctar de pomelo sin azúcares añadidos,Brick 1 l,1.31,Bebidas > Zumo > Pomelo,Pomelo,https://a1.soysuper.com/f2bfbce8d21f50c3a4bd951eec4bb884.110.110.0.min.wmark.f310936c.jpg
616f6bac722d6a6c8d0ed76d,Hacendado,Turron crema almendras 0% azucares añadidos,Pastilla 200 g,2.8,Chocolates y Dulces > Dulces de navidad > Turrón,Turrón,https://a2.soysuper.com/b25a4fa3d0906e78175c895e10b1679c.110.110.0.min.wmark.86bc2cb3.jpg
630db271722d6a6e327db3ef,Hacendado,Sepia huevas congeladas,Bandeja 350 g,6.95,Congelados > Pescados y Mariscos > Cefalópodos congelados,Cefalópodos congelados,https://a0.soysuper.com/2f8c3dbc11df63c09b63fd7f233885d3.110.110.0.min.wmark.328fec5c.jpg
5c5d604798ec9126647bb703,Hacendado,Paté de sardina,Lata 65 g,0.95,Frescos y Charcutería > Charcutería > Paté y Foie,Paté y Foie,https://a0.soysuper.com/9c6ff601cd2580c994e1dd3fb1dbab53.110.110.0.min.wmark.d6b0873e.jpg
5d5a6ac553c97b54c96612cd,Hacendado,Refresco te mango y piña,"Botella 1,5 l",1,Bebidas > Refresco > Té,Té,https://a2.soysuper.com/8cf2b8288de9c97757ee00b67801c119.110.110.0.min.wmark.38d0e636.jpg
597b14012508c175355e4c7d,Hacendado,Pocha cocida,Tarro 570 g escurrido 400 g,3.3,"Pasta, Arroz y Legumbres > Legumbres Cocidas > Alubias cocidas",Alubias cocidas,https://a1.soysuper.com/6bf8fcf5776e12d100bc320611ccd05d.110.110.0.min.wmark.921d7d79.jpg
62d33b2098ec910a6208b5c0,Hacendado,Gamba congelada blanca arrocera,Unidad 1000 gr,9.96,Congelados > Pescados y Mariscos > Gambas congeladas,Gambas congeladas,
61a0ad0453c97b37ea353a0f,Hacendado,Tarrito 4 frutas con yogur a partir 8 meses,Tarrina pack 4 x 130 g - 520 g,2.7,Bebés y Niños > Alimentación Infantil > Tarritos,Tarritos,https://a0.soysuper.com/ba87a663d171c782fd95b639b091210e.110.110.0.min.wmark.77b2c8a8.jpg
63293969e6ed4016220fb9c9,Hacendado,Salmon media pieza limpio fresco,Unidad 950 gr,19.95,Frescos y Charcutería > Pescados y Mariscos > Pescado Azul,Pescado Azul,
53e2020e45a112b045005cc9,Hacendado,Preparado lacteo liquido infantil crecimiento con hierro a partir 1 año,Brick 1 l,1.4,Bebés y Niños > Alimentación Infantil > Leche infantil,Leche infantil,https://a0.soysuper.com/bf2b4ba6762d21db80492e551964d0b2.110.110.0.min.wmark.f42ed549.jpg
63cb745b8ca63c4c3b34803a,Hacendado,Costillas de cerdo a la barbacoa cortadas,Bote 500 g aprox,6.25,Frescos y Charcutería > Platos Preparados > Calientes,Calientes,https://a1.soysuper.com/4ea8d4840e083acbfed94672d2428728.110.110.0.min.wmark.b6cfbe21.jpg
5ea121510932f76c760bdd1f,Hacendado,Helado hielo flip-flap fresa,Pack 6 x 115 ml,2.31,Congelados > Helados > Polos,Polos,https://a0.soysuper.com/14dc7802ddd1bf479179cfd141a388b2.110.110.0.min.wmark.17b5dd11.jpg
5b8adbd6722d6a43ba4571eb,Hacendado,Agua con gas seltz,Pack 9 x 500 ml - 4500 ml,2.97,Bebidas > Agua > Con Gas,Con Gas,https://a2.soysuper.com/3d643c11d198b39bf13e40cad2153067.110.110.0.min.wmark.e1f4e0f3.jpg
61b719ea0932f747620a9e3e,Hacendado,Pisto manchego conserva,Tarro 350 g,2.15,"Conservas, Sopas, Aceites y Condimentos > Conservas Vegetales > Tomate",Tomate,https://a0.soysuper.com/e693e4ee9df170a51a8d470e113ce0af.110.110.0.min.wmark.d29a86f4.jpg
53acc759f8d3f77842017553,Hacendado,Refresco ice tea limon,Lata 330 ml,0.5,Bebidas > Refresco > Té,Té,https://a0.soysuper.com/0224a209f7d94d09576ee57e8b350ffb.110.110.0.min.wmark.c32824b0.jpg
62b9f7392508c13b673cea94,Hacendado,Bacalao descongelado al punto de sal,Unidad 400 gr,8.43,Frescos y Charcutería > Pescados y Mariscos > Pescado Blanco,Pescado Blanco,
6373440ad7918743746a4a25,Hacendado,Alistado mediano congelado,Caja 1 kg aprox,36.06,Congelados > Pescados y Mariscos > Alistados congelados,Alistados congelados,https://a1.soysuper.com/3733b31499a7757fc4be8c6b9fa72bc0.110.110.0.min.wmark.35f09897.jpg
5cac9c380932f772bd21fce2,Hacendado,Miel montaña dosificador,Tarro 500 g,5.25,"Conservas, Sopas, Aceites y Condimentos > Conservas Dulces > Miel",Miel,https://a0.soysuper.com/12ef616d6ac6f534a4f3efcfc8f0b89d.110.110.0.min.wmark.106e29f4.jpg
50130967238436c85d000394,Hacendado,Helado castañas nata,Caja 320 ml,3,Congelados > Helados > Bombón Helado,Bombón Helado,https://a2.soysuper.com/b266477a0e4850a3fb2acaca4e3a6757.110.110.0.min.wmark.d925b823.jpg
4fc91578cc75fa2a350179b8,Hacendado,Camayote media pieza,Unidad 500 gr,6.83,Frescos y Charcutería > Charcutería > Butifarra,Butifarra,
5b31c74a98ec91121b17f7ca,Hacendado,Limon con gas zero,Lata 330 ml,0.37,Bebidas > Refresco > Limón,Limón,https://a1.soysuper.com/f2da38c0e7af75bcd12d3e304f4e3e0d.110.110.0.min.wmark.b39060b4.jpg
618eec870932f70ab6661870,Hacendado,Hojaldre cabello de Ángel,100 g aprox,0.58,"Panadería, Pastelería y Repostería > Bollería > Hojaldre",Hojaldre,https://a1.soysuper.com/530eef06ef624b7f614c1d598d1b26ae.110.110.0.min.wmark.8eb9c655.jpg
653b5e4fe6ed4001f8810f34,Hacendado,Queso curado mezcla con trufa,200 g aprox,4.47,"Frescos y Charcutería > Queso > Tierno, Semicurado y Curado","Tierno, Semicurado y Curado",https://a1.soysuper.com/111966db8198d6503bdd70285e9df51e.110.110.0.min.wmark.df033877.jpg
5eee1fa898ec91725f18103f,Hacendado,Pan hogaza de maiz,U - 500 g,1.45,"Panadería, Pastelería y Repostería > Pan > Pan Fresco",Pan Fresco,
56d102002508c1419818f78d,Hacendado,Zumo de naranja recién exprimido,Botella 500 ml,2.95,Bebidas > Zumo > Naranja,Naranja,https://a2.soysuper.com/d8518b143952958ae0907272c9e7b2ba.110.110.0.min.wmark.3c2e6bca.jpg
62270a3553c97b1a7258a8ef,Hacendado,Bebida chufa sin azucar,Brick 1 l,1.5,"Lácteos y Huevos > Leche > Soja, Avena, Arroz,..","Soja, Avena, Arroz,..",https://a0.soysuper.com/2255ae566954272844942fed19c295c7.110.110.0.min.wmark.91dfcfee.jpg
5ed0f02f98ec913b47086d0c,Hacendado,Queso semicurado sin lactosa,Unidad 400 g,5.24,"Frescos y Charcutería > Queso > Tierno, Semicurado y Curado","Tierno, Semicurado y Curado",
5c8ba3e51452a058dd5b5651,Hacendado,Café soluble con achicoria,Tarro 250 g,3.95,"Cafés, Cacaos e Infusiones > Café > Soluble",Soluble,https://a2.soysuper.com/f30363c3a73c8f1aa0b280b38612890d.110.110.0.min.wmark.7ade487c.jpg
5b6d462b0932f732725b23bb,Hacendado,Cola de rape del Cabo sin piel ultracongelada,500 g aprox.,9.25,Congelados > Pescados y Mariscos > Rape,Rape,https://a1.soysuper.com/6383cffb92f5621d275dd98e669df884.110.110.0.min.wmark.5b442fe7.jpg
5012f0aaa1320a57230001cb,Hacendado,Espinaca cortada 2 porciones congelada,Paquete 450 g,1,"Congelados > Verduras, Hortalizas y Legumbres congeladas > Espinacas congeladas",Espinacas congeladas,https://a0.soysuper.com/288cfacd2c187c307bb07ff5ac2d987d.110.110.0.min.wmark.035f125e.jpg
5492f2816349b97f0e0006e8,Hacendado,Sardina marinada filetes en aceite de oliva virgen,Paquete 50 g peso neto escurrido,1.55,Frescos y Charcutería > Pescados y Mariscos > Salazón,Salazón,https://a1.soysuper.com/cfcde2d45580d5109775788e9db0d7b5.110.110.0.min.wmark.ca7a4c73.jpg
61dbe7d4722d6a759286f0d1,Hacendado,Rosquito frito con azúcar,40 g aprox,0.23,Cereales y Galletas > Galletas > Especiales,Especiales,https://a2.soysuper.com/615e23859a353dd7a7f53f53332f8d38.110.110.0.min.wmark.b8050c14.jpg
4fc91321cc75fa2a3500ee1e,Hacendado,Merluza del Cabo sin cabeza ultracongelada,700 g aprox.,5.77,Congelados > Pescados y Mariscos > Merluza,Merluza,https://a1.soysuper.com/dbed838eac35f7272995db7eea437518.110.110.0.min.wmark.15c80c8f.jpg
5bf7bef0722d6a57f5106e5e,Hacendado,Vela de cumpleaños 0,Paquete 1 ud,0.85,Bazar y Casa > Decoración > Velas,Velas,https://a0.soysuper.com/a1ee80ea73f495a26d75f029de5e3155.110.110.0.min.wmark.577f74e0.jpg
4fc91456cc75fa2a3501373f,Hacendado,Butifarron dulce fresco,Unidad 360 gr,3.78,Frescos y Charcutería > Carnes > Salchichas Frescas,Salchichas Frescas,
4fc91456cc75fa2a35013740,Hacendado,Butifarron picante fresco,Unidad 350 gr,3.67,Frescos y Charcutería > Carnes > Salchichas Frescas,Salchichas Frescas,
64d0b74d2508c16e1b60410d,Hacendado,Queso lonchas fresco ahumado mezcla,Paquete 200 g,2.35,"Frescos y Charcutería > Queso > Lonchas, Rallado y en Porciones","Lonchas, Rallado y en Porciones",https://a2.soysuper.com/89d5d12544f02171ba65f85f91edb6cb.110.110.0.min.wmark.f518e158.jpg
5012fb8229eba853230002a4,Hacendado,Picada catalana (tapón marron),Tarro 25 g,2.04,"Conservas, Sopas, Aceites y Condimentos > Especias > Picadas",Picadas,https://a2.soysuper.com/e33af0554d19edfbf5aaf19a27dbc854.110.110.0.min.wmark.db913ca4.jpg
635ba599722d6a3b7c187fd9,Hacendado,Queso viejo cabra,Unidad 330 gr,6.5,Frescos y Charcutería > Queso > De Cabra y de Oveja,De Cabra y de Oveja,
5d14bcb753c97b17973d7267,Hacendado,Refresco de cola normal,Lata 33 cl,0.32,Bebidas > Refresco > Cola,Cola,
63587f3453c97b7d3b390595,Hacendado,Emperador marinado rodaja refrigerado,Unidad 280 gr,6.43,Frescos y Charcutería > Pescados y Mariscos > Pescado Azul,Pescado Azul,
6213a5f48ca63c5b3c60b274,Hacendado,Borraja conserva,Tarro 660 g escurrido 400 g,1.8,"Conservas, Sopas, Aceites y Condimentos > Conservas Vegetales > Otras Verduras",Otras Verduras,https://a0.soysuper.com/c7894289f6342c46792aeab40306d8fd.110.110.0.min.wmark.448aeb41.jpg
52c497f907a15a446e000021,Hacendado,Anillas de pota congeladas,Paquete 450 g,5.5,Congelados > Pescados y Mariscos > Cefalópodos congelados,Cefalópodos congelados,https://a0.soysuper.com/6af2610ce17619e8f9ca67af6a691c2a.110.110.0.min.wmark.478d6165.jpg
58b1a51c53c97b2d7f7720a7,Hacendado,Yogur liquido fresa,12 ud x 100 g,2.03,Lácteos y Huevos > Yogur > Líquido,Líquido,https://a2.soysuper.com/2338ab1f03ae71d1decedaf67b3b6f2c.110.110.0.min.wmark.d31d2cd2.jpg
6081fd7f53c97b73348450e5,Hacendado,Helado cono mediano caramelo con nueces pecán,Caja 8 u x 70 ml,3.11,Congelados > Helados > Conos,Conos,https://a0.soysuper.com/252ec638c297f13161b1c818625f48d4.110.110.0.min.wmark.1eaf6fbf.jpg
618eec8898ec912760281b28,Hacendado,Queso curado mezcla,1.034 kg aprox,11.67,"Frescos y Charcutería > Queso > Tierno, Semicurado y Curado","Tierno, Semicurado y Curado",https://a1.soysuper.com/adc364d206cf1c7402ade232d3f3112a.110.110.0.min.wmark.53723db1.jpg
5953b8d953c97b52325d8214,Hacendado,Yogur desnatado cremoso fresa y plátano,Pack 6 uds x 125 g,1.65,Lácteos y Huevos > Yogur > Desnatado,Desnatado,https://a2.soysuper.com/0c1d3379e1d45e3c4586a42f81e3845f.110.110.0.min.wmark.6156dffc.jpg
5ed0ef69e93cdf099d7aaa29,Hacendado,Queso añejo fuerte,Unidad 375 g,6.86,"Frescos y Charcutería > Queso > Tierno, Semicurado y Curado","Tierno, Semicurado y Curado",
5012f093238436c85d0001f0,Hacendado,Granizado limon sin azucar añadido,Caja 6 u x 200 ml,2.89,Congelados > Helados > Granizado,Granizado,https://a2.soysuper.com/95f98c08053e3384b465f3ddbdd0dbcb.110.110.0.min.wmark.a7aee904.jpg
58b9517053c97b33925f3148,Hacendado,Horchata fresca,Botella 750 ml,2.31,Bebidas > Horchata > Natural,Natural,https://a0.soysuper.com/12bfe9fe1df0609c7a384ab8cc924fd5.110.110.0.min.wmark.b2b2a1e2.jpg
6496957f0932f7710339559f,Hacendado,Chorizo picante de leon sarta pieza,U 350 g,4.2,Frescos y Charcutería > Charcutería > Chorizo,Chorizo,https://a2.soysuper.com/a7fc4c5ffd64606cf2169328b9b81810.110.110.0.min.wmark.9b0bd5b2.jpg
5c833cd62508c10aa2711fca,Hacendado,Queso fresco de vaca y cabra,Tarrina 500 g,4.11,Frescos y Charcutería > Queso > Fresco y para Ensaladas,Fresco y para Ensaladas,https://a2.soysuper.com/9fb419ead0371b8d49ac1a0e33136e07.110.110.0.min.wmark.62314137.jpg
5f2ce04798ec9152884f2a67,Hacendado,Cereal salvado trigo fibra sticks (palitos),Caja 500 g,1.8,Cereales y Galletas > Cereales > Integrales,Integrales,https://a2.soysuper.com/5213ad563fcea55ab3b175eab13e79ec.110.110.0.min.wmark.2e442758.jpg
5548cb3653c97b51092bc9c2,Hacendado,Cafe molido natural variedad caracolillo (sabor suave),Paquete 250 g,2.77,"Cafés, Cacaos e Infusiones > Café > Molido",Molido,https://a2.soysuper.com/fd74e81026a2c8c080c00acd74733c90.110.110.0.min.wmark.9e7eaebe.jpg
618126bf722d6a6c8d1d271d,Hacendado,Galletas María choco,Paquete 265 g,1.1,Cereales y Galletas > Galletas > María,María,https://a1.soysuper.com/78c91fe1b62b62c2eabf94dc7d6ffd24.110.110.0.min.wmark.fd4d39bd.jpg
6476edfb53c97b296168efe3,Hacendado,Confitura guayaba,Tarro 350 g,1.75,"Conservas, Sopas, Aceites y Condimentos > Conservas Dulces > Confituras y Mermeladas",Confituras y Mermeladas,https://a1.soysuper.com/e1058abe9d405f919983739b86a00238.110.110.0.min.wmark.3f0c42c9.jpg
5a0c58cb98ec9128632a08d1,Hacendado,Aceituna negra cuquillo con hueso,Tarro  160 g neto escurrido,2,Aperitivos > Aceitunas > Negras,Negras,https://a1.soysuper.com/f322426fa358d2064687a5871f77478d.110.110.0.min.wmark.b38aea37.jpg
5415723449a481e22f00b24c,Hacendado,Yogur cremoso trozos mango y maracuya,u 500 g,1.3,Lácteos y Huevos > Yogur > Cremoso,Cremoso,https://a0.soysuper.com/b24d3b88ff1dc63e767fa5752d714706.110.110.0.min.wmark.6cff090a.jpg
54ed8e55ab649b3ef81fea39,Hacendado,Queso fresco Burgos desnatado 0% materia grasa,2 tarrinas x 250 g,2.05,Frescos y Charcutería > Queso > Fresco y para Ensaladas,Fresco y para Ensaladas,https://a0.soysuper.com/8c87fbfea2570b7cb7e8c90298674c1a.110.110.0.min.wmark.d810e20f.jpg
5b02cfc32508c134705b692b,Hacendado,Aperitivo palitos de papa,Paquete 85 g,1,Aperitivos > Patatas Fritas > Paja,Paja,https://a2.soysuper.com/0c78e7fec42b03ea9d908bf969c0bd44.110.110.0.min.wmark.6975b0f3.jpg
5ed0ef6a53c97b0d1136cf74,Hacendado,Queso curado mini,Unidad 1000 g,11.29,"Frescos y Charcutería > Queso > Tierno, Semicurado y Curado","Tierno, Semicurado y Curado",
59561e252508c149922cdf8c,Hacendado,Camayote fresco lonchas,Unidad 150 gr,2.8,Frescos y Charcutería > Charcutería > Mortadela,Mortadela,https://a2.soysuper.com/d49f083e2cd231846c0d502c4837be14.110.110.0.min.wmark.d115cf96.jpg
5013addc0f8e48d05d000465,Hacendado,Queso lonchas mahones semicurado,Unidad 250 gr,3.29,"Frescos y Charcutería > Queso > Lonchas, Rallado y en Porciones","Lonchas, Rallado y en Porciones",
61b719ea722d6a7598543d6f,Hacendado,Asadillo manchego conserva,Tarro 350 g,2.2,"Conservas, Sopas, Aceites y Condimentos > Conservas Vegetales > Tomate",Tomate,https://a0.soysuper.com/59dda80bdf9a1e00815ae2efb483a153.110.110.0.min.wmark.1471a797.jpg
69a7c50b722d6a56092842c9,Hacendado,Torrijas hechas congeladas,480 g (bandeja 4 u),6,Congelados > Pan y Repostería > Torrijas,Torrijas,https://a2.soysuper.com/e6b93cece621015dfcd908dfc78fee9c.110.110.0.min.wmark.5c306f93.jpg
69da27d0722d6a4c83584c4d,Hacendado,Rosquillas de cacao Caocream con cobertura blanca y galleta,Paquete 156 g,0.9,"Panadería, Pastelería y Repostería > Bollería > Donuts",Donuts,https://a2.soysuper.com/6320301fbe380fcabb3c74342c67e23c.110.110.0.min.wmark.89a6b872.jpg
69da27d50932f75d3b244181,Hacendado,Surtido dulce hojaldre crema sin azucar añadida,Pack 3 u - 150 g,0.85,"Panadería, Pastelería y Repostería > Bollería > Hojaldre",Hojaldre,https://a2.soysuper.com/51cd7ae308024a92db2194a16394c0cb.110.110.0.min.wmark.7bd67f9f.jpg
69da27d62508c178c624cb40,Hacendado,Surtido dulce hojaldre cabello,Pack 2 u - 200 g,1.15,"Panadería, Pastelería y Repostería > Bollería > Hojaldre",Hojaldre,https://a0.soysuper.com/6f3665b7445c058dce2858420e39db47.110.110.0.min.wmark.c733caf1.jpg
69da27d30932f75d3e432cb4,Hacendado,Surtido dulce rollo sabor avellanas,Pack 3 u - 126 g,0.7,"Panadería, Pastelería y Repostería > Bollería > Pastel infantil",Pastel infantil,https://a2.soysuper.com/4fc4f76d475919667942273a9832880f.110.110.0.min.wmark.9c8985b3.jpg
68c2c3b9a44508016f6828b3,Hacendado,Butifarra blanca,230 g aprox,2.42,Frescos y Charcutería > Charcutería > Butifarra,Butifarra,
68469d18e93cdf2d113685ff,Hacendado,Pollo asado troceado,Paquete 1.25 kg aprox,8.06,Frescos y Charcutería > Platos Preparados > Refrigerados,Refrigerados,https://a2.soysuper.com/740f37e56cd4957e60f947b26576dbdc.110.110.0.min.wmark.77185f7e.jpg
6690f992d791872758400423,Hacendado,Panecillo horno,495 g (paquete 11 u),1.14,"Panadería, Pastelería y Repostería > Pan > Pan Fresco",Pan Fresco,https://a1.soysuper.com/9ea1d757c1d3f1df60c76d12f784010e.110.110.0.min.wmark.afafba4f.jpg
66914b592508c1735e30a459,Hacendado,Lenguado limpio congelado,Paquete 400 g,7.95,Congelados > Pescados y Mariscos > Lenguado congelado,Lenguado congelado,https://a2.soysuper.com/4e4efcd3bd2f701f9b4e91cdbc9774af.110.110.0.min.wmark.3e99b3f0.jpg
66e078e70932f7589311be18,Hacendado,Patatas fritas ajillo,Paquete 150 g,1.2,Aperitivos > Patatas Fritas > Lisas,Lisas,https://a0.soysuper.com/87d4a36d8f8e2da7e2e405b8a4c8b240.110.110.0.min.wmark.28cf9ef9.jpg
663c8ecf2508c11af0210bb0,Hacendado,Cuerpos cocidos medianos refrigerados,Unidad 500 gr,11.82,Frescos y Charcutería > Pescados y Mariscos > Mariscos,Mariscos,
6769b33de6ed4010ef4c2bed,Hacendado,Pan bocadillo,390 g (paquete 3 u),1.1,"Panadería, Pastelería y Repostería > Pan > Pan Fresco",Pan Fresco,https://a0.soysuper.com/92364aa26b4988f00c9c85637de6572d.110.110.0.min.wmark.9edcf848.jpg
6614f1dd0932f776db0d9e67,Hacendado,Calamares rellenos en salsa americana,Lata 115 g escurrido 72 g,2.25,"Conservas, Sopas, Aceites y Condimentos > Platos Preparados en Conserva > Pescado y Marisco",Pescado y Marisco,https://a1.soysuper.com/2f54e13712813aaa7222c53f6841f2ff.110.110.0.min.wmark.d2026350.jpg
664c75d698ec91618178427b,Hacendado,Aceituna arbequina,Tarro 720 g escurrido 440 g,2.85,Aperitivos > Aceitunas > Verdes,Verdes,https://a1.soysuper.com/4cf185e55eff01d538ec86a186f9bed8.110.110.0.min.wmark.dace30fd.jpg
664617318ca63c27223a7a9f,Hacendado,Pan bollo,Paquete 3 u,1.25,"Panadería, Pastelería y Repostería > Pan > Pan Fresco",Pan Fresco,https://a1.soysuper.com/1eb5691952e197690eebc8fffc9525e7.110.110.0.min.wmark.f926920e.jpg
69c37242e93cdf7e200e0a9e,Hacendado,Chorizo cebo iberico lonchas,Unidad 110 gr,3.19,Frescos y Charcutería > Charcutería > Chorizo,Chorizo,
681c5c0b0932f7074d117ddd,Hacendado,Pan hogaza semillas 12%,1 u - 400 g,1.5,"Panadería, Pastelería y Repostería > Pan > Pan de Molde",Pan de Molde,https://a2.soysuper.com/a94e3b4054ebfc18faa180470f01666c.110.110.0.min.wmark.2b0d53b5.jpg
693fc2046c714b392c7fe10d,Hacendado,Untapan pollo refrigerado,Tarrina 180 g,1.9,Frescos y Charcutería > Platos Preparados > Refrigerados,Refrigerados,https://a2.soysuper.com/9d61832eac03a3fd5510d1753a2fd85e.110.110.0.min.wmark.d6a9ef50.jpg
687e0974a44508e1bf1de5d7,Hacendado,Barritas crujientes de barquillo cobertura chocolate con leche,112 g (paquete 5 u),1.8,Chocolates y Dulces > Chocolates > Chocolatinas,Chocolatinas,https://a2.soysuper.com/9245649310ae8dd2c15d8d44fc671a41.110.110.0.min.wmark.926cd54a.jpg
6824a2e18ca63c29e241b8fc,Hacendado,Gamba arrocera pequeña congelada,Caja 550 g aprox,6,Frescos y Charcutería > Pescados y Mariscos > Mariscos,Mariscos,https://a0.soysuper.com/b061b5119c2bd5d4b665ff8066c10249.110.110.0.min.wmark.8e1e5f67.jpg
69f06e1391e1285c36859aee,Hacendado,Pan bocadillo (venta por unidades),1 u - 130 g,0.45,"Panadería, Pastelería y Repostería > Pan > Pan Fresco",Pan Fresco,https://a1.soysuper.com/89bd3e29e1b4a49386d0b3134244885b.110.110.0.min.wmark.60a3d52b.jpg
6780019c722d6a113b39cf48,Hacendado,Queso fresco lonchas,Paquete 200 g,2.35,"Frescos y Charcutería > Queso > Lonchas, Rallado y en Porciones","Lonchas, Rallado y en Porciones",https://a1.soysuper.com/4dcccf9521ba5dc9203dbda545495625.110.110.0.min.wmark.dab64f9d.jpg
675e1fcd53c97b538b39f8f5,Hacendado,Pan hogaza integral trigo 100 %,1 u - 350 g,1.5,"Panadería, Pastelería y Repostería > Pan > Pan Fresco",Pan Fresco,
665f2475722d6a30a423e6a9,Hacendado,Empanadilla pollo mechado horno (venta por unidades),1 u - 100 g,1.5,"Panadería, Pastelería y Repostería > Salados > Empanadillas",Empanadillas,https://a0.soysuper.com/66df313858295925293edbd0c87f0b4e.110.110.0.min.wmark.0df2a4a0.jpg
6807d16391e128f2a76ac485,Hacendado,Croissant industrial,U - 120 g,0.95,"Panadería, Pastelería y Repostería > Bollería > Croissant",Croissant,https://a0.soysuper.com/05462c6f73d24eab3ce7183c0efc66e8.110.110.0.min.wmark.f57e8c46.jpg
672206f2a4450813a565b45b,Hacendado,Queso fresco light,Tarrina 350 g,3,Frescos y Charcutería > Queso > Fresco y para Ensaladas,Fresco y para Ensaladas,https://a0.soysuper.com/9997ab7ea57996ab28a007c38e1c51ef.110.110.0.min.wmark.c7f35ae1.jpg
6912f77e91e1284e817cec70,Hacendado,Yogur liquido l casei desnatado melocoton,Botellin pack 12 x 100 g - 1200 g,2.7,Lácteos y Huevos > Yogur > L.Casei,L.Casei,https://a0.soysuper.com/d5a1205dd999e25875efa362e7cbd56d.110.110.0.min.wmark.44c86d3a.jpg
69271f1f722d6a58761ec562,Hacendado,Almogrote,Tarro 100 g,2.5,"Conservas, Sopas, Aceites y Condimentos > Paté > Queso",Queso,https://a0.soysuper.com/7b9c900788570aae8cf4b4174b38176a.110.110.0.min.wmark.ec5dabe4.jpg
6884e6c26c714bdd080d93a1,Hacendado,Yogur griego maracuya,Pack 6 x 125 g - 750 g,1.9,Lácteos y Huevos > Yogur > Especiales,Especiales,
6884e6c32508c122ce216eeb,Hacendado,Yogur griego caramelo,Pack 6 x 125 g - 750 g,2,Lácteos y Huevos > Yogur > Especiales,Especiales,https://a1.soysuper.com/414f19ccdd10ad54af6cac245e14b22c.110.110.0.min.wmark.9de1eea4.jpg
66e3a68553c97b48e944a6d3,Hacendado,Longaniza pollo fresca,Bandeja 9 u,3.49,Frescos y Charcutería > Carnes > Salchichas Frescas,Salchichas Frescas,
66055548e93cdf5d5f202410,Hacendado,Bebida piña coco,Brick 1 l,1.25,Bebidas > Zumo > Mezcla de Frutas,Mezcla de Frutas,https://a2.soysuper.com/5fceaf40661dec52fde8aea83a7530f8.110.110.0.min.wmark.6c290830.jpg
66fe30c70932f7624825c1b5,Hacendado,"Yogur liquido platano, galleta y naranja",Botellin pack 12 x 100 g - 1200 g,2.35,Lácteos y Huevos > Yogur > Líquido,Líquido,https://a1.soysuper.com/fae1566ca06d625030d5c1c4de593938.110.110.0.min.wmark.ebc17bd2.jpg
693f3a5c1452a0790f6c8682,Hacendado,Pan bocadillo (venta por unidades),1 u - 140 g,0.5,"Panadería, Pastelería y Repostería > Pan > Pan Fresco",Pan Fresco,https://a2.soysuper.com/1f4bfda8946a5c49392d37659196bbe5.110.110.0.min.wmark.d6971184.jpg
6946f764d791872065205f3b,Hacendado,Queso fresco ahumado plancha,Paquete 200 g,2,"Frescos y Charcutería > Queso > Lonchas, Rallado y en Porciones","Lonchas, Rallado y en Porciones",https://a0.soysuper.com/d618e820af73a386bd6d7432e1e19598.110.110.0.min.wmark.d7545f70.jpg
65f8444a1452a021766d4101,Hacendado,Aceituna rellena jalapeño (picante),U x 50 g,1.95,Aperitivos > Aceitunas > Verdes,Verdes,https://a2.soysuper.com/c810dde5c39eb1d3d3452ed20e290664.110.110.0.min.wmark.561ef320.jpg
6850d46691e128e37c7fdd5f,Hacendado,Espinaca en porciones congelada,Paquete 500 g,1.25,"Congelados > Verduras, Hortalizas y Legumbres congeladas > Espinacas congeladas",Espinacas congeladas,https://a0.soysuper.com/6bbb52da9046b5095de68195d51981ed.110.110.0.min.wmark.c6ac36cf.jpg
6853efb60932f774271f9f6f,Hacendado,Queso fresco sin lactosa,Tarrina 350 g,3.5,Frescos y Charcutería > Queso > Fresco y para Ensaladas,Fresco y para Ensaladas,https://a1.soysuper.com/86b0c17ae44951525f64dcb740c4e7f5.110.110.0.min.wmark.1e593d33.jpg
69f3804e722d6a43841dacc9,Hacendado,Pan bocadillo matalahuva,Paquete 3 unidades,1.5,"Panadería, Pastelería y Repostería > Pan > Pan Fresco",Pan Fresco,https://a1.soysuper.com/a330aa53f8cfdaa1cd1310381c402bdd.110.110.0.min.wmark.8d6c989c.jpg
669e4b7c91e128c5b17d6d3d,Hacendado,Salsa albahaca,Tarro 400 g,1.5,"Conservas, Sopas, Aceites y Condimentos > Salsas > Salsas Para Pasta",Salsas Para Pasta,https://a1.soysuper.com/879e38414dfe00ef8a546c80354b41d9.110.110.0.min.wmark.4fcc6fec.jpg
694658d5d79187206228ba73,Hacendado,Shot jengibre limon y manzana refrigerado,Botellin 125 ml,2,Bebidas > Zumo > Refrigerados,Refrigerados,https://a2.soysuper.com/4a0c28df571b2eb581e3d3cb89a88f7e.110.110.0.min.wmark.a8304f4d.jpg
6998196ca44508f9270debe0,Hacendado,Salsa fresca trufa,Tarrina 160 g,1.45,"Conservas, Sopas, Aceites y Condimentos > Salsas Refrigeradas > De Trufa",De Trufa,https://a1.soysuper.com/eebe016960b0f83c73abe7286493daa6.110.110.0.min.wmark.d678cf47.jpg
65f96fd2e93cdf5d5c154cd3,Hacendado,Pan molde blanco natural,550 g,1.4,"Panadería, Pastelería y Repostería > Pan > Pan de Molde",Pan de Molde,https://a2.soysuper.com/5ec5917f20a50a2fa3dd7b1e94b854f9.110.110.0.min.wmark.d741a9ae.jpg
69fefbb21452a00a2b32a2c6,Hacendado,Longaniza estilo criollo fresco *****novedad*****,Unidad 400 gr,4.6,Frescos y Charcutería > Carnes > Salchichas Frescas,Salchichas Frescas,
66797d5891e128a406549114,Hacendado,Barrita cereales mango 0%,120 g (caja 6 u),1.65,Cereales y Galletas > Cereales > Barritas,Barritas,https://a2.soysuper.com/d434a6e3c0ec8bfe85d0fac9fe0f369a.110.110.0.min.wmark.3bf0dd61.jpg
673c90940932f7583505733c,Hacendado,Queso semicurado oveja cuñitas,Unidad 300 gr,4.89,"Frescos y Charcutería > Queso > Tierno, Semicurado y Curado","Tierno, Semicurado y Curado",https://a1.soysuper.com/73280b9ff87bf26a9e4ca7d263d8703e.110.110.0.min.wmark.c941ea9d.jpg
690231bf91e1289fba2c8fb8,Hacendado,Caramelo sin azucar fruits & flowers,Paquete 90 g,1.35,Chocolates y Dulces > Golosinas > Caramelos,Caramelos,https://a2.soysuper.com/acde846fe834b3cb2ae8eb34bb516765.110.110.0.min.wmark.3b35880b.jpg
6920f050d79187512c10af42,Hacendado,Longaniza payes lonchas,Paquete pack 4 x 37.5 g - 150 g,2.4,Frescos y Charcutería > Charcutería > Fuet - longaniza,Fuet - longaniza,https://a1.soysuper.com/d909847c42d671b68f3e68c75fdc0b57.110.110.0.min.wmark.99756463.jpg
679757b26c714b3b0f17e2c6,Hacendado,Sepia refrigerada limpia,Unidad 425 gr,7.63,Frescos y Charcutería > Pescados y Mariscos > Cefalópodos,Cefalópodos,
66fc004c91e128433b7de400,Hacendado,Calamar pequeño limpio refrigerado,Unidad 300 gr,6,Frescos y Charcutería > Pescados y Mariscos > Cefalópodos,Cefalópodos,
66fc0897d791873aff7e8bff,Hacendado,Pulpo cocido patas,Unidad 265 gr,11.13,Frescos y Charcutería > Pescados y Mariscos > Cefalópodos,Cefalópodos,
668bbecb6c714b73ec1db0d8,Hacendado,Golosinas mini mix,Paquete 300 g,1.6,Chocolates y Dulces > Golosinas > Surtido,Surtido,https://a2.soysuper.com/cf14cdd878c39f28b22294925aa708a7.110.110.0.min.wmark.4f0949ab.jpg
65fcd604e6ed40543c6df4a4,Hacendado,"Floretas de coliflor fresca (para microondas), fr",Paquete 300 g,1.6,"Frescos y Charcutería > Verduras, Hortalizas y Legumbres > Verduras Preparadas",Verduras Preparadas,https://a2.soysuper.com/58777ff92f2d69db4871afb5815c6ac4.110.110.0.min.wmark.ca35eed4.jpg
688b1d671452a077ef4d163c,Hacendado,Galleta digestive avena chocolate (envase individual),Paquete 320 g,1.75,Cereales y Galletas > Galletas > Digestive,Digestive,https://a1.soysuper.com/bb655a496600ef52aed60addd463612c.110.110.0.min.wmark.9fe4c7b0.jpg
68692b0ae93cdf2d113b1b90,Hacendado,Maiz palomitas (sarten),Paquete 300 g,1.04,Aperitivos > Snacks > Palomitas,Palomitas,https://a2.soysuper.com/59c0030d54c85fc19b5717a361bbd2a6.110.110.0.min.wmark.3f5a838e.jpg
67f47e3353c97b309f1f20f9,Hacendado,Vela cifra n 9,U,1.25,"Panadería, Pastelería y Repostería > Repostería > Decoración de tartas",Decoración de tartas,https://a0.soysuper.com/fa51e5b46a2938a6d56c4059445ce134.110.110.0.min.wmark.77088608.jpg
680dcab8e6ed40174c5dc3b0,Hacendado,Chocolate leche 0% azucares añadidos,Tableta 100 g,1.35,Chocolates y Dulces > Chocolates > Tabletas,Tabletas,https://a1.soysuper.com/c165a1d58dba6c94f8ad1afc9404ef2d.110.110.0.min.wmark.73f983a3.jpg
69328de78ca63c5f3b6947a3,Hacendado,Judias verdes extrafinas,Tarro 530 g escurrido 285 g,1.9,"Conservas, Sopas, Aceites y Condimentos > Conservas Vegetales > Legumbres",Legumbres,https://a1.soysuper.com/eab01cad7d6964b8b98f16e612e1cc40.110.110.0.min.wmark.dff82809.jpg
665efd7f722d6a30c9575fa6,Hacendado,Azafran hebra,Caja 0.40 g,1.95,"Conservas, Sopas, Aceites y Condimentos > Especias > Azafrán",Azafrán,https://a1.soysuper.com/bf2345777142dc850f37ac96e2b6dd4c.110.110.0.min.wmark.3cf4f857.jpg
670985196c714bfd680708fc,Hacendado,"Mix tropical congelado (mango, papaya y melocoton)",Paquete 450 g,2.75,Congelados > Fruta > Mango,Mango,https://a1.soysuper.com/3df6be19ba451393a79ff644f730b7ba.110.110.0.min.wmark.88bc98e0.jpg
69d74354a44508f8995cde98,Hacendado,Jamon cocido jugoso lonchas,Paquete 250 g,1.95,Frescos y Charcutería > Charcutería > Jamón Cocido,Jamón Cocido,https://a2.soysuper.com/b218c07b2b97c685db93fbb97a0c21cf.110.110.0.min.wmark.d771f6db.jpg
69b3b8951452a019493585ea,Hacendado,Petit fresa,Pack 6 x 60 g - 360 g,0.85,Lácteos y Huevos > Yogur > Petit e infantil,Petit e infantil,https://a1.soysuper.com/a86b7f54ee5c8a085fb51aeef1cf94dd.110.110.0.min.wmark.00fc990e.jpg
66abd3870932f750e737dc7c,Hacendado,Panecillo chapata cristal,285 g (paquete 4 u),1.31,"Panadería, Pastelería y Repostería > Pan > Pan Fresco",Pan Fresco,https://a0.soysuper.com/a02afe0310125358b0dbec919af2e15b.110.110.0.min.wmark.96209fc3.jpg
59bbbaae98ec9161893c5282,Hacendado,Pasta con pollo al pesto congelado (microondable),Paquete 300 g,2.4,Congelados > Platos Preparados > Pasta,Pasta,https://a2.soysuper.com/e2a4a56c4104a848f8b203e18b3a11b6.110.110.0.min.wmark.af880d4d.jpg
69097d50e6ed40593f4b954b,Hacendado,Buey de mar cocido congelado,600 g aprox,9.8,Congelados > Pescados y Mariscos > Buey de Mar congelado,Buey de Mar congelado,https://a1.soysuper.com/64ca4ae28731fe759a436935f0dd3ba4.110.110.0.min.wmark.a8475be7.jpg
662237f6e93cdf45d604ae2c,Hacendado,Infusion quema grasas,20 bolsitas - 30 g,1.05,"Cafés, Cacaos e Infusiones > Infusiones > Adelgazantes",Adelgazantes,https://a1.soysuper.com/a9240d0f3bc457cc4abbc7655844b2c9.110.110.0.min.wmark.21a936e4.jpg
679883cb1452a003bd428896,Hacendado,Caramelos eucalipto & mentol 0% azucares,Pack - 3 x 31 g - 93 g,1.6,Chocolates y Dulces > Golosinas > Caramelos,Caramelos,https://a2.soysuper.com/68e017a1e85d9bb3ba9ae205cd3949cc.110.110.0.min.wmark.e53d241e.jpg
65facbbd2508c177463231f7,Hacendado,Pizza fresca bbq,440 g,2.9,Frescos y Charcutería > Platos Preparados > Calientes,Calientes,https://a2.soysuper.com/530368ad6d359ea596c9e24d906975e0.110.110.0.min.wmark.b3de6745.jpg
68f856a0e6ed4007e01d1652,Hacendado,Sardina entera limpia sin cabeza,Unidad 400 gr,4.4,Frescos y Charcutería > Pescados y Mariscos > Pescado Azul,Pescado Azul,
68c4ef41d791877b3719bece,Hacendado,"Cafe capsula caramel (compatible cafetera nespresso*(marca de grupo societe des produits nestlé, S.A. no relacionada con productos solubles, s.a.))",Paquete 10 u,2.4,"Cafés, Cacaos e Infusiones > Café > Cápsulas",Cápsulas,https://a0.soysuper.com/027a565ad537a2fd9ffa6a6198396678.110.110.0.min.wmark.4e989c47.jpg
6824a3052508c1406f2fbc94,Hacendado,Salsa brasa & sabor,Bote 310 ml,1.6,"Conservas, Sopas, Aceites y Condimentos > Salsas > Salsa Brava",Salsa Brava,https://a0.soysuper.com/9ac90f8c288f80af3c211aedc7413ab1.110.110.0.min.wmark.f1a9d614.jpg
67f47e330932f759e0537bfb,Hacendado,Vela cumpleaños,Paquete 10 u,1.4,"Panadería, Pastelería y Repostería > Repostería > Decoración de tartas",Decoración de tartas,https://a2.soysuper.com/a7c4ee473c7ab124d81316eb87c4860d.110.110.0.min.wmark.6091da1a.jpg
66e8037a8ca63c06b1147f85,Hacendado,Langostino fresco cocido,Unidad 610 gr,6.55,Frescos y Charcutería > Pescados y Mariscos > Mariscos,Mariscos,
66c6b77e98ec9146cb3936f5,Hacendado,Pan barra rustica,1 u 250 g,0.7,"Panadería, Pastelería y Repostería > Pan > Pan Fresco",Pan Fresco,
66a12cebe93cdf02238117cb,Hacendado,Aceituna negra rodajas (sin liquido),U - 148 g,2,Aperitivos > Aceitunas > Negras,Negras,https://a2.soysuper.com/657b6d67d6992d6495191641f1d43c2c.110.110.0.min.wmark.509b9355.jpg
66adfd64e6ed404975038f16,Hacendado,Tarta san marcos pequeña pasteleria congelada,1 u - 760 g,9.25,Congelados > Pan y Repostería > Tartas,Tartas,https://a0.soysuper.com/f3bd3b0957630eb94c30feca24b4e4ed.110.110.0.min.wmark.0fc0c669.jpg
65f82e050932f776d806c475,Hacendado,Infusion fria sabor piña coco,20 bolsitas - 40 g,1.45,"Cafés, Cacaos e Infusiones > Infusiones > Frutales",Frutales,https://a1.soysuper.com/deb3fd2de537feeea745551b5372be93.110.110.0.min.wmark.0e67962a.jpg
66337a601452a0094219eacf,Hacendado,Helado peanut butter cups,Bote 500 ml,3.35,Congelados > Helados > Tarrina,Tarrina,https://a1.soysuper.com/8534ed6c154c0b0da015f42c36be90b8.110.110.0.min.wmark.94907104.jpg
698d869dd791874a564404b9,Hacendado,Pizza congelada carne de kebab,U 400 g,2.9,Congelados > Platos Preparados > Pizzas,Pizzas,
698b188e722d6a442a5cf9df,Hacendado,Merluza congelada medallones del cabo,Paquete 500 g,4.8,Congelados > Pescados y Mariscos > Merluza,Merluza,https://a0.soysuper.com/f0cdc8ba4eb271518c9570c5aa7dc798.110.110.0.min.wmark.c4cada58.jpg
6880939ce93cdf2d1a28778e,Hacendado,Pepinillo agridulce pequeño,Tarro 400 g escurrido 205 g,1.65,Aperitivos > Encurtidos > Pepinillos,Pepinillos,https://a2.soysuper.com/39f759a35094c5b27fc896fba3d2de2d.110.110.0.min.wmark.27d57454.jpg
68b7d5a4d791877b28628b41,Hacendado,Arroz campestre con pollo congelado,Paquete 350 g,2,Congelados > Platos Preparados > Arroz,Arroz,https://a1.soysuper.com/c570b57cc8d439173542fe052c3d8c7d.110.110.0.min.wmark.3cb8d48e.jpg
688b162d53c97b74aa51ffbe,Hacendado,Semola de trigo,Paquete 1 kg,1.3,"Panadería, Pastelería y Repostería > Harina > Sémola de Trigo",Sémola de Trigo,https://a1.soysuper.com/97ebd1addb4b04f242f3938ffee182bc.110.110.0.min.wmark.d6df6557.jpg
671ad86c6c714bebd36e0727,Hacendado,Bebida lactea frutas del bosque,Botella 1000 g,1.52,Lácteos y Huevos > Yogur > Líquido,Líquido,https://a2.soysuper.com/41f97d1181f7b84b8302ce2121360371.110.110.0.min.wmark.56a17c31.jpg
67f47e33e6ed405b7474237e,Hacendado,Vela cifra n 7,U,1.25,"Panadería, Pastelería y Repostería > Repostería > Decoración de tartas",Decoración de tartas,https://a0.soysuper.com/ea7dc28704df1ac464c607af88609f6c.110.110.0.min.wmark.f656f597.jpg
67f47e3353c97b30b2410d17,Hacendado,Vela cifra n 5,U,1.25,"Panadería, Pastelería y Repostería > Repostería > Decoración de tartas",Decoración de tartas,https://a0.soysuper.com/8987a17966416b17c8e6f9cb4c7a8009.110.110.0.min.wmark.f691d2da.jpg
67f47e33a44508c3a7766eb3,Hacendado,Vela cifra n 0,U,1.25,"Panadería, Pastelería y Repostería > Repostería > Decoración de tartas",Decoración de tartas,https://a1.soysuper.com/bc8b7e5858bcf6561c1e9d6b0728acc5.110.110.0.min.wmark.99600667.jpg
679883cba445082ccc690d79,Hacendado,Caramelos lima 0% azucares,Pack - 3 x 31 g - 93 g,1.6,Chocolates y Dulces > Golosinas > Caramelos,Caramelos,https://a2.soysuper.com/bc453cb516953aed4fb79ef26e2b9c9f.110.110.0.min.wmark.cce36134.jpg
69bf969c2508c16f036ea728,Hacendado,Helado vainilla con nueces de pecan y salsa de dulce de arce y caramelo,Bote 500 ml,3.25,Congelados > Helados > Tarrina,Tarrina,https://a2.soysuper.com/d9d2b84b7e4b9b18d53fe7c87124d5c4.110.110.0.min.wmark.7ef750e8.jpg
698ae2a1722d6a443a3543a3,Hacendado,Chopped pork lata lonchas finas,Paquete 200 g,1.85,"Conservas, Sopas, Aceites y Condimentos > Conservas de Carne > Chopped",Chopped,https://a2.soysuper.com/375da5ddde8bb188f18fa6816586d64d.110.110.0.min.wmark.91178917.jpg
68dd71afa44508d65c30f3e5,Hacendado,Chocolate leche almendra 0% azucares añadidos,Tableta 150 g,2.5,Chocolates y Dulces > Chocolates > Tabletas,Tabletas,https://a1.soysuper.com/c068b7fd977a67acf3c0a02c8a37b467.110.110.0.min.wmark.c18a1d8a.jpg
695cbe5ae93cdf574901561b,Hacendado,Pistacho bañado chocolate leche,Paquete 100 g,2.5,Chocolates y Dulces > Chocolates > Frutos Secos Bañados,Frutos Secos Bañados,https://a2.soysuper.com/df11191d503d9defdfa33f1ba07e2f46.110.110.0.min.wmark.ace846fb.jpg
67d032608ca63c34d049ac0d,Hacendado,Vela cifra n 1,U,1.25,"Panadería, Pastelería y Repostería > Repostería > Decoración de tartas",Decoración de tartas,https://a2.soysuper.com/f470fb97d4878328780c870253a5f440.110.110.0.min.wmark.d7e5c000.jpg
67f47e33e93cdf7dba244d05,Hacendado,Vela cifra n 4,U,1.25,"Panadería, Pastelería y Repostería > Repostería > Decoración de tartas",Decoración de tartas,https://a1.soysuper.com/629a0819d796311a0da09a66e1078ab4.110.110.0.min.wmark.121b61ae.jpg
664db9a48ca63c273f32783c,Hacendado,Go-lacteo liquido bolsillo sin frio cereales y miel,U - 100 g,0.9,Bebés y Niños > Alimentación Infantil > Postres Bebé,Postres Bebé,https://a0.soysuper.com/12aeee0d752b97605bce3d23ecc29f60.110.110.0.min.wmark.cc9030d8.jpg
66adfd6453c97b25e20a91b3,Hacendado,Tarta carrot cake de bizcocho de zanahoria rellena de crema de queso mascarpone pasteleria congelada,1 u - 880 g,11,"Panadería, Pastelería y Repostería > Pastelería > Tartas",Tartas,https://a1.soysuper.com/0519f9fc2260e6ff75f75acd0d618186.110.110.0.min.wmark.2576ef72.jpg
67457da9722d6a7e857d9be4,Hacendado,Postre carrot cake (base bizcocho zanahoria y crema queso),Pack 2 x 90 g - 180 g,1.7,Lácteos y Huevos > Postres > Otros postres,Otros postres,https://a2.soysuper.com/45e772876c644f772d5b88b8c27f7a26.110.110.0.min.wmark.1b0c6c49.jpg
69e6bbc91452a00a2b2cc6cb,Hacendado,Smoothie mango y naranja refrigerado,Botella 250 ml,1.65,Bebidas > Zumo > Smoothie,Smoothie,https://a2.soysuper.com/71bac4a8f53f64657cc2e451ab3cda0a.110.110.0.min.wmark.7c5f40e9.jpg
66fed2c1a4450819c80b05c3,Hacendado,Pan bocadillo,390 g (paquete 3 u),1.04,"Panadería, Pastelería y Repostería > Pan > Pan Fresco",Pan Fresco,https://a0.soysuper.com/ec1980a402beac0bf16743e7e7438246.110.110.0.min.wmark.0084b915.jpg
69b8649fd791870d2a735df6,Hacendado,Pistacho tostado pelado,Paquete 100 g,2.95,Aperitivos > Frutos Secos > Pistachos,Pistachos,https://a1.soysuper.com/6d67b3a6890a7f58beaa814347503d24.110.110.0.min.wmark.9438c5fb.jpg
670d2c31d791872c6378f107,Hacendado,"Cocktail mezcla rodeo barbacoa (tubitos, triangulos, estrellas y palitos de maiz, cacahuetes y maiz crujiente)",Paquete 300 g,1.7,Aperitivos > Snacks > Cócteles,Cócteles,https://a1.soysuper.com/320d157efb2967ab6f4c977fa9d73f22.110.110.0.min.wmark.13742fb5.jpg
6846bdf3722d6a0a4c6bfae6,Hacendado,Galleta tostada animada (dibujos infantiles),Caja 800 g,1.8,Cereales y Galletas > Galletas > Tostada,Tostada,https://a2.soysuper.com/63a9bc903528ac97baa9802ecf3cb36c.110.110.0.min.wmark.91a99628.jpg
665038270932f7307a285daf,Hacendado,"Gellytina sabor chuches 0 % azucar (2 piruleta, 2 cola , 2 sandia) (gelatina)",Pack 6 x 100 g - 600 g,1,Lácteos y Huevos > Postres > Gelatina,Gelatina,https://a0.soysuper.com/6aeacded914e71c744c553c00aad2f8b.110.110.0.min.wmark.7b345d56.jpg
69e6bbc9a445080ca06319cb,Hacendado,Zumo maracuya con semillas de chia refrigerado,Botella 250 ml,1.65,Bebidas > Zumo > Maracuyá,Maracuyá,https://a0.soysuper.com/e20b03214f7d16642cd8ad3e6c94dfa4.110.110.0.min.wmark.ba6ff275.jpg
69e725858ca63c78fd05ee43,Hacendado,Shot jengibre limon y manzana refrigerado,Botellin 125 ml,2,Bebidas > Zumo,Zumo,https://a2.soysuper.com/4a0c28df571b2eb581e3d3cb89a88f7e.110.110.0.min.wmark.a8304f4d.jpg
65e5c0da8ca63c1c30223d0a,Hacendado,Sazonador pasta (tapon azul),Bote 45 g,1.6,"Conservas, Sopas, Aceites y Condimentos > Especias > Sazonadores",Sazonadores,https://a1.soysuper.com/f604954be1f5c15f126225e58db6a4d4.110.110.0.min.wmark.aba786a6.jpg
66cc4457e6ed4060c781083f,Hacendado,Comida preparada patatas con kebab,Bandeja 370 g,3.5,Frescos y Charcutería > Platos Preparados > Refrigerados,Refrigerados,https://a2.soysuper.com/59ca1927ea9eec1fb1428d2a80ed1488.110.110.0.min.wmark.525abf27.jpg
69ce38726c714b0cfa41ff4e,Hacendado,"Salteado verduras asadas (calabacin,cebolla,berenjena, pimiento rojo y amarillo) congelado",Paquete 450 g,1.76,Congelados > Platos Preparados > Salteados,Salteados,https://a2.soysuper.com/2f305161b60ec611eee36940f87f2054.110.110.0.min.wmark.cd940916.jpg
69c3fc24d7918728ac722f2f,Hacendado,Galleta cacao rellena chocolate (envase individual),5 paquetes - 220 g,1.26,Cereales y Galletas > Galletas > Rellenas,Rellenas,https://a2.soysuper.com/d6f978fe0f77fe538b2af3f7c33842ee.110.110.0.min.wmark.d90143d4.jpg
4fc91023cc75fa2a35002efd,Hacendado,Tomate frito,3 x 400 g,1.35,"Conservas, Sopas, Aceites y Condimentos > Salsas > Tomate Frito",Tomate Frito,https://a2.soysuper.com/c03a6d6aa09eadb021332560bf4714af.110.110.0.min.wmark.d00bc1e4.jpg
4fc9168ccc75fa2a3501be4f,Hacendado,Atún claro aceite oliva (abre fácil solapin),Pack 6 latas x 60 g neto escurrido - 360 g,4.89,"Conservas, Sopas, Aceites y Condimentos > Conservas de Pescado > Atún",Atún,https://a0.soysuper.com/cef58ce9ac8a990c23b97b576132ebcb.110.110.0.min.wmark.76b95627.jpg
5013d030825ae05b2300043b,Hacendado,Azucar blanquilla,Paquete 1 kg,0.9,"Panadería, Pastelería y Repostería > Azúcar y Edulcorantes > Azúcar",Azúcar,https://a2.soysuper.com/581fc9750cfd62938ff222f52158be88.110.110.0.min.wmark.a900415a.jpg
4fc91358cc75fa2a3500fae7,Hacendado,Leche semidesnatada,6 x 1 l,5.06,Lácteos y Huevos > Leche > Semidesnatada,Semidesnatada,https://a0.soysuper.com/72bd768d55b9d04340625f6c26d79e21.110.110.0.min.wmark.ae0ff16f.jpg
4fc9160ccc75fa2a35019f21,Hacendado,Tomate natural triturado,Bote 400 g,0.55,"Conservas, Sopas, Aceites y Condimentos > Conservas Vegetales > Tomate",Tomate,https://a2.soysuper.com/a4d8c98cdcebe322c2d7e856b86d8a84.110.110.0.min.wmark.0bea0ca2.jpg
4fc91680cc75fa2a3501bb17,Hacendado,Caldo liquido pollo,Brick 1 l,0.8,"Conservas, Sopas, Aceites y Condimentos > Sopas, Cremas, Caldos y Purés > Caldo",Caldo,https://a2.soysuper.com/0511dcf939309b92e1392685a66d22de.110.110.0.min.wmark.34e4c975.jpg
5012f0e429eba853230001d5,Hacendado,Pan molde blanco familiar,820 g,1.15,"Panadería, Pastelería y Repostería > Pan > Pan de Molde",Pan de Molde,https://a0.soysuper.com/1e42c5f885e8717a5bc010070c498714.110.110.0.min.wmark.fa1e6ce5.jpg
5929d3e253c97b18d4522c50,Hacendado,Tortilla de patata y cebolla,Bandeja 600 g,2.6,Frescos y Charcutería > Platos Preparados > Calientes,Calientes,https://a0.soysuper.com/e125eef403576d0669218a0c8c3c3c17.110.110.0.min.wmark.322afe1f.jpg
4fc9100ccc75fa2a3500296e,Hacendado,Arroz redondo,Paquete 1 kg,1.21,"Pasta, Arroz y Legumbres > Arroz > Blanco",Blanco,https://a0.soysuper.com/afa95977f92808f358a2e35b910a907f.110.110.0.min.wmark.9ed47bb4.jpg
54c608d6c483e7049e032de2,Hacendado,Nuggets pollo congelado,Paquete 500 g,2.7,Congelados > Platos Preparados > Carne y Pollo,Carne y Pollo,https://a0.soysuper.com/2c646c45a6afac8738e1a6d487a5a90c.110.110.0.min.wmark.48c51666.jpg
4fc91369cc75fa2a3500fe8d,Hacendado,Leche semidesnatada sin lactosa,Brick pack 6 x 1 l - 6 l,5.63,Lácteos y Huevos > Leche > Sin Lactosa,Sin Lactosa,https://a2.soysuper.com/b573017ea0b43f40644c3c2eb9a6d388.110.110.0.min.wmark.480c6145.jpg
66e96e846c714b016e0719fb,Hacendado,Aperitivo chicharricos (torreznos),Paquete 100 g,1.21,Aperitivos > Snacks > Cortezas y Torreznos,Cortezas y Torreznos,https://a0.soysuper.com/6ab6252cedc4b0fb4b32ce476a2f32b2.110.110.0.min.wmark.69f2bf63.jpg
682c42ca53c97b2dc66f8e09,Hacendado,Zumo 100% clementina refrigerado,Pet 1 l,1.8,Bebidas > Zumo > Refrigerados,Refrigerados,https://a2.soysuper.com/f1a4f41488e59b471297dc457f4d8692.110.110.0.min.wmark.f9be68e7.jpg
68e42a8d2508c1781c384c46,Hacendado,Chocolate leche classic,Tableta 125 g,1.1,Chocolates y Dulces > Chocolates > Tabletas,Tabletas,https://a0.soysuper.com/526ba47b6494d5849f96e48a53bb2637.110.110.0.min.wmark.759fb990.jpg
67a735531452a032805e0f3d,Hacendado,Barquillo cuadrado relleno vainilla,Paquete 175 g,1,Cereales y Galletas > Galletas > Barquillos,Barquillos,https://a0.soysuper.com/fc4511f3b475fbaf5f827193dc394d3e.110.110.0.min.wmark.9921e8d3.jpg
6904aac01452a0191c05f197,Hacendado,Bebida isotonica naranja,Botella pack 6 x 330 ml - 1980 ml,2.7,Bebidas > Bebida Isotónica > Naranja,Naranja,https://a0.soysuper.com/e59fa5c2195c2668a053e24fe7749e2b.110.110.0.min.wmark.60b9e90e.jpg
68f957340932f7366c5a0fae,Hacendado,Refresco furious,Lata 250 ml,0.5,Bebidas > Bebida Energética > Otros Sabores,Otros Sabores,https://a2.soysuper.com/78746ea3fbc761f5a6b878e422aada4a.110.110.0.min.wmark.8bce1631.jpg
699723a51452a009dc72a124,Hacendado,Alistado mediano congelado,Caja 1.12 kg aprox,40.32,Congelados > Pescados y Mariscos > Alistados congelados,Alistados congelados,https://a1.soysuper.com/3733b31499a7757fc4be8c6b9fa72bc0.110.110.0.min.wmark.35f09897.jpg
69e6dd10722d6a43817b4203,Hacendado,Queso tierno ahumado cabra,Unidad 350 gr,4.95,"Frescos y Charcutería > Queso > Tierno, Semicurado y Curado","Tierno, Semicurado y Curado",
67589c0d6c714bef97426772,Hacendado,Buey de mar cocido,Bandeja 600 g aprox,9.9,Frescos y Charcutería > Pescados y Mariscos > Mariscos,Mariscos,https://a2.soysuper.com/8826e4a4d135218179aae48ab4b29c7e.110.110.0.min.wmark.cbfcdc0a.jpg
6846a3182508c122f710b9b3,Hacendado,Queso viejo tostado mezcla,1.57 kg aprox,21.07,"Frescos y Charcutería > Queso > Tierno, Semicurado y Curado","Tierno, Semicurado y Curado",https://a1.soysuper.com/32e869fe42d40bdd832b1892b9c6d634.110.110.0.min.wmark.21b4e412.jpg
6846a4efd79187182164a0e4,Hacendado,Pollo asado troceado,Paquete 1.24 kg aprox,8,Frescos y Charcutería > Platos Preparados > Refrigerados,Refrigerados,https://a2.soysuper.com/740f37e56cd4957e60f947b26576dbdc.110.110.0.min.wmark.77185f7e.jpg
693ae1c51452a0790f6bb171,Hacendado,Pasta de almendra,50 g aprox,0.29,Cereales y Galletas > Galletas > Especiales,Especiales,https://a0.soysuper.com/81b283c4c022f5602c328a46c9e3ed76.110.110.0.min.wmark.50c6743d.jpg
6846a6486c714bdd08054361,Hacendado,Pollo asado troceado,Paquete 1.23 kg aprox,7.93,Frescos y Charcutería > Platos Preparados > Refrigerados,Refrigerados,https://a2.soysuper.com/740f37e56cd4957e60f947b26576dbdc.110.110.0.min.wmark.77185f7e.jpg
664dfab72508c11af024e2f6,Hacendado,Buey de mar cocido congelado,715 g aprox,11.68,Congelados > Pescados y Mariscos > Buey de Mar congelado,Buey de Mar congelado,https://a1.soysuper.com/64ca4ae28731fe759a436935f0dd3ba4.110.110.0.min.wmark.a8475be7.jpg
6942b7f41452a00e170d4071,Hacendado,Longaniza clásica extra,280 g aprox,2.8,Frescos y Charcutería > Charcutería > Fuet - longaniza,Fuet - longaniza,https://a2.soysuper.com/fee3bb7b2d2245f262d1a0061673b451.110.110.0.min.wmark.5a7a979f.jpg
6846a0092508c122f710b975,Hacendado,Queso curado mezcla con trufa,260 g aprox,5.81,"Frescos y Charcutería > Queso > Tierno, Semicurado y Curado","Tierno, Semicurado y Curado",https://a1.soysuper.com/111966db8198d6503bdd70285e9df51e.110.110.0.min.wmark.df033877.jpg
69db055f2508c178a6579800,Hacendado,Golosinas llaves super acidas,Paquete 80 g,1,Chocolates y Dulces > Golosinas > Gominolas,Gominolas,https://a2.soysuper.com/a28ac3e2e21e7508f038d7f702cd4146.110.110.0.min.wmark.f08e4b9a.jpg
69e86f502508c1062750f2a7,Hacendado,Naranja con gas,Lata pack 6 x 330 ml - 1980 ml,2.22,Bebidas > Refresco > Naranja,Naranja,https://a0.soysuper.com/1505d4caf660706da0ddff42be46c73d.110.110.0.min.wmark.7b910eb2.jpg
69e86f506c714b23ac2fc306,Hacendado,Naranja con gas,Lata 330 ml,0.37,Bebidas > Refresco > Naranja,Naranja,https://a1.soysuper.com/dd0e88ef5757b3aafd7b5724f763778d.110.110.0.min.wmark.56b6eb11.jpg
6947407291e1283b442f79f7,Hacendado,Calamar grande congelado,310 g aprox,5.42,Congelados > Pescados y Mariscos > Cefalópodos congelados,Cefalópodos congelados,https://a2.soysuper.com/33882ec33938a44f64ecad85840a5f9d.110.110.0.min.wmark.f19abf4e.jpg
69beb0f9a44508ad953a338a,Hacendado,Fiambre pechuga pavo extrafino,Paquete 150 g,2.85,Frescos y Charcutería > Charcutería > Pavo charcutería,Pavo charcutería,https://a0.soysuper.com/248af4b91b711d4cd9ad1e57c33e5bc7.110.110.0.min.wmark.52dc20f1.jpg
69dcac6ae6ed40332050a302,Hacendado,Surtido dulce pink cake,Pack 3 u - 159 g,1.25,"Panadería, Pastelería y Repostería > Bollería > Pastel infantil",Pastel infantil,https://a0.soysuper.com/feb2d5cb66bdc915a00e749d52fd230f.110.110.0.min.wmark.3b750ce7.jpg
68ced5356c714bd5d9583e9a,Hacendado,Bombon surtido chocolate negro/leche/blanco,Caja 210 g,4.6,Chocolates y Dulces > Bombones > De Chocolate,De Chocolate,https://a2.soysuper.com/fbe35397c07fd4f5347e1f34b59b4dbf.110.110.0.min.wmark.f5748722.jpg
6a0463b791e1285c611612f5,Hacendado,Merluza congelada lomos del cabo ******novedad*****,Unidad 400 gr,8.9,Congelados > Pescados y Mariscos > Merluza,Merluza,
665a04060932f7307757d211,Hacendado,Helado cookie dough (vainilla con trozos de galleta con pepitas chocolate y salsa caramelo),"Bote 500 ml, 439 g",3.35,Congelados > Helados > Tarrina,Tarrina,https://a0.soysuper.com/be05763aaeb4dd8a021f2324dbc5a698.110.110.0.min.wmark.b891d5bb.jpg
6672b199e93cdf45d02f1fe2,Hacendado,Bebida naranja (sin azucares añadidos),6 x 200 ml,1.85,Bebidas > Zumo > Naranja,Naranja,https://a0.soysuper.com/83b9963d620d5f3e40c918775054bd3d.110.110.0.min.wmark.1b0cbb06.jpg
69c6d7fca4450856b24c9c8a,Hacendado,Pasta fresca girasoles doble relleno tomate frito y queso,Tarrina 250 g,1.7,Frescos y Charcutería > Platos Preparados > Refrigerados,Refrigerados,https://a2.soysuper.com/c31c0f43cf04503f10a0cd87082ca186.110.110.0.min.wmark.3324e2e3.jpg
68f713fb1452a078f63beb80,Hacendado,Aguacate congelado,Paquete 500 g,3.5,Congelados > Fruta > Aguacate,Aguacate,https://a0.soysuper.com/40e0733c9ac9a8c2a0e963628e5cdeec.110.110.0.min.wmark.27194e74.jpg
6987b350d791870eae4a2491,Hacendado,Merluza congelada rodajas del cabo,Paquete 600 g,5.95,Congelados > Pescados y Mariscos > Merluza,Merluza,https://a0.soysuper.com/1c8acbab7079f4caa4c75f8bbdfd6fe9.110.110.0.min.wmark.f635e4a7.jpg
69f9ca52e93cdf7d5608b09f,Hacendado,Queso semicurado de oveja cortado en cuñitas,280 g aprox,4.56,"Frescos y Charcutería > Queso > Tierno, Semicurado y Curado","Tierno, Semicurado y Curado",https://a1.soysuper.com/73280b9ff87bf26a9e4ca7d263d8703e.110.110.0.min.wmark.c941ea9d.jpg
6a0b98ba2508c13f9f23f3c9,Hacendado,Aceitunas verdes Gazpacha partidas,Tarro 430 g escurrido,2.2,Aperitivos > Aceitunas > Verdes,Verdes,https://a2.soysuper.com/36681f5fcedbf1028c68ac97202d15ae.110.110.0.min.wmark.03b74c21.jpg
69fd7ce5a445080c8d66103b,Hacendado,Queso viejo intenso mezcla cortado en cuñitas,300 g aprox,5.15,"Frescos y Charcutería > Queso > Tierno, Semicurado y Curado","Tierno, Semicurado y Curado",https://a2.soysuper.com/ae65f95060b28e06db8291e2c3308448.110.110.0.min.wmark.dd2061fe.jpg
6796d6c3a445082cb00abcdb,Hacendado,Leche condensada desnatada,Bote plastico 450 g,2.43,Lácteos y Huevos > Leche > Deshidratada,Deshidratada,https://a1.soysuper.com/df09ea008a7b430d633fb57f5b770d26.110.110.0.min.wmark.f082b232.jpg
66fd416e722d6a78db028b30,Hacendado,Chocolate negro con almendra 0% azucares añadidos (72% cacao),Tableta 150 g,3,Chocolates y Dulces > Chocolates > Tabletas,Tabletas,https://a2.soysuper.com/18a8d9ea1847707e2f9a1ae6902b3c98.110.110.0.min.wmark.04389106.jpg
67890d0b53c97b33d87f4ba1,Hacendado,Sirope chocolate avellana,Botella 300 g,2.5,"Panadería, Pastelería y Repostería > Azúcar y Edulcorantes > Sirope",Sirope,https://a1.soysuper.com/f1e0d88cbc62bf6f17870916d15f7354.110.110.0.min.wmark.69b324b5.jpg
69f8f8fe2508c105ee671cc8,Hacendado,Lima limon con gas,Botella 2 l,0.95,Bebidas > Refresco > Lima-Limón,Lima-Limón,https://a0.soysuper.com/0a7d897a9188d9ca96377dc269174bc0.110.110.0.min.wmark.4fc93073.jpg
69ff4db90932f76daf31388f,Hacendado,Barrita cereales sabor mandarina *****novedad*****,Caja 6 u x 20 g,1.65,Cereales y Galletas > Cereales > Barritas,Barritas,https://a1.soysuper.com/7a1c0aa7dffe6674b6b7cdcfdbb016ee.110.110.0.min.wmark.3e64588c.jpg
692e9a3053c97b01481455a8,Hacendado,Torrezno prefrito *****novedad*****,Unidad 300 gr,5.25,Aperitivos > Snacks > Cortezas y Torreznos,Cortezas y Torreznos,
6a01c7f9722d6a437e17262d,Hacendado,Longaniza pavo pieza,U 210 g,3.95,Frescos y Charcutería > Charcutería > Fuet - longaniza,Fuet - longaniza,https://a1.soysuper.com/a838341e084f0fcc98f9272fa299ee65.110.110.0.min.wmark.5f909089.jpg
68d4047a8ca63c13475c67b1,Hacendado,Comida preparada burger calabaza,Bandeja 2 u,2,Frescos y Charcutería > Platos Preparados > Refrigerados,Refrigerados,https://a1.soysuper.com/28707079cac8d00990fba5be53579de3.110.110.0.min.wmark.1256a55b.jpg
6880a03dd79187185e57088d,Hacendado,Aperitivo morro (torreznos),Paquete 100 g,1.4,Aperitivos > Snacks > Cortezas y Torreznos,Cortezas y Torreznos,https://a0.soysuper.com/0b40321b6ec599dd08ae0181854dfb14.110.110.0.min.wmark.012d55ad.jpg
661e42bf2508c11af8244579,Hacendado,Queso viejo oveja cuñitas,Unidad 320 gr,5.6,"Frescos y Charcutería > Queso > Tierno, Semicurado y Curado","Tierno, Semicurado y Curado",
6a0cb6851452a075631e98b2,Hacendado,Leche desnatada + proteinas *****novedad*****,6 x 200 ml,2.1,Lácteos y Huevos > Leche > Desnatada,Desnatada,https://a1.soysuper.com/51f456468a62f40131cc7ff2b2498c40.110.110.0.min.wmark.ab06472c.jpg
66d6c3daa44508016a737b6b,Hacendado,Margarina omega 3,Tarrina 500 g,1.85,Lácteos y Huevos > Margarina > Vegetal,Vegetal,https://a2.soysuper.com/7422d9266ee9292f189fdd4231854f81.110.110.0.min.wmark.b662c607.jpg
69a048738ca63c5cb220b07f,Hacendado,Pan barra campesina (con masa madre),Paquete 3 u,1.65,"Panadería, Pastelería y Repostería > Pan > Pan Fresco",Pan Fresco,
685260d353c97b291803f49d,Hacendado,Energy drink tropic zero,Lata 500 ml,0.99,Bebidas > Bebida Energética > Zero,Zero,https://a1.soysuper.com/630d582d1c640039133597150b4d73c5.110.110.0.min.wmark.4523456b.jpg
69fad9e72508c105ee6800e2,Hacendado,Cola normal,Botella 2 l,0.83,Bebidas > Refresco > Cola,Cola,https://a1.soysuper.com/4f0dab05a0975c2b2ee9b5bb6ab9952e.110.110.0.min.wmark.48ad307b.jpg
69ff211be6ed4047e1341962,Hacendado,Cola normal,Lata pack 6 x 330 ml - 1980 ml,2.12,Bebidas > Refresco > Cola,Cola,https://a0.soysuper.com/93daa7db9e35b2ce46a6a0f1268dffe1.110.110.0.min.wmark.0f3949f3.jpg
69fb0fe86c714b23b7243e0b,Hacendado,Cola normal,Lata 330 ml,0.35,Bebidas > Refresco > Cola,Cola,https://a0.soysuper.com/5fbadcd0bb759d3cf7d8db550e14d406.110.110.0.min.wmark.089c8f6e.jpg
6981a7f08ca63c5ae362ca53,Hacendado,Bizcocho manzana horno,U 600 g,4.2,"Panadería, Pastelería y Repostería > Bollería > Bizcocho, Mantecados y Ensaimadas","Bizcocho, Mantecados y Ensaimadas",https://a0.soysuper.com/4d8870ff888b247c5bee3397863d47e9.110.110.0.min.wmark.e65d0dd5.jpg
69f5eb8b8ca63c7914305c96,Hacendado,Bebida energetica zero,Lata 250 ml,0.4,Bebidas > Bebida Energética > Zero,Zero,https://a0.soysuper.com/0613b03454320d00af217a096339dacb.110.110.0.min.wmark.a8ea1c74.jpg
66d6c78cd791875ba0451dce,Hacendado,Tarta queso (redonda) pasteleria congelada,U 880 g,10,Congelados > Pan y Repostería > Tartas,Tartas,https://a2.soysuper.com/c2dd9929f9ae4b0022c285c737a7a4f4.110.110.0.min.wmark.41118205.jpg
69f2129c0932f76d736915ce,Hacendado,Cola zero,Lata 330 ml,0.35,Bebidas > Refresco > Cola,Cola,https://a0.soysuper.com/10c8ab24aff704705993f5c49b37f3ec.110.110.0.min.wmark.0d9ab10a.jpg
69f2129c0932f76d736915cd,Hacendado,Cola zero,Lata pack 6 x 330 ml - 1980 ml,2.1,Bebidas > Refresco > Cola,Cola,https://a0.soysuper.com/aadc70c5f9e53664d2b5b61eb00aa6a7.110.110.0.min.wmark.455ff17a.jpg
698f1a2a8ca63c5cb21ef974,Hacendado,Bacon taquitos,Pack 2 x 130 g - 260 g,2.2,Frescos y Charcutería > Charcutería > Bacon y Panceta,Bacon y Panceta,https://a0.soysuper.com/f0174447558cb331d0b778b36ccb702e.110.110.0.min.wmark.e6079a2d.jpg
69ee7a820932f76d762d7bb2,Hacendado,Refresco te verde zero maracuya y mango,Botella 1500 ml,1,Bebidas > Refresco > Té,Té,https://a1.soysuper.com/672e7f351d5a52c13c18ca598a2f3f3f.110.110.0.min.wmark.46dce601.jpg
4fc9136acc75fa2a3500fed2,Hacendado,Batido chocolate,Pack 6 x 200 ml - 1200 ml,1.56,Lácteos y Huevos > Batido > Chocolate y Cacao,Chocolate y Cacao,https://a0.soysuper.com/dd78e0b9bf7c49b507c80c8f76d68ada.110.110.0.min.wmark.5133e257.jpg
51521e1705299eb65d0004a6,Hacendado,Aperitivo triangulo maiz (para dippear),Paquete 150 g,0.9,Aperitivos > Snacks > Nachos,Nachos,https://a1.soysuper.com/e6f4226dad0f5083ee3c829ff77fc25d.110.110.0.min.wmark.1f485a9b.jpg
5b27bcb92508c10a357328ff,Hacendado,Lomos de salmón de Noruega sin piel y sin espinas congelado,Paquete 250 g escurrido,6.15,Congelados > Pescados y Mariscos > Salmón,Salmón,https://a0.soysuper.com/c495dfeb93aeab9ba54610985b172a39.110.110.0.min.wmark.9be88cee.jpg
63d3b5a11452a015871a1a3c,Hacendado,Merluza congelada filete sin piel del cabo,Paquete 600 g,5.6,Congelados > Pescados y Mariscos > Merluza,Merluza,https://a0.soysuper.com/03fecf0a42e4f57ac3c1c589b19642a2.110.110.0.min.wmark.a1c084de.jpg
5b31c74f98ec91121b17f7d8,Hacendado,Cola zero,Lata pack 6 x 330 ml - 1980 ml,2.1,Bebidas > Refresco > Cola,Cola,https://a1.soysuper.com/879a8304e3f56f87d0b965c7fcc8d833.110.110.0.min.wmark.23cec76d.jpg
4fc90fc5cc75fa2a350018f2,Hacendado,Mantequilla con sal,Tarrina 250 g,2.46,Lácteos y Huevos > Mantequilla > Con sal,Con sal,https://a2.soysuper.com/4cc78c85b9adc6259e5095761cf8bc92.110.110.0.min.wmark.5d0317e9.jpg
5708bb8298ec915f477b7b09,Hacendado,"Lechuga corazon iceberg cortada, fr",Bolsa 250 g,0.95,"Frescos y Charcutería > Verduras, Hortalizas y Legumbres > Lechugas, Endivias, Col, etc.","Lechugas, Endivias, Col, etc.",https://a2.soysuper.com/2ee92371af429bdc4fb745828d070989.110.110.0.min.wmark.4b403748.jpg
58e50abe2508c178c54ee53e,Hacendado,Tiras de pechuga de pollo al natural,Paquete 140 g,2.25,Frescos y Charcutería > Platos Preparados > Refrigerados,Refrigerados,https://a2.soysuper.com/58ce0bd4c3d761e34a432d2a6652bf75.110.110.0.min.wmark.9a397db9.jpg
576923c12508c104626e8186,Hacendado,Aceite oliva virgen extra tapon negro,Garrafa 3 l,14.55,"Conservas, Sopas, Aceites y Condimentos > Aceite > De Oliva",De Oliva,https://a0.soysuper.com/47e8620267a94b445901266635ce7873.110.110.0.min.wmark.3078fe20.jpg
5012ed08a1320a5723000100,Hacendado,Allioli estilo casero,Tarrina 200 g,1.1,"Conservas, Sopas, Aceites y Condimentos > Salsas Refrigeradas > Ali Oli Fresco",Ali Oli Fresco,https://a0.soysuper.com/27fdf90f1c944c022dd849101cd53036.110.110.0.min.wmark.6e27a274.jpg
5419e11a4d5710bb44003de1,Hacendado,Merluza congelada filete empanado (5/7 piezas),Paquete 510 g,4.03,Congelados > Pescados y Mariscos > Merluza,Merluza,https://a1.soysuper.com/7143ff67d6159d734ef461d749126efa.110.110.0.min.wmark.2cbaa4a0.jpg
4fc90fa9cc75fa2a350011e8,Hacendado,"Yogur yogomix cereales variados ( 2 disquitos (chocolate), 2 copos maiz chocolateados, 2 bolitas chocolateadas)",Pack 6 x 150 g - 900 g,3.18,Lácteos y Huevos > Yogur > Petit e infantil,Petit e infantil,https://a0.soysuper.com/bb81599abde9a2e3c3bfcf9a10bfb8d2.110.110.0.min.wmark.1e91b563.jpg
5965e54153c97b386b175fdc,Hacendado,Pizza congelada jamón y queso masa fina,Unidad 400 g,2.5,Congelados > Platos Preparados > Pizzas,Pizzas,https://a1.soysuper.com/35bb51735c07294c9811054d3cac5f8e.110.110.0.min.wmark.c56521ef.jpg
5c491b2e2508c13165497db2,Hacendado,Chocolatinas chocolate extrafino negro 85%,Paquete 200 g,3.5,Chocolates y Dulces > Chocolates > Tabletas,Tabletas,https://a0.soysuper.com/51fd407d16a7bfadbf4eff946d270fae.110.110.0.min.wmark.deb18873.jpg
4fc91526cc75fa2a35016821,Hacendado,Alubia cocida blanca,Tarro 295 g escurrido 210 g,0.7,"Pasta, Arroz y Legumbres > Legumbres Cocidas > Alubias cocidas",Alubias cocidas,https://a0.soysuper.com/d63325e3499ecd2e8c53603fb7d48ce8.110.110.0.min.wmark.151b7a9c.jpg
4fc912d7cc75fa2a3500dc96,Hacendado,Sobaos industrial,480 g (paquete 18 u),2.01,"Panadería, Pastelería y Repostería > Bollería > Sobaos",Sobaos,https://a1.soysuper.com/f270691cd21445ae5d5589ea09289908.110.110.0.min.wmark.04c3709e.jpg
5012f0bc29eba853230001c2,Hacendado,Leche entera,Brik 1 l,0.96,Lácteos y Huevos > Leche > Entera,Entera,https://a2.soysuper.com/97fe0f4a203c6ce8811af3fba386c620.110.110.0.min.wmark.6812ac00.jpg
5012ee47459c33cc5d00013b,Hacendado,Pimienta negra molida (tapon rojo),Bote 70 g,1.3,"Conservas, Sopas, Aceites y Condimentos > Especias > Pimienta",Pimienta,https://a2.soysuper.com/ed6f78fb09c8564171b533b513481874.110.110.0.min.wmark.cd90ef28.jpg
60473622722d6a51b727fda6,Hacendado,Longaniza pavo lonchas,Pack 4 x 31.25 g - 125 g,2.8,Frescos y Charcutería > Charcutería > Fuet - longaniza,Fuet - longaniza,https://a2.soysuper.com/131b56dd403533d722e015bf167a540e.110.110.0.min.wmark.f4fa6ca4.jpg
53f2d522f5248b8c3a0046e1,Hacendado,Salchichas cocidas estilo Frankfurt con queso de pollo y cerdo sabor ahumado,4 paquetes x 160 g,1.95,Frescos y Charcutería > Charcutería > Salchichas envasadas,Salchichas envasadas,https://a2.soysuper.com/7014cf980fa8ef20b9ed29cd2c55ee96.110.110.0.min.wmark.c7e79026.jpg
4fc9100dcc75fa2a350029e1,Hacendado,Fideo mediano pasta,Paquete 500 g,0.8,"Pasta, Arroz y Legumbres > Pasta > Para Sopa",Para Sopa,https://a2.soysuper.com/4201bdc5279968e61d9778fa52a512dd.110.110.0.min.wmark.ed4ea124.jpg
5a83f3991452a042e65fee4c,Hacendado,Infusión jengibre,Paquete 20 bolsitas,1.35,"Cafés, Cacaos e Infusiones > Infusiones > Jengibre",Jengibre,https://a0.soysuper.com/79be2f3e84aaca9486f8a4586fee49f7.110.110.0.min.wmark.496f4680.jpg
5012f06d238436c85d0001bb,Hacendado,Queso lonchas mozzarella,200 g (paquete 10 u),1.8,"Frescos y Charcutería > Queso > Mozzarella, Parmesano y Ricotta","Mozzarella, Parmesano y Ricotta",https://a2.soysuper.com/3719c5c27d0d3400c54557d8b6944738.110.110.0.min.wmark.69d8989a.jpg
62455e711452a079a034919d,Hacendado,Queso fresco cottage,Tarrina 200g,1.35,"Frescos y Charcutería > Queso > Mozzarella, Parmesano y Ricotta","Mozzarella, Parmesano y Ricotta",https://a0.soysuper.com/2aadec2cd3c000ba104fecb4337ea1fb.110.110.0.min.wmark.7adb94ad.jpg
4fc916cbcc75fa2a3501cef4,Hacendado,Aperitivo queso garfitos,Paquete 80 g,0.75,Aperitivos > Snacks > Gusanitos,Gusanitos,https://a0.soysuper.com/1949dfd5800193ef6c764a13440b4a8d.110.110.0.min.wmark.86ad0e57.jpg
5364bf26bdee57970500001f,Hacendado,Sal fina seca yodada,Paquete 1 kg,0.45,"Conservas, Sopas, Aceites y Condimentos > Especias > Sal",Sal,https://a0.soysuper.com/9650b787de5b4600b257630e6868a26c.110.110.0.min.wmark.43951f60.jpg
4fc9100dcc75fa2a350029df,Hacendado,Lluvia maravilla pasta,Paquete 500 g,0.8,"Pasta, Arroz y Legumbres > Pasta > Para Sopa",Para Sopa,https://a1.soysuper.com/63bafbdc7000cb3122a7e5dbcb0ab421.110.110.0.min.wmark.19336caa.jpg
55780d681452a0056b3db48f,Hacendado,Merluza congelada filetes al huevo,Paquete de 600 g,5.15,Congelados > Platos Preparados > Pescado y Marisco,Pescado y Marisco,https://a0.soysuper.com/4488d0560c666e39a35f9d6b1cb96150.110.110.0.min.wmark.2065e63a.jpg
5e71e48c722d6a48592d2677,Hacendado,Postre lácteo desnatado chocolate + proteínas,Pack 4 u x 120 g - 480 g,1.76,Lácteos y Huevos > Yogur > Desnatado,Desnatado,https://a2.soysuper.com/502367c94f1b0bc1f487c282d5544ca9.110.110.0.min.wmark.00c3c42e.jpg
565c38422508c16feb414317,Hacendado,"Pizza fresca 4 quesos familiar (emmental,mozzarella,grana,cheddar)",u 580 g,3.4,Frescos y Charcutería > Platos Preparados > Calientes,Calientes,https://a1.soysuper.com/44d104351d4a29bf2ab89bab9bbec1f1.110.110.0.min.wmark.3a51de2b.jpg
5929d3e22508c154982f66f8,Hacendado,Tortilla de patata,Bandeja 600 g,2.6,Frescos y Charcutería > Platos Preparados > Calientes,Calientes,https://a1.soysuper.com/522ada8cd90512eac08576010954c0f6.110.110.0.min.wmark.0c04f7bc.jpg
57fbc86598ec91324b008c0d,Hacendado,Jamon cocido 92% lonchas,Paquete 200 g,2.25,Frescos y Charcutería > Charcutería > Jamón Cocido,Jamón Cocido,https://a2.soysuper.com/bd36fef3c0d28c4039c20c9b97161213.110.110.0.min.wmark.27015da9.jpg
5bf3738c98ec914aff7d4b2d,Hacendado,Leche entera,6 x 200 ml,1.71,Lácteos y Huevos > Leche > Entera,Entera,https://a1.soysuper.com/473ed860419b0ec11cd648c36de4a9b2.110.110.0.min.wmark.db6175c2.jpg
5a956d8f98ec9123b24404d3,Hacendado,Canelones carne bechamel 2 raciones congelado,2 x 300 g,3.24,Congelados > Platos Preparados > Pasta,Pasta,https://a0.soysuper.com/2239a910d267db23be260c8138709c7e.110.110.0.min.wmark.16a14227.jpg
56750b411452a062a17ef3be,Hacendado,Pizza fresca jamon york mozzarella familiar,Unidad 600 g,3.4,Frescos y Charcutería > Platos Preparados > Calientes,Calientes,https://a2.soysuper.com/b9aea9ddb5500067341ef459d067fdad.110.110.0.min.wmark.f32f1dd8.jpg
4fc91021cc75fa2a35002e8f,Hacendado,Tortitas de maíz,Paquete 120 g,1.1,Aperitivos > Snacks > Tortitas,Tortitas,https://a0.soysuper.com/ca973f6eeeea95a48bbacf30638a58ab.110.110.0.min.wmark.14d48996.jpg
563b2e3b98ec911e5b7fc075,Hacendado,Pasta fresca ñoquis de patata,Paquete 500 g,1,Frescos y Charcutería > Platos Preparados > Refrigerados,Refrigerados,https://a1.soysuper.com/b611939e6f1ea0a859ca1ce5b750ebbb.110.110.0.min.wmark.f9aec2de.jpg
4fc9139acc75fa2a350109ea,Hacendado,Mantequilla con sal,Pastilla 250 g,2.11,Lácteos y Huevos > Mantequilla > Con sal,Con sal,https://a1.soysuper.com/49514c49a4e3728e14562f45d23635f9.110.110.0.min.wmark.df6768a2.jpg
6066c1200932f757ce263ce0,Hacendado,"Salteado verduras pollo (pechuga pollo,patata,zanahoria,calabacin,guisantes,cebolla) congelado",Paquete 450 g,2.15,Congelados > Platos Preparados > Salteados,Salteados,https://a2.soysuper.com/16f1d277e7dff75bcea6db12a6482074.110.110.0.min.wmark.1aef16b0.jpg
5012f0a9238436c85d000228,Hacendado,Guisante muy tierno congelado,Paquete de 300 g,1.05,"Congelados > Verduras, Hortalizas y Legumbres congeladas > Guisantes congelados",Guisantes congelados,https://a0.soysuper.com/98ea726f9852553f800086b7a98ac686.110.110.0.min.wmark.0cf8f07f.jpg
556c1e5f53c97b6f6f7b6c6a,Hacendado,Merluza congelada palitos,Paquete 500 g,2.76,Congelados > Platos Preparados > Pescado y Marisco,Pescado y Marisco,https://a1.soysuper.com/7ccf6d13a1ae97561c72196e10ab23f1.110.110.0.min.wmark.64aaa5d6.jpg
4fc9168ccc75fa2a3501be5d,Hacendado,Atun en aceite vegetal girasol,Lata 900 g escurrido 650 g,6.46,"Conservas, Sopas, Aceites y Condimentos > Conservas de Pescado > Atún",Atún,https://a1.soysuper.com/cd5f3717346958aab9fb30712b78d2da.110.110.0.min.wmark.356705ef.jpg
4fc912f9cc75fa2a3500e4a2,Hacendado,Pan rallado,Paquete 750 g,0.86,"Panadería, Pastelería y Repostería > Pan > Pan Rallado",Pan Rallado,https://a0.soysuper.com/244bcff881eaf1990d4883a4683aa9cd.110.110.0.min.wmark.785697f8.jpg
5c0097310932f740b449a897,Hacendado,Galletas Choco leche con chocolatina,Caja 150 g,1.4,Cereales y Galletas > Galletas > Con Chocolate,Con Chocolate,https://a0.soysuper.com/2810376a48613e2331ee49a8f7a91643.110.110.0.min.wmark.44c7aa2a.jpg
6142ecad53c97b0f661e4960,Hacendado,Natilla vainilla + proteinas,Pack 4 x 120 g - 480 g,1.76,Lácteos y Huevos > Postres > Natillas,Natillas,https://a1.soysuper.com/937f9e63cbfab7b3ceb7fc834b73cbf0.110.110.0.min.wmark.063439f2.jpg
61e7c1dee6ed40218c5b8061,Hacendado,Galleta divertida,12 bolsitas - 411 g,1.9,Cereales y Galletas > Galletas > Desayuno,Desayuno,https://a0.soysuper.com/7cb87f0b0ed46c13d93dd65386567d4b.110.110.0.min.wmark.c406fd48.jpg
63e1be2598ec9150583306c5,Hacendado,Pistacho tostado sal,Paquete 250 g,3.5,Aperitivos > Frutos Secos > Pistachos,Pistachos,https://a2.soysuper.com/c99d95fbc38827942953e620e89d0dff.110.110.0.min.wmark.956bb7ad.jpg
4fc90f8dcc75fa2a35000b4a,Hacendado,Pan molde 100 % integral,820 g,1.16,"Panadería, Pastelería y Repostería > Pan > Pan de Molde",Pan de Molde,https://a0.soysuper.com/0771c45ed57bd7ef21f3b3d9bbc4f124.110.110.0.min.wmark.566b488d.jpg
61ea651a8ca63c0c6123ad52,Hacendado,Pan leche industrial,Paquete 480 g,1.84,"Panadería, Pastelería y Repostería > Bollería > Brioche y Pan de Leche",Brioche y Pan de Leche,https://a0.soysuper.com/370d9a555b2eaf50bd963feac3cccfe7.110.110.0.min.wmark.afbaedf2.jpg
5a1ee2482508c14c2f12bae8,Hacendado,Pechuga de pollo braseada finas lonchas,Paquete 200 g,2.3,Frescos y Charcutería > Charcutería > Pavo charcutería,Pavo charcutería,https://a0.soysuper.com/665cb46304253caa9e23e18be350e482.110.110.0.min.wmark.ca56f1e9.jpg
50b94298d2468cfd370006d3,Hacendado,Caldo liquido pescado,Brick 1l,1,"Conservas, Sopas, Aceites y Condimentos > Sopas, Cremas, Caldos y Purés > Caldo",Caldo,https://a2.soysuper.com/c6812d05042296e9478e2f6b69246d89.110.110.0.min.wmark.84fb3900.jpg
5012f054238436c85d0001ab,Hacendado,Chopped cerdo lonchas,Paquete 250 g,1.3,Frescos y Charcutería > Charcutería > Chopped,Chopped,https://a1.soysuper.com/35d4259e08a050fd200fa3e0ac5013cb.110.110.0.min.wmark.89c25eee.jpg
639ed73c0932f72abd1fc770,Hacendado,Pan bagel,300 g (paquete 4 u),1.43,"Panadería, Pastelería y Repostería > Pan > Pan Burger y Panecillos",Pan Burger y Panecillos,https://a1.soysuper.com/8e1c2801ac4ff0bf6bd0878dd6f969a8.110.110.0.min.wmark.56170f74.jpg
4fc91626cc75fa2a3501a585,Hacendado,Miel mil flores,Tarro 1 kg,4.78,"Conservas, Sopas, Aceites y Condimentos > Conservas Dulces > Miel",Miel,https://a2.soysuper.com/7b328d518473ff61d72889d5e020e9f5.110.110.0.min.wmark.192d2531.jpg
652a522053c97b0e8a6e0045,Hacendado,Mayonesa,Tarro 240 ml,1,"Conservas, Sopas, Aceites y Condimentos > Salsas > Mayonesa",Mayonesa,https://a0.soysuper.com/377b1512a3dc508f4f3813f00eac0705.110.110.0.min.wmark.72481057.jpg
555b5ab82508c105b1695bd6,Hacendado,Atun claro en escabeche blanco,U - 480 g,4.6,"Conservas, Sopas, Aceites y Condimentos > Conservas de Pescado > Atún",Atún,https://a1.soysuper.com/b555d9cd7db6cb193b5e5a094f9c0b00.110.110.0.min.wmark.2a0bc52b.jpg
60dd9ce41452a002ff16c541,Hacendado,Pate hígado de cerdo sabor suave,Pack 3 ud x 80 g - 240 g,1.35,"Conservas, Sopas, Aceites y Condimentos > Paté > Cerdo",Cerdo,https://a0.soysuper.com/ab3013e3e99a65b125a02f4317e152e3.110.110.0.min.wmark.f74f816d.jpg
648962cd722d6a3c88058ea6,Hacendado,Jamon cocido extra lonchas finas,Paquete 200 g,2,Frescos y Charcutería > Charcutería > Jamón Cocido,Jamón Cocido,https://a0.soysuper.com/3fa86b6814def565ef4c459d2b425771.110.110.0.min.wmark.0b8648a4.jpg
4fc91378cc75fa2a350101c7,Hacendado,Yogur liquido fresa platano,Botella 1 kg,1.52,Lácteos y Huevos > Yogur > Líquido,Líquido,https://a1.soysuper.com/feb154f5200e78e78ae005b6e4875dfc.110.110.0.min.wmark.80f3008d.jpg
63e74b908ca63c4c3b3f507d,Hacendado,Impulsor,6 sobres x 15 g,0.7,"Panadería, Pastelería y Repostería > Repostería > Levadura",Levadura,https://a0.soysuper.com/0128143796a62404befa88eb6ff92b6e.110.110.0.min.wmark.b968bf2c.jpg
5817236053c97b4a945cfebd,Hacendado,Azucar moreno integral sin refinar (panela),Paquete 500 g,2.02,"Panadería, Pastelería y Repostería > Azúcar y Edulcorantes > Azúcar",Azúcar,https://a1.soysuper.com/16492a842a67ba889e46fa51920e076b.110.110.0.min.wmark.4e533a36.jpg
4fc91597cc75fa2a35018177,Hacendado,Salchichas cocidas de pollo y pavo sabor ahumado,2 paquetes x 200 g,1.5,Frescos y Charcutería > Charcutería > Salchichas envasadas,Salchichas envasadas,https://a2.soysuper.com/431497f74031c0c07ae9e19b328928c6.110.110.0.min.wmark.f704f3fb.jpg
5012ee4729eba85323000103,Hacendado,Perejil (tapon verde),Bote 18 g,0.95,"Conservas, Sopas, Aceites y Condimentos > Especias > Perejil",Perejil,https://a2.soysuper.com/64d0d385f1bb867d18d5a2cea9571535.110.110.0.min.wmark.f31edc4f.jpg
5c491b2f53c97b3b0a26dd18,Hacendado,Chocolate blanco,Tableta 100 g,1.05,Chocolates y Dulces > Chocolates > Tabletas,Tabletas,https://a2.soysuper.com/87b531075b507c61cae006a626663133.110.110.0.min.wmark.95597444.jpg
52a77632b80b700771000027,Hacendado,Flan huevo baño maria,Pack 9 x 100 g - 900 g,3.6,Lácteos y Huevos > Postres > Flan,Flan,https://a2.soysuper.com/83c5765ee64ff5411a0578f7d1a159e1.110.110.0.min.wmark.474361e7.jpg
6182653a2508c1672855d8f0,Hacendado,Cafe molido mezcla,Paquete 500 g,4.9,"Cafés, Cacaos e Infusiones > Café > Molido",Molido,https://a0.soysuper.com/74f82e29ff65e91efbecfb41c4c463d6.110.110.0.min.wmark.3caa2395.jpg
55a67cc12508c10b9d0a262b,Hacendado,Crema de queso camembert,Tarrina 150 g,1.8,Frescos y Charcutería > Queso > Crema de Queso,Crema de Queso,https://a2.soysuper.com/1457bc57c566fd9b39f2beab7524af62.110.110.0.min.wmark.28a07e54.jpg
5b2ae86053c97b2b3b1896ec,Hacendado,Lasaña boloñesa familiar,Bandeja 700 g,4.9,Frescos y Charcutería > Platos Preparados > Calientes,Calientes,https://a0.soysuper.com/c914076f351c4a84b8ad2ae0df5198d0.110.110.0.min.wmark.559a4bff.jpg
5acb9d172508c179a036cceb,Hacendado,Galletas María sin gluten y sin lactosa,Paquete 205 g,1.6,Cereales y Galletas > Galletas > María,María,https://a0.soysuper.com/f6999f49d1a4a8344d3fdaae6d13472a.110.110.0.min.wmark.98da35e5.jpg
5238ca9d134f19d80600002a,Hacendado,Galletas María,Paquete 800 g,1.35,Cereales y Galletas > Galletas > María,María,https://a0.soysuper.com/2385789b8ce71d1ff4a5926da9cdbf5d.110.110.0.min.wmark.e851cd5f.jpg
595d0d4498ec914dc90bcb92,Hacendado,Muslito de mar congelado,Paquete 450 g,2.76,"Congelados > Platos Preparados > Croquetas, Bolas y Empanados","Croquetas, Bolas y Empanados",https://a2.soysuper.com/cb4243c342fd854dcf50f717cf82f32e.110.110.0.min.wmark.5eb027e6.jpg
6242bdcc1452a079954304a7,Hacendado,Almendra natural sin piel,Paquete 200 g,2.87,Aperitivos > Frutos Secos > Almendras,Almendras,https://a1.soysuper.com/2e28cc96f589c7398ea9c72394661acc.110.110.0.min.wmark.a805ff7f.jpg
63fc82132508c1190529fa95,Hacendado,Pollo crispy congelado,Paquete 500 g,4.9,Congelados > Platos Preparados > Carne y Pollo,Carne y Pollo,https://a0.soysuper.com/aa625763c5d04d9c3bbe0541ce63365d.110.110.0.min.wmark.fa88696e.jpg
623d13812508c12fad18f091,Hacendado,Aceituna rellena anchoa selección,Lata 150 g neto escurrido,1.45,Aperitivos > Aceitunas > Verdes,Verdes,https://a0.soysuper.com/56a96fa61c2aa39221fc8eca96ccd810.110.110.0.min.wmark.10c9c1e5.jpg
64eeebb3722d6a437c129eca,Hacendado,Menestra congelada,Paquete 1 kg,1.75,"Congelados > Verduras, Hortalizas y Legumbres congeladas > Menestra congelada",Menestra congelada,https://a2.soysuper.com/2c88877e14cb55eb379b3d2b81cbc097.110.110.0.min.wmark.04f5492a.jpg
5012ecb60f8e48d05d0000c5,Hacendado,Aperitivo tiras maiz,Paquete 150 g,0.8,Aperitivos > Snacks > Cintas,Cintas,https://a2.soysuper.com/52e8320d7bc08f86674280c105db1750.110.110.0.min.wmark.f364ab29.jpg
5c4ebaaa2508c1082c15f514,Hacendado,"Salteado verduras (judia verde, cebolla, pimiento rojo, champiñon y brocoli) congelado",Paquete 600 g,1.54,Congelados > Platos Preparados > Salteados,Salteados,https://a1.soysuper.com/5ca7813ff16572d3ee9c5634e9d9671a.110.110.0.min.wmark.0eb896b2.jpg
60b0a3bc0932f77c4339ade1,Hacendado,Patatas fritas lisas sabor sal y vinagre,Paquete 130 g,1.15,Aperitivos > Patatas Fritas > Lisas,Lisas,https://a1.soysuper.com/bb72816ac48a4c100672d1aa5745f76e.110.110.0.min.wmark.531bd26a.jpg
577a4f7598ec9105912aa125,Hacendado,Galletas Digestive chocolate con leche,Paquete 300 g,1.4,Cereales y Galletas > Galletas > Rellenas,Rellenas,https://a0.soysuper.com/615d7fdb74cc32c196469a0806bc4b08.110.110.0.min.wmark.3d5fe16a.jpg
64007f6c53c97b504c645abc,Hacendado,Panecillo cristal redondo,240 g (paquete 4 u),1.86,"Panadería, Pastelería y Repostería > Pan > Pan Burger y Panecillos",Pan Burger y Panecillos,https://a2.soysuper.com/21566463a75da27fa0566c294c75c263.110.110.0.min.wmark.44d1d499.jpg
4fc912d7cc75fa2a3500dc8f,Hacendado,Ensaimadas,Paquete 350 g,1.71,"Panadería, Pastelería y Repostería > Bollería > Bizcocho, Mantecados y Ensaimadas","Bizcocho, Mantecados y Ensaimadas",https://a2.soysuper.com/b5e4d8ef1100d19145a8b4f6f4cb5193.110.110.0.min.wmark.b560a822.jpg
58d64fa92508c1437a2dd388,Hacendado,Avena molida,Paquete 500 g,1.15,Cereales y Galletas > Cereales > Línea y Semillas,Línea y Semillas,https://a1.soysuper.com/2ad9ba404a3596924c7061d21aac8e36.110.110.0.min.wmark.3de90596.jpg
63da53f053c97b521e115612,Hacendado,Salsa queso,Tarro 280 ml,1.65,"Conservas, Sopas, Aceites y Condimentos > Salsas > Salsa De Queso",Salsa De Queso,https://a0.soysuper.com/4f189e9acdd6a3cc209ecd005168445a.110.110.0.min.wmark.643ec414.jpg
53582ca572d566e009000041,Hacendado,Bebida Bahamas,Brick 2 l,1.25,Bebidas > Zumo > Mezcla de Frutas,Mezcla de Frutas,https://a2.soysuper.com/109dd53c702bffc6190ec86e6ad89bb3.110.110.0.min.wmark.b421859e.jpg
6389ebd0e6ed4019093c9f2c,Hacendado,Ketchup zero azucares añadidos,Bote 600 g,1.6,"Conservas, Sopas, Aceites y Condimentos > Salsas > Ketchup",Ketchup,https://a0.soysuper.com/0f94b155b3fea08defbb451bb00a3dce.110.110.0.min.wmark.d308a897.jpg
5bfd30fe722d6a7ece7b51cd,Hacendado,Pate fresco de trufa y arandanos,Paquete 100 g,1.85,Frescos y Charcutería > Charcutería > Paté y Foie,Paté y Foie,https://a2.soysuper.com/70ef3e8ef434d8ac9bb485ff0fe70097.110.110.0.min.wmark.57d48d0b.jpg
5f3ba8e6d7918776cb1a8b30,Hacendado,Galletas de espelta 0% azúcares añadidos,Paquete 200 g,1.25,Cereales y Galletas > Galletas > Especiales,Especiales,https://a0.soysuper.com/5705b2df532f8b15559cbe9cb1aa6c09.110.110.0.min.wmark.b6a3cb8d.jpg
618126bfe93cdf3b2029e348,Hacendado,Galletas Relieve,Paquete 645 g,1.35,Cereales y Galletas > Galletas > Desayuno,Desayuno,https://a0.soysuper.com/b027c2ab8830fd8f505ecaf4f59e8e07.110.110.0.min.wmark.6176efa8.jpg
574925e398ec9164941732e1,Hacendado,Fruta bolsillo manzana y platano 100% fruta (color verde) a partir 6 meses,Bolsa 120 g,0.85,Bebés y Niños > Alimentación Infantil > Postres Bebé,Postres Bebé,https://a1.soysuper.com/e6dbf22d50d4d3ab7633a91055892271.110.110.0.min.wmark.4e3cfaa9.jpg
64aa5b931452a010994db93d,Hacendado,Regaliz roja (rega red mix),Paquete 300 g,1.6,Chocolates y Dulces > Golosinas > Gominolas,Gominolas,https://a2.soysuper.com/ff15fd22989bb72d9b116ee0db6f9f21.110.110.0.min.wmark.1893248b.jpg
52683f90828a2c207e00003d,Hacendado,Garbanzo pedrosillano,Paquete 1 kg,1.9,"Pasta, Arroz y Legumbres > Legumbres Secas > Garbanzos",Garbanzos,https://a2.soysuper.com/7ab99a702da880c3ad1134f3e8b50fe2.110.110.0.min.wmark.984bf9d1.jpg
59a1635f0932f767943c929c,Hacendado,Gelatina + proteina 0% materia grasa sabor frutos silvestres,Pack 4 x 100 g - 400 g,1.55,Lácteos y Huevos > Postres > Gelatina,Gelatina,https://a0.soysuper.com/5230fc57af05a37b08d0a73486158cca.110.110.0.min.wmark.05588051.jpg
5012f05b459c33cc5d0001e2,Hacendado,Queso rallado 4 quesos,Paquete 180 g,1.83,"Frescos y Charcutería > Queso > Lonchas, Rallado y en Porciones","Lonchas, Rallado y en Porciones",https://a2.soysuper.com/9690f543067609185f1659a938bcbc79.110.110.0.min.wmark.9a8661cb.jpg
63ecf576d7918735c95ccb34,Hacendado,Crema liquida verduras,Brick 500 ml,1,"Conservas, Sopas, Aceites y Condimentos > Sopas, Cremas, Caldos y Purés > Cremas",Cremas,https://a0.soysuper.com/1d15d8fd550644adf31c1881dc7bc37d.110.110.0.min.wmark.d8d83dad.jpg
4fc9168ccc75fa2a3501be53,Hacendado,Atun claro en aceite oliva,Lata 82 g peso neto escurrido,1.53,"Conservas, Sopas, Aceites y Condimentos > Conservas de Pescado > Atún",Atún,https://a0.soysuper.com/0748574847cd0d4e84826db3aa2a18a5.110.110.0.min.wmark.36ebb9f5.jpg
6096465253c97b73348d1db7,Hacendado,Infusión rooibos cítricos,Paquete 20 bolsitas,1.15,"Cafés, Cacaos e Infusiones > Infusiones > Rooibos",Rooibos,https://a0.soysuper.com/0ed21a830ddbd39ccd4c8af75d2a86ad.110.110.0.min.wmark.967d37b4.jpg
60d668a3722d6a788e67da21,Hacendado,Delicias del mar congelada,Paquete 260 g,2.3,Congelados > Pescados y Mariscos > Gulas y Surimi congelado,Gulas y Surimi congelado,https://a0.soysuper.com/521b3cda0f314ee2e3716691a6cc8e7e.110.110.0.min.wmark.14004827.jpg
5fb32dd1e93cdf6d5043aa4e,Hacendado,Bifidus desnatado cremoso natural edulcorado,Pack 6 x 125 g - 750 g,1.4,Lácteos y Huevos > Yogur > Con Bífidus,Con Bífidus,https://a2.soysuper.com/38345d40167147ef9f8364dc6c0e0f0e.110.110.0.min.wmark.1db30d46.jpg
605ed84c53c97b73375dd713,Hacendado,Pimiento de piquillo entero conserva,Tarro 275 g neto escurrido,1.43,"Conservas, Sopas, Aceites y Condimentos > Conservas Vegetales > Pimientos",Pimientos,https://a1.soysuper.com/98e609220988ac24d7a94b8daf752e02.110.110.0.min.wmark.df0fe497.jpg
604717c8722d6a51b727f3a9,Hacendado,Helado turron suprema,"tarrina 500 ml, 360 g",3.25,Congelados > Helados > Tarrina,Tarrina,https://a0.soysuper.com/21dd2c576c152e36c4191101da0fac10.110.110.0.min.wmark.07b16a92.jpg
5cc83e6c53c97b6e850e052a,Hacendado,Gelatina fresa para preparar,Caja 170 g,1.5,"Panadería, Pastelería y Repostería > Repostería > Postres para Preparar",Postres para Preparar,https://a2.soysuper.com/236a98e31f979222bfab180fe8e961ea.110.110.0.min.wmark.432b4c90.jpg
613f7143d7918718ca7ac43e,Hacendado,Noodle sabor pollo deshidratado,Bote 65 g,0.8,"Conservas, Sopas, Aceites y Condimentos > Platos Preparados en Conserva > Pasta preparada",Pasta preparada,https://a1.soysuper.com/3000897a786095f74bf6b6a2b631edb7.110.110.0.min.wmark.45f5377b.jpg
4fc9168fcc75fa2a3501bf3e,Hacendado,Mejillon de chile en escabeche picante 13/18 piezas pequeños,Lata 111 g escurrido 69 g,2,"Conservas, Sopas, Aceites y Condimentos > Conservas de Marisco > Mejillones",Mejillones,https://a0.soysuper.com/81a8f7108c6a1a7fab8f1dc539d07350.110.110.0.min.wmark.9b716608.jpg
609512d0e93cdf013d6864a5,Hacendado,Gazpacho tradicional (brik rojo),Brik 1 l,1.67,Frescos y Charcutería > Platos Preparados > Refrigerados,Refrigerados,https://a2.soysuper.com/03985c923c58159dbcd60d759053249d.110.110.0.min.wmark.64f8f144.jpg
5929d3e198ec9160f5376f6b,Hacendado,Tortilla patata con chorizo refrigerada,600 g,3.4,Frescos y Charcutería > Platos Preparados > Refrigerados,Refrigerados,https://a0.soysuper.com/b7999aadf92573e709fb5ab1d22e7c30.110.110.0.min.wmark.2ef4b5b0.jpg
4fc91023cc75fa2a35002efa,Hacendado,Tomate frito sin azucar añadido,Tarro 560 g,1.09,"Conservas, Sopas, Aceites y Condimentos > Salsas > Tomate Frito",Tomate Frito,https://a2.soysuper.com/1bceba035dc664f66940bcf3c8eb7fa0.110.110.0.min.wmark.8ea0d37c.jpg
57ea7d2d1452a06f80300610,Hacendado,Pan barra campesina (con masa madre),1 u 250 g,0.65,"Panadería, Pastelería y Repostería > Pan > Pan Fresco",Pan Fresco,https://a1.soysuper.com/831687ea983f51187477746fee9d83a1.110.110.0.min.wmark.b7377608.jpg
64c8a5e153c97b20bc78e07e,Hacendado,Cereal muesli crujiente (0% edulcorantes y azucares añadidos),Paquete 500 g,2,Cereales y Galletas > Cereales > Clásicos,Clásicos,https://a0.soysuper.com/8748e6cd7eb29869c29837925d9a2459.110.110.0.min.wmark.f9bf754e.jpg
57cd4a7398ec9103d22d171b,Hacendado,Pipas calabaza mondadas naturales,Paquete de 150 g,1.7,Aperitivos > Frutos Secos > Pipas,Pipas,https://a0.soysuper.com/a952be7c83dc8f0b932e5ac3a7797049.110.110.0.min.wmark.af0443d1.jpg
6048058f1452a041ad67914e,Hacendado,Panecillo tostado 100% integral de trigo,Paquete 300 g,1.14,"Panadería, Pastelería y Repostería > Pan > Pan Tostado",Pan Tostado,https://a0.soysuper.com/555c0b8fce34794525096952f3786280.110.110.0.min.wmark.d561326e.jpg
5012f066a1320a57230001ac,Hacendado,Queso fresco Burgos desnatado 0% materia grasa,6 tarrinas x 62.5 g,1.65,Frescos y Charcutería > Queso > Fresco y para Ensaladas,Fresco y para Ensaladas,https://a2.soysuper.com/614042d1c5d77107983a3feb9e9e423f.110.110.0.min.wmark.7283b30c.jpg
4fc90fc1cc75fa2a3500180a,Hacendado,Yogur liquido fresa,"Botella 1 kg, 940 ml",1.52,Lácteos y Huevos > Yogur > Líquido,Líquido,https://a0.soysuper.com/029e87f0d4556e407ed4c5ae8bcf4606.110.110.0.min.wmark.4d01e427.jpg
61aaf72d0932f70ab36bae17,Hacendado,Migas de coliflor congeladas,Paquete 450 g,1.55,"Congelados > Verduras, Hortalizas y Legumbres congeladas > Coliflor Congelada",Coliflor Congelada,https://a2.soysuper.com/2c721a06829db8c087cd57b60627bfb8.110.110.0.min.wmark.50e3cf9f.jpg
4fc9156ecc75fa2a3501772c,Hacendado,Refresco te limon zero,Botella 1500 ml,0.99,Bebidas > Refresco > Té,Té,https://a0.soysuper.com/f774a84bd85ed4439f664cbe8cf73524.110.110.0.min.wmark.d9b05132.jpg
5ecbec5be93cdf780f6dcd38,Hacendado,Infusión laxsen sabor menta,Paquete 20 bolsitas,1.05,"Cafés, Cacaos e Infusiones > Infusiones > Laxantes",Laxantes,https://a1.soysuper.com/0aa2ae7556df4a2738b05bbb8e3d3cf8.110.110.0.min.wmark.690bf81b.jpg
575ecccc2508c170dc15e242,Hacendado,Pasta fresca tortellini carne,Tarrina 250 g,1.9,Frescos y Charcutería > Platos Preparados > Refrigerados,Refrigerados,https://a2.soysuper.com/c00eec9762a0853ce9adcef464d89cd9.110.110.0.min.wmark.240516d3.jpg
62a991a61452a06a1573f8f9,Hacendado,Mostaza,Bote 388 g,1.35,"Conservas, Sopas, Aceites y Condimentos > Salsas > Mostaza",Mostaza,https://a0.soysuper.com/9444701a16aaad637ca1fe9403c39b4e.110.110.0.min.wmark.d389f76e.jpg
51fff4f848e596676c00002c,Hacendado,Cereal muesli crujiente frutos secos,Paquete 500 g,2.09,Cereales y Galletas > Cereales > Clásicos,Clásicos,https://a0.soysuper.com/d5ecbe661966f99f5ba78fabb065d839.110.110.0.min.wmark.39d45f49.jpg
4fc90fc4cc75fa2a350018bc,Hacendado,Cuajada,Pack 4 x 125 g - 500 g,1.23,Lácteos y Huevos > Postres > Cuajada,Cuajada,https://a2.soysuper.com/6d67215851456bb6ba5641480d9dce25.110.110.0.min.wmark.a2d8ca6d.jpg
5fe09f292508c1390b091cc4,Hacendado,Tabulé oriental,Tarrina 250 g,1.7,Frescos y Charcutería > Platos Preparados > Refrigerados,Refrigerados,https://a0.soysuper.com/f2fa55c0caed471b6ecbca34fea197d9.110.110.0.min.wmark.3e633517.jpg
4fc912f9cc75fa2a3500e49f,Hacendado,Pan rallado casero,Paquete 500 g,1,"Panadería, Pastelería y Repostería > Pan > Pan Rallado",Pan Rallado,https://a1.soysuper.com/25b7d3e5a5de51e43c23b51599e1fcc7.110.110.0.min.wmark.c3697241.jpg
5cffbe360932f71ad04619c2,Hacendado,Salsa tahini,Tarro 200 g,2.95,"Conservas, Sopas, Aceites y Condimentos > Salsas > Tahini",Tahini,https://a1.soysuper.com/604d90f986789fa30c422c540a89c732.110.110.0.min.wmark.202b2aea.jpg
61a9d334e93cdf3b203dbd86,Hacendado,Pan pueblo,1 u - 800 g,1.6,"Panadería, Pastelería y Repostería > Pan > Pan Fresco",Pan Fresco,
5012ecada1320a57230000d8,Hacendado,Infusión cola de caballo,Paquete 20 ud,1.05,"Cafés, Cacaos e Infusiones > Infusiones > Cola de Caballo",Cola de Caballo,https://a2.soysuper.com/a9b53b95051d125b3962e7388536fe5c.110.110.0.min.wmark.88f59213.jpg
5046123e0f81dca80c000002,Hacendado,Calamar congelado limpio troceado,Paquete 475 g,5.9,Congelados > Pescados y Mariscos > Cefalópodos congelados,Cefalópodos congelados,https://a0.soysuper.com/58eeda96b5ba7f1c3cd836be6e8b48e6.110.110.0.min.wmark.99a5a405.jpg
4fc91620cc75fa2a3501a403,Hacendado,Espárrago blanco yemas conserva,Pack 2 latas x 100 g neto escurrido,3.25,"Conservas, Sopas, Aceites y Condimentos > Conservas Vegetales > Espárragos en conserva",Espárragos en conserva,https://a1.soysuper.com/027044f90fca2031b2272881ff9fc266.110.110.0.min.wmark.caeb7c4a.jpg
5d3872ec0932f723fd4de468,Hacendado,Aperitivo snack de trigo,Paquete 80 g,0.85,Aperitivos > Snacks > Cortezas y Torreznos,Cortezas y Torreznos,https://a1.soysuper.com/a6de7f938bd3e6b3de19b0bf7dd1f1cb.110.110.0.min.wmark.401e1d6d.jpg
63b53536e6ed404db77ab74e,Hacendado,Sazonador mix pollo/carne,Bote 76 g,1.4,"Conservas, Sopas, Aceites y Condimentos > Especias > Sazonadores",Sazonadores,https://a0.soysuper.com/9676364a0af87bfac04aacaef28e1b85.110.110.0.min.wmark.50990b30.jpg
5bc4b71d722d6a621e1cff80,Hacendado,Crema liquida natural esparragos refrigerada (sin conservantes),Tarrina 350 g,1.7,Frescos y Charcutería > Platos Preparados > Calientes,Calientes,https://a2.soysuper.com/52f5a6715cfe07e199340b919726ea12.110.110.0.min.wmark.a23b204b.jpg
5ed0ef6a1452a00dba302c4b,Hacendado,Queso curado media pieza,Unidad 1500 gr,16.62,"Frescos y Charcutería > Queso > Tierno, Semicurado y Curado","Tierno, Semicurado y Curado",
654cd284722d6a17c650c76f,Hacendado,Merluza congelada filete sin piel argentina,Paquete 600 g,5,Congelados > Pescados y Mariscos > Merluza,Merluza,https://a1.soysuper.com/db784546cef15cd697ce5f2035a117d0.110.110.0.min.wmark.583e0fb5.jpg
63e72586e6ed404d5e70820d,Hacendado,Chocolate negro 55% cacao,Tableta 150 g,1.75,Chocolates y Dulces > Chocolates > Tabletas,Tabletas,https://a0.soysuper.com/371740630a53a89d16d03af079dec02e.110.110.0.min.wmark.f0f521d1.jpg
4fc9168bcc75fa2a3501be37,Hacendado,Calamar en tinta trozos conserva (abre fácil solapín),Pack 3 latas x 59 g neto escurrido,3.1,"Conservas, Sopas, Aceites y Condimentos > Conservas de Cefalópodos > Calamares y Chipirones",Calamares y Chipirones,https://a0.soysuper.com/ac2accf52aaa785b32f0279592ad5902.110.110.0.min.wmark.1d093210.jpg
6268e782d791876f2e52e89e,Hacendado,Flan cafe,Pack 4 x 100 g - 400 g,2,Lácteos y Huevos > Postres > Flan,Flan,https://a2.soysuper.com/3fe4605e4c019757ba5681c6210b4fb4.110.110.0.min.wmark.9556e5cf.jpg
58072cc053c97b3d7801727d,Hacendado,Turron duro,2 x 125 g,3.3,Chocolates y Dulces > Dulces de navidad > Turrón,Turrón,https://a0.soysuper.com/b798fe78e4e7003a3ad5bd2d775200e3.110.110.0.min.wmark.3e40bcea.jpg
6295c73c2508c101701adba6,Hacendado,Pasas moscatel,Paquete 250 g,2.18,Aperitivos > Frutos Secos > Frutas Deshidratadas,Frutas Deshidratadas,https://a2.soysuper.com/3271e6be864aaa0e7e1900f187ada224.110.110.0.min.wmark.2fe56720.jpg
5fb32dd1722d6a37f860d16a,Hacendado,Bifidus natural azucarado cremoso crunch con cereales y fresas deshidratadas,U 170 g,1.2,Lácteos y Huevos > Yogur > Con Bífidus,Con Bífidus,https://a2.soysuper.com/4c731c377bc09c90b6f9ade5f98543b1.110.110.0.min.wmark.e33e07b3.jpg
572734f198ec917de268a8f6,Hacendado,"Pizza fresca carbonara familiar (crema leche,bacon,champiñon)",U 600 g,3.4,Frescos y Charcutería > Platos Preparados > Calientes,Calientes,https://a0.soysuper.com/93f6e5af123636ecccfc8ef3ace95675.110.110.0.min.wmark.39c6af04.jpg
618eec8898ec9127912750ed,Hacendado,Queso gorgonzola de vaca,170 g aprox,2.09,Frescos y Charcutería > Queso > Roquefort y Quesos Azules,Roquefort y Quesos Azules,https://a0.soysuper.com/52e064653ac5fc42f5666aa7c51d8c72.110.110.0.min.wmark.d48d0dca.jpg
5c9a0bc20932f764b86c5c9b,Hacendado,Refresco de naranja con gas zero,Botella 2 l,0.9,Bebidas > Refresco > Naranja,Naranja,https://a0.soysuper.com/8c5b2f0a44312960488ba67c8f82ceed.110.110.0.min.wmark.abf97083.jpg
5012ed000f8e48d05d0000df,Hacendado,Limon con gas,Lata pack 6 x 330 ml - 1980 ml,2.22,Bebidas > Refresco > Limón,Limón,https://a0.soysuper.com/1f8855479b2fbb69d01ecf248916d7ef.110.110.0.min.wmark.6113b368.jpg
514ccc03de3561ad5d000433,Hacendado,Arroz negro congelado (con calamar),Paquete 600 g,3.06,Congelados > Platos Preparados > Arroz,Arroz,https://a2.soysuper.com/db8c6c484c32cb52d6e32a6cad485400.110.110.0.min.wmark.14371dbe.jpg
609646571452a04f1a733cce,Hacendado,Infusión de té verde,Paquete 20 bolsitas,0.75,"Cafés, Cacaos e Infusiones > Infusiones > Té",Té,https://a0.soysuper.com/c382dadff5c1175fb76f9236f928f24b.110.110.0.min.wmark.6fe25549.jpg
5caaf1990932f760560ce727,Hacendado,Semillas de sesamo tostado (ajonjoli),Paquete 150 g,1.5,Cereales y Galletas > Cereales > Línea y Semillas,Línea y Semillas,https://a0.soysuper.com/5f640d929bcd8f323d140dd297606189.110.110.0.min.wmark.e10f7e3b.jpg
628c83331452a0014c559b58,Hacendado,Edulcorante eritritol y sucralosa polvo,Bote 200 g,3.05,"Panadería, Pastelería y Repostería > Azúcar y Edulcorantes > Edulcorante",Edulcorante,https://a0.soysuper.com/a4e8fc7870ed4ba1fbd41efb6f7fd5a7.110.110.0.min.wmark.8c637881.jpg
5644d89c2508c11e9225533f,Hacendado,Zumo pura naranja,6 bricks x 200 ml,2.8,Bebidas > Zumo > Naranja,Naranja,https://a0.soysuper.com/d9c9388767d7c9be99c1fbda855123c7.110.110.0.min.wmark.af694064.jpg
54529033ff4dd3b24e001561,Hacendado,Regaliz roja rellena con zumo de frutas (rega relli),Paquete 150 g,1,Chocolates y Dulces > Golosinas > Regaliz,Regaliz,https://a0.soysuper.com/aca31697624f5f95b8154088dd95fd48.110.110.0.min.wmark.f78864bf.jpg
4fc90fafcc75fa2a35001362,Hacendado,Caramelo sin azucar nata sin gluten,Paquete 90 g,1.15,Chocolates y Dulces > Golosinas > Caramelos,Caramelos,https://a2.soysuper.com/59df547a142d12d46ef3fd44cfb1bbb9.110.110.0.min.wmark.b1faad03.jpg
628c7fc30932f701474b05f2,Hacendado,Pan hornear,Paquete 300 g (2 u),1.3,"Panadería, Pastelería y Repostería > Pan > Pan Precocido",Pan Precocido,https://a2.soysuper.com/18fae438e80fe6450deae990888d8d43.110.110.0.min.wmark.993f9788.jpg
64865782e6ed4023ee0a7757,Hacendado,Salsa pesto,Tarro 190 g,1.95,"Conservas, Sopas, Aceites y Condimentos > Salsas > Salsas Para Pasta",Salsas Para Pasta,https://a1.soysuper.com/adbe1e5b2221ca85c6d42c0cde4dd571.110.110.0.min.wmark.e8cc8874.jpg
5012f0df29eba853230001d2,Hacendado,Cafe molido natural colombia,Paquete 250 g,3.68,"Cafés, Cacaos e Infusiones > Café > Molido",Molido,https://a2.soysuper.com/dfad10c9dcb35e77b3c0e354790d08da.110.110.0.min.wmark.73b8d0bf.jpg
5b31c74e98ec91121b17f7d4,Hacendado,Cola zero (azucar) zero (cafeina),Lata 330 ml,0.35,Bebidas > Refresco > Cola,Cola,https://a0.soysuper.com/1cc0c6a424dd2b60e313d3659dfaa59d.110.110.0.min.wmark.f64cee99.jpg
6486bf352508c12c7b52a1f5,Hacendado,Patatas fritas lisas bajas en sal,Paquete 130 g,1.5,Aperitivos > Patatas Fritas > Lisas,Lisas,https://a1.soysuper.com/a0b7a9e16f6499b1fe73c114fedc36c8.110.110.0.min.wmark.f80490bb.jpg
58c266402508c17c640c9980,Hacendado,Garbanzo jardinera,Bote 420 g,1.2,"Conservas, Sopas, Aceites y Condimentos > Platos Preparados en Conserva > Legumbres",Legumbres,https://a1.soysuper.com/97622d7ca6439b8d4cd86456a9faa401.110.110.0.min.wmark.cd338fb9.jpg
61fa3808d791870d037c8a1a,Hacendado,Fruta bolsillo fresa y platano 100% fruta (color rojo) a partir 8 meses,Bolsa 120 g,0.85,Bebés y Niños > Alimentación Infantil > Postres Bebé,Postres Bebé,https://a2.soysuper.com/4060bf56336414f03e62af479ef1b2e4.110.110.0.min.wmark.a36f1afc.jpg
5bc98f321452a03af9322ecd,Hacendado,Sardina filete ahumada,Blister 65 g peso escurrido,2.15,Frescos y Charcutería > Pescados y Mariscos > Ahumados,Ahumados,https://a2.soysuper.com/f81f6a09b95745bee21467023d60a5e3.110.110.0.min.wmark.7379e25f.jpg
5645d9dc98ec910e0c7c29a0,Hacendado,Quinoa,Paquete 500 g,2.7,Cereales y Galletas > Cereales > Línea y Semillas,Línea y Semillas,https://a0.soysuper.com/f431437073c6cd7400d87e03f9ce45e2.110.110.0.min.wmark.65c4d13c.jpg
644ab74398ec9147fa4cdc17,Hacendado,Queso fresco burgos natural,Pack 4 u x 62.5 g,1.15,Frescos y Charcutería > Queso > Fresco y para Ensaladas,Fresco y para Ensaladas,https://a2.soysuper.com/42c61ce72c53def7987e7499b642be39.110.110.0.min.wmark.4888b34e.jpg
5da6f2520932f7785c6020aa,Hacendado,Caramelo sin azúcar de mentol y eucaliptus,Paquete 90 g,1,Chocolates y Dulces > Golosinas > Caramelos,Caramelos,https://a0.soysuper.com/0450efe50fb498046bd33b599c4b7487.110.110.0.min.wmark.64f65b90.jpg
5702140f2508c1764d7eb130,Hacendado,Cafe con leche light sin lactosa liquido,Vaso 250 ml,0.85,"Cafés, Cacaos e Infusiones > Café > Listo para Tomar",Listo para Tomar,https://a0.soysuper.com/b83f3ec13607e834577e326977dd0105.110.110.0.min.wmark.ca94ef48.jpg
4fc915cbcc75fa2a35018f3f,Hacendado,Colorante alimentario (tapon naranja),Bote 85 g,0.95,"Conservas, Sopas, Aceites y Condimentos > Especias > Colorante Alimentario",Colorante Alimentario,https://a1.soysuper.com/1e872de85b6b244099e01b2a91594017.110.110.0.min.wmark.2761e130.jpg
62c7537098ec91366d58a01e,Hacendado,Langostino congelado cocido pelado mediano 18/33 piezas,Bandeja 220 g,5,Congelados > Pescados y Mariscos > Langostinos,Langostinos,https://a1.soysuper.com/945fbdbaca2d7cc4eb367f885c3a419f.110.110.0.min.wmark.487fd348.jpg
60a681fd722d6a06c279eecd,Hacendado,Cacahuete en polvo desgrasado + proteinas,Paquete 200 g,2.75,Dietéticos > Productos Para Deportistas > Proteína,Proteína,https://a1.soysuper.com/04e573f3a79cd62ff494e7fc571c34f7.110.110.0.min.wmark.d1ac55f8.jpg
6291da2f53c97b01480b3d0f,Hacendado,Bacalao desalado migas,Bandeja 300 g,6.55,Frescos y Charcutería > Pescados y Mariscos > Pescado Blanco,Pescado Blanco,https://a0.soysuper.com/0428a59ac62bc73a6a2b66febf295e56.110.110.0.min.wmark.c62cf58f.jpg
59afe9c40932f71f2c49618c,Hacendado,Pasta fresca medialunas de queso parmesano y trufa,Paquete 250 g,2.6,Frescos y Charcutería > Platos Preparados > Refrigerados,Refrigerados,https://a2.soysuper.com/6a2aa42aafca471f358742d4a1521fb9.110.110.0.min.wmark.d38e2c34.jpg
617793051452a006339111af,Hacendado,Fruta bolsillo fruta variada 100 % fruta (color naranja) a partir 6 meses,Bolsa 120 g,0.85,Bebés y Niños > Alimentación Infantil > Tarritos,Tarritos,https://a1.soysuper.com/62833b9c284b952d50231a9e2df66313.110.110.0.min.wmark.9b687971.jpg
4fc91369cc75fa2a3500fe9a,Hacendado,Leche desnatada,"Botella 1,5 l",1.47,Lácteos y Huevos > Leche > Desnatada,Desnatada,https://a0.soysuper.com/4362b3d5964614b7d9054492de4f81ad.110.110.0.min.wmark.b6e389f8.jpg
5c491b2e0932f7706b4db5cf,Hacendado,Chocolate blanco fundir,Tableta 200 g,2.25,Chocolates y Dulces > Chocolates > Tabletas,Tabletas,https://a2.soysuper.com/72a64a42c5349772ea4e8b21f248d18b.110.110.0.min.wmark.03a1443b.jpg
5012ee9a825ae05b23000114,Hacendado,Ensaladilla rusa,Tarrina 250 g,1.8,Frescos y Charcutería > Platos Preparados > Refrigerados,Refrigerados,https://a1.soysuper.com/8a356dbf76ca6e306e58625424edd2bf.110.110.0.min.wmark.ef47aaa5.jpg
4fc91672cc75fa2a3501b77c,Hacendado,Almendra cruda molida,Paquete 125 g,2.15,"Panadería, Pastelería y Repostería > Repostería > Decoración de tartas",Decoración de tartas,https://a1.soysuper.com/c277f142009a90f94177322f31c079ea.110.110.0.min.wmark.32f0f939.jpg
5012f086459c33cc5d0001f9,Hacendado,Sepia faraónica limpia congelada,400 g aprox.,6.4,Congelados > Pescados y Mariscos > Cefalópodos congelados,Cefalópodos congelados,https://a1.soysuper.com/2b97ac407084e1398cac999b467ecdaf.110.110.0.min.wmark.97705a0f.jpg
4fc90fc5cc75fa2a350018f1,Hacendado,Mantequilla porciones,"12 x 12,5 g",2.05,Lácteos y Huevos > Mantequilla > Sin sal,Sin sal,https://a0.soysuper.com/e59492983db0f2fbeb40cbb242b66d9a.110.110.0.min.wmark.a7f2ba18.jpg
6076fb7ce93cdf0140131066,Hacendado,Leche evaporada,"Pack 3 x 200 ml, 3x 214 g",1.66,Lácteos y Huevos > Leche > Deshidratada,Deshidratada,https://a1.soysuper.com/d078eab9d36c5dba6572189642022c9f.110.110.0.min.wmark.1f84cb40.jpg
6242bfcc1452a07995430513,Hacendado,Harina para pizza,Paquete 1 kg,1.45,"Panadería, Pastelería y Repostería > Harina > De Trigo",De Trigo,https://a2.soysuper.com/0c85b7dcf874f6814a076dfd5825273e.110.110.0.min.wmark.873bcf8b.jpg
5012ee470f8e48d05d000103,Hacendado,Curry (tapon rojo),Bote 57 g,1.1,"Conservas, Sopas, Aceites y Condimentos > Especias > Curry",Curry,https://a0.soysuper.com/744b8bbaeb9697e62ba3b623bc83afb3.110.110.0.min.wmark.3d7dbcb3.jpg
60b9d8b8d7918777472ac38e,Hacendado,Merluza congelada lomos y centros del cabo,Caja 400 g,4.9,Congelados > Pescados y Mariscos > Merluza,Merluza,https://a0.soysuper.com/eac659b4093ee6e4f3d1299b9e28f979.110.110.0.min.wmark.9a72fd88.jpg
4fc910bfcc75fa2a35005cf3,Hacendado,Bebida isotonica limon,"Botella 1,5 l",1,Bebidas > Bebida Isotónica > Limón,Limón,https://a2.soysuper.com/c1cecbbb9060cd7e9c17b551e9824e39.110.110.0.min.wmark.f90337e8.jpg
4fc91526cc75fa2a3501681c,Hacendado,Alubia cocida roja,Tarro 570 g escurrido 400 g,1.2,"Pasta, Arroz y Legumbres > Legumbres Cocidas > Alubias cocidas",Alubias cocidas,https://a0.soysuper.com/8f5cc55644e76a757f3c751c4ffecaa1.110.110.0.min.wmark.be8bb3ac.jpg
619f42c12508c1675687da7c,Hacendado,Salsa rosa cocktail,Bote 460 ml,1.5,"Conservas, Sopas, Aceites y Condimentos > Salsas > Salsa Rosa",Salsa Rosa,https://a1.soysuper.com/8c417d08cd6008a9381cfe534ffbc628.110.110.0.min.wmark.55bad8b6.jpg
5012ee65a1320a5723000120,Hacendado,Caramelo grageas regaliz colores (cierre zip),Paquete 150 g,1.45,Chocolates y Dulces > Golosinas > Regaliz,Regaliz,https://a2.soysuper.com/b33106ab31e14864c5f7f9699235ae26.110.110.0.min.wmark.f108d52c.jpg
5e412ad01452a072306fd1d9,Hacendado,Lima limon con gas zero,Botella 2 l,0.95,Bebidas > Refresco > Limón,Limón,https://a1.soysuper.com/6af9acfb28815ad5fdc7af59b7cd49b3.110.110.0.min.wmark.f37351a0.jpg
4fc90fc8cc75fa2a350019b5,Hacendado,Cafe soluble espresso crema,PET 80 g,2.9,"Cafés, Cacaos e Infusiones > Café > Soluble",Soluble,https://a0.soysuper.com/ff0e578bd9ddf450e1f3552d8617c1e1.110.110.0.min.wmark.2d84e5a8.jpg
4fc91377cc75fa2a350101ad,Hacendado,Yogur liquido cuidacol fresa,Pack 8 x 100 g,2.52,Lácteos y Huevos > Yogur > Líquido,Líquido,https://a0.soysuper.com/b39f10d4f0777398012f36852d3544a0.110.110.0.min.wmark.5c9fe8f9.jpg
509509a013f4c4140f0000f1,Hacendado,Surtido de pastas artesanas,Caja 500 g,2.35,Cereales y Galletas > Galletas > Especiales,Especiales,https://a0.soysuper.com/f9aa293925d83772e4b44d6110b771af.110.110.0.min.wmark.233d5a15.jpg
60c07fdbd79187699d6ef468,Hacendado,Comida preparada codillo cerdo asado,Unidad 700 gr,4.48,Frescos y Charcutería > Platos Preparados > Refrigerados,Refrigerados,
6005d821e93cdf43c037be4c,Hacendado,Mermelada melocoton monodosis,Pack 10 x 25 g - 250 g,1.5,"Conservas, Sopas, Aceites y Condimentos > Conservas Dulces > Confituras y Mermeladas",Confituras y Mermeladas,https://a2.soysuper.com/22d2575bc86b4992dac0daeeb889d0cf.110.110.0.min.wmark.0b0ed062.jpg
5fb32dd1722d6a37f860d16d,Hacendado,Bifidus desnatado natural,Pack 6 x 125 g - 750 g,1.15,Lácteos y Huevos > Yogur > Con Bífidus,Con Bífidus,https://a0.soysuper.com/61b7bb4ce6e5c84c0e941d211cd3c5e5.110.110.0.min.wmark.e22fe060.jpg
54734f29400dfc7603016aff,Hacendado,"Yogur desnatado sabores 3 fresa, 3 piña, 3 mango, 3 coco",Pack 12 x 125 g - 1500 g,2.25,Lácteos y Huevos > Yogur > Desnatado,Desnatado,https://a0.soysuper.com/711d82575f24418054a028e480cc02fc.110.110.0.min.wmark.b935fb2b.jpg
5b4cfa162508c147bd5b4993,Hacendado,Queso fresco vaca cabra,Tarrina 250 g,2.3,Frescos y Charcutería > Queso > Fresco y para Ensaladas,Fresco y para Ensaladas,https://a2.soysuper.com/57ae5292fe728c358e53c30d89fe7bfe.110.110.0.min.wmark.73f2533f.jpg
5c9a0bc2e93cdf0c4a225c5b,Hacendado,Refresco de limón con gas zero,Botella 2 l,0.95,Bebidas > Refresco > Limón,Limón,https://a1.soysuper.com/68787f4648233b59e622bf7685f9b098.110.110.0.min.wmark.0f91082c.jpg
5012f0df459c33cc5d000224,Hacendado,Pan de hamburguesa sin sésamo,Paquete 220 g,0.95,"Panadería, Pastelería y Repostería > Pan > Pan Burger y Panecillos",Pan Burger y Panecillos,https://a1.soysuper.com/45501ee769a6ff6ea564295b141a143b.110.110.0.min.wmark.6646f932.jpg
509c5046d2468cfd3700016f,Hacendado,Cocktail mix pepinillos cebollitas,Tarro 670 g. escurrido 370 g,1.85,Aperitivos > Encurtidos > Cebollitas,Cebollitas,https://a0.soysuper.com/51984810654a5af62ab90a12ef64683b.110.110.0.min.wmark.7d159e9e.jpg
4fc913a0cc75fa2a35010b60,Hacendado,Garbanzo riojana (chorizo),420 g peso neto escurrido,1.25,"Conservas, Sopas, Aceites y Condimentos > Platos Preparados en Conserva > Legumbres",Legumbres,https://a1.soysuper.com/9cbbcf2991213ebc35329870cef251c8.110.110.0.min.wmark.43a067d1.jpg
53df6a93130695f45d0007b3,Hacendado,Cafe grano natural,Paquete 1 kg,10.5,"Cafés, Cacaos e Infusiones > Café > En Grano",En Grano,https://a1.soysuper.com/30e140e727c079329887382f64949c1d.110.110.0.min.wmark.f6078dbd.jpg
5ed0f02e1452a00dbe3917bd,Hacendado,Queso vaca cortado,Unidad 320 g,2.58,"Frescos y Charcutería > Queso > Tierno, Semicurado y Curado","Tierno, Semicurado y Curado",
4fc91307cc75fa2a3500e7b2,Hacendado,Edulcorante sacarina liquida,Botella 150 ml,0.85,"Panadería, Pastelería y Repostería > Azúcar y Edulcorantes > Edulcorante",Edulcorante,https://a2.soysuper.com/680568839c02bf104dd7e98cc4e7f604.110.110.0.min.wmark.082b2adf.jpg
5fec469ad791872559703b5c,Hacendado,Queso viejo oveja media pieza,"Pieza 1,5 kg",19.77,Frescos y Charcutería > Queso > De Cabra y de Oveja,De Cabra y de Oveja,
4fc90f84cc75fa2a3500095f,Hacendado,Lima limon con gas,Botella 2 l,0.86,Bebidas > Refresco > Limón,Limón,https://a0.soysuper.com/16a9435de103dfc98094a739068acf4d.110.110.0.min.wmark.7144cecd.jpg
554975f553c97b510c60dfb9,Hacendado,Batido de chocolate 90% leche,Botella 1 l,1.46,Lácteos y Huevos > Batido > Chocolate y Cacao,Chocolate y Cacao,https://a2.soysuper.com/237574f693077d8f9e71da25f447f9b6.110.110.0.min.wmark.e5fbf1bb.jpg
591d62dc2508c12ce723aeba,Hacendado,Aceituna manzanilla con hueso sabor anchoa (calibre grande),Tarro 530 g neto escurrido,2.95,Aperitivos > Aceitunas > Verdes,Verdes,https://a0.soysuper.com/2fffecd62694f42648447dde4fe821b1.110.110.0.min.wmark.95f00fce.jpg
6503fe19e93cdf0b2105e18f,Hacendado,Comida preparada macarrones con queso y bacon,Bandeja 280 g,2.4,Frescos y Charcutería > Platos Preparados > Refrigerados,Refrigerados,https://a1.soysuper.com/947c8eca752c9a0df17c427d75912b52.110.110.0.min.wmark.9c3a084f.jpg
5bea8bba0932f73423459119,Hacendado,Golosinas nubes (nubi mallow),Paquete 150 g,1,Chocolates y Dulces > Golosinas > Gominolas,Gominolas,https://a1.soysuper.com/77674a585e75820e5002275de93b8fe3.110.110.0.min.wmark.7db12fa7.jpg
5bff73701452a0191f2cdad0,Hacendado,Pate fresco mousse pato,Paquete 100 g,1.9,Frescos y Charcutería > Charcutería > Paté y Foie,Paté y Foie,https://a1.soysuper.com/0907de9e444fbce3c67427245b2e7886.110.110.0.min.wmark.cf422746.jpg
61aad91f1452a0062b72e65b,Hacendado,Gambon congelado crudo colas peladas,Paquete 250 g,6.55,Congelados > Pescados y Mariscos > Gambón congelado,Gambón congelado,https://a2.soysuper.com/5ec3cb7b395967a8ebb1832c965ec95c.110.110.0.min.wmark.88488f98.jpg
6409981c0932f77dd3729e6f,Hacendado,Combinado de frutos secos (para ensalada),Paquete 200 g,2.6,Aperitivos > Frutos Secos > Cóctel,Cóctel,https://a2.soysuper.com/4ddf271897f7e9a3b3efdd57db6361b7.110.110.0.min.wmark.c08beee4.jpg
5b0fd1202508c16c9b7a8337,Hacendado,"Ensalada queso cabra (batavia verde Y roja, lollo rosso, espinaca, rucula, manzana, queso cabra, nueces, pasas, vinagreta Y tenedor), FR",Tarrina 153 g,2.8,Frescos y Charcutería > Platos Preparados > Refrigerados,Refrigerados,https://a0.soysuper.com/9bf5bf4fc52a4899620790453933dafb.110.110.0.min.wmark.80a3b0cd.jpg
592d595e2508c1511751ced9,Hacendado,Pan de fibra y sésamo,Paquete 250 g,1.12,"Panadería, Pastelería y Repostería > Pan > Pan Tostado",Pan Tostado,https://a1.soysuper.com/e27181a56a3c3a32ec4c4c3b483fdc6a.110.110.0.min.wmark.2bcc8c6f.jpg
4fc910b8cc75fa2a35005b0b,Hacendado,Bebida de arándanos y frutas rojas sin azúcares añadidos,Brick 1 l,1.73,Bebidas > Zumo > Mezcla de Frutas,Mezcla de Frutas,https://a0.soysuper.com/e817c5ddef2ddd47f67afd11b239f507.110.110.0.min.wmark.8b5c4aee.jpg
5012f0aa29eba853230001ba,Hacendado,Alcachofa baby congelada,Paquete 300 g,3.05,"Congelados > Verduras, Hortalizas y Legumbres congeladas > Alcachofas congeladas",Alcachofas congeladas,https://a2.soysuper.com/8708c280c3af8e02925d97b4e920389b.110.110.0.min.wmark.0178ee03.jpg
5739570298ec91231354ca4c,Hacendado,Cacahuetes Chocoiris bañados de chocolate con leche coloreados,Paquete 180 g,1.9,Chocolates y Dulces > Chocolates > Frutos Secos Bañados,Frutos Secos Bañados,https://a2.soysuper.com/3e3935d80f0e1f4f226743a5d214e687.110.110.0.min.wmark.8c2e8d81.jpg
5012f0df0f8e48d05d0001de,Hacendado,Cafe molido descafeinado natural,Paquete 500 g,4.9,"Cafés, Cacaos e Infusiones > Café > Descafeinado",Descafeinado,https://a0.soysuper.com/b227de1a88dd4f0e9fec885c9cd8c875.110.110.0.min.wmark.175002ca.jpg
5c72c8fd722d6a06b20ff49c,Hacendado,Tarta mousse chocolate rellena de crema crujiente de avellana (redonda) pasteleria congelada,1 u - 710 g,9.5,Congelados > Pan y Repostería > Tartas,Tartas,https://a2.soysuper.com/d39871454f12e24662973661b889e5f1.110.110.0.min.wmark.6a27c117.jpg
5012fe05825ae05b230002a6,Hacendado,Longaniza payes pieza,U,3.95,Frescos y Charcutería > Charcutería > Fuet - longaniza,Fuet - longaniza,https://a1.soysuper.com/99f7f21fbad0687f440ad43b3b1b01e4.110.110.0.min.wmark.e4e8cfc6.jpg
56e942b198ec9117682c33ef,Hacendado,Refresco te melocoton cero,Botella 1500 ml,1,Bebidas > Refresco > Té,Té,https://a1.soysuper.com/34c4727d93d978c05db6a30d89f37dcc.110.110.0.min.wmark.0fd2565c.jpg
5d13304998ec9157f067fdfa,Hacendado,Yogur desnatado limón,Pack 4 u x 125 g - 500 g,0.9,Lácteos y Huevos > Yogur > Desnatado,Desnatado,https://a1.soysuper.com/83e7867ca81b44301707014cf84933b3.110.110.0.min.wmark.16383af1.jpg
6559c12898ec91250c110d81,Hacendado,Langostino torpedo congelado (8/9 piezas con un crujiente rebozado),Paquete 180 g,3.95,Congelados > Platos Preparados > Pescado y Marisco,Pescado y Marisco,https://a0.soysuper.com/55288954047f7dfb88ed9645d69361ac.110.110.0.min.wmark.6de46121.jpg
603b91d0722d6a51b7247c1d,Hacendado,Infusión de manzana y canela,Paquete 20 bolsitas,1.4,"Cafés, Cacaos e Infusiones > Infusiones > Manzana",Manzana,https://a2.soysuper.com/166248ee6bb0b2378821409210c26a4e.110.110.0.min.wmark.86a76302.jpg
61764280e93cdf3b2f516182,Hacendado,"Fruta bolsillo fresa, arandanos y avena 100% fruta (color morado) a partir 8 meses",Bolsa 120 g,0.9,Bebés y Niños > Alimentación Infantil > Tarritos,Tarritos,https://a0.soysuper.com/7c717c07b454d08217179600b5121ece.110.110.0.min.wmark.261362f7.jpg
5c187f0f722d6a417e4274a9,Hacendado,Orejones albaricoque,Paquete 200 g,3.2,Aperitivos > Frutos Secos > Frutas Deshidratadas,Frutas Deshidratadas,https://a2.soysuper.com/ec3dda6498770310718fc6d01d9242da.110.110.0.min.wmark.9533fbaf.jpg
5fa0e444e93cdf2be5534e2b,Hacendado,Tronco navidad trufa pasteleria congelada,Unidad 520 g,6.5,Congelados > Pan y Repostería > Tartas,Tartas,https://a1.soysuper.com/a48a883458c137917723e704bbbddb12.110.110.0.min.wmark.acf76325.jpg
5e34647fe93cdf7e6840c83e,Hacendado,Chopped cerdo pic kamper lonchas,Paquete 150 g,1.24,Frescos y Charcutería > Charcutería > Mortadela,Mortadela,https://a1.soysuper.com/a61b1886686a9cb6707406a8bb39d0e5.110.110.0.min.wmark.a2dcbe2f.jpg
65547b64e6ed40715a610ea8,Hacendado,Buey de mar congelado cocido,Unidad 600 gr,9.8,Congelados > Pescados y Mariscos > Buey de Mar congelado,Buey de Mar congelado,https://a1.soysuper.com/64ca4ae28731fe759a436935f0dd3ba4.110.110.0.min.wmark.a8475be7.jpg
5fe1b775e93cdf321851143e,Hacendado,Chicle jengibre limon grageas sin azucar,45 g (paquete 32 u),1,Chocolates y Dulces > Golosinas > Chicles,Chicles,https://a0.soysuper.com/382125af58030eb6324689b2468a4318.110.110.0.min.wmark.f8068053.jpg
5012ee47238436c85d000110,Hacendado,Comino molido (tapon rojo),Bote 58 g,1.14,"Conservas, Sopas, Aceites y Condimentos > Especias > Comino",Comino,https://a0.soysuper.com/554b09e4533d98153065f0ae280b44ce.110.110.0.min.wmark.7589b632.jpg
6460874798ec916d2223b0de,Hacendado,Lasaña boloñesa congelada familiar,Bandeja 1100 g,5.7,Congelados > Platos Preparados > Pasta,Pasta,https://a1.soysuper.com/5338d75410f992c98ff823312aab9269.110.110.0.min.wmark.b921c8ff.jpg
4fc9168fcc75fa2a3501bf3f,Hacendado,Mejillon natural pequeño,Lata 111 g escurrido 69 g,2,"Conservas, Sopas, Aceites y Condimentos > Conservas de Marisco > Mejillones",Mejillones,https://a0.soysuper.com/c44a4d3e8ea1aaa8aec5c6dd63787a94.110.110.0.min.wmark.a91ff5fe.jpg
5840132b98ec9131941161bd,Hacendado,YOGUR LIQUIDO L CASEI NARANJA PAPAYA,BOTELLIN PACK 12 x 100 g - 1200 g,2.65,Lácteos y Huevos > Yogur > Líquido,Líquido,https://a2.soysuper.com/2b7a2548e4c007f4cbb1fe63a91ce7f7.110.110.0.min.wmark.7ee05142.jpg
62d4bf95e93cdf49494060a8,Hacendado,Alistado (gamba roja) congelado crudo mediano,Unidad 250 g,9.29,Congelados > Pescados y Mariscos > Alistados congelados,Alistados congelados,
5d14bccb722d6a14752a47bf,Hacendado,Refresco de manzana con gas,Botella 2 l,0.95,Bebidas > Refresco > Manzana,Manzana,https://a0.soysuper.com/02ef243e34050f22cda883f61730e5a2.110.110.0.min.wmark.6c206517.jpg
6370b2c90932f75a160c8366,Hacendado,Comida preparada hamburguesa de espinacas,"Bandeja 4 u x 50g, 200g",2.4,Frescos y Charcutería > Platos Preparados > Calientes,Calientes,https://a1.soysuper.com/6c673e0bb4943323d9b84f30d826c127.110.110.0.min.wmark.53920ce7.jpg
630db2a4722d6a6e327db3f5,Hacendado,Callos a la madrileña (abre facil),Bote 385 g,2.45,"Conservas, Sopas, Aceites y Condimentos > Platos Preparados en Conserva > Callos",Callos,https://a1.soysuper.com/0e92c9ef17dc354119167ee0cd0a6e77.110.110.0.min.wmark.c00ee5ef.jpg
564f025653c97b6174012d2f,Hacendado,Bifidus trozos mango-maracuya,Pack 4 x 125 g - 500 g,1.35,Lácteos y Huevos > Yogur > Con Bífidus,Con Bífidus,https://a2.soysuper.com/71f1902916ac31be8fc42d9ec10c1f98.110.110.0.min.wmark.628e93ee.jpg
5bf9da2b0932f728da33317b,Hacendado,Bebida almendras 0% azucares,6 x 1 l,6.9,"Lácteos y Huevos > Leche > Soja, Avena, Arroz,..","Soja, Avena, Arroz,..",https://a1.soysuper.com/9b00af67a096d68b6658012e4935b58f.110.110.0.min.wmark.1456d43d.jpg
5498d2fbc80c6461240068de,Hacendado,Tonica,Lata 330 ml,0.37,Bebidas > Refresco > Tónica,Tónica,https://a1.soysuper.com/0d5df18070c1616ae5d760b90914ddba.110.110.0.min.wmark.8f5d461f.jpg
5295451f572c9bfd03000008,Hacendado,Fruta + leche melón sandía,Brick 1 l,1.05,Bebidas > Zumo > Con Leche,Con Leche,https://a1.soysuper.com/58b286be64c117b4c90a5c1ed8886fea.110.110.0.min.wmark.8b988e44.jpg
616f6bac722d6a6c8d0ed76a,Hacendado,Turron imperial 0% azucares añadidos ***sujeto a disponibilidad***,2 x 100 g,2.8,Chocolates y Dulces > Dulces de navidad > Turrón,Turrón,https://a0.soysuper.com/ae79e3e809239096f82442e9b73c6b89.110.110.0.min.wmark.0ee212e6.jpg
60dd9ce4d791870bb481a918,Hacendado,Paté hígado de cerdo sabor picante,Pack 2 latas x 80 g - 160 g,1.85,"Conservas, Sopas, Aceites y Condimentos > Paté > Cerdo",Cerdo,https://a1.soysuper.com/1053ce7813ad9601c1afcb33060d3931.110.110.0.min.wmark.adce8960.jpg
5b33013553c97b05624601f4,Hacendado,Bifidus cremoso vainilla,Pack 4 x 125 g - 500 g,1.35,Lácteos y Huevos > Yogur > Con Bífidus,Con Bífidus,https://a2.soysuper.com/f546c0c2dfc42ad45a733c7030d16d11.110.110.0.min.wmark.d47a5b9c.jpg
5bd82eb82508c14641336069,Hacendado,Anchoa filete aceite oliva,Lata 74 g escurrido 50 g,3.64,Frescos y Charcutería > Pescados y Mariscos > Salazón,Salazón,https://a1.soysuper.com/3b68a5b6367a2b4fd7a94839609b3f0b.110.110.0.min.wmark.b35c128a.jpg
50d25c662ae4fcdd4b0000ef,Hacendado,Bases de pizza sin gluten sin lactosa ultracongeladas,Paquete 400 g,3.82,Congelados > Platos Preparados > Pizzas,Pizzas,https://a2.soysuper.com/a8c60f60ff750058c93acf5c7cc26fd9.110.110.0.min.wmark.9b6dc4cb.jpg
4fc90fbfcc75fa2a35001790,Hacendado,Leche desnatada calcio,Brik 1 l,1.02,Lácteos y Huevos > Leche > Desnatada,Desnatada,https://a0.soysuper.com/75616948fef9e179971f8161866129f6.110.110.0.min.wmark.a8eb965e.jpg
5d0bd4331452a04e8a1138cc,Hacendado,Membrillo (dulce de membrillo) sin azucares añadidos,Paquete 400 g,2.4,"Conservas, Sopas, Aceites y Condimentos > Conservas Dulces > Membrillo y Jalea",Membrillo y Jalea,https://a2.soysuper.com/ccb5d2d48bb9a3e525f257eba92200d1.110.110.0.min.wmark.422a22eb.jpg
599be5731452a07a3e1a2192,Hacendado,Yogur desnatado natural edulcorado sin lactosa,Pack 4 x 125 g,1.35,Lácteos y Huevos > Yogur > Especiales,Especiales,https://a2.soysuper.com/038fc795feaeebd30df6479ac44af59a.110.110.0.min.wmark.d4211a0f.jpg
618eec88e93cdf3b2030f43f,Hacendado,Queso semicurado mezcla,420 g aprox,4.1,"Frescos y Charcutería > Queso > Tierno, Semicurado y Curado","Tierno, Semicurado y Curado",https://a2.soysuper.com/3f5b5124640f831bf54f12bd6e3bc500.110.110.0.min.wmark.cac3c89a.jpg
58d653de2508c1437d79c0cc,Hacendado,Helado palo bombon mini surtido (chocolate con leche/ blanco /almendrado y negro),Pack 12 x 57 ml,3.41,Congelados > Helados > Bombón Helado,Bombón Helado,https://a1.soysuper.com/27cb319fa9891a456153580d7c9a295b.110.110.0.min.wmark.00c74ca8.jpg
6008038698ec91041649d8ba,Hacendado,Yogur griego ligero natural,Bote 1 kg,2.23,Lácteos y Huevos > Yogur > Especiales,Especiales,https://a2.soysuper.com/77f50f5f9b06b188ce3aa4a26a5755c5.110.110.0.min.wmark.7a325066.jpg
57dd257a1452a04a8b31fdd8,Hacendado,Salsa burger,Bote 250 ml,1.4,"Conservas, Sopas, Aceites y Condimentos > Salsas > Para Carne",Para Carne,https://a2.soysuper.com/55f2891ff508f40faff156e884d7bfde.110.110.0.min.wmark.9bb317a7.jpg
4fc90fc0cc75fa2a350017d1,Hacendado,Frutas+leche mediterraneo (brick azul),Brick 1 l,0.96,Bebidas > Zumo > Con Leche,Con Leche,https://a2.soysuper.com/df11c060d8ce1653aaff4bda134c13fc.110.110.0.min.wmark.8e2f84d1.jpg
62eb6b87722d6a6618247db3,Hacendado,Fruta+leche melon sandía (brick rojo),Pack 6 briks x 200 ml,1.3,Bebidas > Zumo > Con Leche,Con Leche,https://a1.soysuper.com/08de7f5a42174a35a5990a9a390f8ea2.110.110.0.min.wmark.9886f4f3.jpg
604223091452a041ad660240,Hacendado,Sal gruesa húmeda,Paquete 1 kg,0.39,"Conservas, Sopas, Aceites y Condimentos > Especias > Sal",Sal,https://a0.soysuper.com/879cbea50f3230159a852edaf2714875.110.110.0.min.wmark.f188b337.jpg
60b5c66d53c97b64a315e8c6,Hacendado,Bebida coco y arroz,6 x 1 l,9.6,"Lácteos y Huevos > Leche > Soja, Avena, Arroz,..","Soja, Avena, Arroz,..",https://a2.soysuper.com/090cd578151b08957bf897e9d6fb9b14.110.110.0.min.wmark.d59a6d0f.jpg
5a8d483c53c97b0872430ac1,Hacendado,Ñoras conserva (carne de ñora),Tarro 140 g,1.5,"Conservas, Sopas, Aceites y Condimentos > Especias > Ñoras",Ñoras,https://a1.soysuper.com/ca82c5b407df5f605fc6565b7dc3d8fa.110.110.0.min.wmark.ae6c9a33.jpg
62b9f6b5e6ed407f3152a41e,Hacendado,Salmon fresco rodaja,Unidad 400 gr,8,Frescos y Charcutería > Pescados y Mariscos > Pescado Azul,Pescado Azul,
5012f0e429eba853230001d4,Hacendado,Pan molde integral sin corteza,450 g,1.1,"Panadería, Pastelería y Repostería > Pan > Pan de Molde",Pan de Molde,https://a1.soysuper.com/d417bbc6b369f3d5e3d66949054cd1ff.110.110.0.min.wmark.fe1492cf.jpg
54c78a051d02586a211e2642,Hacendado,Pan molde blanco,460 g,0.95,"Panadería, Pastelería y Repostería > Pan > Pan de Molde",Pan de Molde,https://a0.soysuper.com/b894943587276b8208ff6e3301fe1b3e.110.110.0.min.wmark.86b1571c.jpg
618eec8898ec912760281b29,Hacendado,Queso tierno mezcla,350 g aprox,3.13,"Frescos y Charcutería > Queso > Tierno, Semicurado y Curado","Tierno, Semicurado y Curado",https://a1.soysuper.com/c180ec83deb90e453ed647ec5fdd0625.110.110.0.min.wmark.4b06bef9.jpg
637dd77be93cdf28304eb05b,Hacendado,Membrillo taco refrigerado,Paquete 250 g,2.1,"Conservas, Sopas, Aceites y Condimentos > Conservas Dulces > Conservas de Fruta",Conservas de Fruta,https://a1.soysuper.com/2843395992cb466c6941c75fc8c86c27.110.110.0.min.wmark.62dd7d00.jpg
5932bb0198ec911eb00d6bf0,Hacendado,Gazpacho 100 % natural fresco,Botella 1 l,2.65,Frescos y Charcutería > Platos Preparados > Refrigerados,Refrigerados,https://a0.soysuper.com/12f6d17d6aef358f95657c28afa86d07.110.110.0.min.wmark.927c1ae6.jpg
5da47e56d11520178d3da9f2,Hacendado,Queso rallado sin lactosa,Paquete 150 g,1.8,"Frescos y Charcutería > Queso > Lonchas, Rallado y en Porciones","Lonchas, Rallado y en Porciones",https://a2.soysuper.com/82f9b6650b6c8bac42cc7db3a6a2fc3d.110.110.0.min.wmark.6c35ae21.jpg
52f54bbc04e46fce10000231,Hacendado,Barquillo tubitos para helado y postre,Bote 175 g,2.05,Cereales y Galletas > Galletas > Barquillos,Barquillos,https://a1.soysuper.com/62e2a3411a8cd1105b5821d9c56ce569.110.110.0.min.wmark.f982baa1.jpg
5f88f4c40932f7441255a582,Hacendado,Bombon delizze: chocolate con avellana,216 g (caja 16 u),4.2,Chocolates y Dulces > Bombones > De Chocolate,De Chocolate,https://a2.soysuper.com/19691da6b94f4dea96a4887008c42c18.110.110.0.min.wmark.d0ae16c4.jpg
61c1bf9a2508c130633d52a3,Hacendado,Mix de encurtidos,Tarro 670 g escurrido 370 g,2.65,Aperitivos > Encurtidos > Cóctel,Cóctel,https://a0.soysuper.com/84b25ec2c67e32eadccd742e05974b4c.110.110.0.min.wmark.304a291d.jpg
4fc91369cc75fa2a3500fe9b,Hacendado,Leche semidesnatada,"Botella 1,5 l",1.5,Lácteos y Huevos > Leche > Semidesnatada,Semidesnatada,https://a0.soysuper.com/78bcf581bede02a49486eda1675c4577.110.110.0.min.wmark.b8c6135a.jpg
4fc915cbcc75fa2a35018f33,Hacendado,Anis grano (tapón marron),Bote 50 g,1.71,"Conservas, Sopas, Aceites y Condimentos > Especias > Anís",Anís,https://a0.soysuper.com/2261e52ddcff83f781b0b1537d728ffa.110.110.0.min.wmark.c87783c6.jpg
5012f0a929eba853230001b6,Hacendado,Col bruselas congelada,Paquete 450 g,1.7,"Congelados > Verduras, Hortalizas y Legumbres congeladas > Coles de Bruselas",Coles de Bruselas,https://a2.soysuper.com/77a8708b6f458ec8ee66b1e49bad7cf9.110.110.0.min.wmark.4bea887b.jpg
613f71422508c1278b53c692,Hacendado,Noodle sabor picante deshidratado,Bote 65 g,0.8,"Conservas, Sopas, Aceites y Condimentos > Platos Preparados en Conserva > Pasta preparada",Pasta preparada,https://a1.soysuper.com/f035c343bce136c42b8a40de83d448df.110.110.0.min.wmark.0f9bbe05.jpg
5b91231b98ec9169a315cb9e,Hacendado,Galletas cookies sin gluten y sin lactosa,Paquete 200 g,2.05,Cereales y Galletas > Galletas > Con Chocolate,Con Chocolate,https://a0.soysuper.com/d99409011e0065c4724a62c271abd6e2.110.110.0.min.wmark.6d422495.jpg
59426f5d2508c15cf15ffa61,Hacendado,"Yogur sabores 4 limón, 4 macedonia, 4 fresa y 4 coco",16 unidades de 125 g (2 kg),2.8,Lácteos y Huevos > Yogur > Sabores,Sabores,https://a2.soysuper.com/6cb387435538d85fa5ca0cbb63a23372.110.110.0.min.wmark.efe1b7d5.jpg
5012f0a9825ae05b230001c4,Hacendado,Garbanzo congelado,Paquete 450 g,1.37,"Congelados > Verduras, Hortalizas y Legumbres congeladas > Garbanzos congelados",Garbanzos congelados,https://a1.soysuper.com/bfb37bfb810a1a04c191584c999e3bc3.110.110.0.min.wmark.a7f7febe.jpg
6499c7a3d79187449855d15e,Hacendado,Bocado sin gluten,Paquete 2 u,1.93,"Panadería, Pastelería y Repostería > Pan > Pan de Molde",Pan de Molde,https://a0.soysuper.com/cb4fea1ca56ad3ed947a84a14ca90c1d.110.110.0.min.wmark.550eecf7.jpg
584574be2508c16f691be1e0,Hacendado,Espagueti integral pasta,Paquete 500 g,1.15,"Pasta, Arroz y Legumbres > Pasta > Espaguetis",Espaguetis,https://a0.soysuper.com/811c5aa9c5157329b275c6ac0b77b075.110.110.0.min.wmark.7e7afb88.jpg
4fc91276cc75fa2a3500c50c,Hacendado,Ajos aliñados en vinagre,Tarro 345 g escurrido 235 g,2.6,Aperitivos > Encurtidos > Ajo,Ajo,https://a1.soysuper.com/50066beabaf5f6f2c0d663ab4beb98f4.110.110.0.min.wmark.3c162044.jpg
63f719f32508c1190526fdbb,Hacendado,Go-lacteo liquido bolsillo sin frio galleta,U - 100 g,0.89,Bebés y Niños > Alimentación Infantil > Postres Bebé,Postres Bebé,https://a0.soysuper.com/e271b42e26de27dbf15a4837c9353b5c.110.110.0.min.wmark.880137e7.jpg
6502be040932f717a01600e4,Hacendado,Bebida energetica light,Lata pack 6 x 250 ml - 1500 ml,2.4,Bebidas > Bebida Energética > Sin Azúcares añadidos,Sin Azúcares añadidos,https://a2.soysuper.com/a5761abd508cb59b8ed94a01d1c02cd6.110.110.0.min.wmark.898ad421.jpg
4fc915c0cc75fa2a35018c4b,Hacendado,Vinagre jerez reserva,Botella cristal 250 ml,2.11,"Conservas, Sopas, Aceites y Condimentos > Vinagre > De Jerez",De Jerez,https://a0.soysuper.com/e644cb9961cb6e0751ceda74ce1b35ba.110.110.0.min.wmark.299b424d.jpg
5012f5ae29eba8532300026a,Hacendado,Alistado (gamba roja) congelado crudo pequeño,Unidad 250 gr,5.63,Congelados > Pescados y Mariscos > Gambas congeladas,Gambas congeladas,https://a2.soysuper.com/b6d1656b7367355fd6f757411fe4ccc1.110.110.0.min.wmark.3128fa0c.jpg
5d2dacc91452a00493436301,Hacendado,Foie gras de pato cocido entero (refrigerado),Paquete 100 g,8.3,Frescos y Charcutería > Charcutería > Paté y Foie,Paté y Foie,https://a2.soysuper.com/6e4e55265395f41c1a1f3f5e26bcf1fb.110.110.0.min.wmark.5e8bf797.jpg
4fc9102acc75fa2a3500309e,Hacendado,Cayena (guindilla) (tapón marron),Bote 27 g,1.31,"Conservas, Sopas, Aceites y Condimentos > Especias > Cayena",Cayena,https://a2.soysuper.com/e4ebe91e9b90d493a2d2fde31206b7bf.110.110.0.min.wmark.bc3d38fe.jpg
57f4f1e998ec911960247541,Hacendado,Huevo chocolate sorpresa,1 u - 50 g,1.65,Chocolates y Dulces > Chocolates > Chocolatinas,Chocolatinas,https://a0.soysuper.com/9a8e7665f18372b9b66545d550e494c5.110.110.0.min.wmark.ae05f111.jpg
6413edae98ec9147562db2ef,Hacendado,Mortadela pieza,U 900 g,3.6,Frescos y Charcutería > Charcutería > Mortadela,Mortadela,https://a1.soysuper.com/bcd65b0248a553b275c3e3e7df3833f5.110.110.0.min.wmark.9306808f.jpg
628c2ff90932f701597bcf20,Hacendado,Queso tetilla,Pieza 800 g,7.2,Frescos y Charcutería > Queso > Quesos Nacionales,Quesos Nacionales,
51dc67f0f0f9763714000044,Hacendado,Granizado limon,Caja 6 u x 200 ml,2.7,Congelados > Helados > Granizado,Granizado,https://a1.soysuper.com/47ad62ade4c8263fb0c2268007dc85e0.110.110.0.min.wmark.ad12a7d7.jpg
64f971b053c97b07ea302309,Hacendado,Helado vainilla praline con nueces pecan,Tarrina 950 g,3.53,Congelados > Helados > Tarrina,Tarrina,https://a0.soysuper.com/f92e70c01b5294cd4063cc6b33d43214.110.110.0.min.wmark.86c3832f.jpg
6217ee2a8ca63c5b22447841,Hacendado,Rosegones,Paquete 250 g,1.9,"Panadería, Pastelería y Repostería > Pastelería > Variada",Variada,https://a0.soysuper.com/1d2c1415ded74ed9069a92c5f73cb891.110.110.0.min.wmark.f93c9c4e.jpg
5012ee41a1320a5723000117,Hacendado,SAL AJO (tapon rojo),Bote 130 g,1.78,"Conservas, Sopas, Aceites y Condimentos > Especias > Ajo seco",Ajo seco,https://a2.soysuper.com/583639efbed2ead3cd83589f00b39771.110.110.0.min.wmark.ab2b3b03.jpg
618eec88e93cdf3b238bb3c9,Hacendado,Queso semicurado mezcla,1.08 kg aprox,10.79,"Frescos y Charcutería > Queso > Tierno, Semicurado y Curado","Tierno, Semicurado y Curado",https://a0.soysuper.com/59f527c575c41f909a1a4eac6d59c73d.110.110.0.min.wmark.587b1830.jpg
65532964d79187605e58636b,Hacendado,Queso tetilla de vaca,780 g aprox,7.02,Frescos y Charcutería > Queso > Quesos Nacionales,Quesos Nacionales,https://a0.soysuper.com/8fbbd3e3633518703d1f2a2cb5368b8f.110.110.0.min.wmark.4bf591ce.jpg
64c9f1330932f76f0b0f313a,Hacendado,Queso curado mezcla madurado en madera,315 g aprox,4.69,"Frescos y Charcutería > Queso > Tierno, Semicurado y Curado","Tierno, Semicurado y Curado",https://a1.soysuper.com/563eb7110d7a375cc50ddf76f4b561e5.110.110.0.min.wmark.e374c359.jpg
51c4ed9ca510ab4802000026,Hacendado,Cereal muesli crujiente frutas,Paquete 500 g,2.09,Cereales y Galletas > Cereales > Clásicos,Clásicos,https://a0.soysuper.com/d8d2650eea71bf8a0e6927326f67ed51.110.110.0.min.wmark.10d867e1.jpg
655c5cc6e93cdf380c635adb,Hacendado,"Cafe capsula cappuccino (compatible cafetera dolce gusto*(marca de grupo societe des produits nestle, S.A. no relacionada con productos solubles, sa)","185,6 g (caja 8 u)",3.45,"Cafés, Cacaos e Infusiones > Café > Cápsulas",Cápsulas,https://a0.soysuper.com/9625fed6de63eaced3a1e275b1f6fb46.110.110.0.min.wmark.a4c8927c.jpg
4fc91664cc75fa2a3501b442,Hacendado,Aceituna rellena pimiento,U x 50 g,1.7,Aperitivos > Aceitunas > Verdes,Verdes,https://a0.soysuper.com/28d7fe4a20acbf8a466d21465133c29b.110.110.0.min.wmark.f18a7897.jpg
6202786098ec9103c9290632,Hacendado,Rodaja de tintorera sin piel ultracongelada,450 g aprox.,3.71,Congelados > Pescados y Mariscos > Tintorera,Tintorera,https://a0.soysuper.com/a000d23d700e4c35ea02380206a8ae1a.110.110.0.min.wmark.cab5438e.jpg
5e31a8bde93cdf356a48c98e,Hacendado,Mortadela budín cocida lonchas finas,Paquete 150 g,1.45,Frescos y Charcutería > Charcutería > Mortadela,Mortadela,https://a2.soysuper.com/2abbcfe946a3b1666ce941e679a87916.110.110.0.min.wmark.1583eb30.jpg
61696003722d6a6cb0659458,Hacendado,Sardina pequeña congelada,Bolsa 500 g,3.95,Congelados > Pescados y Mariscos > Sardinas,Sardinas,https://a0.soysuper.com/8e661f51b7ee043e91ef8c7b528847c9.110.110.0.min.wmark.dfd0d721.jpg
5aeffa02722d6a76627d0b81,Hacendado,Alcaparrones *****novedad****,Tarro 360 g escurrido 180 g,2.5,Aperitivos > Encurtidos > Alcaparras,Alcaparras,https://a0.soysuper.com/af1463af70b43da5df56c15e8b9fbc11.110.110.0.min.wmark.401a9cdb.jpg
5d5a6ac553c97b54c96612ce,Hacendado,Refresco te mango y piña,Lata pack 6 x 330 ml - 1980 ml,3,Bebidas > Refresco > Té,Té,https://a0.soysuper.com/3a9a16526e45593ae51fe654ebbce0f8.110.110.0.min.wmark.0ccef193.jpg
5012f0ce238436c85d000237,Hacendado,Café soluble natural clásico,Paquete 10 sobres,1.1,"Cafés, Cacaos e Infusiones > Café > Soluble",Soluble,https://a1.soysuper.com/6293b2d5bb7be14bcdb9e92cc5f7773b.110.110.0.min.wmark.66902d23.jpg
590c2ff11452a055893ae607,Hacendado,Yogur líquido de coco,Pack 12 x 100 g,2.35,Lácteos y Huevos > Yogur > Líquido,Líquido,https://a1.soysuper.com/ca04037c4fc55f9f85cb41c721d6ac98.110.110.0.min.wmark.e853c7e2.jpg
5fc983340932f71ade473ce5,Hacendado,"Cuerpos cocidos pequeños (entregas viernes, sabados y visperas festivos)",Bandeja 500 g,9.95,Congelados > Pescados y Mariscos > Cangrejos congelados,Cangrejos congelados,https://a1.soysuper.com/aba0d1258334a1c75968d9a01b826b3b.110.110.0.min.wmark.31fadb38.jpg
636e25e8e93cdf3e17178c9b,Hacendado,Mantecadas industrial sin lactosa,Bolsa 520 g,2.3,"Panadería, Pastelería y Repostería > Bollería > Bizcocho, Mantecados y Ensaimadas","Bizcocho, Mantecados y Ensaimadas",https://a2.soysuper.com/2f6f2030ee6101b67b397298562c0248.110.110.0.min.wmark.64b68e33.jpg
4fc91526cc75fa2a3501682a,Hacendado,Alubia granja,Paquete 500 g,3.4,"Pasta, Arroz y Legumbres > Legumbres Secas > Alubias",Alubias,https://a0.soysuper.com/2cb4f6163bbf0ab4ab9e148798d9b4a2.110.110.0.min.wmark.570d027b.jpg
4fc912f3cc75fa2a3500e324,Hacendado,Rosquilletas tradicional (con anisetes),Pack 2 paquetes - 160 g,1.05,"Panadería, Pastelería y Repostería > Pan > Picos y Crackers",Picos y Crackers,https://a2.soysuper.com/4d3a713bb173923194cedbc23977e108.110.110.0.min.wmark.1a2a450d.jpg
5b4ab8a42508c11e881976b3,Hacendado,Base pizza fresca con tomate,Unidad 280 g,1.8,"Panadería, Pastelería y Repostería > Pan > Base para Pizza",Base para Pizza,https://a2.soysuper.com/f87b98a5c36520de170304bbca234396.110.110.0.min.wmark.c9db8470.jpg
618eec880932f70abe11bc30,Hacendado,Queso lonchas de cabra,220 g,3.41,"Frescos y Charcutería > Queso > Lonchas, Rallado y en Porciones","Lonchas, Rallado y en Porciones",https://a0.soysuper.com/9ab8e0bc50c80f99ccc3bdc327d1e08e.110.110.0.min.wmark.e70eefe7.jpg
5b2b94e90932f758585472d1,Hacendado,Queque yogur limon horno,U 400 g,2.8,"Panadería, Pastelería y Repostería > Bollería > Bizcocho, Mantecados y Ensaimadas","Bizcocho, Mantecados y Ensaimadas",https://a2.soysuper.com/6653558a97e812a80080082ce28cdb27.110.110.0.min.wmark.94afbc8c.jpg
6344bd082508c157b721eb3a,Hacendado,Calamar indio congelado grande entero,Unidad 200 gr,3.5,Frescos y Charcutería > Pescados y Mariscos > Cefalópodos,Cefalópodos,
62b9f6b5e6ed407f13508ddc,Hacendado,Lubina fresca filete,Unidad 240 gr,5.4,Frescos y Charcutería > Pescados y Mariscos > Pescado Semigraso,Pescado Semigraso,
616a5bcb53c97b380f68fedc,Hacendado,Queso oveja añejo al romero,Unidad 330 gr,6.34,Frescos y Charcutería > Queso > De Cabra y de Oveja,De Cabra y de Oveja,
5d14bc971452a004930e57cb,Hacendado,Refresco de lima limón con gas,"Pack 8 latas x 33 cl - 2,64 l",3.44,Bebidas > Refresco > Lima-Limón,Lima-Limón,https://a2.soysuper.com/f75e662d6749af3c0db461345762cc61.110.110.0.min.wmark.0a57e1d1.jpg
635bb0cd98ec916acb4daa85,Hacendado,Brossat,Tarrina 400 g,3.15,Frescos y Charcutería > Queso > Fresco y para Ensaladas,Fresco y para Ensaladas,https://a0.soysuper.com/de0e483d2bb2717464d32011e3f11912.110.110.0.min.wmark.b61ada02.jpg
6329396998ec916121773483,Hacendado,Trucha entera limpia fresca,Unidad 400 gr,4.4,Frescos y Charcutería > Pescados y Mariscos > Pescado Azul,Pescado Azul,
5d14bc981452a004930e57ce,Hacendado,Refresco de limón con gas,"Pack 8 latas x 33 cl - 2,64 l",3.12,Bebidas > Refresco > Limón,Limón,https://a1.soysuper.com/e782646549d38abc075c9d4bca1627ab.110.110.0.min.wmark.35d55f62.jpg
5d5a6ac653c97b54c96612cf,Hacendado,Refresco te mango y piña,Lata 330 ml,0.5,Bebidas > Refresco > Té,Té,https://a2.soysuper.com/7e08de9acc5c62dd4d8c21a190a0f252.110.110.0.min.wmark.788f6521.jpg
5415723549a481e22f00b24d,Hacendado,Yogur cremoso trozos frutas bosque,u 500 g,1.3,Lácteos y Huevos > Yogur > Cremoso,Cremoso,https://a2.soysuper.com/b3ac979819f0f093652428017833eb92.110.110.0.min.wmark.767f8b76.jpg
58e756df1452a02da43e8b5b,Hacendado,Yogur líquido L-Casei desnaado natural,100 gr x 12 botellines,2.7,Lácteos y Huevos > Yogur > L.Casei,L.Casei,https://a1.soysuper.com/90d8006c2d40a42d499b1be900e604fa.110.110.0.min.wmark.a2217a96.jpg
59d758ea98ec9172267b223c,Hacendado,Aperitivo surtido snack,Paquete 100 g,1,Aperitivos > Snacks > Cócteles,Cócteles,https://a2.soysuper.com/1f48a215e544e5813bc337721ba8cc74.110.110.0.min.wmark.b9f361ba.jpg
61406318722d6a43b361bd02,Hacendado,Atun refrigerado filete *****novedad*****,Unidad 225 gr,5.14,Frescos y Charcutería > Pescados y Mariscos > Pescado Azul,Pescado Azul,
51c1e32c267947cc170000c5,Hacendado,Llonguet,U 90 g,1,"Panadería, Pastelería y Repostería > Pan > Pan Fresco",Pan Fresco,https://a2.soysuper.com/9902a8157dc4634c55c9cef0a836398a.110.110.0.min.wmark.5b5eb5e0.jpg
62b9f6b58ca63c34c34c622a,Hacendado,Dorada fresca filete,Unidad 240 gr,5.41,Frescos y Charcutería > Pescados y Mariscos > Pescado Semigraso,Pescado Semigraso,
63293969e93cdf1cbd4ba8b0,Hacendado,Lubina entera limpia fresca,Unidad 400 gr,6.14,Frescos y Charcutería > Pescados y Mariscos > Pescado Semigraso,Pescado Semigraso,
63293969722d6a759c238faa,Hacendado,Lubina a la espalda limpia fresca,Unidad 400 gr,6.52,Frescos y Charcutería > Pescados y Mariscos > Pescado Semigraso,Pescado Semigraso,
6543f63a1452a00f1d1a701e,Hacendado,Queso lonchas vaca flamengo,Paquete 200 g,1.83,"Frescos y Charcutería > Queso > Lonchas, Rallado y en Porciones","Lonchas, Rallado y en Porciones",https://a2.soysuper.com/4eb5449c7a480439071d8679e6e48630.110.110.0.min.wmark.046ede52.jpg
65e03a9653c97b0d451eb1f7,Hacendado,Queso semicurado de oveja,280 g aprox,3.78,"Frescos y Charcutería > Queso > Tierno, Semicurado y Curado","Tierno, Semicurado y Curado",https://a1.soysuper.com/a29f5201f1f9b15da98365521d99f571.110.110.0.min.wmark.7e91c1f4.jpg
65ddaa278ca63c1c276f15bc,Hacendado,Galleta cookie cacao rellena de crema,Paquete 160 g,1.45,Cereales y Galletas > Galletas > Rellenas,Rellenas,https://a1.soysuper.com/78b905a7953c2b61eff743fdc0b0dcb0.110.110.0.min.wmark.beb9da50.jpg
65b9fb0fe93cdf69c717317a,Hacendado,"Chicle eucalipto grageas sin azucar (contiene fluor, calcio y xilitol)",45 g (paquete 32 u),1,Chocolates y Dulces > Golosinas > Chicles,Chicles,https://a0.soysuper.com/ba8fbedaeddecaf557eb6b0168b7c1e0.110.110.0.min.wmark.5f425c72.jpg
65cba656722d6a53d77a3850,Hacendado,Queso añejo fuerte de oveja,330 g aprox,6.01,"Frescos y Charcutería > Queso > Tierno, Semicurado y Curado","Tierno, Semicurado y Curado",https://a1.soysuper.com/23535f2a8d08869230284e7b1bfb49fe.110.110.0.min.wmark.9d4fcbdc.jpg
6538ba5c8ca63c68da4661a6,Hacendado,Queso añejo de oveja al romero,270 g aprox,5.18,"Frescos y Charcutería > Queso > Tierno, Semicurado y Curado","Tierno, Semicurado y Curado",https://a2.soysuper.com/f572f5e1827931f9e9ca20f653ecd07f.110.110.0.min.wmark.f88bb5fd.jpg
5cab3bbd2508c1312b5ee2cd,Hacendado,Helado flash popitos,Bolsa 10 u x 100 ml,1.51,Congelados > Helados > Flash,Flash,https://a0.soysuper.com/da51e7bc682e9550d397e3353946d573.110.110.0.min.wmark.701babc7.jpg
5ee4ecab2508c14f623f9892,Hacendado,Helado sin azúcar añadido sándwich nata,Caja 8 u x 100 ml,3,Congelados > Helados > Sándwich,Sándwich,https://a0.soysuper.com/9d7b7e12009d43675e768c625e4f8723.110.110.0.min.wmark.78a74a56.jpg
64ac5fc98ca63c79db38f452,Hacendado,Helado dochi cheesecake,Caja 6 u x  36 ml,3,Congelados > Helados > Mochi,Mochi,https://a2.soysuper.com/ac46374ba4746f5fb1665c025e554e35.110.110.0.min.wmark.23f31f16.jpg
5aad06592508c1708f26aee9,Hacendado,Helado sin azucar añadido cono mini,Caja 12 u x 37 ml,3.75,Congelados > Helados > Conos,Conos,https://a1.soysuper.com/720485b26b7856ffb3c27bf3b7cdf708.110.110.0.min.wmark.d7dbc5ff.jpg
624946b498ec91530466e914,Hacendado,Helado palo bombon mini boom,Caja 8 u x 60 ml,3.02,Congelados > Helados > Bombón Helado,Bombón Helado,https://a0.soysuper.com/998a566cc4769f912522b5ac7edec253.110.110.0.min.wmark.aa7ca6fc.jpg
5012f093238436c85d0001eb,Hacendado,"Helado 3 gustos vainilla, chocolate y fresa","Tarrina 1 l, 533 g",2.32,Congelados > Helados > Tarrina,Tarrina,https://a2.soysuper.com/ac0ed5aecc10d4f60a6ea756451cf963.110.110.0.min.wmark.7e7cade8.jpg
642b2160e93cdf10bd4d417e,Hacendado,Queso semicurado mahón,1300 g aprox,11,"Frescos y Charcutería > Queso > Tierno, Semicurado y Curado","Tierno, Semicurado y Curado",https://a1.soysuper.com/982e6f4aeedad77a1d95b07e751a412f.110.110.0.min.wmark.442ca7b1.jpg
56d64adb53c97b1fc61e8bf4,Hacendado,Huevo chocolate grande sorpresa,1 u 120 g,3.9,Chocolates y Dulces > Chocolates > Chocolatinas,Chocolatinas,https://a1.soysuper.com/babf509603db2681e9d396c4495e1699.110.110.0.min.wmark.05dbaa66.jpg
59dc3dbf2508c14c0a0da0d2,Hacendado,Panecillo pulguitas,330 g (paquete 6 u),1,"Panadería, Pastelería y Repostería > Pan > Pan Fresco",Pan Fresco,https://a1.soysuper.com/85a7fd00fef14d5fb1d8b397f3edc69d.110.110.0.min.wmark.0c450cef.jpg
598c3df253c97b17a7649b98,Hacendado,Agua de coco 100% natural,Brick 330 ml,1.2,Bebidas > Bebida Isotónica > Agua de Coco,Agua de Coco,https://a0.soysuper.com/7e220f2438af064cf29c2bc8a72ed67d.110.110.0.min.wmark.16b889cb.jpg
68ff4e3ce93cdf01af3456ca,Hacendado,Cafe soluble descafeinado,50 g,2.6,"Cafés, Cacaos e Infusiones > Café > Descafeinado",Descafeinado,https://a1.soysuper.com/533c48ccd3f7dd93494f034808b1a560.110.110.0.min.wmark.e188460e.jpg
684210658ca63c11b13169f3,Hacendado,Chicles XXL gragea,Bote 100 g,1.95,Chocolates y Dulces > Golosinas > Chicles,Chicles,https://a2.soysuper.com/896bef5e18ff99d2c66d57be81a1283d.110.110.0.min.wmark.06f31c08.jpg
68469bb553c97b29206deb42,Hacendado,Queso curado DOP manchego de oveja,290 g aprox,5.83,"Frescos y Charcutería > Queso > Tierno, Semicurado y Curado","Tierno, Semicurado y Curado",https://a0.soysuper.com/dd7da14fc18d05346a921c2b3d38d9f5.110.110.0.min.wmark.4853cf9c.jpg
6697674f6c714b746522a3b8,Hacendado,Rape porciones descongelado,Unidad 350 gr,13.48,Frescos y Charcutería > Pescados y Mariscos > Pescado Blanco,Pescado Blanco,
690b73fde6ed402b517180ff,Hacendado,Queso curado de oveja con mojo picón rojo,260 g aprox,5.54,Frescos y Charcutería > Queso > De Cabra y de Oveja,De Cabra y de Oveja,https://a0.soysuper.com/7bd3a953b2b809a045a9751b652251fc.110.110.0.min.wmark.f8ea461f.jpg
6846a264e6ed402aef0db661,Hacendado,Pollo asado troceado,Paquete 1.22 kg aprox,7.87,Frescos y Charcutería > Platos Preparados > Refrigerados,Refrigerados,https://a2.soysuper.com/740f37e56cd4957e60f947b26576dbdc.110.110.0.min.wmark.77185f7e.jpg
69c5c5160932f72dc1591969,Hacendado,Boqueron fresco grande entero (preparado: pieza entera),Unidad 350 gr,2.98,Frescos y Charcutería > Pescados y Mariscos > Pescado Azul,Pescado Azul,
69c1295be93cdf7e2326ff20,Hacendado,Fiambre pavo lonchas finas reducido en sal,Paquete pack 2 x 225 g - 450 g,3.45,Frescos y Charcutería > Charcutería > Fiambres Varios,Fiambres Varios,https://a1.soysuper.com/fae858346a934359fd6a33d7bec07056.110.110.0.min.wmark.9e6d1f90.jpg
673c9093e93cdf24b63482da,Hacendado,Queso añejo fuerte de oveja cortado en cuñitas,330 g aprox,6.96,Frescos y Charcutería > Queso > De Cabra y de Oveja,De Cabra y de Oveja,https://a2.soysuper.com/b84a579aebe3aa92bcb0dbefc30e2d79.110.110.0.min.wmark.0e1c1af2.jpg
673c90931452a0668306cd8d,Hacendado,Queso viejo ahumado de oveja cortado en cuñitas,330 g aprox,6.83,"Frescos y Charcutería > Queso > Tierno, Semicurado y Curado","Tierno, Semicurado y Curado",https://a2.soysuper.com/10d6c4cfc5c0982a15d9b91409ddd43d.110.110.0.min.wmark.ecb25f33.jpg
663809222508c11af8297036,Hacendado,Cuerpos medianos de cangrejo cocidos,Bandeja 420 g aprox,9.93,Frescos y Charcutería > Pescados y Mariscos > Mariscos,Mariscos,https://a2.soysuper.com/3d65b5eeb73767aa60948f96008ec3c1.110.110.0.min.wmark.731993bd.jpg
676807e01452a001a12fffb5,Hacendado,Pan bocadillo,390 g (paquete 3 u),1.1,"Panadería, Pastelería y Repostería > Pan > Pan Fresco",Pan Fresco,https://a0.soysuper.com/e6084cf443a627cbf589aa4123dc2dfd.110.110.0.min.wmark.fe0b18a1.jpg
68f2cf05e6ed4007e01c4f91,Hacendado,Requeson,Tarrina 250 g,1.35,"Frescos y Charcutería > Queso > Mozzarella, Parmesano y Ricotta","Mozzarella, Parmesano y Ricotta",https://a1.soysuper.com/dcd57f3e9beaefbe6377148d120a6aa4.110.110.0.min.wmark.ce526ba3.jpg
65e42eddd791877ca3303f24,Hacendado,Surtido chocolates pascua,Bolsa 200 g,3.5,Chocolates y Dulces > Bombones > De Chocolate,De Chocolate,https://a2.soysuper.com/cfe3e6f07711a9484d3cc575caa2c23a.110.110.0.min.wmark.14587b9c.jpg
697d41d4e93cdf605047b088,Hacendado,Barritas crujientes de barquillo con cacao y cobertura chocolate con leche rellenas (cacao y pepitas de chocolate),160 g (paquete 5 u),2,Chocolates y Dulces > Chocolates > Chocolatinas,Chocolatinas,https://a2.soysuper.com/64498aae0b1ef813163d286074e92eca.110.110.0.min.wmark.db47cb8c.jpg
69c3d80f1452a01370287f9a,Hacendado,Rape blanco congelado,Unidad 700 gr,12.95,Congelados > Pescados y Mariscos > Rape,Rape,
69032faf53c97b0150506ea0,Hacendado,Bechamel,3 x 200 ml,2.35,"Conservas, Sopas, Aceites y Condimentos > Salsas > Salsa Bechamel",Salsa Bechamel,https://a0.soysuper.com/02f678288a3ee92004fdf6e2aed9872f.110.110.0.min.wmark.5b75c203.jpg
68ba1a0ea445081d826c29ca,Hacendado,Chorizo mini pieza,U 200 g,1.9,Frescos y Charcutería > Charcutería > Chorizo,Chorizo,https://a1.soysuper.com/f71ec35598201442ef560ec0ce88365e.110.110.0.min.wmark.79b26e70.jpg
673b4598a44508db3f0e9b14,Hacendado,Pan hogaza integral trigo 100 %,1 u - 350 g,1.5,"Panadería, Pastelería y Repostería > Pan > Pan Fresco",Pan Fresco,
65f171bc2508c177462e7e63,Hacendado,Sopa deshidratada de cocido,Sobre 72 g,0.65,"Conservas, Sopas, Aceites y Condimentos > Sopas, Cremas, Caldos y Purés > Sopa",Sopa,https://a1.soysuper.com/ddf3642b2357d7faede8de61553b7941.110.110.0.min.wmark.5dc228e2.jpg
67321a77d7918719850671cd,Hacendado,Comida preparada patatas bravas (mayonesa + salsa brava),Paquete 470 g,2.6,Frescos y Charcutería > Platos Preparados > Calientes,Calientes,https://a2.soysuper.com/0eaab09564a0c0f4005ce2a7a7434929.110.110.0.min.wmark.355be3ca.jpg
682202d42508c17b2c6e2902,Hacendado,Barrita cereales con galleta animada,120 g (caja 6 u),1.55,Cereales y Galletas > Cereales > Barritas,Barritas,https://a0.soysuper.com/392aa4ade5263d19b284ffe7c241a0d9.110.110.0.min.wmark.8e53f9a9.jpg
699723a66c714bfa49331eda,Hacendado,Gamba blanca pequeña congelada,Caja 1.08 kg aprox,10.69,Congelados > Pescados y Mariscos > Gambas congeladas,Gambas congeladas,https://a0.soysuper.com/70cff3b6f463f99128498946bbda2f3b.110.110.0.min.wmark.7477cd81.jpg
69c595d42508c10aef76a64d,Hacendado,Mona pascua yema pasteleria,1 u - 670 g,10.45,"Panadería, Pastelería y Repostería > Pastelería > Tartas",Tartas,https://a2.soysuper.com/0f0d4f95bb351770678797ab20e90601.110.110.0.min.wmark.3b2ac7f9.jpg
69c595d4e6ed40040348dd74,Hacendado,Mona pascua choco pasteleria,U 510 g,9.45,"Panadería, Pastelería y Repostería > Pastelería > Tartas",Tartas,https://a0.soysuper.com/032f8b341ca7ecd34cea557bd38ac981.110.110.0.min.wmark.04837aff.jpg
673c893591e128b0a77765ce,Hacendado,Queso añejo fuerte cuñitas,Unidad 300 gr,6.33,"Frescos y Charcutería > Queso > Tierno, Semicurado y Curado","Tierno, Semicurado y Curado",
6888f481d79187654e7de52b,Hacendado,Patatas fritas onduladas pizza,Paquete 150 g,1.3,Aperitivos > Patatas Fritas > Onduladas,Onduladas,https://a1.soysuper.com/2e00df0f0fae376719c5af9bc560d811.110.110.0.min.wmark.ac30c55b.jpg
670135fe722d6a78c828551b,Hacendado,Aperitivo snack classic,Paquete 100 g,1,Aperitivos > Snacks > Formas,Formas,https://a2.soysuper.com/ff0c62b0336e24c9e5338c3db59d7e35.110.110.0.min.wmark.f4e9b34d.jpg
68371e9353c97b4f2c1f2695,Hacendado,Aceitunas verdes partidas aliñadas (exotica),Tarro 430 g escurrido 250 g,2,Aperitivos > Aceitunas > Verdes,Verdes,https://a0.soysuper.com/b0a4dc279055de247337eab9c8590212.110.110.0.min.wmark.eb098601.jpg
690591422508c1794c06ff9b,Hacendado,Queso curado mojo picon,Unidad 200 gr,4.26,"Frescos y Charcutería > Queso > Tierno, Semicurado y Curado","Tierno, Semicurado y Curado",
690f8328722d6a048b352927,Hacendado,Agua con gas seltz,"Pack 6 botella x 1,5 l - 9 l",3.42,Bebidas > Agua > Con Gas,Con Gas,https://a0.soysuper.com/d7a3c3e89f41ea14e5b7de7cb9ca4a6f.110.110.0.min.wmark.a3772388.jpg
6929b3208ca63c2df5481ce8,Hacendado,Empanadilla atun horno (venta por unidades),1 u - 100 g,1.5,"Panadería, Pastelería y Repostería > Salados > Empanadillas",Empanadillas,https://a2.soysuper.com/15bb0fe8c6ac733222eb2467bfd2122b.110.110.0.min.wmark.78324a82.jpg
6965be4b722d6a17ce7a296e,Hacendado,Bebida pera piña sin azucar,6 x 200 ml,1.8,Bebidas > Zumo > Mezcla de Frutas,Mezcla de Frutas,https://a2.soysuper.com/42d86571f12cb23dd95e4382da8793b0.110.110.0.min.wmark.6d0497b7.jpg
696f3bf0e6ed40285b67aa2c,Hacendado,Surtido granel rosquilla caocream,Unidad 52 gr,0.3,"Panadería, Pastelería y Repostería > Bollería > Varios",Varios,
698cd67d722d6a773c2bde81,Hacendado,Bebida pera piña sin azucar,Brick 1.5 l,1.6,Bebidas > Zumo > Refrigerados,Refrigerados,https://a1.soysuper.com/2ce147e0270ec1742695aa7e26274ff4.110.110.0.min.wmark.c8cb0902.jpg
67f8cef6d7918754ab320514,Hacendado,Postre lacteo con stracciatella + proteinas,Pack 4 x 125 g - 500 g,1.7,Lácteos y Huevos > Postres > Otros postres,Otros postres,https://a0.soysuper.com/ca734b24775a678a01518fc1a0ca5fa9.110.110.0.min.wmark.294ec214.jpg
5abdcc172508c17bd2135ff1,Hacendado,Poton congelado rejos enteros,Bandeja 800 g,6.2,Congelados > Pescados y Mariscos > Cefalópodos congelados,Cefalópodos congelados,https://a2.soysuper.com/1c75a5dbbd1dd08fa1c7a090dfe560e7.110.110.0.min.wmark.069ebc0a.jpg
683de422d791871821639339,Hacendado,Pizza fresca frankfurt,U 410 g,2.9,Frescos y Charcutería > Platos Preparados > Calientes,Calientes,https://a0.soysuper.com/3ace926b56cd3b7cdcafa19f0ef51d9c.110.110.0.min.wmark.5e901c30.jpg
67f1dfb9a44508c3b35f5695,Hacendado,Aperitivo crunchy picante,Paquete 100 g,0.9,Aperitivos > Snacks > De Patata,De Patata,https://a1.soysuper.com/27376cf185f670fffd37a2f3d77ab5b5.110.110.0.min.wmark.4c4ba530.jpg
69e634ab8ca63c78f5163aba,Hacendado,Smoothie mango y coco refrigerado,Botella 250 ml,1.65,Bebidas > Zumo > Smoothie,Smoothie,https://a0.soysuper.com/0dc036132707f41461a1d503fe7e8443.110.110.0.min.wmark.194f4139.jpg
68e77bbe0932f73b85117d09,Hacendado,Gelatina maracuya para preparar,Caja 178 g,1.74,"Panadería, Pastelería y Repostería > Repostería > Postres para Preparar",Postres para Preparar,https://a2.soysuper.com/58b0f4c5fd6086b9dd8d2f83eb45d2da.110.110.0.min.wmark.52796073.jpg
69343b1391e12836ea6111e1,Hacendado,Longaniza de pascua *****novedad*****,Paquete 180 g,2.8,Frescos y Charcutería > Charcutería > Fuet - longaniza,Fuet - longaniza,https://a0.soysuper.com/9b60f7715856d381ba2cb45ee25442d5.110.110.0.min.wmark.c2313a23.jpg
68e48c7a1452a01b1779f7b7,Hacendado,Tarta delicia de fresa 12 raciones (redonda) pasteleria congelada,1 u - 940 g,11.5,Congelados > Pan y Repostería > Tartas,Tartas,https://a2.soysuper.com/72eb97ccd9ee268e8a84a2c272a1809a.110.110.0.min.wmark.248ef5d1.jpg
68944391e93cdf68bc6cee3d,Hacendado,Bebida soja cafe 0% azucares añadidos,Brick 1 l,1.25,"Lácteos y Huevos > Leche > Soja, Avena, Arroz,..","Soja, Avena, Arroz,..",https://a2.soysuper.com/ebbf7b43fc9dd00907660370480c556c.110.110.0.min.wmark.7b0d354a.jpg
59b13e910932f73ff0126fcc,Hacendado,Surtido granel hojaldre crema sin azucar,Unidad 50 gr,0.29,"Panadería, Pastelería y Repostería > Bollería > Varios",Varios,https://a0.soysuper.com/03cebc4d7e14cdeff3f5cbca20763f99.110.110.0.min.wmark.93243544.jpg
6672b1991452a0094a22454c,Hacendado,Bebida naranja (sin azucares añadidos),Brick 1 l,1.05,Bebidas > Zumo > Refrigerados,Refrigerados,https://a0.soysuper.com/285190db0e0e1065a3214797768f63a9.110.110.0.min.wmark.bcc0314e.jpg
664b24168ca63c273f31eae2,Hacendado,Jamon serrano reserva (cortado en lonchas - envasado al vacio),Unidad 190 gr,4.75,Frescos y Charcutería > Charcutería > Jamón Curado,Jamón Curado,
5c0097322508c173be50a542,Hacendado,Galleta avena y manzana (envase individual),8 paquetes - 384 g,1.65,Cereales y Galletas > Galletas > Digestive,Digestive,https://a0.soysuper.com/ab73751aa26eb0cf74752a9e8f888375.110.110.0.min.wmark.0c1b16b8.jpg
688b15530932f7696c4214f3,Hacendado,Panecillo leche 3%,480 g (paquete 6 u),1.52,"Panadería, Pastelería y Repostería > Pan > Pan Fresco",Pan Fresco,https://a1.soysuper.com/810bd70679049a7c5e1b63c6be892302.110.110.0.min.wmark.60ea3c30.jpg
65fafc4c722d6a5abb0a5539,Hacendado,Tarta infantil unicornio trufa 20 raciones (cuadrada) pasteleria congelada,1 u - 1400 g,13.8,Congelados > Pan y Repostería > Tartas,Tartas,https://a2.soysuper.com/c2678c0c902fabb8978c2f4f21059382.110.110.0.min.wmark.be4aa26f.jpg
6810d508e6ed40174b4a85a7,Hacendado,Refresco piña coco sin gas cero 35% zumo,Botella 1500 ml,1.15,Bebidas > Refresco > Otros Sabores,Otros Sabores,https://a1.soysuper.com/827213e50ffc07ca27f2b2a59574c4a9.110.110.0.min.wmark.6277db78.jpg
69a7fb9ae6ed40692c0a79be,Hacendado,Chocolatina snack caramelo y galleta (bañada con chocolate),5 x 2 u,1.85,Chocolates y Dulces > Chocolates > Chocolatinas,Chocolatinas,https://a0.soysuper.com/decd98181ce84cb7f1dda8c1b961bcfb.110.110.0.min.wmark.07dd5933.jpg
698d805ea44508e58f1998b9,Hacendado,Aperitivo snack de lenteja horneados,Paquete 100 g,1.26,Aperitivos > Snacks > Chips,Chips,https://a1.soysuper.com/b67b8351b26ef6c1337c9a642245a824.110.110.0.min.wmark.f224ca7f.jpg
69e634aa8ca63c78fd05c317,Hacendado,Smoothie fresa refrigerado,Botella 250 ml,1.65,Bebidas > Zumo > Smoothie,Smoothie,https://a1.soysuper.com/1b4cac662dac44f88a893f2efdcc8c27.110.110.0.min.wmark.69479f0d.jpg
67e65ec60932f759e0521336,Hacendado,"Pizza fresca carnivora familiar (carne de cerdo y ternera marinada ,pepperoni mini, bacon y mozzarella)",U 600 g,3.4,Frescos y Charcutería > Platos Preparados > Calientes,Calientes,https://a1.soysuper.com/ea80d4ead4830847bf3e62bd85b6be3e.110.110.0.min.wmark.ec7feb26.jpg
65f284fcd7918762ea2b0229,Hacendado,Aceituna negra sin hueso,Lata 350 g escurrido 150 g,1.05,Aperitivos > Aceitunas > Negras,Negras,https://a0.soysuper.com/3e474a49d97cbcf46945cf728147e223.110.110.0.min.wmark.4f8f3a2d.jpg
697d3927e6ed4052077bb61d,Hacendado,Pan barra 100% integral espelta,1 u 250 g,1.25,"Panadería, Pastelería y Repostería > Pan > Pan Fresco",Pan Fresco,
69862e5a2508c1750620f0a8,Hacendado,Bifidus desnatado cremoso lima limon,Pack 4 x 125 g - 500 g,1.3,Lácteos y Huevos > Yogur > Con Bífidus,Con Bífidus,https://a2.soysuper.com/1e21436d754ac5839e706acb94c7e6d9.110.110.0.min.wmark.cabe0e0d.jpg
68e6c9a7722d6a46cc044611,Hacendado,Gelatina cereza para preparar,Caja 178 g,1.74,"Panadería, Pastelería y Repostería > Repostería > Postres para Preparar",Postres para Preparar,https://a2.soysuper.com/2ce66d0b229dfeec25226bdc92326e05.110.110.0.min.wmark.fc050694.jpg
6824615d0932f7074078c719,Hacendado,Almendra tostada con sal,Paquete 200 g,2.4,Aperitivos > Frutos Secos > Almendras,Almendras,https://a0.soysuper.com/fff860fdff8ee7b8f1d94f3bb611c46b.110.110.0.min.wmark.05bf6fff.jpg
681ccc59d79187548a78b791,Hacendado,Cuerpos de cangrejo pequeños congelados,Caja 420 g aprox,8.8,Congelados > Pescados y Mariscos > Cangrejos congelados,Cangrejos congelados,https://a1.soysuper.com/ebe4bbf58ebd57a134b028991d463a6a.110.110.0.min.wmark.031bf4af.jpg
69d5ef242508c178a656c4ea,Hacendado,Batido con cafe + proteinas,Brick 330 ml,1.4,Lácteos y Huevos > Batido > Café,Café,https://a1.soysuper.com/4819ae67e769ce2e1a2968a76dc18b20.110.110.0.min.wmark.a6734dca.jpg
661e4b9e0932f730774b850e,Hacendado,Penne rigate pasta,Paquete 500 g,0.8,"Pasta, Arroz y Legumbres > Pasta > Macarrones-Plumas",Macarrones-Plumas,https://a2.soysuper.com/2531619d57e87ba45e5dc265c0ee479d.110.110.0.min.wmark.3b470576.jpg
67dda714d7918738eb3ce6dc,Hacendado,Salsa rosa cocktail,Bote 490 ml,1.5,"Conservas, Sopas, Aceites y Condimentos > Salsas > Salsa Rosa",Salsa Rosa,https://a1.soysuper.com/64462115f3d522b6f18b391d5131112e.110.110.0.min.wmark.587e883c.jpg
65f8130b1452a021730c2c2e,Hacendado,"Salteado pimiento fresco (laminas de cebolla dulce ,pimiento rojo, pimiento amarillo y pimiento verde), fr",Paquete 400 g,2.4,"Frescos y Charcutería > Verduras, Hortalizas y Legumbres > Verduras Preparadas",Verduras Preparadas,https://a0.soysuper.com/db454b9a69b59d1504f6350178857d56.110.110.0.min.wmark.f0feb50c.jpg
68d78bfd2508c1419d601c51,Hacendado,Batata prefrita congelada horno,Paquete 750 g,2.65,"Congelados > Verduras, Hortalizas y Legumbres congeladas > Batatas congeladas",Batatas congeladas,https://a1.soysuper.com/26cad26f7df9a8f1867ff2801f651d50.110.110.0.min.wmark.81ec7015.jpg
68ff4e3c8ca63c673026e031,Hacendado,Cafe grano natural,Paquete 500 g,5.5,"Cafés, Cacaos e Infusiones > Café > En Grano",En Grano,https://a1.soysuper.com/6c245def7dc0f0f1fddd8618c3477c64.110.110.0.min.wmark.fab5aa46.jpg
689443920932f750f002de9c,Hacendado,Bebida soja cafe 0% azucares añadidos,Brick pack 6 x 1 l - 6 l,7.5,"Lácteos y Huevos > Leche > Soja, Avena, Arroz,..","Soja, Avena, Arroz,..",https://a2.soysuper.com/a33d8a0970a8d2829a6e147dac0c8394.110.110.0.min.wmark.1dd765cf.jpg
6863878c8ca63c11a93ae11f,Hacendado,"Hojaldre pizza horno (relleno de tomate, crema de queso,olivas negras y oregano)",U - 100 g,1.3,"Panadería, Pastelería y Repostería > Salados > Hojaldre salado",Hojaldre salado,https://a1.soysuper.com/07c4e64c6714f1778983520ed6a38d15.110.110.0.min.wmark.dfd14192.jpg
69d35e2e91e12843dd617041,Hacendado,Empanada carne horno *****novedad*****,1 u - 500 g,3.65,Frescos y Charcutería > Platos Preparados > Refrigerados,Refrigerados,https://a0.soysuper.com/848f0c159ac41ae3d9a64b5a33914f43.110.110.0.min.wmark.0cd8240a.jpg
6999a6e253c97b01457905ef,Hacendado,"Salteado frankfurt (patata, frankfurt, tortilla, cebolla y bacon) congelado",Paquete 450 g,2.1,Congelados > Platos Preparados > Salteados,Salteados,https://a0.soysuper.com/7d33a8df28832f6775cc641523abf7aa.110.110.0.min.wmark.e5d95b78.jpg
69de630ed791875cbd0597fe,Hacendado,Barritas crujientes de barquillo cobertura chocolate con leche,Paquete 3 u,1,Cereales y Galletas > Galletas > Barquillos,Barquillos,https://a2.soysuper.com/0215a56b7e52246202212eb22d232dc6.110.110.0.min.wmark.05bd2d87.jpg
681cf05aa44508b66e2e3ef2,Hacendado,Caballa sur filete aceite oliva reducido en sal,Lata pack 2 x 120 g - 240 g escurrido 170 g,3.17,"Conservas, Sopas, Aceites y Condimentos > Conservas de Pescado > Caballa",Caballa,https://a0.soysuper.com/3aa2033e859fdd2e5b83812b99f89604.110.110.0.min.wmark.b8ce50d0.jpg
6692a50791e128f5c719d06b,Hacendado,Patatas fritas lisas sabor limon y pimienta,Paquete 150 g,1.2,Aperitivos > Patatas Fritas > Lisas,Lisas,https://a1.soysuper.com/9d997af0631b847435f5df3e125df861.110.110.0.min.wmark.ac90907c.jpg
67921d1e1452a02c0c351101,Hacendado,Aperitivo maiz sabor mantequilla,Paquete 80 g,0.8,Aperitivos > Snacks > De Maíz,De Maíz,https://a2.soysuper.com/401ae4786b93e5617eb57cbd0c510483.110.110.0.min.wmark.3b74f733.jpg
67c5ffc4e6ed4037c92bbe9f,Hacendado,Chocolate blanco relleno crema de galleta y cacao,Tableta 110 g,1.35,Chocolates y Dulces > Chocolates > Tabletas,Tabletas,https://a0.soysuper.com/9d62eacc206115bb9db593a735a6cf92.110.110.0.min.wmark.c65ab8da.jpg
67f64662a4450814911b5b05,Hacendado,Chorizo picante extra lonchas,Paquete pack 4 x 60 g - 240 g,2.5,Frescos y Charcutería > Charcutería > Chorizo,Chorizo,https://a2.soysuper.com/463306d16a4131982b618a6f7c88b59c.110.110.0.min.wmark.775a3b6b.jpg
681c9695a44508b61811b994,Hacendado,Butifarrón de cerdo picante,Paquete 300 g aprox,3.15,Frescos y Charcutería > Charcutería > Butifarra,Butifarra,https://a1.soysuper.com/33643caa051799f031aa4011833381c4.110.110.0.min.wmark.23b4240f.jpg
6914561e8ca63c3e8a17f3e2,Hacendado,Pasta deshidratada oriental noodles gamba,Sobre 65 g,0.65,"Conservas, Sopas, Aceites y Condimentos > Platos Preparados en Conserva > Pasta preparada",Pasta preparada,https://a1.soysuper.com/f0e1f4cb89678af31b85430aa4e841a7.110.110.0.min.wmark.682051e5.jpg
68a80d1e53c97b016e1be843,Hacendado,Golosinas mega dedos,Paquete 100 g,1,Chocolates y Dulces > Golosinas > Gominolas,Gominolas,https://a0.soysuper.com/963fa7ffd56810867568c9f67a5b943a.110.110.0.min.wmark.dba1d76f.jpg
6840753c1452a0337f1a79ec,Hacendado,Golosinas tropical jelly (caramelos goma),Paquete 300 g,1.6,Chocolates y Dulces > Golosinas > Caramelos,Caramelos,https://a0.soysuper.com/8678a97e3cef74487e041932ace38a98.110.110.0.min.wmark.87170187.jpg
66e9289953c97b4902196e5f,Hacendado,Cono con golosinas,U,1.25,Chocolates y Dulces > Golosinas > Gominolas,Gominolas,https://a1.soysuper.com/2b0673e9f2cecafc231d2fc2317313e4.110.110.0.min.wmark.6acd13db.jpg
68c8fa9f8ca63c133f6f8eb7,Hacendado,Galleta avena y semillas,Paquete 200 g,1.25,Cereales y Galletas > Galletas > Avena,Avena,https://a2.soysuper.com/f2fa2f1fde9009de0137898d20771e0d.110.110.0.min.wmark.c6159031.jpg
669a0dd20932f750ea2a9506,Hacendado,Cereal copos avena sin gluten,Paquete 500 g,2.1,Cereales y Galletas > Cereales > Línea y Semillas,Línea y Semillas,https://a1.soysuper.com/415683aac715341634ec443f181e09ab.110.110.0.min.wmark.c895cb99.jpg
68bee7476c714bb899451146,Hacendado,Pate higado cerdo sabor suave,Pack 3 x 100 g - 300 g,1.55,"Conservas, Sopas, Aceites y Condimentos > Paté > Cerdo",Cerdo,https://a0.soysuper.com/67bfcfb0e0300bce3ccf6e09f7daf736.110.110.0.min.wmark.d60cec1a.jpg
697e286b91e128561b63db59,Hacendado,Pate de cerdo iberico,Pack 3 x 100 g - 300 g,2,"Conservas, Sopas, Aceites y Condimentos > Paté > Cerdo",Cerdo,https://a2.soysuper.com/a5951d0a213653d16be0cdc3555f02d5.110.110.0.min.wmark.01c8f834.jpg
68f30184d79187176b3415ef,Hacendado,Jamon cocido extrafino lonchas,Paquete 150 g,2.5,Frescos y Charcutería > Charcutería > Jamón Cocido,Jamón Cocido,https://a1.soysuper.com/c92ba422bd2034edc317bcc7c2299488.110.110.0.min.wmark.953adf5e.jpg
69385874e93cdf01721e0819,Hacendado,Pulpo crudo congelado,Paquete 1.3 kg aprox,23.34,Congelados > Pescados y Mariscos > Cefalópodos congelados,Cefalópodos congelados,https://a0.soysuper.com/b7324659e5d76eee85f5717eff897575.110.110.0.min.wmark.04120aa8.jpg
673c42b953c97b543733563e,Hacendado,Postre lacteo desnatado sabor coco + proteinas,Pack 4 x 120 g - 480 g,1.56,Lácteos y Huevos > Yogur > Proteína,Proteína,https://a1.soysuper.com/ef9503f98fda0c0b60eb0b412527941c.110.110.0.min.wmark.0015ef8a.jpg
68aca5666c714bb89a74217e,Hacendado,"Yogur desnatado sabores (2 coco, 2 fresa, 2 frutos rojos, 2 pera)",Pack 8 x 125 g - 1000 g,1.6,Lácteos y Huevos > Yogur > Desnatado,Desnatado,https://a2.soysuper.com/09b204ff05ffa35506339367c65981d7.110.110.0.min.wmark.301e1403.jpg
68fdeaf0f546a8556a331a5c,Hacendado,Berlina rellena cacao crunch horno,U - 100 g,1.25,"Panadería, Pastelería y Repostería > Bollería",Bollería,https://a0.soysuper.com/697ac6b1dbae44edd64c85489e124e8a.110.110.0.min.wmark.217e1591.jpg
67e2d0ca8ca63c3cda7f83d5,Hacendado,Lomo pavo a lonchas,Paquete pack 4 x 31.25 g - 125 g,3.2,Frescos y Charcutería > Charcutería > Lomo,Lomo,https://a1.soysuper.com/770b76efb756722fbbb7495adfbd364f.110.110.0.min.wmark.3971b4db.jpg
697e19b41452a04eaa4e568d,Hacendado,Queso rallado hilos 4 variedades (emental-cheddar-gouda-curado) fundir y gratinar,Paquete 200 g,1.85,"Frescos y Charcutería > Queso > Lonchas, Rallado y en Porciones","Lonchas, Rallado y en Porciones",https://a0.soysuper.com/405d4bf3a66c6c382cc9ca1851f62260.110.110.0.min.wmark.7c29d330.jpg
68192ebde93cdf2695153768,Hacendado,Chipiron congelado enharinado,Paquete 325 g,4.95,Congelados > Platos Preparados > Pescado y Marisco,Pescado y Marisco,https://a0.soysuper.com/fecfd3540e4744858f879e290accdde6.110.110.0.min.wmark.78724b09.jpg
660450ba0932f776de5218c3,Hacendado,Infusion menta poleo,Caja 20 bolsitas,0.75,"Cafés, Cacaos e Infusiones > Infusiones > Poleo",Poleo,https://a1.soysuper.com/754fe91f9d816aee1f76f487cada8f00.110.110.0.min.wmark.c1c3efaf.jpg
69e9d0a16c714b23b0546164,Hacendado,Naranja con gas zero,Lata 330 ml,0.37,Bebidas > Refresco > Naranja,Naranja,https://a0.soysuper.com/c3c6b11ada290582a846479bcd01b498.110.110.0.min.wmark.79fd9f94.jpg
69581512d7918713124c8078,Hacendado,"Salteado rustico (patata, boniato y cebolla morada asada) congelado *****novedad*****",Paquete 450 g,2,Congelados > Platos Preparados > Verduras y Legumbres,Verduras y Legumbres,https://a0.soysuper.com/3daa0764751c76e0d47062005cf828d2.110.110.0.min.wmark.7fb15f25.jpg
686a47d48ca63c11b1365ff4,Hacendado,Refresco ice tea limon,Botella 330 ml,0.5,Bebidas > Refresco > Té,Té,https://a2.soysuper.com/a3e802905309014820bf74184e76bafc.110.110.0.min.wmark.b2e5ae3e.jpg
6904aac1d7918760ef40c8cb,Hacendado,Bebida isotonica limon,Botella pack 6 x 330 ml - 1980 ml,2.7,Bebidas > Bebida Isotónica > Limón,Limón,https://a0.soysuper.com/39b600fa54362e64ba3d0bdb9a972d81.110.110.0.min.wmark.f9947880.jpg
6904aac16c714b76c64dfa71,Hacendado,Bebida isotonica limon,Botella 330 ml,0.45,Bebidas > Bebida Isotónica > Limón,Limón,https://a0.soysuper.com/0872977b32f6e7a1335f1058b205c358.110.110.0.min.wmark.f151110b.jpg
66b1c7841452a03edd666715,Hacendado,Salsa fresca setas,Tarrina 200 g,1.45,"Conservas, Sopas, Aceites y Condimentos > Salsas > Salsas Para Pasta",Salsas Para Pasta,https://a1.soysuper.com/ecdb104bc76bba7e36e1f8a90ce36531.110.110.0.min.wmark.a2db379e.jpg
69b5b2f90932f70a9e7781ea,Hacendado,Berlina rellena frutos rojos horno,U - 90 g,1,"Panadería, Pastelería y Repostería > Bollería > Donuts",Donuts,https://a2.soysuper.com/b938910bec574c4ab73b80996ba3b0ba.110.110.0.min.wmark.41379633.jpg
69e26656722d6a43817ac22b,Hacendado,Smoothie veggie refrigerado,Botella 250 ml,1.8,Bebidas > Zumo > Smoothie,Smoothie,
69ccbf716c714b0cf27b11b4,Hacendado,Brochetas de pollo Yakitori ultracongeladas,240 g (caja 8 ud.),3.6,Congelados > Platos Preparados > Carne y Pollo,Carne y Pollo,https://a2.soysuper.com/be02c6c6083a208ed4f4edf48f063793.110.110.0.min.wmark.0faf60d6.jpg
6846eb138ca63c11a937b121,Hacendado,Pulpo crudo congelado,Paquete 1.34 kg aprox,24.05,Congelados > Pescados y Mariscos > Cefalópodos congelados,Cefalópodos congelados,https://a0.soysuper.com/b7324659e5d76eee85f5717eff897575.110.110.0.min.wmark.04120aa8.jpg
69707644d791872186262037,Hacendado,Rosquilla de cacao Caocream,52 g aprox,0.3,"Panadería, Pastelería y Repostería > Bollería > Donuts",Donuts,https://a2.soysuper.com/a1ce42a963441a3cfd5b55fb7c9487d2.110.110.0.min.wmark.81a76fbb.jpg
6846a00a0932f774271d400e,Hacendado,Codillo de cerdo asado,Paquete 720 g aprox,4.61,Frescos y Charcutería > Platos Preparados > Calientes,Calientes,https://a2.soysuper.com/1b440c2904a9544309d30151f141be14.110.110.0.min.wmark.2f671599.jpg
66df8c151452a0458b18ee2b,Hacendado,Pollo asado,Paquete 1.2 kg aprox,6.78,Frescos y Charcutería > Platos Preparados > Refrigerados,Refrigerados,https://a0.soysuper.com/f64e3199ccee42382e779770fca06e31.110.110.0.min.wmark.d1cb53be.jpg
68469bb9e93cdf2d113685fa,Hacendado,Queso semicurado de cabra,300 g aprox,4.54,"Frescos y Charcutería > Queso > Tierno, Semicurado y Curado","Tierno, Semicurado y Curado",https://a1.soysuper.com/a07c47ba04777574f5b01e16ee75f06a.110.110.0.min.wmark.d2f317cd.jpg
68469bb78ca63c11b131f63f,Hacendado,Queso curado mezcla madurado en madera,250 g aprox,3.73,"Frescos y Charcutería > Queso > Tierno, Semicurado y Curado","Tierno, Semicurado y Curado",https://a1.soysuper.com/563eb7110d7a375cc50ddf76f4b561e5.110.110.0.min.wmark.e374c359.jpg
66162c06722d6a5ab34ded82,Hacendado,Hojaldre relleno de crema sin azúcar añadido,80 g aprox,0.46,"Panadería, Pastelería y Repostería > Pastelería > Hojaldres",Hojaldres,https://a0.soysuper.com/9652952a3476f5a69c732644d1e951ab.110.110.0.min.wmark.7f88c7b8.jpg
6742da72e93cdf4bf84514f3,Hacendado,Cigala cruda mediana ultracongelada,Caja 340 g aprox,9.38,Congelados > Pescados y Mariscos > Cigalas congeladas,Cigalas congeladas,https://a1.soysuper.com/082564e035d92c9aaaa78edb75b48963.110.110.0.min.wmark.eb91c9e0.jpg
68469bb80932f774271d3fc5,Hacendado,Queso curado mezcla con trufa,270 g aprox,6.04,"Frescos y Charcutería > Queso > Tierno, Semicurado y Curado","Tierno, Semicurado y Curado",https://a1.soysuper.com/111966db8198d6503bdd70285e9df51e.110.110.0.min.wmark.df033877.jpg
6942b7f4e6ed40033b5960eb,Hacendado,Salchichón extra,400 g aprox,4.5,Frescos y Charcutería > Charcutería > Salchichón,Salchichón,https://a0.soysuper.com/b2e6a2799151c5afa125f5a4e8c9b3a3.110.110.0.min.wmark.789f6791.jpg
67068e48e93cdf2a9a1de12a,Hacendado,"Cafe capsula colombia (compatible cafetera nespresso*(marca grupo societe des produits nestlé, sa no relacionada con productos solubles, sa))",Paquete 20 u,3.79,"Cafés, Cacaos e Infusiones > Café > Cápsulas",Cápsulas,https://a1.soysuper.com/a121e24362a18ec13c01cb8b4eb82587.110.110.0.min.wmark.9e044422.jpg
686491b01452a0337f1f0eed,Hacendado,Cafe grano extraforte,Paquete 500 g,5.25,"Cafés, Cacaos e Infusiones > Café > En Grano",En Grano,https://a1.soysuper.com/660c4d3cae5ee214e7c5032ab5da29b0.110.110.0.min.wmark.264d216a.jpg
6a01814d722d6a43841fd895,Hacendado,Lomos de merluza del Cabo ultracongelados,Caja 280 g aprox,6.23,Congelados > Pescados y Mariscos > Merluza,Merluza,
69f85f06d791875cc05e2f10,Hacendado,"Gellytina sabores tropicales (2 mango-maracuya, 2 guayaba, 2 piña-coco) (gelatina) *****novedad*****",Pack 6 x 100 g - 600 g,1.02,Lácteos y Huevos > Postres > Gelatina,Gelatina,https://a1.soysuper.com/d7d7ecf34f2f79ee9918f7fc56d43fb0.110.110.0.min.wmark.e66966b7.jpg
686013c21452a0338c4b85a7,Hacendado,Horchata sin azucares añadidos,Brick 1 l,1.6,Bebidas > Horchata > Natural,Natural,https://a2.soysuper.com/68db3b1b00178822e4db6003d4112985.110.110.0.min.wmark.07bb1c60.jpg
695cbdd5d79187130f1aa7f7,Hacendado,Pasta deshidratada noodle ramen (listos para saltear o usar con caldo) *****novedad*****,Paquete 200 g,0.85,"Pasta, Arroz y Legumbres > Pasta > Oriental",Oriental,
69dc50cad791875308805ed2,Hacendado,Surtido dulce tarta de manzana,Pack 2 u - 150 g,1.15,"Panadería, Pastelería y Repostería > Pastelería > Tartas",Tartas,https://a1.soysuper.com/17a09d5a803d293e27e123eb9ddc224d.110.110.0.min.wmark.2a403142.jpg
69da27d48ca63c74965675d4,Hacendado,Surtido dulce palmera cream avellana,Pack 3 u - 150 g,1.45,"Panadería, Pastelería y Repostería > Bollería > Cañas, Palmeras y Napolitanas","Cañas, Palmeras y Napolitanas",https://a0.soysuper.com/d7fb7ae2aa9fbed1c0be25fc95f1fdb9.110.110.0.min.wmark.de5f77f0.jpg
69e38d29d791875cbd06fc57,Hacendado,Refresco te manzana para diluir (con edulcorantes),12 sobres - 36 g,1.49,Bebidas > Refresco > Otros Sabores,Otros Sabores,https://a1.soysuper.com/ad5df1063168f8847ca0bac5a127b661.110.110.0.min.wmark.3a4b8e20.jpg
6904bb6fe93cdf1cd93400c4,Hacendado,Habita frita conserva (calibre pequeño),Tarro 225 g escurrido 150 g,3.5,"Conservas, Sopas, Aceites y Condimentos > Conservas Vegetales > Habas",Habas,https://a0.soysuper.com/ee0ab05030a5b5f261cc8542998debce.110.110.0.min.wmark.aa3eff34.jpg
6873509691e128e37c87c4b4,Hacendado,Mortadela italiana lonchas,Paquete 200 g,1.96,Frescos y Charcutería > Charcutería > Mortadela,Mortadela,https://a1.soysuper.com/4521a27d150638a07cb1ff724a5fcb87.110.110.0.min.wmark.5aa5ea7b.jpg
6899a88fe93cdf68da4bbab2,Hacendado,Pulpa de aguacate fresco,Tarrina 115 g,1.3,"Frescos y Charcutería > Verduras, Hortalizas y Legumbres > Verduras Preparadas",Verduras Preparadas,https://a1.soysuper.com/2a27b00878bf71781b708f93da3aa82e.110.110.0.min.wmark.843060ac.jpg
67b6d5bf53c97b76b0278f09,Hacendado,Migas de bacalao al estilo inglés,Bandeja 80 g aprox,3.92,Frescos y Charcutería > Pescados y Mariscos > Salazón,Salazón,https://a1.soysuper.com/8f78439315ade2d573cd46b3909daa7a.110.110.0.min.wmark.07bd5006.jpg
69beb0f853c97b014c5e711e,Hacendado,Fiambre pechuga pollo braseada extrafino,Paquete 150 g,2.85,Frescos y Charcutería > Charcutería > Pollo charcutería,Pollo charcutería,https://a0.soysuper.com/393225413c7ef07cba78d647ba94505d.110.110.0.min.wmark.c722459c.jpg
69b3b895a445084b38255d42,Hacendado,Petit fresa-platano,Pack 6 x 60 g - 360 g,0.85,Lácteos y Huevos > Yogur > Petit e infantil,Petit e infantil,https://a1.soysuper.com/5842f70159fbc226fa5d51cbf87598e9.110.110.0.min.wmark.8a0aab23.jpg
59cf410e2508c136493eb606,Deliplus,Gel baño dermo piel normal frescor azul,Botella 750 ml,0.95,Perfumería y Parafarmacia > Cuidado Corporal > Cremas y Lociones,Cremas y Lociones,https://a0.soysuper.com/90f592d647fcedf25e7d5e7573b5d267.110.110.0.min.wmark.50829e44.jpg
59cf410e1452a0342753c174,Deliplus,Gel baño dermo proteccion piel sensible avena,Botella 750 ml,1.59,Perfumería y Parafarmacia > Cuidado Corporal > Gel de Baño,Gel de Baño,https://a2.soysuper.com/dbdd0e4293db734c9394de2db0599562.110.110.0.min.wmark.a5ab7b33.jpg
5cc0324d2508c16dd63c5aca,Deliplus,Enjuague bucal explosion action cuidado completo (morado),Botella 500 ml,1.35,Perfumería y Parafarmacia > Higiene Bucal > Enjuague Bucal,Enjuague Bucal,https://a2.soysuper.com/a562aad87bbd98b235f56343e2c0cb98.110.110.0.min.wmark.a9813b14.jpg
619df8aad791871dfd33d815,Deliplus,"Champu curl perfect cabello rizado (hidrata , potencia rizo, evita encrespamiento)",Botella 400 ml,1.9,Perfumería y Parafarmacia > Cuidado del Cabello > Champú,Champú,https://a1.soysuper.com/140bcfc8be88b0400ca3b83e4342b6b1.110.110.0.min.wmark.12d7b51c.jpg
6225b9922508c12fa5576eef,Deliplus,Gel afeitar piel sensible,Bote 200 ml,1.72,Perfumería y Parafarmacia > Afeitado > Gel de Afeitar,Gel de Afeitar,https://a0.soysuper.com/bba47f2c5ff185e4ba75cb5949e1e809.110.110.0.min.wmark.a0762ca8.jpg
5012f104a1320a57230001f6,Deliplus,Toallitas faciales desmaquilladoras piel normal (color morado),Paquete 25 u,1.13,Perfumería y Parafarmacia > Cuidado Facial > Limpieza Facial,Limpieza Facial,https://a0.soysuper.com/4d36f5716191f9e23d4d0b820498683d.110.110.0.min.wmark.2524eb44.jpg
5ecc2ef298ec9157485a6b23,Deliplus,Cera depilar fria bandas facial piel sensible (con 2 toallitas post-depilacion),Paquete 16 u,1,Perfumería y Parafarmacia > Depilación > Cera,Cera,https://a1.soysuper.com/5aceaac5b181a9cf841f9ba31c09ff51.110.110.0.min.wmark.1e6ec3a9.jpg
5c9641af722d6a53e113657c,Deliplus,Protegeslip maxi dry,Paquete 60 u,2.5,Perfumería y Parafarmacia > Higiene Íntima > Protege Slip,Protege Slip,https://a0.soysuper.com/ca85184147d0e3ac0710eb03e069cf5f.110.110.0.min.wmark.d70660e7.jpg
5012eccd238436c85d0000d0,Deliplus,Pañal 9 a 15 kg talla 4,Paquete 34 u,5.84,Bebés y Niños > Pañales > Talla 4,Talla 4,https://a2.soysuper.com/d434859e2ca3e0f1025a7f96d9fe6faa.110.110.0.min.wmark.bb82b474.jpg
5c8717db2508c11eab5cc7bd,Deliplus,Champu reparacion & hidratacion cabello seco y dañado,Botella 400 ml,1.9,Perfumería y Parafarmacia > Cuidado del Cabello > Champú,Champú,https://a0.soysuper.com/8dd6d2a5c7f037c151b74bddacb15136.110.110.0.min.wmark.7eafb08c.jpg
64ba469d722d6a30967e5db8,Deliplus,Spray bucal,Bote 10 ml,2,Perfumería y Parafarmacia > Higiene Bucal > Spray Bucal,Spray Bucal,https://a0.soysuper.com/2a9949cbd1219aba46aaeec06e0b5437.110.110.0.min.wmark.b9c7df40.jpg
5d4208f2e93cdf032e7b6ac7,Deliplus,Quitaesmalte con acetona,Botella 200 ml,1.15,Perfumería y Parafarmacia > Cuidado de Pies y Manos > Manicura y Pedicura,Manicura y Pedicura,https://a1.soysuper.com/93ffb5be6012103be49f30cfc4e82524.110.110.0.min.wmark.6487c10d.jpg
5f82b22a53c97b268c727eb0,Deliplus,Crema facial hidratante textura rica 24 H,Tarro 50 ml,5,Perfumería y Parafarmacia > Cuidado Facial > Crema Facial,Crema Facial,https://a2.soysuper.com/482c4b9f34c6e2baf9cbab4041212f3e.110.110.0.min.wmark.836ca588.jpg
5c8717ee98ec911c5310a25c,Deliplus,Mascarilla aceite argan nutricion y brillo con aclarado cabello seco y dañado,Tarro 400 ml,2.4,Perfumería y Parafarmacia > Cuidado del Cabello > Mascarilla,Mascarilla,https://a2.soysuper.com/1b1ed68273e8cea961352c3876a8aaa7.110.110.0.min.wmark.0dd2898c.jpg
5c9641ad722d6a53e1136576,Deliplus,Protegeslip fresh tanga,Paquete 30 u,1.25,Perfumería y Parafarmacia > Higiene Íntima > Protege Slip,Protege Slip,https://a2.soysuper.com/0bdfbbd6924983c95d6a66ac91d02b7d.110.110.0.min.wmark.dcce2971.jpg
619df858e93cdf3b203837b1,Deliplus,"Mascarilla curl perfect sin aclarado cabello rizado (potencia rizo, hidratacion y reduce el encrespamiento)",Bote 200 ml,4,Perfumería y Parafarmacia > Cuidado del Cabello > Mascarilla,Mascarilla,https://a0.soysuper.com/df71e0f2a3fd1803719a403d4ad0fc4b.110.110.0.min.wmark.44ae8bdc.jpg
58a4230ec240640ac458b1ee,Deliplus,Desodorante roll-on mujer antimanchas invisible (blanco),Bote 50 ml,0.9,Perfumería y Parafarmacia > Desodorante > Roll On,Roll On,https://a1.soysuper.com/f76b805909888555dc8ffca6d1165c1e.110.110.0.min.wmark.d6e0af2f.jpg
5f82b2282508c143eb7795f1,Deliplus,Agua facial limpiadora micelar para rostro y ojos,Botella 400 ml,2.9,Perfumería y Parafarmacia > Cuidado Facial > Limpieza Facial,Limpieza Facial,https://a1.soysuper.com/231b2d47eadc5e424e9da973f161dbaf.110.110.0.min.wmark.4115c044.jpg
5f82b22ad79187074412e0c9,Deliplus,Gel facial limpiador,Botella 250 ml,2.5,Perfumería y Parafarmacia > Cuidado Facial > Limpieza Facial,Limpieza Facial,https://a0.soysuper.com/aa9ef2b7cc6b1c9cea9c244727152de1.110.110.0.min.wmark.6b1e138e.jpg
6458c7550932f7722c618b63,Deliplus,Toallitas humedas bebe aqua,Paquete 60 u,1.5,Bebés y Niños > Toallitas > Bebé,Bebé,https://a0.soysuper.com/27cd6a42fb18b0e62540c43907769203.110.110.0.min.wmark.d5893b47.jpg
5f82b22a53c97b268a107085,Deliplus,Tratamiento facial serum silicio sisbela,Botella 30 ml,5.5,Perfumería y Parafarmacia > Cuidado Facial > Crema Facial,Crema Facial,https://a2.soysuper.com/480c56f8dc6f961ae5cd899be09c62cd.110.110.0.min.wmark.ed402bad.jpg
63bd1f6de93cdf212d41090a,Deliplus,Laca uñas endurecedor,U,3.5,Perfumería y Parafarmacia > Cuidado de Pies y Manos > Manicura y Pedicura,Manicura y Pedicura,https://a2.soysuper.com/1ec431baf920042cd55959685503e4f3.110.110.0.min.wmark.4609b68e.jpg
5012f0120f8e48d05d00015a,Deliplus,Vaselina hidratante,Tarro 100 ml,2,Perfumería y Parafarmacia > Cuidado Facial > Cuidado Labial,Cuidado Labial,https://a1.soysuper.com/39d0ec968b49f11968ae6920e66eef07.110.110.0.min.wmark.bc0b4e27.jpg
5b564e8a1452a05b6579a488,Deliplus,Toallitas húmedas bebe frescas y perfumadas con aloe vera,Paquete 24 u,0.75,Bebés y Niños > Toallitas > Bebé,Bebé,https://a1.soysuper.com/07064666f62792ed8aaa4e2e8f24daf5.110.110.0.min.wmark.9e5b47a7.jpg
5f82b22953c97b268c727ead,Deliplus,Crema facial antioxidante y regenerante sangre dragon antiox,Tarro 50 ml,5,Perfumería y Parafarmacia > Cuidado Facial > Crema Facial,Crema Facial,https://a2.soysuper.com/6941c7d666d6e6c0dadeaae4baac1b60.110.110.0.min.wmark.515a0bc4.jpg
631ae6032508c11a83669243,Deliplus,"Acondicionador cabello protect no + piojos sin aclarado (arbol de te, vinagre y quassia amara)",Botella 250 ml,2.5,Bebés y Niños > Higiene y Perfumería > Champú,Champú,https://a0.soysuper.com/1779e70048802d46ca66f0717edff54c.110.110.0.min.wmark.bdf65152.jpg
5c8717ef2508c11ea71eb158,Deliplus,Mascarilla alisado con aclarado cabello rebelde,Tarro 400 ml,2.4,Perfumería y Parafarmacia > Cuidado del Cabello > Mascarilla,Mascarilla,https://a1.soysuper.com/79bb88f889b4146e3490aa5c0c4b73d5.110.110.0.min.wmark.8297a180.jpg
619df857722d6a6cb823a6c5,Deliplus,"Mascarilla curl perfect con aclarado cabello rizado (hidratación, nutrición, elasticidad)",Tarro 400 ml,2.4,Perfumería y Parafarmacia > Cuidado del Cabello > Mascarilla,Mascarilla,https://a0.soysuper.com/0c2105ea2924497d4e0e803d43429a0d.110.110.0.min.wmark.1ad53d61.jpg
60d982c553c97b301d5d97a0,Deliplus,Capsulas laxforte (con sen y cascara sagrada),Caja 30 u,3.95,Dietéticos > Complementos Dietéticos > Laxante,Laxante,https://a0.soysuper.com/555c0d629370c14ded2ee724ccc76eb3.110.110.0.min.wmark.14832d17.jpg
5c0112ca2508c1331532c9be,Deliplus,Tinte coloracion permanente Nº 1 0% amoniaco negro,U,3.9,Perfumería y Parafarmacia > Cuidado del Cabello > Tintes para el Cabello,Tintes para el Cabello,https://a0.soysuper.com/84975d9ccab5df0f99409ca348381566.110.110.0.min.wmark.20a83cd6.jpg
63930d6b8ca63c37f1540339,Deliplus,Gel baño exfoliante te cha chai,Botella 500 ml,2.5,Perfumería y Parafarmacia > Cuidado Corporal > Gel de Baño,Gel de Baño,https://a0.soysuper.com/9e933925f508fe8e4db3dcc9d81a46e0.110.110.0.min.wmark.eacae0f3.jpg
612372ee722d6a10c7543cb8,Deliplus,Lima raspador durezas pies,1 unidad,3.1,Perfumería y Parafarmacia > Cuidado de Pies y Manos > Manicura y Pedicura,Manicura y Pedicura,https://a1.soysuper.com/55f1a31dceba2ea3095c742c71cbf78a.110.110.0.min.wmark.3a1817a4.jpg
5cc0324e0932f717e55e9348,Deliplus,Dentífrico pasta blanqueador antimanchas dental pearl (con polvo de perla),Tubo 100 ml,1.85,Perfumería y Parafarmacia > Higiene Bucal > Dentífrico,Dentífrico,https://a0.soysuper.com/3209bab4ef68e705d8381e8cf645ecfd.110.110.0.min.wmark.b98337fc.jpg
63c10c3a722d6a5b246fa751,Deliplus,Acondicionador con aclarado cabello normal familiar (con dosificador),Botella 1000 ml,1.5,Perfumería y Parafarmacia > Cuidado del Cabello > Acondicionador,Acondicionador,https://a1.soysuper.com/37825b437ae049e15f030614c5d971ac.110.110.0.min.wmark.ac87ba95.jpg
606589c953c97b73375f7d59,Deliplus,Arcos dentales para higiene interdental,Caja 60 ud,1.77,Perfumería y Parafarmacia > Higiene Bucal > Seda Dental,Seda Dental,https://a2.soysuper.com/3f33ccaa02471c1ca554cc8ad76be18f.110.110.0.min.wmark.e4ab78e2.jpg
610ea508722d6a10c74cdb3b,Deliplus,Perlas femenina con onagra,Caja 60 u,4.3,Dietéticos > Complementos Dietéticos > Otros,Otros,https://a0.soysuper.com/2c8df8b1dae93891c0248c1c7ccce073.110.110.0.min.wmark.06b001c1.jpg
5fc5dd0353c97b6e9d672369,Deliplus,Maquinilla afeitar desechable 3 hojas active,Paquete 4 u,1.5,Perfumería y Parafarmacia > Afeitado > Maquinillas de Afeitar,Maquinillas de Afeitar,https://a0.soysuper.com/7d5c8432eafea153223990b897f24f94.110.110.0.min.wmark.a3d9b728.jpg
5fb9677798ec91626642b191,Deliplus,Kit depilación facial crema depilación + tubo gel postdepilación,Estuche 2 u,2.2,Perfumería y Parafarmacia > Depilación > Crema Depilatoria,Crema Depilatoria,https://a0.soysuper.com/3f2da753864192e39c39438146963e41.110.110.0.min.wmark.45b85fa4.jpg
60aeb4c92508c155276e621c,Deliplus,Maquillaje fluido hydra-vital Nº2 beige rosado,1 unidad,5.25,Perfumería y Parafarmacia > Maquillaje > Maquillaje Facial,Maquillaje Facial,https://a2.soysuper.com/d6c114c13bff3bf9034ffea8dc7fe0be.110.110.0.min.wmark.c2be609d.jpg
5c9a534253c97b11b80491c5,Deliplus,Gel fijacion forte (dosificador),Botella 400 ml,1.6,Perfumería y Parafarmacia > Cuidado del Cabello > Fijadores,Fijadores,https://a2.soysuper.com/db8acea6bcf87aebefc759c91f299837.110.110.0.min.wmark.ba38ce02.jpg
591ada6898ec9137684bebfc,Deliplus,Agua perfumada bebe con notas florales spray,Botella 100 ml,3.2,Bebés y Niños > Higiene y Perfumería > Colonia,Colonia,https://a2.soysuper.com/e896e1515bb57ad16623307ab0335df8.110.110.0.min.wmark.0e1a1121.jpg
63f997e88ca63c14e62dd0c4,Deliplus,Brillo labial volumizer Nº 05 (rosa),U,5,Perfumería y Parafarmacia > Maquillaje > Maquillaje para Labios,Maquillaje para Labios,https://a2.soysuper.com/854570521d084893d1c5169f67590030.110.110.0.min.wmark.052c74e8.jpg
655478082508c1307a13b92c,Deliplus,Aceite ricino,Botella 30 ml,2.95,Perfumería y Parafarmacia > Cuidado Corporal > Aceite Corporal,Aceite Corporal,https://a2.soysuper.com/49c1d8c9956c36475dbe9c7e25e48b38.110.110.0.min.wmark.2e1f88af.jpg
4fc914b8cc75fa2a35014e40,Deliplus,Compresa super clasica plegada,Paquete 16 u,1.4,Perfumería y Parafarmacia > Higiene Íntima > Compresas,Compresas,https://a2.soysuper.com/4e724701e8443d08fabb2eae67cc8e02.110.110.0.min.wmark.09b56ff4.jpg
6222ef008ca63c36eb4aad57,Deliplus,Perfilador ojos automatico Nº 1 negro (waterproof),U,2.5,Perfumería y Parafarmacia > Maquillaje > Maquillaje para Ojos,Maquillaje para Ojos,https://a2.soysuper.com/12cbc44dbd32cc1f8c182cdace5162dc.110.110.0.min.wmark.5dc2ad93.jpg
6310558c98ec913a5d45fe93,Deliplus,Crema depilar piel sensible,Tubo 200 ml,2.65,Perfumería y Parafarmacia > Depilación > Crema Depilatoria,Crema Depilatoria,https://a0.soysuper.com/70858eb2374105dbd0e678ac80891afb.110.110.0.min.wmark.b0c2cacc.jpg
619df859e93cdf3b23966f01,Deliplus,"Tratamiento serum oil curl perfect cabello rizado (brillo, sella las puntas y combate el encrespamiento)",Bote 100 ml,4.1,Perfumería y Parafarmacia > Cuidado del Cabello > Tratamientos para el Cabello,Tratamientos para el Cabello,https://a1.soysuper.com/61b9cdc2b7546089de06039e7b6a3aba.110.110.0.min.wmark.f34ec01b.jpg
64e4637ae6ed40797262e695,Deliplus,Capsulas spirulina + vitamina B12,Caja 60 u,5,Dietéticos > Complementos Dietéticos > Espirulina,Espirulina,https://a0.soysuper.com/1fb4cb1c85cb298a5862a4a83ecc985f.110.110.0.min.wmark.01f19ef5.jpg
4fc9109ecc75fa2a350052d9,Deliplus,Cepillo limpia biberon,1 unidad,2.5,Bebés y Niños > Accesorios > Biberón,Biberón,https://a2.soysuper.com/565037b69a184cefd03a0d8b4896f2c4.110.110.0.min.wmark.3fbc3fff.jpg
53abfb1d02f95cb813003854,Deliplus,Crema pies hidratante antisequedad,Tubo 125 ml,1.1,Perfumería y Parafarmacia > Cuidado de Pies y Manos > Crema de Manos,Crema de Manos,https://a0.soysuper.com/9323f6cd3b35d7dbe528c2c61640b7d1.110.110.0.min.wmark.de8287a5.jpg
60be41460932f7016f7562eb,Deliplus,Corrector facial hydra-vital Nª1,1 unidad,4.5,Perfumería y Parafarmacia > Maquillaje > Maquillaje Facial,Maquillaje Facial,https://a0.soysuper.com/ad8146374856021586cea1de63856e57.110.110.0.min.wmark.0dacd7e4.jpg
5acb0c8e1452a03d56756ccc,Deliplus,Tinte coloracion permanente Nº 06 colorcor rubio oscuro,U,3.9,Perfumería y Parafarmacia > Cuidado del Cabello > Tintes para el Cabello,Tintes para el Cabello,https://a1.soysuper.com/d0846113a5a4eeae3b2b9b1905b68424.110.110.0.min.wmark.ca5f0a9d.jpg
60aeb4c52508c155276e6216,Deliplus,Colorete satín Nº2,1 unidad,5,Perfumería y Parafarmacia > Maquillaje > Maquillaje Facial,Maquillaje Facial,https://a2.soysuper.com/afeaa0fdd64d331d76c3ca0581e82c80.110.110.0.min.wmark.5133d3d8.jpg
62e77dd698ec916b0d56e004,Deliplus,Crema depilar hombre piel normal (bajo ducha con manopla),Tubo 200 ml,2.65,Perfumería y Parafarmacia > Depilación > Crema Depilatoria,Crema Depilatoria,https://a1.soysuper.com/6df75ba917d8551d0bdd3360fe7f36ca.110.110.0.min.wmark.3182a836.jpg
5012f10329eba853230001e4,Deliplus,Crema facial prebase minimiza poros (alisa y matifica la piel),Tubo 30 ml,5.5,Perfumería y Parafarmacia > Maquillaje > Maquillaje Facial,Maquillaje Facial,https://a1.soysuper.com/7249968f6f28f183d7bdb995631ed0db.110.110.0.min.wmark.ddf8fb35.jpg
628b2e48722d6a66df647dcc,Deliplus,Dentífrico gel infantil kids + 6 años menta,Tubo 75 ml,0.95,Bebés y Niños > Higiene y Perfumería > Higiene Bucal,Higiene Bucal,https://a1.soysuper.com/835d06b5e3bb49079f2b68214f533fc1.110.110.0.min.wmark.45ff2ff0.jpg
5f82b22953c97b268c727eac,Deliplus,Leche limpiadora facial,Botella 250 ml,1.5,Perfumería y Parafarmacia > Cuidado Facial > Limpieza Facial,Limpieza Facial,https://a0.soysuper.com/b5dc32c77025aea9c51103c5926cbdcc.110.110.0.min.wmark.3d18b7ab.jpg
64d0bd962508c16e47262f25,Deliplus,Comprimidos efervescentes con vitamina c + zinc sabor limon,Tubo 20 u,1.95,Dietéticos > Complementos Dietéticos > Vitaminas,Vitaminas,https://a0.soysuper.com/e2f9a75123321684c70c3bc4ac2ab0cb.110.110.0.min.wmark.c1d91bb7.jpg
62543fabd1152076dd7a7174,Deliplus,Desodorante body spray hombre perfume aqua antimanchas,Bote 200 ml,1.75,Perfumería y Parafarmacia > Desodorante > Para Hombre,Para Hombre,https://a2.soysuper.com/d18d90efdd2ba8a97aa38f69f94ae3dd.110.110.0.min.wmark.e03a32d7.jpg
4fc91491cc75fa2a350145d3,Deliplus,Agua oxigenada,Botella 250 ml,0.65,Perfumería y Parafarmacia > Parafarmacia > Botiquín,Botiquín,https://a2.soysuper.com/39bbd4dd43bd5b82f938a2ecbb392ca3.110.110.0.min.wmark.834cb2cf.jpg
61e67452722d6a57bf5761c9,Deliplus,Arbol del te,Botella 10 ml,3,Perfumería y Parafarmacia > Cuidado Facial > Aceite Facial,Aceite Facial,https://a1.soysuper.com/f3b910f492b9b1014c9609059fb9f892.110.110.0.min.wmark.f2df46ad.jpg
5af585ed722d6a211a79119b,Deliplus,Jabon manos liquido tiernos recuerdos dosificador,Botella 500 ml,1.3,Perfumería y Parafarmacia > Cuidado Corporal > Jabón para Manos,Jabón para Manos,https://a2.soysuper.com/d99517bee526f6d21a08aea52ad14ff4.110.110.0.min.wmark.da56e850.jpg
6166a1a498ec910aa65f9202,Deliplus,Perfilador labios normal Nº 06 canela,U,2.5,Perfumería y Parafarmacia > Maquillaje > Maquillaje para Labios,Maquillaje para Labios,https://a0.soysuper.com/ae6e1d8f28cb0f664f6d5cc378e55943.110.110.0.min.wmark.b7a91f0b.jpg
5c0112c82508c133193cc7a0,Deliplus,Tinte coloracion permanente 0% amoniaco Nº 7.44 rubio cobrizo,U,3.9,Perfumería y Parafarmacia > Cuidado del Cabello > Tintes para el Cabello,Tintes para el Cabello,https://a2.soysuper.com/4ef97e486e2e1f1cc805bb9517791b6a.110.110.0.min.wmark.df7e3201.jpg
64fdb633d7918763e03bf8a0,Deliplus,"Gel crema facial matifica (sebo-regulador, matifica, hidrata y reduce imperfecciones) para pieles grasas o mixtas",Bote 50 ml,6,Perfumería y Parafarmacia > Cuidado Facial > Gel Facial,Gel Facial,https://a0.soysuper.com/f8e7e6a8accbf4ed59762db0d0235054.110.110.0.min.wmark.e863742c.jpg
5015e5eac29ef36522000007,Deliplus,Balsamo oriental,U 30 ml,3,Perfumería y Parafarmacia > Parafarmacia > Botiquín,Botiquín,https://a2.soysuper.com/f6dd3836e75b05439561ab5410a5b0b0.110.110.0.min.wmark.ba684bbe.jpg
65ae238453c97b07880c7cf4,Deliplus,Tratamiento antiencrespamiento (anti frizz),Botella 200 ml,4,Perfumería y Parafarmacia > Cuidado del Cabello > Tratamientos para el Cabello,Tratamientos para el Cabello,https://a2.soysuper.com/69ca0dc9dfc0c2007290ff6e00b700d2.110.110.0.min.wmark.8c38e3b4.jpg
64a66a938ca63c79a35eadf9,Deliplus,Capsulas memory pro,Caja 30 u,3.95,Dietéticos > Complementos Dietéticos > Vitaminas,Vitaminas,https://a1.soysuper.com/bb2fe52e661456a90c4791e100e09c1e.110.110.0.min.wmark.594308d9.jpg
631ae602e93cdf29243b32f7,Deliplus,"Champu cabello protect no + piojos (arbol de te, vinagre y quassia amara)",Botella 300 ml,2.7,Bebés y Niños > Higiene y Perfumería > Champú,Champú,https://a2.soysuper.com/b85becbc344bb6dd98ecb302b5156d5d.110.110.0.min.wmark.fdf64e7f.jpg
5293bcb7147931f23c000032,Deliplus,Pañal adulto talla grande (talla 50 a 62),Paquete 20 u,14.69,Perfumería y Parafarmacia > Higiene Íntima > Incontinencia,Incontinencia,https://a2.soysuper.com/5f1c682430657181fc0d3d96c2555396.110.110.0.min.wmark.f35da399.jpg
4fc91478cc75fa2a35014026,Deliplus,Crema decolorante vello (crema decolorante + crema activadora + bandeja mezcladora + espatula),Caja 150 ml,3.5,Perfumería y Parafarmacia > Depilación > Decolorante,Decolorante,https://a2.soysuper.com/19817e195008009082001ec02b2b8d33.110.110.0.min.wmark.d4ee3c9e.jpg
5f3b6150722d6a16522c4d45,Deliplus,Jalea real,Caja 12 sticks,4.95,Dietéticos > Complementos Dietéticos > Jalea Real,Jalea Real,https://a1.soysuper.com/68c56d9056223202e4e7e53606cbfc47.110.110.0.min.wmark.dea99234.jpg
5dcceee31452a0739665d5de,Deliplus,Chupete silicona reversible (de 0 a 6 meses),u,2.5,Bebés y Niños > Accesorios > Chupetes,Chupetes,https://a1.soysuper.com/e51c4863025f667d76cbefa3a0105282.110.110.0.min.wmark.f789ff87.jpg
64cbb110d791873d7101036b,Deliplus,Mascarilla reviva color marron chocolate,1 U,2,Perfumería y Parafarmacia > Cuidado del Cabello > Mascarilla,Mascarilla,https://a2.soysuper.com/315c5834073c9bf5e67220a2223bd87a.110.110.0.min.wmark.4701b70b.jpg
5acb0c8e1452a03d56756ccd,Deliplus,Tinte coloracion permanente Nº 9 colorcor rubio clarisimo,U,3.9,Perfumería y Parafarmacia > Cuidado del Cabello > Tintes para el Cabello,Tintes para el Cabello,https://a0.soysuper.com/21b3b86b52248c15748d5236ab81e170.110.110.0.min.wmark.b754748c.jpg
605f08210932f757cb57e841,Deliplus,Pañal adulto braga talla grande,Paquete 14 u,11.75,Perfumería y Parafarmacia > Higiene Íntima > Incontinencia,Incontinencia,https://a0.soysuper.com/29440add6908b567f7b6a9acd3a6a188.110.110.0.min.wmark.8552bad4.jpg
5d094c3798ec91128438fb28,Deliplus,Protegeslip incontinencia ultra mini (absorción 1),Paquete 34 u,3.1,Perfumería y Parafarmacia > Higiene Íntima > Incontinencia,Incontinencia,https://a0.soysuper.com/2faa64dfbe092c8c84ee693910adf97e.110.110.0.min.wmark.13e70c98.jpg
60aeb4ccd79187699d632dba,Deliplus,Primer facial corrector Nº 2 (color melocoton: unifica las manchas del rostro),U,5.5,Perfumería y Parafarmacia > Maquillaje > Maquillaje Facial,Maquillaje Facial,https://a1.soysuper.com/92248048a19e41cbc35f4aa63d56b9eb.110.110.0.min.wmark.6cf4fff0.jpg
5c5073dd1452a06a8e09caa5,Deliplus,Aceite corporal romero,Botella 200 ml,3.2,Perfumería y Parafarmacia > Cuidado Corporal > Aceite Corporal,Aceite Corporal,https://a2.soysuper.com/fd4620f4200a269b44060ff62cbb8bcd.110.110.0.min.wmark.342f1a06.jpg
51dc67edf0f976371400001f,Deliplus,Gel depilar piernas y axilas (para cuchilla),Bote 200 ml,2.6,Perfumería y Parafarmacia > Afeitado > Gel de Afeitar,Gel de Afeitar,https://a2.soysuper.com/9fcb18177fcadf78e18d6e163b4573a6.110.110.0.min.wmark.9376c1ac.jpg
5c0112cb722d6a76be5c2af1,Deliplus,Mascarilla reviva color cobre,Caja 1 u,2,Perfumería y Parafarmacia > Cuidado del Cabello > Tintes para el Cabello,Tintes para el Cabello,https://a1.soysuper.com/051ec502aa39197edda316e93c8a8779.110.110.0.min.wmark.72c5add8.jpg
5c0112c82508c1331532c9bb,Deliplus,Tinte coloracion permanente Nº 6.6 0% amoniaco rubio oscuro rojizo,U,3.9,Perfumería y Parafarmacia > Cuidado del Cabello > Tintes para el Cabello,Tintes para el Cabello,https://a1.soysuper.com/0b4f5224b73b9a2bacd29dcbd33a2c79.110.110.0.min.wmark.2070047f.jpg
61647acd98ec9150b068693a,Deliplus,Pincel sombra,1 unidad,2.75,Perfumería y Parafarmacia > Maquillaje > Accesorios,Accesorios,https://a1.soysuper.com/f4edc59797bcc2cb7e711c9438846661.110.110.0.min.wmark.9a61f4db.jpg
5a9e4b112508c1061629d685,Deliplus,Laca uñas Nº 20 rosa magnetico (alto brillo),U,2.5,Perfumería y Parafarmacia > Maquillaje > Laca para Uñas,Laca para Uñas,https://a2.soysuper.com/d48497b0e8dc12789178631b124852ae.110.110.0.min.wmark.d02cc5c6.jpg
643fa7050932f73fc74cdfee,Deliplus,Espuma ondas curly,Bote 300 ml,1.85,Perfumería y Parafarmacia > Cuidado del Cabello > Fijadores,Fijadores,https://a1.soysuper.com/66f470f6f0ce1afeb95feea7b442ce00.110.110.0.min.wmark.05116c5e.jpg
64fb32cae93cdf0b19105633,Deliplus,Discos faciales impregnados en acido salicilico,Caja 50 u,4,Perfumería y Parafarmacia > Cuidado Facial > Limpieza Facial,Limpieza Facial,https://a2.soysuper.com/abb872b8631a6057ec4bb50299b9365a.110.110.0.min.wmark.5396a0f3.jpg
60b0ac58d79187699d6434ef,Deliplus,Máscara de pestañas negra resistente al agua,1 unidad,3.75,Perfumería y Parafarmacia > Maquillaje > Maquillaje para Ojos,Maquillaje para Ojos,https://a0.soysuper.com/d9c80f3d3ceea2788ef729277aaa8dde.110.110.0.min.wmark.262d207a.jpg
5f82b22a2508c143ea47928b,Deliplus,Fluido hidratante facial acne oil free,Tubo 50 ml,4,Perfumería y Parafarmacia > Cuidado Facial > Crema Facial,Crema Facial,https://a2.soysuper.com/94fa6fc906f31943acb8e2c564e778ae.110.110.0.min.wmark.8f8feb26.jpg
5f82b22a1452a019242b3d79,Deliplus,Contorno ojos y parpados antiox,Tarro 15 ml,4.5,Perfumería y Parafarmacia > Cuidado Facial > Crema Facial,Crema Facial,https://a2.soysuper.com/4ee90d4b4117972d2a7c03a22d8bce99.110.110.0.min.wmark.e7f08018.jpg
5cbd0f21e93cdf50582fe839,Deliplus,Protegeslip normal cotton,Paquete 30 u,1.71,Perfumería y Parafarmacia > Higiene Íntima > Protege Slip,Protege Slip,https://a1.soysuper.com/1fb52ccd003024dd9b91a7524dd8b5ed.110.110.0.min.wmark.1dd1b991.jpg
61b3189de93cdf10e7725648,Deliplus,Pintalabios fluido mate Nº 02 nude rosado,U,4.5,Perfumería y Parafarmacia > Maquillaje > Maquillaje para Labios,Maquillaje para Labios,https://a1.soysuper.com/4eeb7c26fce5d04d191466f8bf445afe.110.110.0.min.wmark.ae7a5058.jpg
6093bf640932f72f51190142,Deliplus,Mascarilla reparación & hidratación sin aclarado cabello seco y dañado,Tubo 150 ml,3.8,Perfumería y Parafarmacia > Cuidado del Cabello > Mascarilla,Mascarilla,https://a2.soysuper.com/2c075ef7212051635191aac4e70b013e.110.110.0.min.wmark.4a0236d6.jpg
5c40de1e1452a05d3e2fc9c3,Deliplus,Chupete silicona reversible unisex (a partir de 18 meses),U,2.5,Bebés y Niños > Accesorios > Chupetes,Chupetes,https://a1.soysuper.com/2cddc5ba2b74f2a477cdbd941ed98242.110.110.0.min.wmark.837f987c.jpg
5c40de1f2508c1755517f545,Deliplus,Biberón flujo lento silicona (capacidad 150 ml),1 unidad,3.3,Bebés y Niños > Accesorios > Biberón,Biberón,https://a0.soysuper.com/84ec47da6c01ae8b0a3788bcff255c14.110.110.0.min.wmark.6767c221.jpg
639c6f8b98ec91449e6ae1b3,Deliplus,Barra labios color balm textura balsamo Nº07 pink (acabado brillo),U,4.5,Perfumería y Parafarmacia > Maquillaje > Maquillaje para Labios,Maquillaje para Labios,https://a1.soysuper.com/3d333ef001adbd2a65c623b3001c8e06.110.110.0.min.wmark.93951ac6.jpg
644b6c8b8ca63c43d426576d,Deliplus,Crema manos nutritiva,Tubo 75 ml,1.3,Perfumería y Parafarmacia > Cuidado de Pies y Manos > Crema de Manos,Crema de Manos,https://a0.soysuper.com/b50b4cd4d67902e8e40ce76bfb436496.110.110.0.min.wmark.e9d6943f.jpg
61647aced7918751cf45d823,Deliplus,Pincel cejas + biselado,1 unidad,3,Perfumería y Parafarmacia > Maquillaje > Accesorios,Accesorios,https://a2.soysuper.com/6f8dc3a833bc145591aeac8510f5707a.110.110.0.min.wmark.04a8d10e.jpg
5f6ea3bc98ec916e9b4d27ad,Deliplus,Potenciador retinol noche regen skin,Tarro 30 ml,5.5,Perfumería y Parafarmacia > Cuidado Facial > Crema Facial,Crema Facial,https://a2.soysuper.com/47d69089bc5bf13f3c75d7e5556c77cb.110.110.0.min.wmark.60d0b955.jpg
606fb53e0932f757ce29f546,Deliplus,Polvos compactos faciales de sol claro Nº1,1 ud,7.5,Perfumería y Parafarmacia > Maquillaje > Maquillaje Facial,Maquillaje Facial,https://a0.soysuper.com/32b1333f285dc8ca367e319ae1437a0b.110.110.0.min.wmark.cc061f63.jpg
6538af9a8ca63c68f56e2889,Deliplus,Tiras protectoras espuma (extra protectoras),Caja 20 u,1.3,Perfumería y Parafarmacia > Parafarmacia > Botiquín,Botiquín,https://a1.soysuper.com/389f03416208ea25e1571f8ead688b26.110.110.0.min.wmark.85e808fa.jpg
63df6315d7918735c95ab1a0,Deliplus,Crema manos antimanchas fps 20,Tubo 75 ml,1.3,Perfumería y Parafarmacia > Cuidado de Pies y Manos > Crema de Manos,Crema de Manos,https://a1.soysuper.com/285464fbe406e522b7e4540dbdd94c65.110.110.0.min.wmark.9770be6f.jpg
5a9e4b111452a06975169475,Deliplus,Laca uñas Nº 22 granate sublime (alto brillo),U,2.5,Perfumería y Parafarmacia > Maquillaje > Laca para Uñas,Laca para Uñas,https://a2.soysuper.com/24ae9fe96900b3076df9283cb19c1c6b.110.110.0.min.wmark.e0b8407e.jpg
59a90bca1452a059e631b178,Deliplus,Laca uñas tratamiento base 9 en 1 vitaminada y alisadora,U,3.5,Perfumería y Parafarmacia > Maquillaje > Laca para Uñas,Laca para Uñas,https://a0.soysuper.com/adc8e0d437550d18acee7a4a0a89e54b.110.110.0.min.wmark.f0aa3dce.jpg
61baf676d79187549923e6f6,Deliplus,Cera depilar caliente perlas (contiene espatula),Paquete 300 g,4.5,Perfumería y Parafarmacia > Depilación > Cera,Cera,https://a0.soysuper.com/0bf45f9b584de45050c989412d54210b.110.110.0.min.wmark.8805689b.jpg
5f2a3d2c53c97b602d42956d,Deliplus,Cápsulas quemagrasas,Caja 30 u,3.95,Dietéticos > Complementos Dietéticos > Control de Peso,Control de Peso,https://a2.soysuper.com/833ceaa30f646f2b634e20dfc0659927.110.110.0.min.wmark.4e7cf96d.jpg
5acb0c8e53c97b5ae42a5469,Deliplus,Tinte coloracion permanente Nº 1 colorcor negro,U,3.9,Perfumería y Parafarmacia > Cuidado del Cabello > Tintes para el Cabello,Tintes para el Cabello,https://a0.soysuper.com/4c3fb309cbc930eae3dcb7ce76c265b2.110.110.0.min.wmark.cb80611f.jpg
6225b992e6ed4049ae5fc26d,Deliplus,Gel afeitar piel sensible viaje,Bote 75 ml,1.34,Perfumería y Parafarmacia > Afeitado > Gel de Afeitar,Gel de Afeitar,https://a2.soysuper.com/d9b895c970937f59ff3d42c1c472e433.110.110.0.min.wmark.c8bee33b.jpg
5c9a534253c97b11b80491c6,Deliplus,Gel fijador x-trem,Tubo 250 ml,1.6,Perfumería y Parafarmacia > Cuidado del Cabello > Fijadores,Fijadores,https://a0.soysuper.com/d89196325b66aa1437a75e0512fb22b1.110.110.0.min.wmark.d2e00d9c.jpg
5b4c5488722d6a25d6132c22,Deliplus,Pañal braguita noche 17 A 30 Kg (DE 4 A 7 años - unisex),Paquete 16 u,10.64,Bebés y Niños > Pañales > Talla 7,Talla 7,https://a0.soysuper.com/6e0c195dc75021c8be512c1974ce2ff6.110.110.0.min.wmark.7eeead15.jpg
60aeb4c598ec91435974a86b,Deliplus,Colorete satín Nº1,1 unidad,5,Perfumería y Parafarmacia > Maquillaje > Maquillaje Facial,Maquillaje Facial,https://a2.soysuper.com/1e08b799ff854395363c83718d058306.110.110.0.min.wmark.4e7b1d3c.jpg
5aced8b9722d6a6ff57e8c2d,Deliplus,"Tinte coloracion permanente Nº 6,25 colorcor marron avellana",U,3.9,Perfumería y Parafarmacia > Cuidado del Cabello > Tintes para el Cabello,Tintes para el Cabello,https://a0.soysuper.com/f99ee457f66206f6040cda187453ed63.110.110.0.min.wmark.6a9654ed.jpg
4fc90fe9cc75fa2a350021ca,Deliplus,Esponja baño dermo aqua,U,1.5,Bebés y Niños > Higiene y Perfumería > Accesorios,Accesorios,https://a0.soysuper.com/06d38847c3124eb813b6e5175d9f31d3.110.110.0.min.wmark.0e943cc3.jpg
5c9a53412508c1094749bbf8,Deliplus,Gel fijacion xtra forte,Tubo 250 ml,1.6,Perfumería y Parafarmacia > Cuidado del Cabello > Fijadores,Fijadores,https://a2.soysuper.com/c6c9d4110560ce18735f450e6a3b4cc6.110.110.0.min.wmark.1c971dc8.jpg
61647a6e1452a05cca175bc5,Deliplus,Comprimidos para fortalecer cabello y uñas,Caja 30 u,3.95,Dietéticos > Complementos Dietéticos > Otros,Otros,https://a1.soysuper.com/396290ee4f059740d2b9c549e66f224d.110.110.0.min.wmark.5e5833f9.jpg
61b3189d1452a05e1a1728ba,Deliplus,Pintalabios fluido mate Nº 1 nude beige,U,4.5,Perfumería y Parafarmacia > Maquillaje > Maquillaje para Labios,Maquillaje para Labios,https://a2.soysuper.com/c48e5efdcf9c573d8eec6608b976ab4e.110.110.0.min.wmark.791f94a6.jpg
61647acee93cdf622f1f1be5,Deliplus,Pincel iluminador,1 unidad,3.5,Perfumería y Parafarmacia > Maquillaje > Accesorios,Accesorios,https://a2.soysuper.com/723c4358391b6c34a28809987c6ce864.110.110.0.min.wmark.a9ea2e4d.jpg
65af72c01452a0306f6411ce,Deliplus,Polvos compactos faciales 24H Nº2,U,6,Perfumería y Parafarmacia > Maquillaje > Maquillaje Facial,Maquillaje Facial,https://a2.soysuper.com/3a3e8031313682b02f88e434179866d8.110.110.0.min.wmark.026ed65c.jpg
583ea1942508c1518c6450bc,Deliplus,Toallitas húmedas íntimas para viaje,Paquete 12 u,1,Perfumería y Parafarmacia > Higiene Íntima > Toallitas Íntimas Frescas,Toallitas Íntimas Frescas,https://a1.soysuper.com/b5d2b133667532e7ae4cc631a6704f08.110.110.0.min.wmark.134a5b3e.jpg
5c0112c92508c133193cc7a3,Deliplus,Tinte coloracion permanente Nº 7 0% amoniaco rubio marron,U,3.9,Perfumería y Parafarmacia > Cuidado del Cabello > Tintes para el Cabello,Tintes para el Cabello,https://a0.soysuper.com/197b97e7d07d995819704ff3e4270ef8.110.110.0.min.wmark.1ca6d5ee.jpg
64b651ec98ec91720373d122,Deliplus,"Capsulas colageno-antiox (contiene colageno, acido hialuronico, wakame Y Q10)",Caja 30 u,4.95,Dietéticos > Complementos Dietéticos > Vitaminas,Vitaminas,https://a2.soysuper.com/6030d9790b08f18204de1c111562a0ee.110.110.0.min.wmark.02f7dc0f.jpg
61647ace53c97b118e14992f,Deliplus,"Pincel contouring multiusos acabado natural o pieles delicadas (para aplicar maquillaje, coloretes o polvos)",1 unidad,4,Perfumería y Parafarmacia > Maquillaje > Accesorios,Accesorios,https://a2.soysuper.com/0d37d9960c8d11177dcbc707afe23848.110.110.0.min.wmark.52ce97ba.jpg
5aced8b90932f717116117f8,Deliplus,"Tinte coloracion permanente Nº 5,79 colorcor marron chocolate",U,3.9,Perfumería y Parafarmacia > Cuidado del Cabello > Tintes para el Cabello,Tintes para el Cabello,https://a2.soysuper.com/9b948548f1e09d4a639556a746368ccc.110.110.0.min.wmark.d72ce764.jpg
61647acdd7918751cf45d822,Deliplus,Pincel eyeliner,1 unidad,2.75,Perfumería y Parafarmacia > Maquillaje > Accesorios,Accesorios,https://a0.soysuper.com/f8141324b32ed4be8f72a9dc2e095096.110.110.0.min.wmark.31562b1f.jpg
5c0112ca98ec913a1a7be41a,Deliplus,Tinte coloracion permanente Nº 7.13 0% amoniaco rubio beige,U,3.9,Perfumería y Parafarmacia > Cuidado del Cabello > Tintes para el Cabello,Tintes para el Cabello,https://a2.soysuper.com/ca202a2e9b2b371d7c19d582b682d456.110.110.0.min.wmark.6912c4a7.jpg
5c016a6a0932f74e1265ad5c,Deliplus,Gasas compresas esterilizadas,Caja 10 u,1.2,Perfumería y Parafarmacia > Parafarmacia > Botiquín,Botiquín,https://a2.soysuper.com/99543ffc8a9efffc63f2f7eaf10a5147.110.110.0.min.wmark.8c549212.jpg
62e11aef2508c177ca090a73,Deliplus,Laca uñas manicura francesa Nº 6 blanco milky,U,2.75,Perfumería y Parafarmacia > Maquillaje > Laca para Uñas,Laca para Uñas,https://a2.soysuper.com/e082cdd848165d012134c73ebdd2797b.110.110.0.min.wmark.a704300d.jpg
65a785a12508c159fa2199ea,Deliplus,Locion corporal hidratante aloe vera (dosificador) (hidrata),Botella 600 ml,1.9,Perfumería y Parafarmacia > Cuidado Corporal > Cremas y Lociones,Cremas y Lociones,https://a0.soysuper.com/aae07904913cbaecce4528e900c5be3b.110.110.0.min.wmark.88f097a6.jpg
65a785a398ec91065864c2b3,Deliplus,Locion corporal nutritiva con almendras (dosificador) (nutre),Botella 600 ml,2.4,Perfumería y Parafarmacia > Cuidado Corporal > Cremas y Lociones,Cremas y Lociones,https://a0.soysuper.com/b245601c989a57a36f41cd7720eade4a.110.110.0.min.wmark.3ee0efe2.jpg
5f82b229e93cdf05d617a20c,Deliplus,Contorno ojos hombre,Tubo 15 ml,5,Perfumería y Parafarmacia > Cuidado Facial > Crema Facial,Crema Facial,https://a0.soysuper.com/262a05fab5b31147aab22c21e31fa1f3.110.110.0.min.wmark.de6541cf.jpg
61892d2353c97b37ea23b784,Deliplus,Bálsamo labial reparador,Tubo 15 ml,2.6,Perfumería y Parafarmacia > Cuidado Facial > Cuidado Labial,Cuidado Labial,https://a1.soysuper.com/3f79788b81a10e25c2ca3fb427a5ec0b.110.110.0.min.wmark.f16170ff.jpg
5d4208f298ec9114d749478b,Deliplus,Quitaesmalte sin acetona (uñas fragiles),Botella 200 ml,1.3,Perfumería y Parafarmacia > Cuidado de Pies y Manos > Manicura y Pedicura,Manicura y Pedicura,https://a0.soysuper.com/8c27429a0210ef6eddf2b74784da8745.110.110.0.min.wmark.765aef77.jpg
652d43c9722d6a681c85aafe,Deliplus,Pintalabios fluido mate Nº 12 fucsia,1 U,4.5,Perfumería y Parafarmacia > Maquillaje > Maquillaje para Labios,Maquillaje para Labios,https://a1.soysuper.com/7531515acbd9f46a2530ddd76191c9e8.110.110.0.min.wmark.2ac9eda8.jpg
65af72c0e6ed4001d4708aac,Deliplus,Polvos compactos faciales 24H Nº4,U,6,Perfumería y Parafarmacia > Maquillaje > Maquillaje Facial,Maquillaje Facial,https://a1.soysuper.com/e99161154836c968bdd2341efc6b8e4e.110.110.0.min.wmark.1871c42b.jpg
65a54ad9d791871777121e95,Deliplus,Perfilador ojos delineador marron,U,3.75,Perfumería y Parafarmacia > Maquillaje > Maquillaje para Ojos,Maquillaje para Ojos,https://a0.soysuper.com/9829ffabc716fa39598eba361bd406b0.110.110.0.min.wmark.b697b9a3.jpg
5d094c372508c15bc84186b8,Deliplus,Compresa incontinencia mini (absorción 1),Paquete 30 u,3.35,Perfumería y Parafarmacia > Higiene Íntima > Incontinencia,Incontinencia,https://a0.soysuper.com/90553e9870080c9849df2f4efdc47ffa.110.110.0.min.wmark.83766a59.jpg
5c0112c9722d6a76c139eda7,Deliplus,Tinte coloracion permanente Nº 3 0% amoniaco castaño oscuro,U,3.9,Perfumería y Parafarmacia > Cuidado del Cabello > Tintes para el Cabello,Tintes para el Cabello,https://a0.soysuper.com/8657d4552dd8bb8ae2e71db02d050931.110.110.0.min.wmark.a548c217.jpg
62270db70932f74085596890,Deliplus,Barra labios cremosa Nº 202 rosa calido,U,4.65,Perfumería y Parafarmacia > Maquillaje > Maquillaje para Labios,Maquillaje para Labios,https://a0.soysuper.com/2c9ef7983d39a3d8c0fa5e75cd5cd718.110.110.0.min.wmark.1a0bd6ad.jpg
5c0112c90932f77a1f379155,Deliplus,Tinte coloracion permanente Nº 1.88 0% amoniaco negro azul intenso,U,3.9,Perfumería y Parafarmacia > Cuidado del Cabello > Tintes para el Cabello,Tintes para el Cabello,https://a1.soysuper.com/20c9f041c4cbd7952fcf835823bb7095.110.110.0.min.wmark.c82bec7d.jpg
62b169cb98ec91062f0c49d6,Deliplus,Perfilador cejas Nº 02,U,2.75,Perfumería y Parafarmacia > Maquillaje > Maquillaje Facial,Maquillaje Facial,https://a0.soysuper.com/709b2a8f41d4ba7a2b44f8b64f588268.110.110.0.min.wmark.45d0ac24.jpg
5c0112ca53c97b3d216b741f,Deliplus,Tinte coloracion permanente Nº 8.0 0% amoniaco rubio claro luminoso,U,3.9,Perfumería y Parafarmacia > Cuidado del Cabello > Tintes para el Cabello,Tintes para el Cabello,https://a1.soysuper.com/f8068973c054858b6c138e96411c4f0a.110.110.0.min.wmark.c8def749.jpg
5f3b6150d7918713465a66d2,Deliplus,"Cápsulas menopausia con isoflavonas, salvia y melisa",Caja 30 cápsulas,4.5,Dietéticos > Complementos Dietéticos > Menopausia,Menopausia,https://a2.soysuper.com/5f3f3054c11147a2cae2d53a86bc2a6b.110.110.0.min.wmark.664081e2.jpg
60f2569b98ec9166891179e1,Deliplus,Maquinilla afeitar cargador 6 hojas precision,U,5,Perfumería y Parafarmacia > Afeitado > Maquinillas de Afeitar,Maquinillas de Afeitar,https://a0.soysuper.com/a6bbcd0377d4fca846e16e7421bf0b93.110.110.0.min.wmark.97964a12.jpg
61f911c91452a03ef210dc3a,Deliplus,Laca de uñas Nº 61 fucsia (alto brillo),U,2.5,Perfumería y Parafarmacia > Maquillaje > Laca para Uñas,Laca para Uñas,https://a2.soysuper.com/0c5b76b370b8dbe6f01cd03b8f90f56d.110.110.0.min.wmark.972b12a7.jpg
5c9a534453c97b11bc2e9e2e,Deliplus,Espuma cabello fijacion extrafuerte viaje,Botella 100 ml,1.5,Perfumería y Parafarmacia > Cuidado del Cabello > Fijadores,Fijadores,https://a2.soysuper.com/628fb3b4003d3042924e57c5ccf122e2.110.110.0.min.wmark.32a77e0a.jpg
5c40de1d53c97b7f1132889f,Deliplus,Chupete de silicona reversible unisex (de 6 a 18 meses),1 unidad,2.5,Bebés y Niños > Accesorios > Chupetes,Chupetes,https://a0.soysuper.com/cea0c0a2b996f628298825180544a842.110.110.0.min.wmark.51e18c8c.jpg
6076ab2d98ec9137314edad3,Deliplus,Capsulas alcachofa,Bote 30 u,3.95,Dietéticos > Complementos Dietéticos > Otros,Otros,https://a1.soysuper.com/f1944ec662e3adedef0c9cbf4da4ccb9.110.110.0.min.wmark.1cc62aa4.jpg
618cce3553c97b3807108991,Deliplus,Maquinilla afeitar cargador 3 hojas precision,U,3,Perfumería y Parafarmacia > Afeitado > Maquinillas de Afeitar,Maquinillas de Afeitar,https://a1.soysuper.com/d149534fa115997dcc511a990f4e3895.110.110.0.min.wmark.ea0dd689.jpg
6117404298ec9101566caa4d,Deliplus,Perfilador labios normal Nº 05 fresa,U,2.5,Perfumería y Parafarmacia > Maquillaje > Maquillaje para Labios,Maquillaje para Labios,https://a2.soysuper.com/99a55ed6b8924fbf09a05111fde0a304.110.110.0.min.wmark.17ac2314.jpg
5aced8b82508c10d7962842f,Deliplus,"Tinte coloracion permanente Nº 8,6 colorcor rojo intenso",U,3.9,Perfumería y Parafarmacia > Cuidado del Cabello > Tintes para el Cabello,Tintes para el Cabello,https://a0.soysuper.com/6f8a40051634c4581f754f0e9faf17c1.110.110.0.min.wmark.109ef34d.jpg
641d55511452a03fbb79f6c9,Deliplus,Perfilador labios normal Nº 08 rojo,U,2.5,Perfumería y Parafarmacia > Maquillaje > Maquillaje para Labios,Maquillaje para Labios,https://a0.soysuper.com/b709da973b0ec1898133ed3925afbd3e.110.110.0.min.wmark.6e5877ff.jpg
63f997e9722d6a41971618f3,Deliplus,Brillo labial volumizer Nº 06 (morado),U,5,Perfumería y Parafarmacia > Maquillaje > Maquillaje para Labios,Maquillaje para Labios,https://a0.soysuper.com/7f9b73b9b43b19a28eadb39444975ff0.110.110.0.min.wmark.53b452aa.jpg
6576f7d498ec9149e475659a,Deliplus,Mascarilla hydra cabello normal,Tubo 200 ml,2.1,Perfumería y Parafarmacia > Cuidado del Cabello > Mascarilla,Mascarilla,https://a0.soysuper.com/9d44209a203e3fcc36a9fc141abdeba3.110.110.0.min.wmark.c55a2df6.jpg
65c09baee6ed4001d4730528,Deliplus,Jabon manos liquido hidratante con avena dosificador,Botella 500 ml,1.3,Perfumería y Parafarmacia > Cuidado Corporal > Jabón para Manos,Jabón para Manos,https://a1.soysuper.com/a49c00e24c608d7ba3e44135239e51b1.110.110.0.min.wmark.f7529d1d.jpg
645224492508c139050d03af,Deliplus,Piedra pomez pies,U,2.9,Perfumería y Parafarmacia > Cuidado de Pies y Manos > Manicura y Pedicura,Manicura y Pedicura,https://a2.soysuper.com/be8f7b8e552d055f2f6beaf1e38a8a79.110.110.0.min.wmark.fda189bb.jpg
5cec9aeb98ec910263243c0e,Deliplus,Autobronceador toallitas,Paquete 6 u,5,Perfumería y Parafarmacia > Cuidado Corporal > Cremas y Lociones,Cremas y Lociones,https://a0.soysuper.com/e49061429adbcc7f2c572c326ac2b425.110.110.0.min.wmark.d3b1d7a3.jpg
644b6c28d79187158421a8a2,Deliplus,Pañal bañador desechable 11 a 16 Kg talla M,Paquete 12 u,5.9,Bebés y Niños > Pañales > Pañales Bañadores,Pañales Bañadores,https://a0.soysuper.com/339cf184acd31bc825574fedced2a910.110.110.0.min.wmark.2542d3ac.jpg
58aecaa62508c10cd15891fa,Deliplus,Tampón mini con aplicador suave,Caja 20 unidades,2.73,Perfumería y Parafarmacia > Higiene Íntima > Tampones,Tampones,https://a2.soysuper.com/a314773d3967c6129fe0295dd1679efb.110.110.0.min.wmark.218e25be.jpg
644b6c28722d6a180b84ffb3,Deliplus,Pañal bañador desechable 7 a 13 Kg talla S,Paquete 12 u,5.9,Bebés y Niños > Pañales > Pañales Bañadores,Pañales Bañadores,https://a2.soysuper.com/1facf0cfd3673b2a130b98926380017d.110.110.0.min.wmark.000a4e9e.jpg
625d0b3f53c97b0e7b0b8617,Deliplus,Protector solar corporal spf 50+ (leche),Tubo 200 ml,6,Perfumería y Parafarmacia > Productos Solares > Protector Solar,Protector Solar,https://a1.soysuper.com/448c20768c5da69062b68317b80c987d.110.110.0.min.wmark.be5fdd80.jpg
68244a53722d6a4cce29303a,Deliplus,Laca uñas Nº 113 blanco (alto brillo),U,2.5,Perfumería y Parafarmacia > Maquillaje > Laca para Uñas,Laca para Uñas,https://a0.soysuper.com/92a384571f451ed2b5a9a20ffa58a1ff.110.110.0.min.wmark.5c964c5d.jpg
6664710c722d6a30cc4b1de7,Deliplus,Cambiador bebe desechable,Paquete 10 u,4.15,Bebés y Niños > Accesorios > Varios,Varios,https://a2.soysuper.com/f4bd5db59a2d2b5f1ea550cc8fc86417.110.110.0.min.wmark.43847f2e.jpg
680bf523e6ed40174a237508,Deliplus,Barra labios larga duracion 12H Nº 01 (acabado mate),U,5,Perfumería y Parafarmacia > Maquillaje > Maquillaje para Labios,Maquillaje para Labios,https://a1.soysuper.com/9a96b60092dbd401c82cd149ee91430f.110.110.0.min.wmark.fb023720.jpg
688855c2722d6a3ad534305e,Deliplus,Cera cabello acabado mate fijacion fuerte,Tarro 100 ml,3.05,Perfumería y Parafarmacia > Cuidado del Cabello > Fijadores,Fijadores,
680bf48de6ed40174c5d7585,Deliplus,Polvos compactos faciales seda Nº 100 beige claro,U,6,Perfumería y Parafarmacia > Maquillaje > Maquillaje Facial,Maquillaje Facial,https://a2.soysuper.com/80d01562f9dea7617f706345e3bed9f1.110.110.0.min.wmark.9196c858.jpg
685ceac2a44508e1bf18cae4,Deliplus,Desodorante crema,Tubo 75 ml,1.7,Perfumería y Parafarmacia > Desodorante > En Crema,En Crema,https://a2.soysuper.com/4707056b5eea5665e2ab3354e1ed0fc2.110.110.0.min.wmark.b0efc547.jpg
69b3d8dc53c97b14cd289982,Deliplus,Cepillo dental medio,Paquete 4 u,1.35,Perfumería y Parafarmacia > Higiene Bucal > Cepillo Dental,Cepillo Dental,https://a1.soysuper.com/e4bb134689ead197426e9c5c28b97321.110.110.0.min.wmark.82120d60.jpg
68cedf43d7918735b920ea59,Deliplus,Maquillaje fluido hydra Nº 310,U,6.5,Perfumería y Parafarmacia > Maquillaje > Maquillaje Facial,Maquillaje Facial,https://a2.soysuper.com/518f4d11ab52627db0fc93a75e63c6d0.110.110.0.min.wmark.76234e05.jpg
68cedf431452a06fb06aef9e,Deliplus,Maquillaje fluido mate long lasting Nº120,U,6.5,Perfumería y Parafarmacia > Maquillaje > Maquillaje Facial,Maquillaje Facial,https://a0.soysuper.com/2ed90a7c3b4c39f40861832014b1052d.110.110.0.min.wmark.fea97b5d.jpg
673c3b0f8ca63c1b9d17551e,Deliplus,Barra labios color balm textura balsamo Nº13 perlado (acabado brillo),U,4.5,Perfumería y Parafarmacia > Maquillaje > Maquillaje para Labios,Maquillaje para Labios,https://a2.soysuper.com/0c1b8d02374900c268247ae5468025d5.110.110.0.min.wmark.2f06ee78.jpg
68cedf46a44508d65c2c72df,Deliplus,Maquillaje fluido mate long lasting Nº210,U,6.5,Perfumería y Parafarmacia > Maquillaje > Maquillaje Facial,Maquillaje Facial,https://a0.soysuper.com/db9e44e026099147270338e51a4c0847.110.110.0.min.wmark.2bc2c059.jpg
683b39700932f774376c408c,Deliplus,Eau toilette mujer h&b fragancia vainilla vaporizador,Botella 250 ml,3.9,Perfumería y Parafarmacia > Colonia > Femenina,Femenina,https://a2.soysuper.com/35f7ca6d3183383c74c62b86536758ff.110.110.0.min.wmark.7afdaab0.jpg
6879e90f722d6a0a384437f8,Deliplus,Gel facial exfoliante y mascarilla arcilla blanca,Tubo 100 ml,3.5,Perfumería y Parafarmacia > Cuidado Facial > Limpieza Facial,Limpieza Facial,https://a1.soysuper.com/5df9d2036744b522e93ea6834b63743d.110.110.0.min.wmark.5e91d977.jpg
68cee72a2508c14195510796,Deliplus,Corrector facial hydra Nº100,U,5,Perfumería y Parafarmacia > Maquillaje > Maquillaje Facial,Maquillaje Facial,https://a0.soysuper.com/2bbe81b011757d4fb69673fcf8c6daee.110.110.0.min.wmark.ae57efbb.jpg
67d0049c8ca63c34d9168e09,Deliplus,Crema facial retinal primeras arrugas (de dia y de noche),Tarro 50 ml,5.5,Perfumería y Parafarmacia > Cuidado Facial > Crema Facial,Crema Facial,https://a2.soysuper.com/ab979c01d1b9640d9274625bea6a64df.110.110.0.min.wmark.68a627be.jpg
67f9ea1ee6ed40174c5a2be9,Deliplus,Mascarilla pies hidratante,U - 40 g,2.5,Perfumería y Parafarmacia > Cuidado de Pies y Manos > Crema de Pies,Crema de Pies,https://a0.soysuper.com/518ccc6f399fb5c8292a006ad5da0533.110.110.0.min.wmark.81fd1e32.jpg
69db114ca44508f8a18345f1,Deliplus,Laca uñas tratamiento base blanqueante calcio,U,3.5,Perfumería y Parafarmacia > Cuidado de Pies y Manos > Manicura y Pedicura,Manicura y Pedicura,https://a1.soysuper.com/1631800e0da32e1b16ea7e46a3c601e3.110.110.0.min.wmark.3859a8d9.jpg
65e585fe2508c10ef75c0790,Deliplus,Gel baño piel normal perfumado ambar & vetiver,Botella 750 ml,1.59,Perfumería y Parafarmacia > Cuidado Corporal > Cremas y Lociones,Cremas y Lociones,https://a1.soysuper.com/8af93f76c6b5941e9cb7dae55f7cbfbd.110.110.0.min.wmark.082c0f3f.jpg
6975c28e2508c10bdc1fc209,Deliplus,Dentifrico total expert,Tubo 100 ml,1.9,Perfumería y Parafarmacia > Higiene Bucal > Dentífrico,Dentífrico,https://a0.soysuper.com/bd67f2205b253ca07b02838937c909cc.110.110.0.min.wmark.7ed17b5d.jpg
680f8c26e93cdf2695141817,Deliplus,"Sombra ojos cuarteto Nº 10 rosas (mates, satinadas y perladas)",U,4,Perfumería y Parafarmacia > Maquillaje > Maquillaje para Ojos,Maquillaje para Ojos,https://a2.soysuper.com/0eab5f43ce8eece487cf66188da3a00a.110.110.0.min.wmark.ca377988.jpg
6638a6602508c11ac766c6d9,Deliplus,Barra labios cremosa Nº 219 marron chocolate,U,4.65,Perfumería y Parafarmacia > Maquillaje > Maquillaje para Labios,Maquillaje para Labios,https://a1.soysuper.com/a26dcc4aed58cce046cb4a572b1bb85f.110.110.0.min.wmark.d8724aab.jpg
66899f9fd79187149b4c8586,Deliplus,Colorete con acabado natural radiante y luminoso liquid blush 01,U,4.75,Perfumería y Parafarmacia > Maquillaje > Maquillaje Facial,Maquillaje Facial,https://a2.soysuper.com/f66bd4a61fe41e71ccbcbc9936b4178a.110.110.0.min.wmark.2900ef93.jpg
668ce3a6e93cdf6d3f20c40b,Deliplus,Capsulas contorno ojos textura ligera reduce arrugas y lineas de expresion,Caja 30 u,5,Perfumería y Parafarmacia > Cuidado Facial > Crema Facial,Crema Facial,https://a2.soysuper.com/94938b2b49a00ae34dda7c43931f7629.110.110.0.min.wmark.2abd05c2.jpg
65e585fdd791877ca92e6f78,Deliplus,Gel baño dermo aroma piel normal vainilla y miel,Botella 750 ml,1.59,Perfumería y Parafarmacia > Cuidado Corporal > Gel de Baño,Gel de Baño,https://a0.soysuper.com/0cda516da6f4a36b7e88011f520c81be.110.110.0.min.wmark.2b666676.jpg
68f6452f722d6a398920e8f9,Deliplus,Compresa normal plegada sin alas,Paquete 32 u,2.15,Perfumería y Parafarmacia > Higiene Íntima > Compresas,Compresas,https://a0.soysuper.com/07c23ebe92894b0963a1ff33f00ad03e.110.110.0.min.wmark.94808a20.jpg
6836b24391e128e1736f8117,Deliplus,"Crema corporal hidratante sorbete posidonia (contiene extracto de posidonia, aloe vera y jojoba)",Tarro 300 g,2.9,Perfumería y Parafarmacia > Cuidado Corporal > Cremas y Lociones,Cremas y Lociones,https://a2.soysuper.com/e051bee297c82fbcaed7762826c57c5f.110.110.0.min.wmark.42ba96a2.jpg
69f61adb1452a00a2b309c92,Deliplus,Tratamiento anticelulitico sculpt intense reductor de grasa *****novedad*****,Bote 120 ml,8,Perfumería y Parafarmacia > Cuidado Corporal > Anticelulíticos,Anticelulíticos,https://a2.soysuper.com/c45cfe892fce57be80d373c5548852db.110.110.0.min.wmark.1071e605.jpg
6836b2421452a02f6c2245d4,Deliplus,Crema corporal hidratante con esferas vitaminas e & A,Tarro 300 ml,3.1,Perfumería y Parafarmacia > Cuidado Corporal > Cremas y Lociones,Cremas y Lociones,https://a0.soysuper.com/d4b5969d7913c62ad622bc96da1f473a.110.110.0.min.wmark.e2030c0f.jpg
674f5ca7e6ed4011064f715b,Deliplus,Cepillo dental electrico recambio sensitive,Paquete 2 u,3.75,Perfumería y Parafarmacia > Higiene Bucal > Cepillo Dental,Cepillo Dental,https://a2.soysuper.com/ea02817e01a466afa2a9a5fde2e5c403.110.110.0.min.wmark.b41db35b.jpg
68cf966c91e128d94a3b6742,Deliplus,Corrector facial serum Nº 200,U,5,Perfumería y Parafarmacia > Maquillaje > Maquillaje Facial,Maquillaje Facial,https://a0.soysuper.com/d58414bcec0658ed87085054f42d4e9b.110.110.0.min.wmark.ae881238.jpg
68491c25a44508e1bf169c9a,Deliplus,Locion corporal aloe vera gel 100 % natural (dosificador),Botella 400 ml,4.1,Perfumería y Parafarmacia > Cuidado Corporal > Cremas y Lociones,Cremas y Lociones,https://a2.soysuper.com/d00f1f1702c269348ae022811f3e7197.110.110.0.min.wmark.be16cf31.jpg
664f7da08ca63c27223d87f9,Deliplus,Laca fijacion xtra forte viaje,Bote 75 ml,1.1,Perfumería y Parafarmacia > Cuidado del Cabello > Fijadores,Fijadores,https://a0.soysuper.com/a39131fc523b8c9be22f908ccc33e01b.110.110.0.min.wmark.ff78461a.jpg
67c5c5578ca63c34d047932f,Deliplus,Colorete liquido blush mate Nº 04 rojo,U,4.75,Perfumería y Parafarmacia > Maquillaje > Maquillaje Facial,Maquillaje Facial,https://a1.soysuper.com/9c9c14c51e8ea7f182054fd64bd8249f.110.110.0.min.wmark.b2fe9337.jpg
68cedf446c714bd5c62b06d6,Deliplus,Maquillaje fluido mate long lasting Nº300,U,6.5,Perfumería y Parafarmacia > Maquillaje > Maquillaje Facial,Maquillaje Facial,https://a0.soysuper.com/005ba51ddbaed0e5e7b3ac77a5b31a11.110.110.0.min.wmark.ad64f605.jpg
68cedf43e93cdf612f43a89f,Deliplus,Maquillaje fluido hydra Nº 100,U,6.5,Perfumería y Parafarmacia > Maquillaje > Maquillaje Facial,Maquillaje Facial,https://a1.soysuper.com/bc71920fc434398319ef85ff8de4079c.110.110.0.min.wmark.c6eaf9f7.jpg
68cedf432508c1419d5d74fc,Deliplus,Maquillaje fluido mate long lasting Nº310,U,6.5,Perfumería y Parafarmacia > Maquillaje > Maquillaje Facial,Maquillaje Facial,https://a1.soysuper.com/6e0cbc9037929a81f21a935f9b85b2d8.110.110.0.min.wmark.2b8bc213.jpg
680bf48e722d6a4cce244cb7,Deliplus,Polvos compactos faciales seda Nº 210 almendra,U,6,Perfumería y Parafarmacia > Maquillaje > Maquillaje Facial,Maquillaje Facial,https://a2.soysuper.com/2e6badcfe8686d6acf5edc36b10be884.110.110.0.min.wmark.70d8cce6.jpg
685f6ca66c714bdd08080640,Deliplus,Colonia fresca floral,Botella 750 ml,2.75,Perfumería y Parafarmacia > Colonia > Femenina,Femenina,https://a2.soysuper.com/83f525ec026e2b791a1659e6ca30eaf5.110.110.0.min.wmark.4a712f7b.jpg
68cedf4353c97b1d1736e127,Deliplus,Maquillaje fluido mate long lasting Nº110,U,6.5,Perfumería y Parafarmacia > Maquillaje > Maquillaje Facial,Maquillaje Facial,https://a2.soysuper.com/db6335491fb77a26ab9c9bfb038640e6.110.110.0.min.wmark.c9024d84.jpg
699c7a9191e128287128500d,Deliplus,Sombra ojos cuarteto Nº 07 marrones (acabado mate),U,4,Perfumería y Parafarmacia > Maquillaje > Maquillaje para Ojos,Maquillaje para Ojos,https://a2.soysuper.com/1c61736b3adb8258b963666c9ffed51e.110.110.0.min.wmark.bedbaf01.jpg
6794773e91e12840b22d4317,Deliplus,Polvos fix volum acabado mate fijacion fuerte,Bote 10 g,3.75,Perfumería y Parafarmacia > Cuidado del Cabello > Fijadores,Fijadores,https://a1.soysuper.com/6f89d5007d50e24c0eab6dc0c2837d4d.110.110.0.min.wmark.f5fc9ea9.jpg
69e7c06de93cdf7d560657a5,Deliplus,Mascara pestañas blue longitud extrem,U,4.5,Perfumería y Parafarmacia > Maquillaje > Maquillaje para Ojos,Maquillaje para Ojos,https://a0.soysuper.com/6ed4a8673ab1812a936f2369b34de631.110.110.0.min.wmark.f9fab53f.jpg
69e5fa381452a00a2b2ca498,Deliplus,Crema facial dia antiarrugas SPF30 regen skin,Tarro 50 ml,5.5,Perfumería y Parafarmacia > Cuidado Facial > Crema Facial,Crema Facial,https://a0.soysuper.com/49d063fb89a27a3923080a60df436623.110.110.0.min.wmark.696ac69b.jpg
6837a762d7918728193e74d8,Deliplus,Pañal 2 a 4 kg talla 1,Paquete 30 u,6.49,Bebés y Niños > Pañales > Talla 1,Talla 1,https://a2.soysuper.com/619d94ce485e800dc27e33a81cac946f.110.110.0.min.wmark.b3d6836f.jpg
685f6ca52508c122ff2c66cd,Deliplus,Colonia fresca citrica,Botella 750 ml,2.75,Perfumería y Parafarmacia > Colonia > Femenina,Femenina,https://a1.soysuper.com/104ace3ac87e963071e8b2fa5392c25b.110.110.0.min.wmark.10e8bb8e.jpg
69f6e6431452a00a2b30c631,Deliplus,Eau toilette mujer h&b fragancia berry vaporizador *****novedad*****,Botella 250 ml,3.9,Perfumería y Parafarmacia > Colonia > Femenina,Femenina,https://a1.soysuper.com/a10869a4bae26c546bbe486f78df0a58.110.110.0.min.wmark.91bd13ee.jpg
69958ec5722d6a5601444471,Deliplus,Cepillo dental plus action,Paquete 2 u,2.25,Perfumería y Parafarmacia > Higiene Bucal > Cepillo Dental,Cepillo Dental,https://a0.soysuper.com/134a1b461141528578ff57a2ee59397c.110.110.0.min.wmark.1a6989c7.jpg
694255410932f72f526afe8f,Deliplus,Dentifrico pasta blanqueadora xtrem,Botella 100 ml,1.7,Perfumería y Parafarmacia > Higiene Bucal,Higiene Bucal,https://a1.soysuper.com/3a3d9654907b5a9e39696ef9f51d1313.110.110.0.min.wmark.947c7e5c.jpg
69db136f91e12843dd62d4c2,Deliplus,Laca uñas Nº 140 blanco (alto brillo),U,2.5,Perfumería y Parafarmacia > Maquillaje > Laca para Uñas,Laca para Uñas,https://a1.soysuper.com/9c801ec45552029d6e3438c9673e1539.110.110.0.min.wmark.e80577e1.jpg
65fd37438ca63c425557ffea,Deliplus,Protector solar corporal y facial niños fps 50+ pieles sensibles y atopicas (crema),Tubo 200 ml,6,Bebés y Niños > Higiene y Perfumería > Productos Solares,Productos Solares,https://a0.soysuper.com/6c906f0845ed48b207dfe084968e00b3.110.110.0.min.wmark.a67aa765.jpg
69bea4f46c714bbdf95a7bc5,Deliplus,Protector solar FPS30 aceite (spray),Botella 200 ml,6,Perfumería y Parafarmacia > Productos Solares > Protector Solar,Protector Solar,https://a0.soysuper.com/171d66355209d76422ceb9a5ef0a410d.110.110.0.min.wmark.7aaf029c.jpg
66863d02e6ed406faa2581f8,Deliplus,Desodorante stick unisex dermo antimanchas (bambu),Bote 50 ml,1.9,Perfumería y Parafarmacia > Desodorante > Stick,Stick,https://a2.soysuper.com/8ec56d7ed00dbeceba5753c11c640d40.110.110.0.min.wmark.b1ce2f0e.jpg
677a2eb3722d6a114333680a,Deliplus,Desodorante roll-on fashion seda (fucsia),Bote 50 ml,0.9,Perfumería y Parafarmacia > Desodorante > Roll On,Roll On,https://a0.soysuper.com/4a4506329f7f4088a3d1d742c2f2d378.110.110.0.min.wmark.edb1b42c.jpg
6836b2432508c14df602fa34,Deliplus,Manteca corporal de murumuru,Tarro 300 ml,4,Perfumería y Parafarmacia > Cuidado Corporal > Cremas y Lociones,Cremas y Lociones,https://a1.soysuper.com/8ba110d6586ab2c3a0fe1b929a7ab0a2.110.110.0.min.wmark.064107a6.jpg
67220196a44508139a1be402,Deliplus,Locion anticaida fortificante,Botella 100 ml,6,Perfumería y Parafarmacia > Cuidado del Cabello > Tratamientos para el Cabello,Tratamientos para el Cabello,https://a0.soysuper.com/58bddd0ef44b97c39ba1cb41381a59cf.110.110.0.min.wmark.14f56347.jpg
66fba82298ec91140d5ce55d,Deliplus,Tinte coloracion permanente Nº 6.34 0% amoniaco caramelo miel,U,3.9,Perfumería y Parafarmacia > Cuidado del Cabello > Tintes para el Cabello,Tintes para el Cabello,https://a2.soysuper.com/4861930ab0ef6c37e00d556551ffa604.110.110.0.min.wmark.2256613b.jpg
69b2eaf4a445084b5461ae2a,Deliplus,Laca uñas Nº 137 verde,U,2.5,Perfumería y Parafarmacia > Maquillaje > Laca para Uñas,Laca para Uñas,https://a1.soysuper.com/a608cb720be68c792e100f4ee11ade83.110.110.0.min.wmark.68adbfdc.jpg
680bf52653c97b376a3c7a80,Deliplus,Barra labios larga duracion 12H Nº 07 (acabado mate),U,5,Perfumería y Parafarmacia > Maquillaje > Maquillaje para Labios,Maquillaje para Labios,https://a2.soysuper.com/aecdffc9448f3005ad7f198216e2a56f.110.110.0.min.wmark.41b4a602.jpg
698aef26722d6a443a3543d8,Deliplus,Gel baño dermo proteccion piel normal con extracto de frutas(con dosificador),Botella 1 l,1.3,Perfumería y Parafarmacia > Cuidado Corporal > Gel de Baño,Gel de Baño,https://a0.soysuper.com/8752ccf7bf77c223a174f5855d26dafd.110.110.0.min.wmark.2e07be22.jpg
69d3861e91e12843e57fa81f,Deliplus,Cambiador bebe desechable,Paquete 12 u,4.15,Bebés y Niños > Higiene y Perfumería > Accesorios,Accesorios,https://a2.soysuper.com/63b6e875b0af5bda199032455087c3df.110.110.0.min.wmark.cbf3fb7d.jpg
66237a8f8ca63c273f2aa06f,Deliplus,Enjuague bucal sensitive y encias,Botella 500 ml,1.8,Perfumería y Parafarmacia > Higiene Bucal > Enjuague Bucal,Enjuague Bucal,https://a1.soysuper.com/a5bfc0dc37bde835e2c07a5c612d5545.110.110.0.min.wmark.d22a7ddf.jpg
6650ca55722d6a30c9546d93,Deliplus,Barra labios color balm textura balsamo Nº11 rosa (acabado brillo),U,4.5,Perfumería y Parafarmacia > Maquillaje > Maquillaje para Labios,Maquillaje para Labios,https://a1.soysuper.com/72aff8c1e392acf4ff2a5b7902d8d8b5.110.110.0.min.wmark.76e3eae9.jpg
66559ae3e93cdf45d3290941,Deliplus,Tratamiento serum iluminador liss & frizz (para cabello con tendencia al encrespamiento),Botella 100 ml,4.1,Perfumería y Parafarmacia > Cuidado del Cabello > Tratamientos para el Cabello,Tratamientos para el Cabello,https://a2.soysuper.com/6085b8c438976e3b6d7ddcd7ca0f2da6.110.110.0.min.wmark.d6c601ed.jpg
6749b56ad791877ddc345d3e,Deliplus,Sombra ojos stick automatico Nº 01 iluminador (larga duracion y multifuncional),U,4,Perfumería y Parafarmacia > Maquillaje > Maquillaje para Ojos,Maquillaje para Ojos,https://a0.soysuper.com/772fa584324eae75a82f3485c46e681c.110.110.0.min.wmark.cd2789e5.jpg
69a7fafa53c97b016a06dc37,Deliplus,Esponja baño vegetal suave pieles sensibles celulosa con cuerda,U,1.5,Bebés y Niños > Higiene y Perfumería > Accesorios,Accesorios,https://a2.soysuper.com/83027749652309dc7a67ac5ce80e6580.110.110.0.min.wmark.4fcc6c9b.jpg
68cedf44d7918735c82bceed,Deliplus,Maquillaje fluido hydra Nº 300,U,6.5,Perfumería y Parafarmacia > Maquillaje > Maquillaje Facial,Maquillaje Facial,https://a0.soysuper.com/d0e96821269da18c51d3682773fd75ef.110.110.0.min.wmark.e53f895e.jpg
680bf5240932f707407628ce,Deliplus,Barra labios larga duracion 12H Nº 03 (acabado mate),U,5,Perfumería y Parafarmacia > Maquillaje > Maquillaje para Labios,Maquillaje para Labios,https://a2.soysuper.com/cedab5543a659ac8ed31d1d645a501b9.110.110.0.min.wmark.075ff485.jpg
69df9a921452a00a2b2b6740,Deliplus,"Colorete crema blush 02 raspberry (textura cremosa, acabado mate natural) coleccion duo gloss & blush",U,5.25,Perfumería y Parafarmacia > Maquillaje > Maquillaje Facial,Maquillaje Facial,https://a1.soysuper.com/8849e053212ed8ea08f86d1c8a88c2e5.110.110.0.min.wmark.910968d0.jpg
680bf5250932f7074d0e9cc8,Deliplus,Barra labios larga duracion 12H Nº 05 (acabado mate),U,5,Perfumería y Parafarmacia > Maquillaje > Maquillaje para Labios,Maquillaje para Labios,https://a2.soysuper.com/eae195ebd31aa04a14a5d8552a8b8095.110.110.0.min.wmark.3c1b2791.jpg
6749b56a53c97b538b37e9ad,Deliplus,Sombra ojos stick automatico Nº 03 rose oscuro (larga duracion y multifuncional),U,4,Perfumería y Parafarmacia > Maquillaje > Maquillaje para Ojos,Maquillaje para Ojos,https://a1.soysuper.com/11aab830eb45018296073d610740f320.110.110.0.min.wmark.344039b0.jpg
69911c73e93cdf796763d637,Deliplus,Mascara pestañas water xtrem negra (longitud infinita),U,4.5,Perfumería y Parafarmacia > Maquillaje > Maquillaje para Ojos,Maquillaje para Ojos,https://a2.soysuper.com/15963ef864d95ee343c8c4c13c2e2e9e.110.110.0.min.wmark.191c77c3.jpg
69f4429a2508c1062f38a993,Deliplus,Laca uñas Nº 146 rosa (coleccion verano),U,2.5,Perfumería y Parafarmacia > Maquillaje > Laca para Uñas,Laca para Uñas,https://a0.soysuper.com/c7b7e383692eb8e6f7ec16d5e48d7403.110.110.0.min.wmark.f3ba6418.jpg
68cedf4491e128d94a3b3b36,Deliplus,Maquillaje fluido hydra Nº 210,U,6.5,Perfumería y Parafarmacia > Maquillaje > Maquillaje Facial,Maquillaje Facial,https://a2.soysuper.com/df1598ceee41cc052f08d6bd452cd323.110.110.0.min.wmark.631234a6.jpg
69911c74a44508f9270c7bfe,Deliplus,Mascara pestañas drama lashes negra (volumen y longitud),U,4.5,Perfumería y Parafarmacia > Maquillaje > Maquillaje para Ojos,Maquillaje para Ojos,https://a2.soysuper.com/12f22ce22ee14e3b7654d205f026b01c.110.110.0.min.wmark.9faf2131.jpg
6a0753ef6c714b23ac3a53bc,Deliplus,Face & body (stick iluminador para rostro y cuerpo efecto refrescante) (coleccion fireworks),U,5.75,Perfumería y Parafarmacia > Maquillaje > Maquillaje Facial,Maquillaje Facial,https://a2.soysuper.com/f96efec4c2d18ba2a1de2d6ebbd39b9b.110.110.0.min.wmark.7c3318ec.jpg
6a02ccfa8ca63c791433ec48,Deliplus,Gel cream facial regulador antimarcas oil free ******novedad*****,Tubo 50 ml,5,Perfumería y Parafarmacia > Cuidado Facial > Limpieza Facial,Limpieza Facial,
69bea4f56c714bbe1c1e3e99,Deliplus,Protector solar facial fps 50 (fluido),Bote 50 ml,6.5,Perfumería y Parafarmacia > Productos Solares > Protector Solar,Protector Solar,https://a1.soysuper.com/452e4e419030eb0c81103c928988e6c4.110.110.0.min.wmark.27f98bb1.jpg
680bf524e93cdf26ad593e93,Deliplus,Barra labios larga duracion 12H Nº 02 (acabado mate),U,5,Perfumería y Parafarmacia > Maquillaje > Maquillaje para Labios,Maquillaje para Labios,https://a1.soysuper.com/1946451c2f59c5437d469cf10ca320af.110.110.0.min.wmark.27c96905.jpg
69e26b44722d6a43817ac362,Deliplus,Parche facial secante de imperfecciones oil free (ayudan a reducir el tamaño de los granos),24 u,4.5,Perfumería y Parafarmacia > Cuidado Facial > Tratamiento,Tratamiento,https://a2.soysuper.com/4b1eef8b9883f4b0ad24d39e8b648aeb.110.110.0.min.wmark.f6000f6d.jpg
6a075caf722d6a438420f3b6,Deliplus,Barra labios gloss acabado brillante con toque de color y neceser (coleccion fireworks),U,6.5,Perfumería y Parafarmacia > Maquillaje > Maquillaje para Labios,Maquillaje para Labios,https://a1.soysuper.com/a9832965635decc8e886706b903275d7.110.110.0.min.wmark.566b5d26.jpg
68cedf4591e128d94a3b3b37,Deliplus,Maquillaje mate stick Nº 200,U,7,Perfumería y Parafarmacia > Maquillaje > Maquillaje Facial,Maquillaje Facial,https://a1.soysuper.com/ca7023c2f50dfc347e352cebfa0693b0.110.110.0.min.wmark.3a18ac22.jpg
69911c748ca63c5cb21f3b96,Deliplus,Mascara pestañas maxi volume negra (volumen intenso),U,4.5,Perfumería y Parafarmacia > Maquillaje > Maquillaje para Ojos,Maquillaje para Ojos,https://a0.soysuper.com/d58994a014394ca2fb19e6f9c3c2240f.110.110.0.min.wmark.cc53fd99.jpg
5d5bd4ce2508c172a97446de,Deliplus,Toallitas humedas bebe frescas y perfumadas con aloe vera,Pack 3 x 80 toallitas,2.99,Bebés y Niños > Toallitas > Bebé,Bebé,https://a1.soysuper.com/c7eb6e82b61213da0faa57d5268dd172.110.110.0.min.wmark.bd766c98.jpg
4fc914b7cc75fa2a35014e37,Deliplus,Protegeslip maxi suave,Paquete 60 u,2.25,Perfumería y Parafarmacia > Higiene Íntima > Protege Slip,Protege Slip,https://a1.soysuper.com/c535cd439fbe205f218dec3d1c0aa4ad.110.110.0.min.wmark.1afbf379.jpg
5af585ed0932f748d376c01c,Deliplus,Jabon manos liquido dermo protector dosificador,Botella 500 ml,0.8,Perfumería y Parafarmacia > Cuidado Corporal > Jabón para Manos,Jabón para Manos,https://a0.soysuper.com/79271d15a99043d05d8ab04bf352d734.110.110.0.min.wmark.e997d127.jpg
5012f1040f8e48d05d0001f1,Deliplus,Discos desmaquillantes redondos,Paquete 150 u,1,Perfumería y Parafarmacia > Cuidado Facial > Limpieza Facial,Limpieza Facial,https://a0.soysuper.com/5bcb7782803a2b7896fa5bb9e3fe2cf8.110.110.0.min.wmark.d54bf9e2.jpg
5012f1090f8e48d05d0001f2,Deliplus,Discos desmaquillantes ovalados,Paquete 100 u,1.4,Perfumería y Parafarmacia > Cuidado Facial > Limpieza Facial,Limpieza Facial,https://a0.soysuper.com/e9bdcacba92b82aa5ced118eaaa154a8.110.110.0.min.wmark.ac68e9e9.jpg
58a4229cc240640ac5418fc3,Deliplus,Desodorante spray mujer antimanchas invisible,Bote 200 ml,1.65,Perfumería y Parafarmacia > Desodorante > Spray,Spray,https://a1.soysuper.com/47523af77ef0135c2201ed3b251d9081.110.110.0.min.wmark.56ba15f4.jpg
4fc9148ccc75fa2a3501449d,Deliplus,Esponja baño masaje doble accion (1 cara esponja y la otra exfoliante),Pack 2 u,1.3,Bebés y Niños > Higiene y Perfumería > Accesorios,Accesorios,https://a2.soysuper.com/4ab65e80ac0180ea037e787129bd9b14.110.110.0.min.wmark.0ee1ce71.jpg
5f82b22a98ec915a55122ecf,Deliplus,Desmaquillador ojos y labios bifásico,Botella 150 ml,2,Perfumería y Parafarmacia > Cuidado Facial > Limpieza Facial,Limpieza Facial,https://a1.soysuper.com/1f6503a93c971fb610246ab3cf5db4a4.110.110.0.min.wmark.2eee404b.jpg
5c5073de98ec91092a486bd2,Deliplus,Aceite rosa mosqueta 100 % natural,Botella 30 ml,4.8,Perfumería y Parafarmacia > Cuidado Corporal > Aceite Corporal,Aceite Corporal,https://a2.soysuper.com/29444ca4f0eb4e97d8e44403e0b150b2.110.110.0.min.wmark.63d584c0.jpg
5cc0324e0932f717e55e9349,Deliplus,Dentífrico pasta con bicarbonato (blanqueador),Tubo 100 ml,1.1,Perfumería y Parafarmacia > Higiene Bucal > Dentífrico,Dentífrico,https://a2.soysuper.com/cb31595ffde9bb994b8492a9b5f26858.110.110.0.min.wmark.f1c09962.jpg
4fc914b8cc75fa2a35014e3c,Deliplus,Compresa noche clasica plegada alas,Paquete 10 u,1.4,Perfumería y Parafarmacia > Higiene Íntima > Compresas,Compresas,https://a0.soysuper.com/de74e99463b77f5cfaacf405a4e51526.110.110.0.min.wmark.49e6a5fa.jpg
59cf410d1452a0342a21b7b9,Deliplus,Gel baño dermo proteccion piel seca con aceite de oliva,Botella 750 ml,1.59,Perfumería y Parafarmacia > Cuidado Corporal > Gel de Baño,Gel de Baño,https://a0.soysuper.com/bdf34aad28093e1189dc69cb78c846ce.110.110.0.min.wmark.e8bc95f8.jpg
58a1a1b01452a0753556738d,Deliplus,Desodorante spray hombre antimanchas invisible,Bote 200 ml,1.65,Perfumería y Parafarmacia > Desodorante > Para Hombre,Para Hombre,https://a0.soysuper.com/4dc6ae3f6a7bb485730bdbf24aa673de.110.110.0.min.wmark.382c4a6f.jpg
4fc915bbcc75fa2a35018af1,Deliplus,Aceite corporal aloe vera (botella verde),Botella 400 ml,1.6,Perfumería y Parafarmacia > Cuidado Corporal > Aceite Corporal,Aceite Corporal,https://a0.soysuper.com/dc82791c0b62af02e0b28f9d5de47d45.110.110.0.min.wmark.e2c1efb1.jpg
5b564e8b722d6a15e31312ad,Deliplus,Toallitas húmedas bebe pieles con tendencia atópica,Paquete 60 ud,1.8,Bebés y Niños > Toallitas > Bebé,Bebé,https://a1.soysuper.com/01eb1cd650d7620df1c9941f65b2b713.110.110.0.min.wmark.59bdce55.jpg
4fc914b7cc75fa2a35014e36,Deliplus,Protegeslip normal suave,Paquete 72 u,1.85,Perfumería y Parafarmacia > Higiene Íntima > Protege Slip,Protege Slip,https://a0.soysuper.com/f6405c2f12ba44a62df7c0ad708ec086.110.110.0.min.wmark.fe269abe.jpg
618ccc1598ec912791262399,Deliplus,Recambio jabon manos liquido dermo protector dosificador,Paquete 1000 ml,1.4,Perfumería y Parafarmacia > Cuidado Corporal > Jabón para Manos,Jabón para Manos,https://a0.soysuper.com/548f74734a9b9aae8943e8bb870546d3.110.110.0.min.wmark.7d0cc9df.jpg
4fc914b8cc75fa2a35014e47,Deliplus,Compresa normal clasica,Paquete 26 u,1.1,Perfumería y Parafarmacia > Higiene Íntima > Compresas,Compresas,https://a0.soysuper.com/39b614a7279fedb7276679b86562dcab.110.110.0.min.wmark.8c56d84a.jpg
59cf410e98ec9174b903dacd,Deliplus,Gel baño dermo cuidado piel muy seca (con aceite argan),Botella 500 ml,1.5,Perfumería y Parafarmacia > Cuidado Corporal > Gel de Baño,Gel de Baño,https://a0.soysuper.com/7151ba8d420bf4bd5c9604412a409346.110.110.0.min.wmark.8b0f6764.jpg
52e822922801ba4f3b000005,Deliplus,Mascara pestañas y cejas transparente,U,3,Perfumería y Parafarmacia > Maquillaje > Maquillaje para Ojos,Maquillaje para Ojos,https://a2.soysuper.com/ddd318d8d491d094de8a5b94a64357ed.110.110.0.min.wmark.18d7b10e.jpg
5bd84ba4722d6a6be1726aac,Deliplus,Protector cama (60 x 90 cm),Paquete 20 u,8.49,Bebés y Niños > Pañales > Protector de Cama,Protector de Cama,https://a2.soysuper.com/5ca93ce3d5d6fb883aa9136a92acdfbb.110.110.0.min.wmark.3a132968.jpg
5f968a6c722d6a2d87032f6c,Deliplus,Toallitas hidro alcohólicas (75 % alcohol),Paquete 15 u,1,Perfumería y Parafarmacia > Parafarmacia > Botiquín,Botiquín,https://a0.soysuper.com/b7f97e01778622590ef760241d8a1035.110.110.0.min.wmark.0ed4a991.jpg
6102db2a53c97b31e4621c91,Deliplus,Maquinilla depilacion body desechable 2 hojas,Paquete 5 u,0.72,Perfumería y Parafarmacia > Depilación > Maquinillas,Maquinillas,https://a1.soysuper.com/5cc567e63ae54aeacdca2181bc6bfad8.110.110.0.min.wmark.90960b19.jpg
52f15a9242c959b83a000002,Deliplus,Gel baño y champu bebe pieles atopicas con dosificador,Botella 600 ml,3.7,Bebés y Niños > Higiene y Perfumería > Champú,Champú,https://a1.soysuper.com/98e40ff17a7c1d849fc36a2b21b55579.110.110.0.min.wmark.eb6ed0ae.jpg
649e7b538ca63c79a6383dd9,Deliplus,Dentifrico pasta anticaries,Tubo 100 ml,1.05,Perfumería y Parafarmacia > Higiene Bucal > Dentífrico,Dentífrico,https://a1.soysuper.com/cd008271d4b6f030da72213fc392fe28.110.110.0.min.wmark.6507f2d7.jpg
5c8717ee98ec911c5310a25d,Deliplus,Acondicionador reparacion & hidratacion con aclarado cabello seco y dañado,Botella 300 ml,1.5,Perfumería y Parafarmacia > Cuidado del Cabello > Acondicionador,Acondicionador,https://a0.soysuper.com/fee973e965d9ac8d85f41b7fb8f10e06.110.110.0.min.wmark.da686947.jpg
6220726e722d6a0f414ffb92,Deliplus,Gel facial acido hialuronico hidrata (apto para piel normal y grasa),Tarro 50 ml,5,Perfumería y Parafarmacia > Cuidado Facial > Crema Facial,Crema Facial,https://a1.soysuper.com/69468e79014f1d405d14c3c99e77ea8f.110.110.0.min.wmark.8962111b.jpg
64f6ceabe93cdf0af5304d7d,Deliplus,Cepillo dental infantil personaje a partir 2 años (patrulla canina),U,0.9,Bebés y Niños > Higiene y Perfumería > Higiene Bucal,Higiene Bucal,https://a1.soysuper.com/05cf9de5354e362f211e6a7016f40cb6.110.110.0.min.wmark.87de2aa0.jpg
4fc9149dcc75fa2a35014850,Deliplus,Gel baño dermoprotector cabello y cuerpo,Botella 250 ml,1,Perfumería y Parafarmacia > Cuidado Corporal > Gel de Baño,Gel de Baño,https://a2.soysuper.com/4a4efd0e9bc382d9f204d0f22aea4da3.110.110.0.min.wmark.d780cdf8.jpg
5ca80d2a1452a02c2e1db493,Deliplus,Champu cabello niños 3 en 1 kids,Botella 300 ml,1.7,Bebés y Niños > Higiene y Perfumería > Champú,Champú,https://a0.soysuper.com/9e6fe7a4adff541c66347d1cd2dd31cb.110.110.0.min.wmark.440e9f45.jpg
656df18b98ec9149e76af657,Deliplus,Enjuague bucal blanqueador (blanco),Botella 500 ml,1.4,Perfumería y Parafarmacia > Higiene Bucal > Enjuague Bucal,Enjuague Bucal,https://a0.soysuper.com/3de4b6fa7e820344f25c9a15e6b8875a.110.110.0.min.wmark.7511475b.jpg
656df18e2508c119fd241171,Deliplus,Enjuague bucal infantil kids con fluor previene las caries y sin alcohol (sabor fresa),Botella 500 ml,1.4,Bebés y Niños > Higiene y Perfumería > Higiene Bucal,Higiene Bucal,https://a0.soysuper.com/a65b62aea9566006e1109a0a2cdc0cd2.110.110.0.min.wmark.cbe8ec43.jpg
61bc5424e93cdf10e7791956,Deliplus,Perlas omega 3,Caja 60 u,3.95,Dietéticos > Complementos Dietéticos > Vitaminas,Vitaminas,https://a2.soysuper.com/b2ad6469d7038681f3ce3d65b14f0678.110.110.0.min.wmark.e600f1df.jpg
5ab0dee52508c1398a3e8974,Deliplus,Pomada bebe para pañal,Tubo 100 ml,2.75,Bebés y Niños > Higiene y Perfumería > Crema Corporal,Crema Corporal,https://a2.soysuper.com/b5f1506811aa1d68db3860342df14984.110.110.0.min.wmark.13a6bfb5.jpg
58a422a4d115202483489467,Deliplus,Desodorante spray unisex cuidado avena (marron),Bote 200 ml,1.65,Perfumería y Parafarmacia > Desodorante > Spray,Spray,https://a1.soysuper.com/72ec1105f01ab9a18ce7e0da90697d95.110.110.0.min.wmark.0e50f6bb.jpg
5fafe0682508c168f21648d3,Deliplus,Maquinilla de afeitar desechable 2 hojas fix,Paquete 10 u,1.1,Perfumería y Parafarmacia > Afeitado > Maquinillas de Afeitar,Maquinillas de Afeitar,https://a0.soysuper.com/495578f0eded21938bcc76ee2e34605d.110.110.0.min.wmark.4938507a.jpg
62c9b0988ca63c37d71c6a6b,Deliplus,Crema corporal hidratante con acido hialuronico y esferas vitamina e (para todo tipo pieles),Tarro 250 ml,2.75,Perfumería y Parafarmacia > Cuidado Facial > Crema Facial,Crema Facial,https://a2.soysuper.com/9f09971fd2978c30259e13c26b52bb2a.110.110.0.min.wmark.340c68b2.jpg
6102db2a98ec9105050c9390,Deliplus,Maquinilla depilacion body desechable 3 hojas,Paquete 4 u,2.15,Perfumería y Parafarmacia > Depilación > Maquinillas,Maquinillas,https://a1.soysuper.com/6c4f1264a511f61b4ddb844fa92ebfa8.110.110.0.min.wmark.20c9630a.jpg
59523a121452a0642a40cc74,Deliplus,Protector solar facial fps 50 invisible,Tubo 50 ml,6,Perfumería y Parafarmacia > Productos Solares > Protector Solar,Protector Solar,https://a1.soysuper.com/6e56caf5c4f9e390c782efd3916b3f8e.110.110.0.min.wmark.52713669.jpg
5b8516a098ec9145a17e49d5,Deliplus,Antiseptico transparente spray (desinfectar heridas),Bote 50 ml,1.8,Perfumería y Parafarmacia > Mascarillas y Gel Higienizante > Gel Higienizante,Gel Higienizante,https://a0.soysuper.com/0328c3b6f7a57758b2883fee607065b7.110.110.0.min.wmark.5a1fb922.jpg
5c5073dd2508c1098d1327a7,Deliplus,Aceite corporal almendras dulces,Botella 200 ml,3.4,Perfumería y Parafarmacia > Cuidado Corporal > Aceite Corporal,Aceite Corporal,https://a2.soysuper.com/9d0b6519d6625f3fbf18ea604e71056c.110.110.0.min.wmark.a48729d4.jpg
4fc914b7cc75fa2a35014e31,Deliplus,Protegeslip 2 en 1 suave,Paquete 24 u,1.66,Perfumería y Parafarmacia > Higiene Íntima > Protege Slip,Protege Slip,https://a2.soysuper.com/5b9857a1bd2a2deddd25e79df3fa039d.110.110.0.min.wmark.4c91d39a.jpg
6024e440d7918742136570e1,Deliplus,Perfilador ojos automatico Nº 7 verde turquesa (waterproof),U,2.5,Perfumería y Parafarmacia > Maquillaje > Maquillaje para Ojos,Maquillaje para Ojos,https://a0.soysuper.com/c3f555ae854f689e897158409e457e4f.110.110.0.min.wmark.7477baa2.jpg
6502ac8998ec91498c25b50b,Deliplus,Capsulas probiotico,Caja 30 u,5.95,Dietéticos > Complementos Dietéticos > Probiótico,Probiótico,https://a1.soysuper.com/cc707e181ff935b9b941698d7ea898c9.110.110.0.min.wmark.b6ed650a.jpg
5f2e24262508c14af4152088,Deliplus,Aceite facial licopeno antiox,Tarro 30 ml,6,Perfumería y Parafarmacia > Cuidado Corporal > Cremas y Lociones,Cremas y Lociones,https://a0.soysuper.com/33fe961a822cb0b71da8ca8dbca0ba8e.110.110.0.min.wmark.64fcb467.jpg
63f997e61452a04e976500df,Deliplus,Brillo labial volumizer Nº 03 (pink nude),U,5,Perfumería y Parafarmacia > Maquillaje > Maquillaje para Labios,Maquillaje para Labios,https://a2.soysuper.com/8dba1fd566a349b6e0607d9109ed8c7a.110.110.0.min.wmark.d7a6b5e6.jpg
63aaa32b2508c11544352bb4,Deliplus,Tratamiento uñas serum (coleccion sos),U,3.5,Perfumería y Parafarmacia > Maquillaje > Laca para Uñas,Laca para Uñas,https://a2.soysuper.com/b3a32f44c49813f4cfc54112a0a4d0ed.110.110.0.min.wmark.8878feed.jpg
61f4cb120932f73f057e2715,Deliplus,Cepillo uñas,U,1.9,Perfumería y Parafarmacia > Cuidado de Pies y Manos > Manicura y Pedicura,Manicura y Pedicura,https://a2.soysuper.com/45a479c758b43a9ecd06124665856a8b.110.110.0.min.wmark.1a033cb3.jpg
5f375f681452a014c24c3d53,Deliplus,Enjuague bucal gingival con clorhexidina,Botella 500 ml,2,Perfumería y Parafarmacia > Higiene Bucal > Enjuague Bucal,Enjuague Bucal,https://a2.soysuper.com/9139a5078474af7da10557eef1e7db33.110.110.0.min.wmark.d3314598.jpg
4fc90fe9cc75fa2a350021cc,Deliplus,Esponja baño rizo,Pack 2 u,1.3,Bebés y Niños > Higiene y Perfumería > Accesorios,Accesorios,https://a0.soysuper.com/275883bae4aa6908b3ba0ff280e0d44d.110.110.0.min.wmark.073b1207.jpg
58fdd4c398ec9167913ef6d0,Deliplus,Aceite corporal en crema oriental,Tubo 250 ml,3,Perfumería y Parafarmacia > Cuidado Corporal > Aceite Corporal,Aceite Corporal,https://a2.soysuper.com/74946448bfcd7c4c8353974f737c90a5.110.110.0.min.wmark.d77041f2.jpg
635d4e2298ec916acb4dee41,Deliplus,Tratamiento cabello dañado serum plex repair sin aclarado,Botella 100 ml,4.1,Perfumería y Parafarmacia > Cuidado del Cabello > Acondicionador,Acondicionador,https://a0.soysuper.com/59cf3a4289342908e2ac77657cce931d.110.110.0.min.wmark.332a51c0.jpg
5550789a98ec915337227e37,Deliplus,Perfilador ojos delineador negro con punta rotulador,1 unidad,3.75,Perfumería y Parafarmacia > Maquillaje > Maquillaje para Ojos,Maquillaje para Ojos,https://a2.soysuper.com/d91a40f1067c141f764447351a4bbd38.110.110.0.min.wmark.e7aaed19.jpg
58ac18c798ec91281147d582,Deliplus,Suero fisiologico,Caja 30 u,3.23,Perfumería y Parafarmacia > Parafarmacia > Botiquín,Botiquín,https://a1.soysuper.com/f606f0692a7f479d4aa397a45aa971bf.110.110.0.min.wmark.200a013c.jpg
60aeb4c51452a0510e3c0436,Deliplus,Colorete luminoso Nº1,1 unidad,5,Perfumería y Parafarmacia > Maquillaje > Maquillaje Facial,Maquillaje Facial,https://a1.soysuper.com/562784b1f7552e976e8fee247d1451ac.110.110.0.min.wmark.bf3ebeb7.jpg
4fc910a8cc75fa2a35005678,Deliplus,Esponja baño bebe suave ovalada,U,1,Bebés y Niños > Higiene y Perfumería > Accesorios,Accesorios,https://a1.soysuper.com/ba41c7a0ae79ac063e923d0756ba880a.110.110.0.min.wmark.9e81beed.jpg
4fc915bbcc75fa2a35018aef,Deliplus,Agua facial avena vaporizador linea dermik,Botella 300 ml,2.8,Perfumería y Parafarmacia > Cuidado Facial > Limpieza Facial,Limpieza Facial,https://a1.soysuper.com/9822e5d0c065e308e886d6a98abff748.110.110.0.min.wmark.531ae9c1.jpg
5c9641ae2508c106e83db6b0,Deliplus,Protegeslip normal dry,Paquete 70 u,2.1,Perfumería y Parafarmacia > Higiene Íntima > Protege Slip,Protege Slip,https://a2.soysuper.com/d378f58cb887329d0aa3509e5b8acffb.110.110.0.min.wmark.a0c168ea.jpg
629b8338e93cdf599847c29c,Deliplus,Crema corporal aroma vainilla,Tarro 250 g,1.8,Perfumería y Parafarmacia > Cuidado Corporal > Cremas y Lociones,Cremas y Lociones,https://a1.soysuper.com/f1629549318cd6194b747bace6cb9045.110.110.0.min.wmark.1b01087a.jpg
643d04e38ca63c43d4218022,Deliplus,Soluble colageno magnesio y acido hialuronico sabor limon,Bote 250 g,5.3,Dietéticos > Complementos Dietéticos > Vitaminas,Vitaminas,https://a0.soysuper.com/61ea686d70c6691f37254a5b62bfb776.110.110.0.min.wmark.05ed053e.jpg
5228f170870640f01c0001b0,Deliplus,Spray propolis (previene irritacion garganta),Botella 20 ml,3.6,Dietéticos > Complementos Dietéticos > Própolis,Própolis,https://a1.soysuper.com/d7ae0c061c31cada408a6c1716412a90.110.110.0.min.wmark.b5df7de2.jpg
5c9a5344e93cdf4f3d6db818,Deliplus,Mousse cabello rizado,Bote 200 ml,2.5,Perfumería y Parafarmacia > Cuidado del Cabello > Fijadores,Fijadores,https://a0.soysuper.com/13db947e8be76e272860a3615201a0a0.110.110.0.min.wmark.2f1aa3bf.jpg
5c9a51f6e93cdf4f3a10065d,Deliplus,Termo protect pistola,Botella 200 ml,3,Bazar y Casa > Menaje de Cocina > Botellas,Botellas,https://a1.soysuper.com/daee10c97cc4541feea98609d5f422dd.110.110.0.min.wmark.a8c1b145.jpg
651d1d2f53c97b0e8a69fc30,Deliplus,Balsamo facial / corporal bebe pieles atopicas,Tubo 200 ml,4.4,Bebés y Niños > Higiene y Perfumería > Crema Corporal,Crema Corporal,https://a0.soysuper.com/701514339d161ac7efdebed1a0e4b4e0.110.110.0.min.wmark.5dc16ee4.jpg
58aa32f1c240643ade3ae9b7,Deliplus,Desodorante roll-on unisex cuidado avena (marron),Bote 50 ml,0.9,Perfumería y Parafarmacia > Desodorante > Roll On,Roll On,https://a1.soysuper.com/8066729ef4be6b0e1a74e6ed410566f5.110.110.0.min.wmark.1cca3bde.jpg
5f82b22a1452a01925591a60,Deliplus,Crema facial hidratante fortalecedora con vitamina k sensitive,Tarro 50 ml,6,Perfumería y Parafarmacia > Cuidado Facial > Crema Facial,Crema Facial,https://a1.soysuper.com/5403bf9e0811b08dabba119c5c4659dd.110.110.0.min.wmark.a5edbdc7.jpg
5012f01229eba8532300015a,Deliplus,Capsulas valeriana,Bote 60 u,4.15,Dietéticos > Complementos Dietéticos > Relajantes,Relajantes,https://a2.soysuper.com/987536070e0c515051d7590b0ff3bd1e.110.110.0.min.wmark.242b8093.jpg
5f82b22a53c97b268a107084,Deliplus,Crema facial revitalizante y regeneradora sisbela,Tarro 50 ml,5,Perfumería y Parafarmacia > Cuidado Facial > Crema Facial,Crema Facial,https://a0.soysuper.com/962c9c9b4f65f3964d5f90d9074d2e44.110.110.0.min.wmark.cff3fdf4.jpg
53c169cb2cfe6e830c00e926,Deliplus,Toallitas húmedas gigantes dermo higuiene corporal,Paquete de 60 uds,3.92,Droguería > Celulosa > Toallitas Refrescantes e Higienizantes,Toallitas Refrescantes e Higienizantes,https://a2.soysuper.com/1794268d259cf23d984d99c86c5610e2.110.110.0.min.wmark.d6940984.jpg
5c0112ca1452a004cf70bf31,Deliplus,Tinte coloracion permanente Nº 8.31 0% amoniaco rubio miel,U,3.9,Perfumería y Parafarmacia > Cuidado del Cabello > Tintes para el Cabello,Tintes para el Cabello,https://a1.soysuper.com/cd11986574319fb1fb9690ac61aed164.110.110.0.min.wmark.edfd3f1a.jpg
62543fa6d1152076dd7a7172,Deliplus,Desodorante body spray hombre perfume power antimanchas,Bote 200 ml,1.75,Perfumería y Parafarmacia > Desodorante > Para Hombre,Para Hombre,https://a1.soysuper.com/5ef4861552ec33d768cb27f182da45a5.110.110.0.min.wmark.504120b2.jpg
5c8717da98ec911c5310a25b,Deliplus,Champu color intense iluminacion y proteccion cabello teñido o con mechas,Botella 400 ml,1.9,Perfumería y Parafarmacia > Cuidado del Cabello > Champú,Champú,https://a1.soysuper.com/d533a5669f92c46b5711da66a0bb6ec5.110.110.0.min.wmark.133ccc76.jpg
58a422a5c240640ac3615f48,Deliplus,Desodorante spray suavidad cuidado seda (morado),Bote 200 ml,1.65,Perfumería y Parafarmacia > Desodorante > Para Hombre,Para Hombre,https://a1.soysuper.com/13f4132984c3288bc6aab7fa7f14756e.110.110.0.min.wmark.e5af92cb.jpg
606fb53e53c97b7337633931,Deliplus,Polvos compactos faciales de sol oscuro Nº2,1 ud,7.5,Perfumería y Parafarmacia > Maquillaje > Maquillaje Facial,Maquillaje Facial,https://a2.soysuper.com/64abf6d7da1b4e6b0fed599e36d0c26b.110.110.0.min.wmark.7c2352f8.jpg
5f82b22a53c97b268c727eaf,Deliplus,Contorno ojos prevent,Tubo 15 ml,4.5,Perfumería y Parafarmacia > Cuidado Facial > Crema Facial,Crema Facial,https://a1.soysuper.com/031ffb096f49bc0e9fb909ed75da11dd.110.110.0.min.wmark.4b282d58.jpg
5c9641b098ec9103c6087980,Deliplus,Compresa super cotton alas,Paquete 28 u,3.4,Perfumería y Parafarmacia > Higiene Íntima > Compresas,Compresas,https://a1.soysuper.com/85c0ce8c73620897e9f364e884857446.110.110.0.min.wmark.d0bd178e.jpg
5c8717da722d6a725509f2b1,Deliplus,Champu alisado cabello rebelde,Botella 400 ml,1.9,Perfumería y Parafarmacia > Cuidado del Cabello > Champú,Champú,https://a0.soysuper.com/27b92cfcbc5eb539a8421a74d96fa9f4.110.110.0.min.wmark.0dfccfea.jpg
5e3d56ce722d6a43332cf90c,Deliplus,"Esparadrapo papel microporoso (5 m x 2,5 cm)",U,1.3,Perfumería y Parafarmacia > Parafarmacia > Botiquín,Botiquín,https://a2.soysuper.com/66b60789f1d873641402f4c4d20854b5.110.110.0.min.wmark.2ef4d5b2.jpg
5acb0c8f0932f70b042b7420,Deliplus,Tinte coloracion permanente Nº 4 colorcor castaño medio,U,3.9,Perfumería y Parafarmacia > Cuidado del Cabello > Tintes para el Cabello,Tintes para el Cabello,https://a1.soysuper.com/73c754677a98d85b06f7c8220c071d45.110.110.0.min.wmark.3809f968.jpg
605f082198ec91372e3c92cf,Deliplus,Pañal adulto braga talla mediana,Paquete 14 u,10.68,Perfumería y Parafarmacia > Higiene Íntima > Incontinencia,Incontinencia,https://a2.soysuper.com/78c22d30e0535ba3a84a581488458db4.110.110.0.min.wmark.7c5d5bf9.jpg
641c348d98ec917a777a886f,Deliplus,Mascarilla facial hidra boom,U,1.75,Perfumería y Parafarmacia > Cuidado Facial > Mascarilla Facial,Mascarilla Facial,https://a1.soysuper.com/7a2a1cc14d493ee6d294aa07d9bc3524.110.110.0.min.wmark.de80e905.jpg
54e4f10ac096a83305042e08,Deliplus,Pañal braguita 16 a 28 kg talla xl,Paquete 22 u,6.94,Bebés y Niños > Pañales > Talla 4,Talla 4,https://a2.soysuper.com/420524abb45ac4e849ff6c5938ca52a7.110.110.0.min.wmark.a6ad6589.jpg
5c5073de1452a06a9241809b,Deliplus,Exfoliante corporal con coco,Tarro 250 ml,4,Perfumería y Parafarmacia > Cuidado Corporal > Exfoliante,Exfoliante,https://a0.soysuper.com/5cd75ab97f07b2fcef2c4c4e98547dc2.110.110.0.min.wmark.ff6a48bf.jpg
6329619698ec916131667445,Deliplus,Perfilador labios automatico N. 10 canela,U,2.5,Perfumería y Parafarmacia > Maquillaje > Maquillaje para Labios,Maquillaje para Labios,https://a2.soysuper.com/f8ee57b99fb86afc65dcfaefcfd3ce56.110.110.0.min.wmark.90a80620.jpg
4fc9148ccc75fa2a3501449f,Deliplus,Esponja baño con jabon,Paquete 10 u,1.25,Bebés y Niños > Higiene y Perfumería > Accesorios,Accesorios,https://a0.soysuper.com/1256bf225722f290f37138fa4072514d.110.110.0.min.wmark.7662c85b.jpg
622da5831452a079a02f3468,Deliplus,Barra labios color fix larga duracion Nº 10 nude (acabado mate y sedoso),U,4.5,Perfumería y Parafarmacia > Maquillaje > Maquillaje para Labios,Maquillaje para Labios,https://a2.soysuper.com/f9ddd3bde60d9bbbfa6554a1c71ef84b.110.110.0.min.wmark.22052644.jpg
5c0112cb2508c133193cc7a7,Deliplus,Mascarilla reviva color rojo,Caja 1 u,2,Perfumería y Parafarmacia > Cuidado del Cabello > Tintes para el Cabello,Tintes para el Cabello,https://a0.soysuper.com/c62ff2f6cb7c63031d5d0a355f3e8e43.110.110.0.min.wmark.e9286203.jpg
60aeb4ca2508c155276e621f,Deliplus,Maquillaje fluido cover & fix Nª 2,U,5.25,Perfumería y Parafarmacia > Maquillaje > Maquillaje Facial,Maquillaje Facial,https://a0.soysuper.com/4cd9f4ce4a1d936090f1c79e057c0f28.110.110.0.min.wmark.205cb637.jpg
5c0112ca0932f77a1c6d0df0,Deliplus,Tinte coloracion permanente Nº 8.66 0% amoniaco rojo pasion,U,3.9,Perfumería y Parafarmacia > Cuidado del Cabello > Tintes para el Cabello,Tintes para el Cabello,https://a0.soysuper.com/161bcf8f39012a55efcc16c4cfe2ef84.110.110.0.min.wmark.fb0d3fdf.jpg
5c9641ad53c97b0f506eb68e,Deliplus,Protegeslip fresh micro,Caja 44 u,2,Perfumería y Parafarmacia > Higiene Íntima > Protege Slip,Protege Slip,https://a0.soysuper.com/cb91d7d7b21322625d5619b1dcd3f01f.110.110.0.min.wmark.3f0c8c5d.jpg
6332c2e70932f73a014d7d92,Deliplus,Barra labios mate Nº 101 nude,U,4.5,Perfumería y Parafarmacia > Maquillaje > Maquillaje para Labios,Maquillaje para Labios,https://a2.soysuper.com/bccc9f6bb3805b8b04f4a5a469f780ae.110.110.0.min.wmark.29ba4ef5.jpg
5012f115238436c85d000286,Deliplus,Barra labios cremosa Nº 212 marron crema,U,4.65,Perfumería y Parafarmacia > Maquillaje > Maquillaje para Labios,Maquillaje para Labios,https://a0.soysuper.com/92df8bd1749cc81d4467baed67266e71.110.110.0.min.wmark.3a96f70d.jpg
51720469c9c84a5e2d000073,Deliplus,Alcohol de romero (ideal para masajes),Botella 250 ml,2,Perfumería y Parafarmacia > Parafarmacia > Botiquín,Botiquín,https://a1.soysuper.com/e2035fd7d6726391ea0440ae78ac62d3.110.110.0.min.wmark.64762f91.jpg
5c4c6a690932f735a77f1c3a,Deliplus,Crema manos concentrada reparadora,Tubo 75 ml,1.2,Perfumería y Parafarmacia > Cuidado de Pies y Manos > Crema de Manos,Crema de Manos,https://a2.soysuper.com/3a92c47c5d4c9fde19c2d15099b52a39.110.110.0.min.wmark.0c00964d.jpg
604f158f1452a041aa6ff49e,Deliplus,Pinza de ceja punta precisión (recta),1 unidad,2,Perfumería y Parafarmacia > Depilación > Accesorios,Accesorios,https://a2.soysuper.com/198c40b8cfe4850e24c5b4ef80fe3d13.110.110.0.min.wmark.fc19bf94.jpg
5f61cc6d927e233ca04cba8c,Deliplus,Crema facial bb hidratante con color 01 light con dosificador,Bote 50 ml,4.5,Perfumería y Parafarmacia > Cuidado Facial > Crema Facial,Crema Facial,https://a0.soysuper.com/df7243bdce5de1b379f3bb99f034d9d3.110.110.0.min.wmark.ef4fa5cc.jpg
5f82b22a722d6a0b55499ca0,Deliplus,Crema facial noche antiarrugas regen skin,Tarro 50 ml,5.5,Perfumería y Parafarmacia > Cuidado Facial > Crema Facial,Crema Facial,https://a1.soysuper.com/a5dd2799f0a6ad09d7edf009b7f5c7a9.110.110.0.min.wmark.1ca6f480.jpg
651528541452a006d0409e51,Deliplus,Compresa incontinencia maxi secure (absorcion 4),Paquete 12 u,3.15,Perfumería y Parafarmacia > Higiene Íntima > Compresas,Compresas,https://a2.soysuper.com/8ca0d1f86c8cbb27c02a19ff444729c4.110.110.0.min.wmark.22d62766.jpg
659aa5860932f77cd5346821,Deliplus,Espuma afeitar piel sensible,Bote 300 ml,1.34,Perfumería y Parafarmacia > Afeitado > Espuma de Afeitar,Espuma de Afeitar,https://a1.soysuper.com/7af35a659a09099a7f84883cf9ebeded.110.110.0.min.wmark.1713ba1f.jpg
65d7058ad7918776c1043da6,Deliplus,Bastoncillos oidos niños,Caja 60 u,1.05,Perfumería y Parafarmacia > Parafarmacia > Botiquín,Botiquín,https://a2.soysuper.com/e2d357a8cdb1f2fe7589090e2b9b03ac.110.110.0.min.wmark.8f12147b.jpg
5aced8b92508c10d79628430,Deliplus,"Tinte coloracion permanente Nº 7,77 colorcor rubio marron intenso",U,3.9,Perfumería y Parafarmacia > Cuidado del Cabello > Tintes para el Cabello,Tintes para el Cabello,https://a0.soysuper.com/d790dd5233e362aec6ddd091c6f3df28.110.110.0.min.wmark.373ae50a.jpg
5c0112c92508c1331532c9bd,Deliplus,Tinte coloracion permanente Nº 7.0 0% amoniaco rubio medio luminoso,U,3.9,Perfumería y Parafarmacia > Cuidado del Cabello > Tintes para el Cabello,Tintes para el Cabello,https://a1.soysuper.com/a806ee65169867ef684f4b0c9bcff2f2.110.110.0.min.wmark.69273d30.jpg
62285b582508c12fa21fe207,Deliplus,Barra labios color balm textura balsamo Nº05 rojo (acabado brillo),1 unidad,4.5,Perfumería y Parafarmacia > Maquillaje > Maquillaje para Labios,Maquillaje para Labios,https://a0.soysuper.com/a5dfd43a02733e2b5dd83c3f56d652ac.110.110.0.min.wmark.09ed8bd2.jpg
61647ace0932f7413672db63,Deliplus,Pincel polvos (suelto o compacto),1 unidad,4,Perfumería y Parafarmacia > Maquillaje > Accesorios,Accesorios,https://a1.soysuper.com/96baf3499ea7e9b4923cd12718024e59.110.110.0.min.wmark.83e62953.jpg
5aced8b853c97b24693e512d,Deliplus,"Tinte coloracion permanente Nº 6,4 colorcor rubio oscuro cobrizo",U,3.9,Perfumería y Parafarmacia > Cuidado del Cabello > Tintes para el Cabello,Tintes para el Cabello,https://a2.soysuper.com/691430d8d536b72cb2acdd0d93e5b13c.110.110.0.min.wmark.38b9a4fc.jpg
64275d730932f77fe03f780c,Deliplus,Laca uñas brillo base Nº 67,U,2.5,Perfumería y Parafarmacia > Maquillaje > Laca para Uñas,Laca para Uñas,https://a1.soysuper.com/a2cc793ef810f343eca2dd92328643ee.110.110.0.min.wmark.abd29479.jpg
61647acd53c97b1196627d59,Deliplus,Pincel corrector,1 unidad,2.75,Perfumería y Parafarmacia > Maquillaje > Accesorios,Accesorios,https://a0.soysuper.com/daed157348be605705fbd525667602bb.110.110.0.min.wmark.778e3719.jpg
64e527f21452a01da446caed,Deliplus,Cepillo interdental micro,Paquete 6 u,1.5,Perfumería y Parafarmacia > Higiene Bucal > Cepillo Dental,Cepillo Dental,https://a2.soysuper.com/b9c19aa1d07019125adaec6ab99f2ee0.110.110.0.min.wmark.7969c146.jpg
5a9e4b112508c1061917931a,Deliplus,Laca uñas Nº 39 dulce fresa (alto brillo),U,2.5,Perfumería y Parafarmacia > Maquillaje > Laca para Uñas,Laca para Uñas,https://a1.soysuper.com/99875de7a1bb6b176a66eab9f0890553.110.110.0.min.wmark.6306a258.jpg
61b3189d53c97b4fd10c3671,Deliplus,Pintalabios fluido mate Nº 03 terracota,U,4.5,Perfumería y Parafarmacia > Maquillaje > Maquillaje para Labios,Maquillaje para Labios,https://a1.soysuper.com/e2ac347c7a56b5cfbdaa00015f722f65.110.110.0.min.wmark.33715d45.jpg
5c0112c9722d6a76c139eda8,Deliplus,Tinte coloracion permanente Nº 5.35 0% amoniaco chocolate,U,3.9,Perfumería y Parafarmacia > Cuidado del Cabello > Tintes para el Cabello,Tintes para el Cabello,https://a0.soysuper.com/2e5c22301d1873454cc522217c1d8383.110.110.0.min.wmark.2f9a50b4.jpg
5acb0c8e1452a03d56756ccf,Deliplus,Tinte coloracion permanente Nº 8 1/2.1 colorcor + claro - rubio claro ceniza,U,3.9,Perfumería y Parafarmacia > Cuidado del Cabello > Tintes para el Cabello,Tintes para el Cabello,https://a0.soysuper.com/86dc4a4951e0e4ca2be1c9acf2495fa2.110.110.0.min.wmark.a3ff46c1.jpg
620b5ab98ca63c249d58e8f8,Deliplus,Barra labios creamy Nº 210 rojo,U,4.65,Perfumería y Parafarmacia > Maquillaje > Maquillaje para Labios,Maquillaje para Labios,https://a2.soysuper.com/f21d0fc8480a2222bda0b25ba77996a3.110.110.0.min.wmark.db331bf3.jpg
5aced8b998ec910e464ace8d,Deliplus,"Tinte coloracion permanente Nº 7,43 colorcor cobre calido",U,3.9,Perfumería y Parafarmacia > Cuidado del Cabello > Tintes para el Cabello,Tintes para el Cabello,https://a0.soysuper.com/65220f4ff9993655f2f5b67a64db5c97.110.110.0.min.wmark.1679c949.jpg
5c8717ee98ec911c4f68a875,Deliplus,Mascarilla silver cabello blanco y platino con aclarado,Tubo 200 ml,3.95,Perfumería y Parafarmacia > Cuidado del Cabello > Mascarilla,Mascarilla,https://a1.soysuper.com/8e8c47695fcacd925f642117fa748b12.110.110.0.min.wmark.39af70d8.jpg
51f82b096a8f7b5e2f000000,Deliplus,Barra labios cremosa Nº 207 ciruela,U,4.65,Perfumería y Parafarmacia > Maquillaje > Maquillaje para Labios,Maquillaje para Labios,https://a0.soysuper.com/86d80da5c2efdf967099c38b6de23030.110.110.0.min.wmark.30fa2675.jpg
620b5ab998ec9103c92b810f,Deliplus,Barra labios creamy Nº 209 caldera,U,4.65,Perfumería y Parafarmacia > Maquillaje > Maquillaje para Labios,Maquillaje para Labios,https://a1.soysuper.com/0fe95a39396084eb7e7c8fe3d5e1a1ba.110.110.0.min.wmark.bc652739.jpg
60aeb4ccd79187699d632db4,Deliplus,Maquillaje fluido long lasting 01,1 unidad,5.5,Perfumería y Parafarmacia > Maquillaje > Maquillaje Facial,Maquillaje Facial,https://a1.soysuper.com/cd62657080d1b7be2cf1cecb5197dbcd.110.110.0.min.wmark.ef32a80d.jpg
650aaf66722d6a60e6389dbd,Deliplus,Perfilador labios automatico Nº 06 fucsia oscuro,1 U,2.5,Perfumería y Parafarmacia > Maquillaje > Maquillaje para Labios,Maquillaje para Labios,https://a2.soysuper.com/24b38244d3b2badfacac73ea60083f12.110.110.0.min.wmark.0938520d.jpg
5aced8b953c97b24693e512f,Deliplus,"Tinte coloracion permanente Nº 7,1 colorcor rubio medio ceniza",U,3.9,Perfumería y Parafarmacia > Cuidado del Cabello > Tintes para el Cabello,Tintes para el Cabello,https://a0.soysuper.com/f80bdd99f7bd695161a3af73bc92b6b2.110.110.0.min.wmark.b78a5860.jpg
659e795698ec91065b7344e0,Deliplus,Tiras protectoras ampolla y rozaduras,Paquete 6 u,4.23,Perfumería y Parafarmacia > Parafarmacia > Botiquín,Botiquín,https://a1.soysuper.com/7af817686b29dc2f70a6fd804dead364.110.110.0.min.wmark.2b8f886f.jpg
6268e6bc98ec9101b72514a8,Deliplus,Tampon super plus 100 % algodon (sin aplicador),Caja 15 u,3.4,Perfumería y Parafarmacia > Higiene Íntima > Tampones,Tampones,https://a2.soysuper.com/f6b18f90a0570310b2f3ff480509df86.110.110.0.min.wmark.986cde84.jpg
5012f11529eba853230001f2,Deliplus,Barra labios cremosa Nº 204 rosa petalo,U,4.65,Perfumería y Parafarmacia > Maquillaje > Maquillaje para Labios,Maquillaje para Labios,https://a0.soysuper.com/0674eb03cffbba4afe76c93e83cbc3ba.110.110.0.min.wmark.ad0feb46.jpg
654520868ca63c7db142c2bc,Deliplus,Laca uñas Nº 78 rojo (alto brillo),1 U,2.5,Perfumería y Parafarmacia > Maquillaje > Laca para Uñas,Laca para Uñas,https://a0.soysuper.com/ff1fdfffb6a2ded65b31fd0dc8c0a052.110.110.0.min.wmark.745f57fe.jpg
5c8717ed1452a030e15968bf,Deliplus,Tratamiento cabello rebelde hydra crema alisado sin aclarado,Botella 200 ml,2.75,Perfumería y Parafarmacia > Cuidado del Cabello > Acondicionador,Acondicionador,https://a2.soysuper.com/13e7c222c32a3c3166a3c68c5d83afab.110.110.0.min.wmark.0b0258b4.jpg
61501afc53c97b0f66233fc2,Deliplus,Capsulas cola caballo,Bote 30 u,3.85,Dietéticos > Complementos Dietéticos > Otros,Otros,https://a0.soysuper.com/cafe7687467a8999a89bbeb6d21cc8cf.110.110.0.min.wmark.50b282e1.jpg
505d9170b7d1685b150000d7,Deliplus,Laca uñas manicura francesa Nº 3 rosa (paso 2),U,2.75,Perfumería y Parafarmacia > Maquillaje > Laca para Uñas,Laca para Uñas,https://a2.soysuper.com/d261f16854c245e745330363b53dfada.110.110.0.min.wmark.3f866438.jpg
60fff7c053c97b31d4103e7d,Deliplus,Recambio cargador depilacion body 6 system,Paquete 3 u,4.5,Perfumería y Parafarmacia > Depilación > Maquinillas,Maquinillas,https://a2.soysuper.com/098d2a1c81d1484ae160190c9eb1fe1b.110.110.0.min.wmark.f7f74a6b.jpg
606fb53e2508c122e81a6476,Deliplus,Polvos compactos faciales matificantes,1 ud,5.4,Perfumería y Parafarmacia > Maquillaje > Maquillaje Facial,Maquillaje Facial,https://a2.soysuper.com/e015b4cacae1973bc54d8c0a64248726.110.110.0.min.wmark.59ef7219.jpg
64c24d552508c14cd01d3faf,Deliplus,Mascarilla reviva color negro,1 U,2,Perfumería y Parafarmacia > Cuidado del Cabello > Mascarilla,Mascarilla,https://a2.soysuper.com/d500b361e7a89e6ddabebb8568b476c6.110.110.0.min.wmark.e5b06bee.jpg
5acb0c8e0932f70b0745663b,Deliplus,Tinte coloracion permanente Nº 101 colorcor rubio platino ceniza,U,3.9,Perfumería y Parafarmacia > Cuidado del Cabello > Tintes para el Cabello,Tintes para el Cabello,https://a1.soysuper.com/819c8b028d69c6f37d5010a09c4940e5.110.110.0.min.wmark.93536519.jpg
5012ed0d29eba853230000e5,Deliplus,Sacapuntas doble (lapiz fino y grueso),1 unidad,2.5,Perfumería y Parafarmacia > Maquillaje > Accesorios,Accesorios,https://a2.soysuper.com/2f4b62ef285771a2cf29d8c0598955be.110.110.0.min.wmark.454393df.jpg
61a456bb53c97b37ea36f9ee,Deliplus,Tinte coloracion permanente Nº 5.1 0% amoniaco castaño claro ceniza,U,3.9,Perfumería y Parafarmacia > Cuidado del Cabello > Tintes para el Cabello,Tintes para el Cabello,https://a0.soysuper.com/6bd19b0db71c6ac7712a9ee586d9df0d.110.110.0.min.wmark.aac3ce1c.jpg
65439517722d6a0f4177df74,Deliplus,Compresa incontinencia normal (absorcion 2),Paquete 24 u,3.35,Perfumería y Parafarmacia > Higiene Íntima > Incontinencia,Incontinencia,https://a1.soysuper.com/1861de568a7d0aaf476f4cc82c6c59f4.110.110.0.min.wmark.c12db9f3.jpg
6462658f1452a0401c53addb,Deliplus,Perfilador ojos automatico Nº 12 verde oliva,U,2.5,Perfumería y Parafarmacia > Maquillaje > Maquillaje para Ojos,Maquillaje para Ojos,https://a1.soysuper.com/bd99d838fcd1aff687ff2ddcad3b9336.110.110.0.min.wmark.1750706a.jpg
6506a51b1452a04f1a50df2a,Deliplus,Pintalabios fluido mate Nº 11 rosa medio,U,4.5,Perfumería y Parafarmacia > Maquillaje > Maquillaje para Labios,Maquillaje para Labios,https://a0.soysuper.com/ef08e668d0d79177efa52bf9ede3d204.110.110.0.min.wmark.752212a4.jpg
61935078d791871df9187e9c,Deliplus,Barra labios cremosa Nº206 frambuesa,U,4.65,Perfumería y Parafarmacia > Maquillaje > Maquillaje para Labios,Maquillaje para Labios,https://a0.soysuper.com/88a5a0b7126a32c5fcc21c49e482f697.110.110.0.min.wmark.4d4008b3.jpg
63669bb5e93cdf0ef07d2f42,Deliplus,Lote hombre precision 6 afeitado 1 mango con un recambio + 12 recambios + neceser,U,12.46,Perfumería y Parafarmacia > Afeitado > Maquinillas de Afeitar,Maquinillas de Afeitar,https://a1.soysuper.com/69e087b211279207b5bcd0263a90f1de.110.110.0.min.wmark.10402e8f.jpg
6121f718e93cdf219613ba2b,Deliplus,Rizador pestañas,U,4.5,Perfumería y Parafarmacia > Maquillaje > Maquillaje para Ojos,Maquillaje para Ojos,https://a2.soysuper.com/cc7113e63affa11c823002620cf5d91c.110.110.0.min.wmark.1ebf49c8.jpg
4fc90ff3cc75fa2a35002427,Deliplus,Envase rellenable viaje (capacidad ),1 unidad,0.9,Perfumería y Parafarmacia > Cuidado Corporal > Cremas y Lociones,Cremas y Lociones,https://a2.soysuper.com/5e43e9036680e92d16f6ba369167d26c.110.110.0.min.wmark.4a8e28c2.jpg
5c0112cb722d6a76c139edaa,Deliplus,Mascarilla reviva color violín,Caja 1 u,2,Perfumería y Parafarmacia > Cuidado del Cabello > Tintes para el Cabello,Tintes para el Cabello,https://a1.soysuper.com/3467a76f2cdf81337d57fca8605c40b4.110.110.0.min.wmark.ee21f8ae.jpg
6117404198ec91015146518a,Deliplus,Perfilador labios automatico Nº 07 rojo,U,2.5,Perfumería y Parafarmacia > Maquillaje > Maquillaje para Labios,Maquillaje para Labios,https://a2.soysuper.com/e989858b35f99eeb388995f32c7f64b9.110.110.0.min.wmark.57fb46f5.jpg
63af04638ca63c5ff4532324,Deliplus,Barra labios color balm textura balsamo Nº09 rosa medio perlado (acabado brillo),U,4.5,Perfumería y Parafarmacia > Maquillaje > Maquillaje para Labios,Maquillaje para Labios,https://a2.soysuper.com/71dc7a967719d90623654f29bad33383.110.110.0.min.wmark.54e3f705.jpg
65a785a2e6ed4001d017b48d,Deliplus,Locion corporal hidratante reparadora con 10% urea (dosificador) (repara),Botella 600 ml,2.2,Perfumería y Parafarmacia > Cuidado Corporal > Cremas y Lociones,Cremas y Lociones,https://a2.soysuper.com/14a73cb3a3ee6d5ba3acc6e8e232672d.110.110.0.min.wmark.4495b2c9.jpg
676518f4a445086b4e2fd582,Deliplus,Toallitas humedas intimas (sobre monodosis),Paquete 10 u,1.01,Perfumería y Parafarmacia > Higiene Íntima > Toallitas Íntimas Frescas,Toallitas Íntimas Frescas,https://a0.soysuper.com/55c0c63dc2265345b5781edbe927f3f0.110.110.0.min.wmark.15253852.jpg
697d416b53c97b016323c72d,Deliplus,Serum facial vitamina c antiox,Bote 30 ml,7,Perfumería y Parafarmacia > Cuidado Facial > Serum Facial,Serum Facial,https://a0.soysuper.com/6cfc40592e2464ce02cec39d1758a97e.110.110.0.min.wmark.30d66750.jpg
69d761f6722d6a4c8357d5a9,Deliplus,Parches para ojos de hidrogel regeneradores (ayudan a reducir las arrugas),2 u,1.75,Perfumería y Parafarmacia > Cuidado Facial > Crema Facial,Crema Facial,https://a0.soysuper.com/7dc5fada79d2aa0a39d096164c15289a.110.110.0.min.wmark.6dd4983f.jpg
69a84c500932f725e9262ec9,Deliplus,Sombra ojos stick automatico Nº 10 iluminador (larga duracion y multifuncional)(coleccion multi-stick),U,4,Perfumería y Parafarmacia > Maquillaje > Maquillaje para Ojos,Maquillaje para Ojos,https://a1.soysuper.com/fa0848bc2086e0d8bce5433fc143cec6.110.110.0.min.wmark.bd5f73d1.jpg
5b564e8b1452a05b6579a489,Deliplus,Toallitas humedas bebé frescas y perfumadas con aloe vera,Paquete 80 u,1.05,Bebés y Niños > Toallitas > Bebé,Bebé,https://a2.soysuper.com/b03ad0cafc88ca39483530d61e326db8.110.110.0.min.wmark.2cb71e59.jpg
5012f012459c33cc5d0001a6,Deliplus,Bastoncillos oidos,Caja 200 u,0.84,Perfumería y Parafarmacia > Parafarmacia > Botiquín,Botiquín,https://a2.soysuper.com/d7dee5bfaba07e8bc955edd44072d0b8.110.110.0.min.wmark.89868c0e.jpg
59cf410d53c97b7fa8338583,Deliplus,Gel baño dermo proteccion piel normal con extracto de frutas frutal,Botella 1 l,1,Perfumería y Parafarmacia > Cuidado Corporal > Gel de Baño,Gel de Baño,https://a0.soysuper.com/ac4149842f186329ffc82b28de6c22e2.110.110.0.min.wmark.810eef7e.jpg
614d77f12508c1279152fbbe,Deliplus,Gel baño dermo aroma piel normal con vainilla,Botella 750 ml,1.4,Perfumería y Parafarmacia > Cuidado Corporal > Cremas y Lociones,Cremas y Lociones,https://a2.soysuper.com/4e1782aee8ba415291b1e1978ef6af05.110.110.0.min.wmark.dc01046a.jpg
5012ef9429eba8532300012e,Deliplus,Desodorante spray pies antitranspirante,Bote 150 ml,2.2,Perfumería y Parafarmacia > Desodorante > Para Pies,Para Pies,https://a0.soysuper.com/e98b8e72c94fc56b2add1bb56c0c4578.110.110.0.min.wmark.70d732a4.jpg
63c10c101452a00158267d47,Deliplus,Champu cabello normal familiar (con dosificador),Botella 1000 ml,1.45,Perfumería y Parafarmacia > Cuidado del Cabello > Champú,Champú,https://a1.soysuper.com/bff2ae98c717a8bd254bb2fe2a47c8b6.110.110.0.min.wmark.e2841ea0.jpg
5cc0324c2508c16dd63c5ac9,Deliplus,Enjuague bucal fresh action zero alcohol (azul),Botella 500 ml,1.35,Perfumería y Parafarmacia > Higiene Bucal > Enjuague Bucal,Enjuague Bucal,https://a2.soysuper.com/9bd0d7babe7e7ce1ec58cd2acb48b715.110.110.0.min.wmark.e17749da.jpg
5cc0324e1452a05f1b4f2064,Deliplus,Dentifrico gel fresh (menta extra refrescante),Tubo 100 ml,1.1,Perfumería y Parafarmacia > Higiene Bucal > Dentífrico,Dentífrico,https://a2.soysuper.com/d310024787269d88dffceaf533a9053c.110.110.0.min.wmark.995aab7d.jpg
538e1be53ce01a1b7300ea03,Deliplus,Gasas no tejidas (para limpieza ojos y cara del bebe),Caja 100 u,1.97,Bebés y Niños > Higiene y Perfumería > Gasa Suave,Gasa Suave,https://a0.soysuper.com/00cf663d8985a01db507c649e8a97b11.110.110.0.min.wmark.38e0e068.jpg
4fc9148ccc75fa2a350144a0,Deliplus,Esponja baño flor (suave exfoliante),U,0.8,Bebés y Niños > Higiene y Perfumería > Accesorios,Accesorios,https://a1.soysuper.com/ef5b9c0ef56fd9085dba21bf267cd8b0.110.110.0.min.wmark.a9dff5aa.jpg
5f3ba8951452a0419a1ab4e2,Deliplus,Toallitas faciales desmaquilladoras con aceite micelar (color amarillo),Paquete 25 u,1.35,Perfumería y Parafarmacia > Cuidado Facial > Limpieza Facial,Limpieza Facial,https://a2.soysuper.com/32562f2d239407f6e9817d796c3595db.110.110.0.min.wmark.1cfbfcfa.jpg
5c8717da2508c11ea71eb153,Deliplus,Champu detox cabello graso,Botella 400 ml,1.9,Perfumería y Parafarmacia > Cuidado del Cabello > Champú,Champú,https://a1.soysuper.com/c081f858485431ef3f667a3148cf1bd5.110.110.0.min.wmark.c0d53fdc.jpg
59cf8edf0932f759c104db80,Deliplus,Gel higiene intimo liquido con dosificador,Botella 500 ml,1.2,Perfumería y Parafarmacia > Higiene Íntima > Gel Íntimo,Gel Íntimo,https://a2.soysuper.com/e1ce12074b242c4453f67dfced903f76.110.110.0.min.wmark.92b54dff.jpg
4fc914b7cc75fa2a35014e17,Deliplus,Toallitas humedas intimas,Paquete 25 u,1.3,Perfumería y Parafarmacia > Higiene Íntima > Toallitas Íntimas Frescas,Toallitas Íntimas Frescas,https://a0.soysuper.com/0f135cc7831ccb88eeda15f00bdb2185.110.110.0.min.wmark.d6d72818.jpg
5012f012459c33cc5d0001a4,Deliplus,Alcohol etilico 96 grados,Botella 250 ml,0.75,Perfumería y Parafarmacia > Parafarmacia > Botiquín,Botiquín,https://a1.soysuper.com/9a43d827c87bf515cbd474934869ffa6.110.110.0.min.wmark.dd179df5.jpg
4fc914b7cc75fa2a35014e2e,Deliplus,Protegeslip normal plegado suave,Paquete 28 u,1.1,Perfumería y Parafarmacia > Higiene Íntima > Protege Slip,Protege Slip,https://a0.soysuper.com/48e207cb8f6bb91d182fb3692a695a71.110.110.0.min.wmark.c0a6ae4e.jpg
62db731698ec9111e108d23a,Deliplus,"Serum facial acido hialurónico & ceramidas, hidratante con efecto anti-edad (apto para todo tipo de pieles)",Bote 30 ml,5,Perfumería y Parafarmacia > Cuidado Facial > Serum Facial,Serum Facial,https://a0.soysuper.com/ba7c4363cbe96ec6b3337ed3fd8ad373.110.110.0.min.wmark.42bcc77c.jpg
5012f018a1320a5723000178,Deliplus,Vaselina aroma frambuesa,Bote 15 g,1.61,Perfumería y Parafarmacia > Cuidado Facial > Cuidado Labial,Cuidado Labial,https://a1.soysuper.com/3e0cd78ecf2859ae0a35e840c0924c01.110.110.0.min.wmark.7ecb9e27.jpg
4fc91507cc75fa2a35016010,Deliplus,Cepillo dental duro,Paquete 3 u,1.1,Perfumería y Parafarmacia > Higiene Bucal > Cepillo Dental,Cepillo Dental,https://a1.soysuper.com/b060ab13f666dd88fcec25e5cda2a3d9.110.110.0.min.wmark.3663de42.jpg
5acb0c8d53c97b5ae42a5464,Deliplus,Tinte coloracion permanente Nº 3 colorcor castaño oscuro,U,3.9,Perfumería y Parafarmacia > Cuidado del Cabello > Tintes para el Cabello,Tintes para el Cabello,https://a1.soysuper.com/78e78dc464ab29a34429a59707975b0e.110.110.0.min.wmark.2beab7e8.jpg
5f8cd54898ec912065129be9,Deliplus,Comprimidos dormir,Caja 30 u,3.95,Dietéticos > Complementos Dietéticos > Para conciliar el sueño,Para conciliar el sueño,https://a0.soysuper.com/313b2156cb27a5f5b30691b74aa7e9ee.110.110.0.min.wmark.39e785bf.jpg
58a422a0d115202483489466,Deliplus,Desodorante spray chica fashion perfume intenso (fucsia),Bote 200 ml,1.65,Perfumería y Parafarmacia > Desodorante > Spray,Spray,https://a0.soysuper.com/ca5e5c4e2837ad6212a15e7a727f7cfd.110.110.0.min.wmark.c0d997f1.jpg
5c40de1d2508c1755517f543,Deliplus,Limpiador liquido para biberones y tetinas (con dosificador),Botella 500 ml,2.9,Droguería > Lavavajillas > Detergente lavavajillas,Detergente lavavajillas,https://a1.soysuper.com/7ff9773fe7fc0b60dfaff20738822722.110.110.0.min.wmark.82624cd9.jpg
5cece0d398ec910263244b7b,Deliplus,Esponja desmaquillante vegetal,Paquete 2 u,1,Perfumería y Parafarmacia > Cuidado Facial > Limpieza Facial,Limpieza Facial,https://a1.soysuper.com/e21ccffeae2b33f3c884ed7d610e51d1.110.110.0.min.wmark.a694c6cd.jpg
5a25428c53c97b076f33396e,Deliplus,Dentifrico pasta dientes sensibles,Tubo 100 ml,1.5,Perfumería y Parafarmacia > Higiene Bucal > Dentífrico,Dentífrico,https://a1.soysuper.com/02a94b71ff3648d76c41a8a139db7999.110.110.0.min.wmark.f88d7d7f.jpg
60cc449b53c97b1ad31fffb4,Deliplus,Dentífrico + elixir clorofila fresh,Botella 100 ml,1.05,Perfumería y Parafarmacia > Higiene Bucal > Dentífrico,Dentífrico,https://a0.soysuper.com/4d1ce91e03c98c79a09118c06827c298.110.110.0.min.wmark.11ecdd5f.jpg
62f4a00f8ca63c3d7e6b6928,Deliplus,Mascarilla cabello ultra platinum matizadora (neutraliza los reflejos amarillentos y anaranjados),Tubo 200 ml,3.95,Perfumería y Parafarmacia > Cuidado del Cabello > Mascarilla,Mascarilla,https://a1.soysuper.com/3d54ebcb4dbb6a83123ce34ed2867109.110.110.0.min.wmark.649960df.jpg
4fc90fe9cc75fa2a350021cd,Deliplus,Esponja baño suave,Pack 2 u,1.3,Bebés y Niños > Higiene y Perfumería > Accesorios,Accesorios,https://a0.soysuper.com/b45c6b888795f5a8d2bec622354f77f0.110.110.0.min.wmark.c2198dbe.jpg
628b2e4898ec91652950cd60,Deliplus,Dentifrico gel infantil kids + 6 años gominola,Tubo 75 ml,0.95,Bebés y Niños > Higiene y Perfumería > Higiene Bucal,Higiene Bucal,https://a0.soysuper.com/6f8b5445b249b3fdb2fd4dc1b8c12199.110.110.0.min.wmark.9e39de80.jpg
5e3d56ce722d6a43301d21b6,Deliplus,"Esparadrapo tejido color piel (5m x 2,5 cm)",U,1.4,Perfumería y Parafarmacia > Parafarmacia > Botiquín,Botiquín,https://a1.soysuper.com/94d87db5e332c85d28acab2366829d14.110.110.0.min.wmark.7333b01f.jpg
619df8881452a0062b69601d,Deliplus,"Gel activador curl perfect cabello rizado (define, controla el encrespamiento dando soltura al rizo)",Bote 200 ml,2.8,Perfumería y Parafarmacia > Cuidado del Cabello > Fijadores,Fijadores,https://a0.soysuper.com/5f40a8e0975527dfcfc80e3120249342.110.110.0.min.wmark.5c1bc92b.jpg
6576f7f553c97b247743130e,Deliplus,Champu hydra cabello normal,Botella 400 ml,1.9,Perfumería y Parafarmacia > Cuidado del Cabello > Champú,Champú,https://a2.soysuper.com/78fd93711cf341a8f01d0f7532c302a6.110.110.0.min.wmark.214161b0.jpg
646b769de6ed4078db47085e,Deliplus,Perfilador ojos automatico Nº 6 marron (waterproof),U,2.5,Perfumería y Parafarmacia > Maquillaje > Maquillaje para Ojos,Maquillaje para Ojos,https://a0.soysuper.com/3939a2b47b6feffdbc734d0d2f3f4c9e.110.110.0.min.wmark.15cce513.jpg
5c9a5341e93cdf4f3a100681,Deliplus,Laca fijacion xtra forte,Bote 400 ml,1.89,Perfumería y Parafarmacia > Cuidado del Cabello > Fijadores,Fijadores,https://a2.soysuper.com/a872d0cb4bb3b5fee906f89047f47316.110.110.0.min.wmark.f14be082.jpg
611b8accd791870518249c65,Deliplus,Palitos de naranjo,Paquete 8 u,1.8,Perfumería y Parafarmacia > Cuidado de Pies y Manos > Manicura y Pedicura,Manicura y Pedicura,https://a1.soysuper.com/b3dccc7dd3830f8de57a32a9c171dadf.110.110.0.min.wmark.ce8e56d3.jpg
5f3e40ded79187702b22f199,Deliplus,Gel manos hidroalcoholico sin aclarado con dosificador,Botella 500 ml,3.86,Perfumería y Parafarmacia > Cuidado Corporal > Jabón para Manos,Jabón para Manos,https://a2.soysuper.com/b51b311614cb8205cbf5d0921b718284.110.110.0.min.wmark.8271b600.jpg
6545410b98ec9103e46761f0,Deliplus,Brillo labial volumizer Nº 07 (transparente perlado)(efecto rellenador/ alisador),U,5,Perfumería y Parafarmacia > Maquillaje > Maquillaje para Labios,Maquillaje para Labios,https://a2.soysuper.com/40f12fa01d63f90f61e5554bb8c17a1d.110.110.0.min.wmark.7bff0858.jpg
61e2566b2508c11eaf3e0806,Deliplus,Toalla turbante seca pelo color,U,2.7,Perfumería y Parafarmacia > Cuidado del Cabello > Accesorios para el Cabello,Accesorios para el Cabello,https://a1.soysuper.com/7ec583f5ce943522603a592bd014e041.110.110.0.min.wmark.2b9b022e.jpg
5d4208f21452a054745df57d,Deliplus,Quitaesmalte acetona pura,Botella 200 ml,1.7,Perfumería y Parafarmacia > Cuidado de Pies y Manos > Manicura y Pedicura,Manicura y Pedicura,https://a1.soysuper.com/1b7daf8f3ce241a49f4857d81e8cd8ee.110.110.0.min.wmark.bb517beb.jpg
53bfbea0813b5c7e0c006d3b,Deliplus,Desodorante polvo pies antitranspirable,Bote de 75 g,2.2,Perfumería y Parafarmacia > Cuidado de Pies y Manos > Manicura y Pedicura,Manicura y Pedicura,https://a0.soysuper.com/5c7ba25bde1bde4c38caa409edeb33ab.110.110.0.min.wmark.bf1d4328.jpg
59cf410e0932f759be496d0f,Deliplus,Gel baño aceite dermo cuidado piel atopica (con aceite soja y ricino),Botella 500 ml,3.5,Perfumería y Parafarmacia > Cuidado Corporal > Gel de Baño,Gel de Baño,https://a0.soysuper.com/75038d66f7eabbd5d28a75eef84dae72.110.110.0.min.wmark.91d76f98.jpg
5559c9e553c97b23830ddc5d,Deliplus,Mascara cejas color castaño,U,4,Perfumería y Parafarmacia > Maquillaje > Maquillaje para Ojos,Maquillaje para Ojos,https://a0.soysuper.com/851332f14f7924b8acd4d178de49f3f2.110.110.0.min.wmark.0315eb1a.jpg
5c9641ad0932f756b25c75d6,Deliplus,Protegeslip maxi cotton,Paquete 28 u,1.81,Perfumería y Parafarmacia > Higiene Íntima > Protege Slip,Protege Slip,https://a0.soysuper.com/b9f001e9fee66fc717f21da939a95ebb.110.110.0.min.wmark.632dfe0d.jpg
5f3b614b1452a014b3205c92,Deliplus,Comprimidos multivitaminas y minerales,Caja 30 comprimidos,3,Dietéticos > Complementos Dietéticos > Vitaminas,Vitaminas,https://a0.soysuper.com/dc6fc30d627ea5bdc4edba4e1e5bef14.110.110.0.min.wmark.1444fe3c.jpg
5c8717da1452a030e5355e35,Deliplus,"Champu 0 % sin sal, sulfatos y siliconas para todo tipo cabelllo",Botella 400 ml,1.9,Perfumería y Parafarmacia > Cuidado del Cabello > Champú,Champú,https://a1.soysuper.com/cda08e2eeebfe7d5c73c14867c9b7452.110.110.0.min.wmark.3ae7d9aa.jpg
5c8717ef98ec911c4f68a876,Deliplus,Mascarilla reparacion & hidratacion con aclarado cabello seco y dañado,Tarro 400 ml,2.4,Perfumería y Parafarmacia > Cuidado del Cabello > Mascarilla,Mascarilla,https://a2.soysuper.com/0b92a7052556cfb75c2fb5610797f645.110.110.0.min.wmark.8b179dd7.jpg
5c9641ae0932f756b25c75d7,Deliplus,Protegeslip fresh ultrafino plegado,Paquete 34 u,1.25,Perfumería y Parafarmacia > Higiene Íntima > Protege Slip,Protege Slip,https://a2.soysuper.com/d5939f3229f77f047bfe9daea9cf592b.110.110.0.min.wmark.6046e319.jpg
5f82b2292508c143eb7795f3,Deliplus,Mousse facial limpiador purificante oil free,Botella 200 ml,4,Perfumería y Parafarmacia > Cuidado Facial > Limpieza Facial,Limpieza Facial,https://a1.soysuper.com/74c336caa07d843eadecdff15979feff.110.110.0.min.wmark.47895897.jpg
625fac4b0932f7017570800c,Deliplus,Mascarilla natural 97% origen suavidad y brillo con aclarado todo tipo cabello,Tarro 400 ml,2.4,Perfumería y Parafarmacia > Cuidado del Cabello > Mascarilla,Mascarilla,https://a1.soysuper.com/d63458112f471f9db3e1eeeb56267021.110.110.0.min.wmark.aa8111d1.jpg
4fc91508cc75fa2a35016046,Deliplus,Jabon manos liquido sin agua con alcohol bolso (desinfectante),Botella 75 ml,1.2,Perfumería y Parafarmacia > Mascarillas y Gel Higienizante > Gel Higienizante,Gel Higienizante,https://a1.soysuper.com/a38282bf0c2799244f1754a32970f2a7.110.110.0.min.wmark.627769f8.jpg
6576f7d40932f71ef16a7ff2,Deliplus,Acondicionador cabello bifasico hydra desenreda y protege,Botella 250 ml,2.3,Perfumería y Parafarmacia > Cuidado del Cabello > Acondicionador,Acondicionador,https://a0.soysuper.com/b0d4d7f8baaee1b9506ea11e8d34672d.110.110.0.min.wmark.01d16cbc.jpg
5c8717db2508c11ea71eb154,Deliplus,Champu dermo sensible cuero cabelludo sensible,Botella 400 ml,1.9,Perfumería y Parafarmacia > Cuidado del Cabello > Champú,Champú,https://a0.soysuper.com/794e7ca4e0e3d904382614f44f1ee417.110.110.0.min.wmark.448bf539.jpg
635d4e22e93cdf0ef078f464,Deliplus,Mascarilla plex repair con aclarado cabello dañado,Tubo 200 ml,2.1,Perfumería y Parafarmacia > Cuidado del Cabello > Acondicionador,Acondicionador,https://a2.soysuper.com/1324d779cbdd8912c1c78921b55e5a91.110.110.0.min.wmark.8c261ce2.jpg
604be600d7918702cf6c78f5,Deliplus,Pulidor de uñas manos,U,1.9,Perfumería y Parafarmacia > Cuidado de Pies y Manos > Manicura y Pedicura,Manicura y Pedicura,https://a2.soysuper.com/9e40b881290eb1969f74e7330f350747.110.110.0.min.wmark.0bf676f9.jpg
5c8717db98ec911c4f68a873,Deliplus,Champu aceite argan nutricion y brillo cabello seco y dañado,Botella 400 ml,1.9,Perfumería y Parafarmacia > Cuidado del Cabello > Champú,Champú,https://a1.soysuper.com/a159183a38a91cf7917a05e223ec7aba.110.110.0.min.wmark.39fd2764.jpg
5acb0c8f0932f70b042b741e,Deliplus,Tinte coloracion permanente Nº 2.10 colorcor negro azul,U,3.9,Perfumería y Parafarmacia > Cuidado del Cabello > Tintes para el Cabello,Tintes para el Cabello,https://a0.soysuper.com/b4680845814e917c310a60857cf19522.110.110.0.min.wmark.095f7319.jpg
6253f9ac53c97b0e6055ef3a,Deliplus,Desodorante body spray hombre perfume green antimanchas,Bote 200 ml,1.8,Perfumería y Parafarmacia > Desodorante > Para Hombre,Para Hombre,https://a2.soysuper.com/9ffa5bc615c9f65d07e03b84c6196e2b.110.110.0.min.wmark.7cfa0abd.jpg
4fc915bbcc75fa2a35018af0,Deliplus,Crema pies reparadora grietas (con urea),Tubo 125 ml,1.1,Perfumería y Parafarmacia > Cuidado de Pies y Manos > Crema de Manos,Crema de Manos,https://a1.soysuper.com/f604cf39031576560c81158c185a47e0.110.110.0.min.wmark.aa7c56bb.jpg
63dc317fe93cdf322d7ed712,Deliplus,Crema manos hidratante aloe vera,Tubo 75 ml,1,Perfumería y Parafarmacia > Cuidado de Pies y Manos > Crema de Manos,Crema de Manos,https://a2.soysuper.com/4738494e14d258163777ddefe3bd9473.110.110.0.min.wmark.49a3ea96.jpg
60f2809d1452a06e344197b3,Deliplus,Recambio cargador afeitar 6 hojas precision,Paquete 4 u,5.5,Perfumería y Parafarmacia > Afeitado > Maquinillas de Afeitar,Maquinillas de Afeitar,https://a1.soysuper.com/32261bb40f979deae941782ca83e80bd.110.110.0.min.wmark.febfdb63.jpg
62c7d3228ca63c37df1500e8,Deliplus,Protector solar fps 50 (stick),Bote 15 g,5.5,Perfumería y Parafarmacia > Productos Solares > Protector Solar,Protector Solar,https://a2.soysuper.com/f2efabad6e5886656ebb93d98aad167c.110.110.0.min.wmark.d9359659.jpg
5acb0c8e53c97b5ae42a5468,Deliplus,"Tinte coloracion permanente Nº 9,1 colorcor rubio clarisimo ceniza",U,3.9,Perfumería y Parafarmacia > Cuidado del Cabello > Tintes para el Cabello,Tintes para el Cabello,https://a0.soysuper.com/844622e3d26c27aa03b58fdccc9ff13f.110.110.0.min.wmark.e352fbd4.jpg
5fdc833e0932f75c2756332a,Deliplus,Pinza de ceja punta oblícua,1 unidad,2,Perfumería y Parafarmacia > Depilación > Accesorios,Accesorios,https://a1.soysuper.com/13e29744943db7bf9bbe659e897242dd.110.110.0.min.wmark.9454c6aa.jpg
55bc0a5c53c97b0cbe52a943,Deliplus,Crema manos flor de japon,Tubo 30 ml,0.8,Perfumería y Parafarmacia > Cuidado de Pies y Manos > Crema de Manos,Crema de Manos,https://a1.soysuper.com/2ca74ae266f900901e52b5acaa27f0bd.110.110.0.min.wmark.34a52b1d.jpg
5c55ab0b2508c10e97778942,Deliplus,Jabón de manos pastilla glicerina,Pastilla 125 g,1.1,Perfumería y Parafarmacia > Cuidado Corporal > Jabón para Manos,Jabón para Manos,https://a0.soysuper.com/dc62370d6ef26f5b21c5c0543b6fe9af.110.110.0.min.wmark.398670de.jpg
5c8717da1452a030e15968b9,Deliplus,Champu extra suave cabello normal,Botella 750 ml,1.8,Perfumería y Parafarmacia > Cuidado del Cabello > Champú,Champú,https://a0.soysuper.com/059706d99c719e459761da401bbdfbef.110.110.0.min.wmark.04529ca9.jpg
5c9641b098ec9103c608797f,Deliplus,Compresa normal cotton alas,Paquete 32 u,3.4,Perfumería y Parafarmacia > Higiene Íntima > Compresas,Compresas,https://a2.soysuper.com/69cba44487fb0d71efaa8eef2c314dcb.110.110.0.min.wmark.172ce9fb.jpg
63f223500932f7506a24a551,Deliplus,Desodorante spray unisex cuidado aloe,Bote 200 ml,1.65,Perfumería y Parafarmacia > Desodorante > Spray,Spray,https://a0.soysuper.com/51f520719556e9d3fe3837d4a3cbe78b.110.110.0.min.wmark.045bfeb6.jpg
6499501853c97b603616242d,Deliplus,"Dentifrico pasta 3 action (efecto blanqueador, anticaries y aliento fresco)",Tubo 100 ml,1.05,Perfumería y Parafarmacia > Higiene Bucal > Dentífrico,Dentífrico,https://a2.soysuper.com/258d880085d1ea4f66b87bc160d459a6.110.110.0.min.wmark.42b7d752.jpg
64c0d9ec0932f703707c878c,Deliplus,Tonico facial arbol de te,Botella 255 ml,3.2,Perfumería y Parafarmacia > Cuidado Facial > Limpieza Facial,Limpieza Facial,https://a2.soysuper.com/d50dde5cefe87847d20c7478ba5e6474.110.110.0.min.wmark.93483d10.jpg
647fbbaee93cdf75ea2e488b,Deliplus,Perfilador ojos automatico Nº 9 azul metalizado (waterproof),U,2.5,Perfumería y Parafarmacia > Maquillaje > Maquillaje para Ojos,Maquillaje para Ojos,https://a2.soysuper.com/b1691acf9182f5c95b6f7e9411b5a0fd.110.110.0.min.wmark.7b8e72cb.jpg
64ff33a60932f7179d425396,Deliplus,Perfilador labios automatico Nº 11 nude melocoton,1 U,2.5,Perfumería y Parafarmacia > Maquillaje > Maquillaje para Labios,Maquillaje para Labios,https://a0.soysuper.com/a0f8ca692353a5df5551bd160dd49055.110.110.0.min.wmark.533c9ea3.jpg
6213d9702508c17681282953,Deliplus,Compresa incontinencia maxi night (absorcion 6),Paquete 10 u,3.15,Perfumería y Parafarmacia > Higiene Íntima > Incontinencia,Incontinencia,https://a0.soysuper.com/70d3f09233c8c6b9a0748762f051aa1c.110.110.0.min.wmark.f7a1fdfc.jpg
65127f14722d6a681f025161,Deliplus,Cepillo dental sensitive,U,1.3,Perfumería y Parafarmacia > Higiene Bucal > Cepillo Dental,Cepillo Dental,https://a0.soysuper.com/1608a4c169c8edb7a298ecb0541017b9.110.110.0.min.wmark.0655c574.jpg
64c0d9ec1452a0014457755e,Deliplus,Tonico facial vitamina C,Botella 255 ml,3.2,Perfumería y Parafarmacia > Cuidado Facial > Limpieza Facial,Limpieza Facial,https://a0.soysuper.com/1ac8fe6976d346d122bca798462edf12.110.110.0.min.wmark.474c15bd.jpg
5c40de1f0932f7629b1eaaa8,Deliplus,Biberon tetina silicona 360 ml unisex,U,3.8,Bebés y Niños > Accesorios > Biberón,Biberón,https://a2.soysuper.com/4c495fb94cba8164f30be472c5ad0990.110.110.0.min.wmark.1bf420fa.jpg
60aeb4ccd79187699d632db3,Deliplus,Maquillaje fluido long lasting 02,1 unidad,5.5,Perfumería y Parafarmacia > Maquillaje > Maquillaje Facial,Maquillaje Facial,https://a1.soysuper.com/cd62657080d1b7be2cf1cecb5197dbcd.110.110.0.min.wmark.ef32a80d.jpg
5cc0324e53c97b7603776396,Deliplus,Dentifrico gel infantil kids + 2 años personaje mickey fluor y calcio (sabor fresa no pica),Tubo 75 ml,0.95,Bebés y Niños > Higiene y Perfumería > Higiene Bucal,Higiene Bucal,https://a1.soysuper.com/589f366a6a785bf028991e2112c35835.110.110.0.min.wmark.a3d9b502.jpg
5c8717db53c97b281c77302a,Deliplus,Champu natural 97% origen suavidad y brillo todo tipo cabello,Botella 400 ml,1.9,Perfumería y Parafarmacia > Cuidado del Cabello > Champú,Champú,https://a1.soysuper.com/b461e9ea6a52ededb0351b77a4393224.110.110.0.min.wmark.0e4945bc.jpg
63f997e62508c1190529107c,Deliplus,Brillo labial volumizer Nº 02 (nude),U,5,Perfumería y Parafarmacia > Maquillaje > Maquillaje para Labios,Maquillaje para Labios,https://a2.soysuper.com/6041f55c1eeb0e84ca18642ea7d9d3bc.110.110.0.min.wmark.345c7e07.jpg
5c8717ed1452a030e5355e3b,Deliplus,Acondicionador reparacion & hidratacion sin aclarado cabello seco y dañado (pistola),Botella 400 ml,3.3,Perfumería y Parafarmacia > Cuidado del Cabello > Acondicionador,Acondicionador,https://a2.soysuper.com/db919c169b2fc49dc74fce6d3a67cba9.110.110.0.min.wmark.eb17ad4e.jpg
5faa57a453c97b026e21db21,Deliplus,Liquido solucion lentes de contacto (con estuche portalentes),Caja 360 ml,4,Perfumería y Parafarmacia > Parafarmacia > Botiquín,Botiquín,https://a0.soysuper.com/c8ed9a98b626d67cf0d92f750680900a.110.110.0.min.wmark.2676daf2.jpg
649bd7d21452a052073154de,Deliplus,After shave balsamo piel sensible,Tubo 100 ml,1.6,Perfumería y Parafarmacia > Afeitado > After Shave,After Shave,https://a0.soysuper.com/d35dddfe70ee2c95d75c9bfb6f409bd7.110.110.0.min.wmark.817dc72b.jpg
5c0112c8722d6a76c139eda6,Deliplus,Tinte coloracion permanente Nº 101 0% amoniaco rubio platino ceniza,U,3.9,Perfumería y Parafarmacia > Cuidado del Cabello > Tintes para el Cabello,Tintes para el Cabello,https://a1.soysuper.com/8b4aa7d34ca8b39b0461dfcfb70be0ce.110.110.0.min.wmark.8debfb27.jpg
4fc914d7cc75fa2a350155d7,Deliplus,Polvos talco,Bote 200 g,1.8,Perfumería y Parafarmacia > Parafarmacia > Polvos de Talco,Polvos de Talco,https://a1.soysuper.com/f4dffc28b0e520274f809b69cf40d6e6.110.110.0.min.wmark.f797c7d6.jpg
5f2a3d2798ec9112d741f304,Deliplus,Venda elastica cohesiva,U,2.1,Perfumería y Parafarmacia > Parafarmacia > Botiquín,Botiquín,https://a2.soysuper.com/454f577fe7fe1c24c70fc9f3b051ea9a.110.110.0.min.wmark.6031bb33.jpg
54e4f10ac096a83305042e06,Deliplus,Pañal braguita 12 a 18 kg talla L,Paquete 24 u,6.94,Bebés y Niños > Pañales > Talla 4,Talla 4,https://a2.soysuper.com/d26eab183a448328749f36236d327b38.110.110.0.min.wmark.c613f597.jpg
64af9e310932f7037c3f32be,Deliplus,Capsulas articular forte,Caja 30 u,4.2,Dietéticos > Complementos Dietéticos > Vitaminas,Vitaminas,https://a1.soysuper.com/6f1d7c7d5e2ea5fb64e419fafb9f3ad1.110.110.0.min.wmark.464d1070.jpg
5c0112c8722d6a76c139eda5,Deliplus,Tinte coloracion permanente Nº 4.15 0% amoniaco chocolate helado,U,3.9,Perfumería y Parafarmacia > Cuidado del Cabello > Tintes para el Cabello,Tintes para el Cabello,https://a2.soysuper.com/679f66db5ea3cea87b50165e395a92d8.110.110.0.min.wmark.8cedbe6b.jpg
60aeb4cc2508c155276e6232,Deliplus,Primer facial corrector Nº 3 (color morado: unifica la piel apagada creando una piel luminosa),U,5.75,Perfumería y Parafarmacia > Maquillaje > Maquillaje Facial,Maquillaje Facial,https://a0.soysuper.com/a8393154f60cf89ba22cced2aa1aee9e.110.110.0.min.wmark.97ef91be.jpg
620b5a448ca63c24a3487393,Deliplus,Laca uñas Nº 55 nude beige,U,2.5,Perfumería y Parafarmacia > Maquillaje > Laca para Uñas,Laca para Uñas,https://a0.soysuper.com/bde5a70535fa779d77772051a8ebf1f5.110.110.0.min.wmark.4394273d.jpg
60aeb4ccd79187699d632db5,Deliplus,Maquillaje fluido hydra-vital Nº5 dorado,1 unidad,5.25,Perfumería y Parafarmacia > Maquillaje > Maquillaje Facial,Maquillaje Facial,https://a2.soysuper.com/d6c114c13bff3bf9034ffea8dc7fe0be.110.110.0.min.wmark.c2be609d.jpg
59cf410d2508c136466d9e22,Deliplus,Gel baño dermo cuidado piel aspera y deshidratada con urea,Botella 500 ml,2,Perfumería y Parafarmacia > Cuidado Corporal > Gel de Baño,Gel de Baño,https://a1.soysuper.com/3da7d71b3b2314269a633b73759b079a.110.110.0.min.wmark.8fef1455.jpg
5c0112cc722d6a76c139edab,Deliplus,Tinte hombre (ready men) Nº 5 castaño natural,U,4.85,Perfumería y Parafarmacia > Cuidado del Cabello > Tintes para el Cabello,Tintes para el Cabello,https://a0.soysuper.com/98faa12d7150a059cbb85bb535923900.110.110.0.min.wmark.fc0d3781.jpg
64914920d7918777512866d9,Deliplus,"Capsulas gases (contiene hinojo, manzanilla y jengibre)",Caja 30 u,4.5,Dietéticos > Complementos Dietéticos > Otros,Otros,https://a1.soysuper.com/059263116c4e87d0bd5f6fc9e881c66f.110.110.0.min.wmark.6b6f1e90.jpg
5293bcb77791fb093d00002d,Deliplus,Pañal adulto talla mediana (talla 42 a 54),Paquete 20 u,13.53,Perfumería y Parafarmacia > Higiene Íntima > Incontinencia,Incontinencia,https://a1.soysuper.com/344480ca66411a425f0dbdcc6a5f532c.110.110.0.min.wmark.41211a26.jpg
6033fb61d7918750c16df221,Deliplus,Ampollas faciales hidratantes con acido hialuronico concentrado,14 ml (paquete 7 u),3.5,Perfumería y Parafarmacia > Cuidado Facial > Ampollas Flash Inmediatas,Ampollas Flash Inmediatas,https://a1.soysuper.com/22a140b836d47d5e96d9d9e90e11b299.110.110.0.min.wmark.07ceca2a.jpg
6191fefb722d6a6c8d2c0f44,Deliplus,Eau toilette mujer vaporizador magic chic,Botella 300 ml,2.35,Perfumería y Parafarmacia > Colonia > Femenina,Femenina,https://a2.soysuper.com/5c76f80672b17e0005e4a333016f7444.110.110.0.min.wmark.a7f3a60b.jpg
60aeb4cb2508c155276e622a,Deliplus,Maquillaje fluido long lasting 03,1 unidad,5.5,Perfumería y Parafarmacia > Maquillaje > Maquillaje Facial,Maquillaje Facial,https://a1.soysuper.com/cd62657080d1b7be2cf1cecb5197dbcd.110.110.0.min.wmark.ef32a80d.jpg
5f8f06db53c97b35fd71a728,Deliplus,Tiras protectoras surtidas color piel,Caja 30 u,0.95,Perfumería y Parafarmacia > Parafarmacia > Botiquín,Botiquín,https://a0.soysuper.com/2ee3978874ab9a013ca15899c1ed7404.110.110.0.min.wmark.1b658168.jpg
61a456c12508c1672556625c,Deliplus,Tinte coloracion permanente Nº 9.1 0% amoniaco rubio muy claro ceniza,U,3.9,Perfumería y Parafarmacia > Cuidado del Cabello > Tintes para el Cabello,Tintes para el Cabello,https://a0.soysuper.com/a05b0232c7aae5c1cc98d1b38e0561fc.110.110.0.min.wmark.3757c21c.jpg
635d4d73e93cdf0ef078f448,Deliplus,Champu plex repair cabello dañado,Botella 400 ml,1.9,Perfumería y Parafarmacia > Cuidado del Cabello > Champú,Champú,https://a2.soysuper.com/92339c134a48547155f48ae611f8b54a.110.110.0.min.wmark.e05de148.jpg
5a9e4b111452a06975169474,Deliplus,Laca uñas Nº 31 negro mistico (alto brillo),U,2.5,Perfumería y Parafarmacia > Maquillaje > Laca para Uñas,Laca para Uñas,https://a0.soysuper.com/525026e5b7014eb25155cb533f1bad2a.110.110.0.min.wmark.278ba051.jpg
5d8011a50932f711e40d83e1,Deliplus,Comprimidos efervescentes de magnesio sabor naranja,Tubo 20 u,1.95,Dietéticos > Complementos Dietéticos > Vitaminas,Vitaminas,https://a1.soysuper.com/7fb3ca1e8a195df7468f899ada6831e3.110.110.0.min.wmark.013684bb.jpg
651d21178ca63c68e942f726,Deliplus,Stick de arnica cata pum (calma dolor e inflamacion tras un golpe),1 u - 14 ml,4,Perfumería y Parafarmacia > Parafarmacia > Botiquín,Botiquín,https://a2.soysuper.com/841b05eea72a7bd737b752cd9910e5ff.110.110.0.min.wmark.38e8fd41.jpg
61647acd98ec91509a7b4024,Deliplus,Pincel sombra difuminador,1 unidad,2.75,Perfumería y Parafarmacia > Maquillaje > Accesorios,Accesorios,https://a0.soysuper.com/3031fcbcddc974d977b92cf91d88495e.110.110.0.min.wmark.928a7df9.jpg
5f82b22a2508c143eb7795f8,Deliplus,Gel crema facial hombre revitalizante,Bote 50 ml,5,Perfumería y Parafarmacia > Cuidado Facial > Crema Facial,Crema Facial,https://a1.soysuper.com/dca0703e6abdf583115d53bde0218cfe.110.110.0.min.wmark.f824896a.jpg
62978c4e2508c101701b2a10,Deliplus,Pintalabios fluido mate Nº 08 rosa palo,U,4.5,Perfumería y Parafarmacia > Maquillaje > Maquillaje para Labios,Maquillaje para Labios,https://a0.soysuper.com/3cde972247cef0eb066a8c06d17966b1.110.110.0.min.wmark.0a37dab1.jpg
62873918e93cdf483728bc3f,Deliplus,Cera depilar corporal caliente perfumada sin bandas especial microondas (con 2 toallitas post depilación),Tarro 250 ml,4,Perfumería y Parafarmacia > Depilación > Cera,Cera,https://a0.soysuper.com/04491743af7433cfecd7d7864e706d3a.110.110.0.min.wmark.1dc72cbd.jpg
5c9a5344e93cdf4f3d6db817,Deliplus,Espuma cabello fijacion extrafuerte,Bote 300 ml,1.85,Perfumería y Parafarmacia > Cuidado del Cabello > Fijadores,Fijadores,https://a1.soysuper.com/375e75d4deb390c02255668ce3e33b32.110.110.0.min.wmark.377d64e1.jpg
6093bf64e93cdf013d678970,Deliplus,Mascarilla de aceite de argán nutrición y brillo sin aclarado cabello seco y dañado,Tubo 150 ml,3.8,Perfumería y Parafarmacia > Cuidado del Cabello > Mascarilla,Mascarilla,https://a0.soysuper.com/0bb61d1c54f3747db5a54ee7ee8f2fef.110.110.0.min.wmark.f7dd1b80.jpg
505d9170c9b38574670000d7,Deliplus,Laca uñas manicura francesa Nº 1 blanco mate (paso 1),U,2.75,Perfumería y Parafarmacia > Maquillaje > Laca para Uñas,Laca para Uñas,https://a1.soysuper.com/9e8abe3b6524d5f0b35a5807f6b949d7.110.110.0.min.wmark.99bcbd97.jpg
63f997e62508c1190529107a,Deliplus,Brillo labial volumizer Nº 01 (transparente),U,5,Perfumería y Parafarmacia > Maquillaje > Maquillaje para Labios,Maquillaje para Labios,https://a0.soysuper.com/724f5f75317722fcf0de39f188f7c5fd.110.110.0.min.wmark.5519dfc9.jpg
5b4c5488722d6a25d37abf64,Deliplus,Pañal braguita noche 27 A 57 Kg (DE 8 A 15 años - unisex),Paquete 13 u,10.64,Bebés y Niños > Pañales > Talla 8,Talla 8,https://a2.soysuper.com/5915fe991afeafc51fcc04969a03cf7f.110.110.0.min.wmark.90f7535c.jpg
631ae6021452a04c783fc758,Deliplus,Locion cabello pediculicida no + piojos (incluye gorro y liendrera),Botella 150 ml,5.25,Bebés y Niños > Higiene y Perfumería > Champú,Champú,https://a0.soysuper.com/059f149b6e6b825d364918b5799abf50.110.110.0.min.wmark.d1632d0b.jpg
5c0112c82508c133193cc7a2,Deliplus,Tinte coloracion permanente Nº 6.0 0% amoniaco rubio oscuro luminoso,U,3.9,Perfumería y Parafarmacia > Cuidado del Cabello > Tintes para el Cabello,Tintes para el Cabello,https://a0.soysuper.com/2851b25a9ede734f459ffe830280e17e.110.110.0.min.wmark.c54957da.jpg
61647acf98ec9150a876997c,Deliplus,Brocha maquillaje tipo paleta,1 unidad,4,Perfumería y Parafarmacia > Maquillaje > Accesorios,Accesorios,https://a1.soysuper.com/415e0fae5d6331ff38f029c832091acf.110.110.0.min.wmark.900c6d51.jpg
64a288768ca63c79a638d822,Deliplus,Maquinilla afeitar desechable 2 hojas active,Paquete 10 u,1.42,Perfumería y Parafarmacia > Afeitado > Maquinillas de Afeitar,Maquinillas de Afeitar,https://a0.soysuper.com/91d775ac0f5acd6307877bf14198044d.110.110.0.min.wmark.9731b466.jpg
60c9a19b2508c15fcf886452,Deliplus,Dentífrico + elixir blanqueador,Botella 100 ml,1.05,Perfumería y Parafarmacia > Higiene Bucal > Dentífrico,Dentífrico,https://a2.soysuper.com/b7b97d27c462e77303cf44df7d4ce043.110.110.0.min.wmark.5c780c25.jpg
5aced8b82508c10d7c70f9af,Deliplus,Tinte coloracion permanente Nº 7.40 colorcor rubio cobrizo intenso,U,3.9,Perfumería y Parafarmacia > Cuidado del Cabello > Tintes para el Cabello,Tintes para el Cabello,https://a2.soysuper.com/8ba88aca65a7242bbbd964e421a81897.110.110.0.min.wmark.80e2e285.jpg
6024e440d7918742165d3622,Deliplus,Perfilador de ojos normal Nº 01 negro,1 unidad,2.3,Perfumería y Parafarmacia > Maquillaje > Maquillaje para Ojos,Maquillaje para Ojos,https://a1.soysuper.com/c283f83166089c3b84d20a45d1381945.110.110.0.min.wmark.fc7e2d57.jpg
5c4c6a89722d6a32b1548e62,Deliplus,Antirozaduras pies,U,2.5,Perfumería y Parafarmacia > Parafarmacia > Botiquín,Botiquín,https://a1.soysuper.com/412f5c2f82007bf36025fbab1894f70b.110.110.0.min.wmark.87313d8a.jpg
606fb53e0932f757ce29f547,Deliplus,Polvos sueltos faciales translucidos,1 ud,5.5,Perfumería y Parafarmacia > Maquillaje > Maquillaje Facial,Maquillaje Facial,https://a1.soysuper.com/3c9eafd459aa3099d087378c9eca142b.110.110.0.min.wmark.9a78726e.jpg
5aced8b92508c10d7c70f9b0,Deliplus,"Tinte coloracion permanente Nº 6,15 colorcor marron macadamia",U,3.9,Perfumería y Parafarmacia > Cuidado del Cabello > Tintes para el Cabello,Tintes para el Cabello,https://a2.soysuper.com/aa29925dba52339eb6a98256b69828b1.110.110.0.min.wmark.a64f9d86.jpg
60aeb4c5722d6a06c282d596,Deliplus,Colorete mate Nº2,1 unidad,5,Perfumería y Parafarmacia > Maquillaje > Maquillaje Facial,Maquillaje Facial,https://a2.soysuper.com/85538230e0f5f148fc86fd681e5814cb.110.110.0.min.wmark.4c9d71a0.jpg
5acb0c8d53c97b5ae42a5461,Deliplus,Tinte coloracion permanente Nº 100 colorcor rubio platino natural,U,3.9,Perfumería y Parafarmacia > Cuidado del Cabello > Tintes para el Cabello,Tintes para el Cabello,https://a0.soysuper.com/a6556113de258ed62a254778d43757ec.110.110.0.min.wmark.d937126f.jpg
5c0112ca722d6a76be5c2af0,Deliplus,Tinte coloracion permanente Nº 5.69 0% amoniaco violin rojizo,U,3.9,Perfumería y Parafarmacia > Cuidado del Cabello > Tintes para el Cabello,Tintes para el Cabello,https://a0.soysuper.com/f95a6dbc43942671a93500d82df06639.110.110.0.min.wmark.110a940a.jpg
5f61cc6c927e233ca04cba8b,Deliplus,Crema facial bb hidratante con color 02 medium con dosificador,Bote 50 ml,4.5,Perfumería y Parafarmacia > Cuidado Facial > Crema Facial,Crema Facial,https://a0.soysuper.com/074d42ec13d343e0f4d41234d344e623.110.110.0.min.wmark.8ec2f5ef.jpg
61647acfe93cdf622f1f1be6,Deliplus,Pincel maquillaje (todo tipo),1 unidad,4,Perfumería y Parafarmacia > Maquillaje > Accesorios,Accesorios,https://a2.soysuper.com/94667c0e41a008ce22e67f195e3d8820.110.110.0.min.wmark.fcf6f7dc.jpg
653b7cffd7918748b543a604,Deliplus,Laca fijacion forte,Bote 400 ml,1.89,Perfumería y Parafarmacia > Cuidado del Cabello > Fijadores,Fijadores,https://a0.soysuper.com/b2a89419377c7d22765cc5ecebaff165.110.110.0.min.wmark.f9bf8319.jpg
5aced8b92508c10d7c70f9b1,Deliplus,"Tinte coloracion permanente Nº 8,44 colorcor rubio claro cobrizo",U,3.9,Perfumería y Parafarmacia > Cuidado del Cabello > Tintes para el Cabello,Tintes para el Cabello,https://a0.soysuper.com/6dd2df1959afc4f8264bebe9eafd3b7a.110.110.0.min.wmark.23bfa7a5.jpg
5acb0c8f1452a03d56756cd1,Deliplus,"Tinte coloracion permanente Nº 5,20 colorcor violin",U,3.9,Perfumería y Parafarmacia > Cuidado del Cabello > Tintes para el Cabello,Tintes para el Cabello,https://a1.soysuper.com/71034ed320d35f3c629fa7efe759af11.110.110.0.min.wmark.a25c8f13.jpg
5acb0c8d1452a03d56756ccb,Deliplus,"Tinte coloracion permanente Nº 9,3 colorcor rubio clarisimo dorado",U,3.9,Perfumería y Parafarmacia > Cuidado del Cabello > Tintes para el Cabello,Tintes para el Cabello,https://a1.soysuper.com/72201e62ff7edb84ef94951e82d88592.110.110.0.min.wmark.ce7635dd.jpg
589c256953c97b53bc3af704,Deliplus,Cepillo interdental extrafino,Paquete de 6 unidades,1.5,Perfumería y Parafarmacia > Higiene Bucal > Cepillo Dental,Cepillo Dental,https://a2.soysuper.com/148ad2096f39b8438ed07c0bc0914af8.110.110.0.min.wmark.69cf34a5.jpg
61647ace1452a05cc730a50d,Deliplus,Brocha polvos de bolso pelo sintético,1 unidad,4,Perfumería y Parafarmacia > Maquillaje > Accesorios,Accesorios,https://a2.soysuper.com/064d180d701df3bd9fed9c5212ea1cc3.110.110.0.min.wmark.65672ffc.jpg
61a456c1e93cdf3b239aed63,Deliplus,Tinte coloracion permanente Nº 8.1 0% amoniaco rubio claro ceniza,U,3.9,Perfumería y Parafarmacia > Cuidado del Cabello > Tintes para el Cabello,Tintes para el Cabello,https://a2.soysuper.com/d8a8ef0b5868431bb2ea456ccca350e4.110.110.0.min.wmark.40ac3e8d.jpg
611740410932f74ca30fc9ca,Deliplus,Perfilador labios Nº 02 marsala,U,2.5,Perfumería y Parafarmacia > Maquillaje > Maquillaje para Labios,Maquillaje para Labios,https://a1.soysuper.com/1bdb8d9702aaa6cf579aa1a1a58889ef.110.110.0.min.wmark.194c0e62.jpg
616e8dd8e93cdf3b237394ec,Deliplus,Alicate de uñas para manos y pies,1 unidad,4.9,Perfumería y Parafarmacia > Cuidado de Pies y Manos > Manicura y Pedicura,Manicura y Pedicura,https://a1.soysuper.com/d69a1f875c774d8f6524c1fa38d6f2c2.110.110.0.min.wmark.09af3134.jpg
61e5f996e93cdf1349087a7c,Deliplus,Recambio cargador afeitar 3 hojas precision 3,Paquete 4 u,3.5,Perfumería y Parafarmacia > Afeitado > Maquinillas de Afeitar,Maquinillas de Afeitar,https://a2.soysuper.com/5019f646c5ee5a31878e020a863ac96f.110.110.0.min.wmark.f536478a.jpg
64b8f668722d6a30a559775f,Deliplus,Quitamanchas tinte capilar,Botella 85 ml,2.4,Droguería > Cuidado de la Ropa > Detergente,Detergente,https://a2.soysuper.com/4b6d82d8aac2593eb2fcd80e394a4300.110.110.0.min.wmark.ec87670a.jpg
5acb0c8e0932f70b07456636,Deliplus,Tinte coloracion permanente Nº 8.31 colorcor nude arena,U,3.9,Perfumería y Parafarmacia > Cuidado del Cabello > Tintes para el Cabello,Tintes para el Cabello,https://a1.soysuper.com/aba615dd6653e6a196e5a0ed4af33b7e.110.110.0.min.wmark.315206bd.jpg
6462658f722d6a587e046056,Deliplus,Perfilador ojos automatico Nº 13 gris,U,2.5,Perfumería y Parafarmacia > Maquillaje > Maquillaje para Ojos,Maquillaje para Ojos,https://a0.soysuper.com/d0b146fbc74d7998f9fc2eb6e1ff13f4.110.110.0.min.wmark.b85834c5.jpg
60be41462508c15fcf8269ac,Deliplus,Corrector facial hydra-vital Nª2,1 unidad,4.5,Perfumería y Parafarmacia > Maquillaje > Maquillaje Facial,Maquillaje Facial,https://a0.soysuper.com/ad8146374856021586cea1de63856e57.110.110.0.min.wmark.0dacd7e4.jpg
61b3189d1452a05dee3127cf,Deliplus,Pintalabios fluido mate Nº 04 granate,U,5,Perfumería y Parafarmacia > Maquillaje > Maquillaje para Labios,Maquillaje para Labios,https://a2.soysuper.com/70cd12e33ca18fbc46d0fcc4490c646d.110.110.0.min.wmark.4d092ad1.jpg
5ecc2ef298ec9157485a6b22,Deliplus,Cera de depilar fría en bandas piernas piel sensible (con 2 toallitas post-depilación),Paquete 20 u,1.3,Perfumería y Parafarmacia > Depilación > Cera,Cera,https://a2.soysuper.com/7276fa7c3c79841c4855ae943155b1d4.110.110.0.min.wmark.90943c59.jpg
632dfb87d791871a5e452060,Deliplus,Barra labios mate Nº 102 caramelo,U,4.5,Perfumería y Parafarmacia > Maquillaje > Maquillaje para Labios,Maquillaje para Labios,https://a0.soysuper.com/3e4c3eb671840b8f90822d6d19e2a6b9.110.110.0.min.wmark.a1f60816.jpg
5c4c6a5353c97b11db3fdd9c,Deliplus,Refrescante mentol revitalizante pies y piernas (spray),Bote 200 ml,3.95,Perfumería y Parafarmacia > Cuidado Corporal > Cremas y Lociones,Cremas y Lociones,https://a0.soysuper.com/31acd4e0dbebfebce6740c3c95812d37.110.110.0.min.wmark.b992f1a0.jpg
5a9e4b1198ec911e032b6555,Deliplus,Laca uñas Nº 18 suave peonia (alto brillo),U,2.5,Perfumería y Parafarmacia > Maquillaje > Laca para Uñas,Laca para Uñas,https://a0.soysuper.com/334d66f864eb1515e137af5779db4264.110.110.0.min.wmark.0f151c7c.jpg
61af28e31452a0062b76e74b,Deliplus,Cortauñas pies,1 unidad,1.89,Perfumería y Parafarmacia > Cuidado de Pies y Manos > Manicura y Pedicura,Manicura y Pedicura,https://a1.soysuper.com/27824137cae9d11676e0b0f23c92ba13.110.110.0.min.wmark.28eaaa75.jpg
5c0112c92508c133193cc7a4,Deliplus,Tinte coloracion permanente Nº 10.0 0% amoniaco rubio extraclaro,U,3.9,Perfumería y Parafarmacia > Cuidado del Cabello > Tintes para el Cabello,Tintes para el Cabello,https://a2.soysuper.com/058d973ed09bd9d3862b7dded20f6671.110.110.0.min.wmark.7fb85c54.jpg
5c0112cc98ec913a1a7be41c,Deliplus,Mascarilla reviva color rubio miel,Caja 1 u,2,Perfumería y Parafarmacia > Cuidado del Cabello > Mascarilla,Mascarilla,https://a2.soysuper.com/d98f2fe9f4b5bb69fa6cdd8e99b9a1b1.110.110.0.min.wmark.5de5f516.jpg
655c60578ca63c0e2d0778dd,Deliplus,Laca uñas Nº 76 rosa medio (alto brillo),U,2.5,Perfumería y Parafarmacia > Maquillaje > Laca para Uñas,Laca para Uñas,https://a2.soysuper.com/537ee0e6d347cc97f964b0b735464b9f.110.110.0.min.wmark.1ee5d76f.jpg
5acb0c8e0932f70b042b741c,Deliplus,"Tinte coloracion permanente colorcor Nº 5,77 castaño claro marron intenso",U,3.9,Perfumería y Parafarmacia > Cuidado del Cabello > Tintes para el Cabello,Tintes para el Cabello,https://a2.soysuper.com/bbfb6a7221473f4c8de3916c89df6d42.110.110.0.min.wmark.5b638f50.jpg
63a5df9f722d6a2c3a0cad9a,Deliplus,Barra labios color balm textura balsamo Nº08 nude beige (acabado brillo),U,4.5,Perfumería y Parafarmacia > Maquillaje > Maquillaje para Labios,Maquillaje para Labios,https://a1.soysuper.com/4acd5e5b74bfdad826afc1588732d394.110.110.0.min.wmark.78e18541.jpg
5aced8b9722d6a6ff24026ff,Deliplus,"Tinte coloracion permanente Nº 8,1 colorcor rubio claro ceniza",U,3.9,Perfumería y Parafarmacia > Cuidado del Cabello > Tintes para el Cabello,Tintes para el Cabello,https://a2.soysuper.com/6ee626e1f1bc4bc9eb1c999946a2e3b5.110.110.0.min.wmark.5beba7ef.jpg
62978c4e98ec91018281f7c7,Deliplus,Pintalabios fluido mate Nº 7 rosa violeta,U,3,Perfumería y Parafarmacia > Maquillaje > Maquillaje para Labios,Maquillaje para Labios,https://a2.soysuper.com/2b4f0b456338d574f095b362483ef3a2.110.110.0.min.wmark.445905ab.jpg
5a9e4b110932f729fc6b6698,Deliplus,Laca uñas Nº 15 perla rosada (alto brillo),U,2.5,Perfumería y Parafarmacia > Maquillaje > Laca para Uñas,Laca para Uñas,https://a0.soysuper.com/ec4785163e00a7d3d3d2b3cf137c3bc3.110.110.0.min.wmark.58180393.jpg
5acb0c8e0932f70b0745663a,Deliplus,Tinte coloracion permanente Nº 10 colorcor rubio extra claro,U,3.9,Perfumería y Parafarmacia > Cuidado del Cabello > Tintes para el Cabello,Tintes para el Cabello,https://a1.soysuper.com/4f21b06f1fecf372744b2c03e8c7279b.110.110.0.min.wmark.d033e2fb.jpg
64acfb682508c14cc84dd33a,Deliplus,Tinte hombre (ready men) Nº 3-4 (castaño oscuro/moreno),U,4.85,Perfumería y Parafarmacia > Cuidado del Cabello > Tintes para el Cabello,Tintes para el Cabello,https://a2.soysuper.com/9c1dad6ce7135dfa74c4f5e5cb1934a0.110.110.0.min.wmark.607ebb12.jpg
60fff7c01452a06c1a7de20f,Deliplus,"Maquinilla depilacion body 6 system (mango antideslizante, contiene ventosa para la ducha)",U,4.8,Perfumería y Parafarmacia > Depilación > Maquinillas,Maquinillas,https://a0.soysuper.com/5207ba2f9e8f33e212d43df9cf9c1a11.110.110.0.min.wmark.0e2f9662.jpg
63254f02722d6a6750023c4b,Deliplus,Barra labios mate Nº 107 caldera,U,4.5,Perfumería y Parafarmacia > Maquillaje > Maquillaje para Labios,Maquillaje para Labios,https://a2.soysuper.com/c02e8c8f9b703fad6e4bb1da18bbc14c.110.110.0.min.wmark.48a79be7.jpg
5c0112ca722d6a76c139eda9,Deliplus,Tinte coloracion permanente Nº 6.74 0% amoniaco marron cobrizo,U,3.9,Perfumería y Parafarmacia > Cuidado del Cabello > Tintes para el Cabello,Tintes para el Cabello,https://a2.soysuper.com/da5625c7bd20866bd533b53bade38fde.110.110.0.min.wmark.8f4fc8a2.jpg
63254f02722d6a6750023c4c,Deliplus,Barra labios mate Nº 111 marron,U,4.5,Perfumería y Parafarmacia > Maquillaje > Maquillaje para Labios,Maquillaje para Labios,https://a0.soysuper.com/fa49af7a401bdf6bce9b0eb639433727.110.110.0.min.wmark.c2134c00.jpg
5c9a53421452a0182e2a764b,Deliplus,Spray ondas surferas,Botella 200 ml,2.4,Perfumería y Parafarmacia > Cuidado del Cabello > Fijadores,Fijadores,https://a2.soysuper.com/7d797539814712be07e803c73a68d2f8.110.110.0.min.wmark.61198a62.jpg
60aeb4c51452a0510e3c0437,Deliplus,Colorete luminoso Nº3,1 unidad,5,Perfumería y Parafarmacia > Maquillaje > Maquillaje Facial,Maquillaje Facial,https://a0.soysuper.com/42aa9ef53bea857385022c8e59347a11.110.110.0.min.wmark.f4c39404.jpg
5aced8b92508c10d79628431,Deliplus,Tinte coloracion permanente Nº 7 colorcor rubio medio,U,3.9,Perfumería y Parafarmacia > Cuidado del Cabello > Tintes para el Cabello,Tintes para el Cabello,https://a0.soysuper.com/bd563fb462a9839d87bd1ea524f8f60d.110.110.0.min.wmark.bc61f5b4.jpg
60aeb4c92508c155276e621b,Deliplus,Maquillaje fluido cover & fix Nª 3,1 unidad,5.25,Perfumería y Parafarmacia > Maquillaje > Maquillaje Facial,Maquillaje Facial,https://a2.soysuper.com/66fe401149b5e50a0993ca5d914643f1.110.110.0.min.wmark.c74267ef.jpg
64a666abe6ed4063ec2c1857,Deliplus,Cera acabado brillo fijacion fuerte,Tarro 100 ml,3.05,Perfumería y Parafarmacia > Cuidado del Cabello > Fijadores,Fijadores,https://a2.soysuper.com/e7cf99b42c2f72fb71ecd66667c5fcad.110.110.0.min.wmark.72249f07.jpg
616e728c2508c16756629f3c,Deliplus,Corta cutículas,1 unidad,2.1,Perfumería y Parafarmacia > Cuidado de Pies y Manos > Manicura y Pedicura,Manicura y Pedicura,https://a0.soysuper.com/6868d62000118b41e9f5096ef2591fea.110.110.0.min.wmark.180e0ad4.jpg
58a422a2c240640ac458b1da,Deliplus,Desodorante spray unisex cuidado aloe viaje (verde),Bote 75 ml,1.45,Perfumería y Parafarmacia > Desodorante > Spray,Spray,https://a0.soysuper.com/d3817ed125fc14b4f3a1f58f009247f1.110.110.0.min.wmark.6c4d94ce.jpg
60aeb4c5722d6a06c282d597,Deliplus,Colorete luminoso Nº2,1 unidad,5,Perfumería y Parafarmacia > Maquillaje > Maquillaje Facial,Maquillaje Facial,https://a0.soysuper.com/67342f3308cded702a1be9b52b64ea17.110.110.0.min.wmark.97c46442.jpg
5aced8b91452a06bad09fc86,Deliplus,"Tinte coloracion permanente Nº 6,1 colorcor rubio oscuro ceniza",U,3.9,Perfumería y Parafarmacia > Cuidado del Cabello > Tintes para el Cabello,Tintes para el Cabello,https://a0.soysuper.com/098ff8afdd0dc5a74d45a207a3b14608.110.110.0.min.wmark.6ed88e58.jpg
5acb0c8e0932f70b07456639,Deliplus,Tinte coloracion permanente Nº 7.31 colorcor nude beige,U,3.9,Perfumería y Parafarmacia > Cuidado del Cabello > Tintes para el Cabello,Tintes para el Cabello,https://a2.soysuper.com/342c697b54aea12347fbed2f71a384b3.110.110.0.min.wmark.723df16f.jpg
5acb0c8e0932f70b042b741d,Deliplus,Tinte coloracion permanente Nº 5 colorcor castaño claro,U,3.9,Perfumería y Parafarmacia > Cuidado del Cabello > Tintes para el Cabello,Tintes para el Cabello,https://a1.soysuper.com/7076f580740ae49ba77d9034d1c545d2.110.110.0.min.wmark.63942a54.jpg
5aced8b92508c10d7c70f9b2,Deliplus,"Tinte coloracion permanente Nº 6,35 colorcor marron caramelo",U,3.9,Perfumería y Parafarmacia > Cuidado del Cabello > Tintes para el Cabello,Tintes para el Cabello,https://a0.soysuper.com/6b22e892befe6de96c7b035e3d4513bd.110.110.0.min.wmark.7acfe0bc.jpg
6294fbf38ca63c01503287e2,Deliplus,Eau toilette mujer elixir fleur de monoi,Botella 100 ml,4,Perfumería y Parafarmacia > Colonia > Femenina,Femenina,https://a0.soysuper.com/1f4f0b8ad19a39b7f6a3b6c24861cfcb.110.110.0.min.wmark.ea64ac1d.jpg
63329c72e6ed401daf38596c,Deliplus,Perfilador cejas micro 02 oscuro con cepillo,U,3.5,Perfumería y Parafarmacia > Maquillaje > Maquillaje Facial,Maquillaje Facial,https://a0.soysuper.com/daec7df18591690bfa058a15696926a9.110.110.0.min.wmark.2f4249b7.jpg
60aeb4c51452a0510e3c0438,Deliplus,Colorete mate Nº3,1 unidad,5,Perfumería y Parafarmacia > Maquillaje > Maquillaje Facial,Maquillaje Facial,https://a2.soysuper.com/c7ae08458e877ff1be8a5028bf2c6edd.110.110.0.min.wmark.501c7902.jpg
6268e6bc8ca63c54fc3e7154,Deliplus,Tampon regular 100 % algodon (sin aplicador),Caja 18 u,3.4,Perfumería y Parafarmacia > Higiene Íntima > Tampones,Tampones,https://a2.soysuper.com/3aa515e3a86672ca7e5158d4da8691b1.110.110.0.min.wmark.355de904.jpg
62a82eb8e93cdf31160cb9ef,Deliplus,Barra labios cremosa Nº 211 granate,1 unidad,4.65,Perfumería y Parafarmacia > Maquillaje > Maquillaje para Labios,Maquillaje para Labios,https://a2.soysuper.com/6a69c3b12d249bc5d17b24f84e9ec338.110.110.0.min.wmark.131ea8ea.jpg
6006a25a2508c10b2974c1a5,Deliplus,Perfilador ojos delineador Nº 02 negro,U,3.5,Perfumería y Parafarmacia > Maquillaje > Maquillaje para Ojos,Maquillaje para Ojos,https://a1.soysuper.com/7fcb3e978cd8422e8171c335b5daa331.110.110.0.min.wmark.5909f261.jpg
63329c728ca63c1f7f039a06,Deliplus,Perfilador cejas micro 01 claro con cepillo,U,3.5,Perfumería y Parafarmacia > Maquillaje > Maquillaje Facial,Maquillaje Facial,https://a2.soysuper.com/342709625731fa9f3614b6bffe41e3ba.110.110.0.min.wmark.94355967.jpg
5aced8b953c97b24693e512e,Deliplus,"Tinte coloracion permanente Nº 6,6 colorcor rojo pasion",U,3.9,Perfumería y Parafarmacia > Cuidado del Cabello > Tintes para el Cabello,Tintes para el Cabello,https://a1.soysuper.com/8b9a715bd2b9565918ec9fecc7a7aac5.110.110.0.min.wmark.a459022e.jpg
5c0112ca2508c133193cc7a5,Deliplus,Tinte coloracion permanente Nº 5 0% amoniaco castaño claro,U,3.9,Perfumería y Parafarmacia > Cuidado del Cabello > Tintes para el Cabello,Tintes para el Cabello,https://a2.soysuper.com/974ab9d6f1cde9ca11b2d9591e0ebaa7.110.110.0.min.wmark.44a05609.jpg
65af72c0d79187177713e70a,Deliplus,Polvos compactos faciales 24H Nº3,U,6,Perfumería y Parafarmacia > Maquillaje > Maquillaje Facial,Maquillaje Facial,https://a1.soysuper.com/b19b8bfc28bb1fba635d7b9574623805.110.110.0.min.wmark.38326dd5.jpg
65c09bb41452a0307214af91,Deliplus,Jabon manos liquido niños kids dosificador,Botella 500 ml,1.3,Perfumería y Parafarmacia > Cuidado Corporal > Jabón para Manos,Jabón para Manos,https://a0.soysuper.com/d5246be9decc333f8058578269e49619.110.110.0.min.wmark.904d47da.jpg
5012f0f8238436c85d00025a,Deliplus,Locion corporal efecto tono bronceado (dosificador),Botella 400 ml,3.75,Perfumería y Parafarmacia > Cuidado Corporal > Cremas y Lociones,Cremas y Lociones,https://a0.soysuper.com/d87f8a7c1d82668b1e2e06e30773b527.110.110.0.min.wmark.ad159df4.jpg
58aecaa62508c10cd15891f9,Deliplus,Tampón súper plus con aplicador suave,Caja 20 u,2.73,Perfumería y Parafarmacia > Higiene Íntima > Tampones,Tampones,https://a0.soysuper.com/c9027b996488c2adddb939875faf9d3f.110.110.0.min.wmark.aa2b37e7.jpg
6261084ed791872f81461474,Deliplus,Protector solar corporal spf 30 (leche),Tubo 200 ml,5,Perfumería y Parafarmacia > Productos Solares > Protector Solar,Protector Solar,https://a2.soysuper.com/ee3a27a7cc1fe7f6456246728fcb6cf9.110.110.0.min.wmark.ed315073.jpg
6025ffe02508c1014c0e517a,Deliplus,Perfilador ojos normal Nº 04 azul oscuro,1 unidad,2.3,Perfumería y Parafarmacia > Maquillaje > Maquillaje para Ojos,Maquillaje para Ojos,https://a2.soysuper.com/d0a707676904d511cf2129651dc54102.110.110.0.min.wmark.aa16a916.jpg
69c8c2ae0932f72dbe40f987,Deliplus,Lagrimas hidratantes para ojos secos,Caja 30 monodosis,5.45,Perfumería y Parafarmacia > Parafarmacia > Cuidado Ocular,Cuidado Ocular,
68600dd12508c122ff2c77fe,Deliplus,Kit brochas esencial nude (esponja maquillaje y brocha),U,3.5,Perfumería y Parafarmacia > Maquillaje > Accesorios,Accesorios,https://a0.soysuper.com/2a564d97d5430bef87a206da78a12c13.110.110.0.min.wmark.eaf4e675.jpg
69c30a571452a0137667a05e,Deliplus,Barra labios lips oil 01 rosado (con acabado efecto gel y brillo sensacion ligera) (coleccion jelly lip oil),U,5,Perfumería y Parafarmacia > Maquillaje > Maquillaje para Labios,Maquillaje para Labios,https://a2.soysuper.com/e3d0c8eaec486a0d43a3d66f05eafc96.110.110.0.min.wmark.f58eff11.jpg
6735ab5c2508c1045e094e9b,Deliplus,Cepillo dental suave,Paquete 3 u,1.1,Perfumería y Parafarmacia > Higiene Bucal > Cepillo Dental,Cepillo Dental,https://a0.soysuper.com/e317d2aaa6fb0d28fd1990dc48c942aa.110.110.0.min.wmark.a02f20e9.jpg
69f4429b1452a00a1a2c6d3d,Deliplus,Laca uñas Nº 148 naranja medio (coleccion verano),U,2.5,Perfumería y Parafarmacia > Maquillaje > Laca para Uñas,Laca para Uñas,
669e60291452a03edd646c47,Deliplus,"Contorno ojos crema sisbela (combate ojeras, arrugas e ilumina)",Tarro 15 ml,4.5,Perfumería y Parafarmacia > Cuidado Facial > Crema Facial,Crema Facial,https://a0.soysuper.com/08a36d9e3aeffb6e328553cc39d3a38e.110.110.0.min.wmark.69325da9.jpg
699c786f1452a009d916d193,Deliplus,Crema facial fluido aclarante noche anti-manchas,Tarro 50 ml,6,Perfumería y Parafarmacia > Cuidado Facial > Crema Facial,Crema Facial,
67f9ea1dd7918754896ffa2a,Deliplus,Mascarilla pies exfoliante (con calcetines de un solo uso),U - 40 g,3,Perfumería y Parafarmacia > Cuidado de Pies y Manos > Crema de Pies,Crema de Pies,https://a1.soysuper.com/835d886ab513d4e2d80d0d3635e8a057.110.110.0.min.wmark.e58432bc.jpg
684443d30932f774376d4bf8,Deliplus,Dentifrico pasta encias protect,Tubo 100 ml,1.7,Perfumería y Parafarmacia > Higiene Bucal > Dentífrico,Dentífrico,https://a0.soysuper.com/64f34891739d19f6711dcda284a2cc07.110.110.0.min.wmark.30670e5e.jpg
68cedf46a44508d6394fc4f2,Deliplus,Maquillaje fluido serum Nº 100,U,7,Perfumería y Parafarmacia > Maquillaje > Maquillaje Facial,Maquillaje Facial,https://a1.soysuper.com/badf7a131b82cc4a9cb13f40208f98bd.110.110.0.min.wmark.37c292b9.jpg
6837a762e6ed40371c13b788,Deliplus,Pañal 13 a 18 kg talla 5,Paquete 30 u,6.04,Bebés y Niños > Pañales > Talla 5,Talla 5,https://a2.soysuper.com/17f2eb82ab93406f4357a9580986dc6d.110.110.0.min.wmark.b6bcaa72.jpg
68f6452d2508c11c42276d24,Deliplus,Compresa super plegada alas,Paquete 28 u,2.15,Perfumería y Parafarmacia > Higiene Íntima > Compresas,Compresas,https://a2.soysuper.com/f6806b25ba5d75bc525f4bf33cf65dfc.110.110.0.min.wmark.4b06c497.jpg
68cedf442508c1419d5d74fd,Deliplus,Maquillaje fluido mate long lasting Nº100,U,6.5,Perfumería y Parafarmacia > Maquillaje > Maquillaje Facial,Maquillaje Facial,https://a0.soysuper.com/fed955cbef4be61558d26d6938fe7f91.110.110.0.min.wmark.9f0a7bd5.jpg
680bf48e53c97b376a3c7a45,Deliplus,Polvos compactos faciales seda Nº 300 cappuccino,U,6,Perfumería y Parafarmacia > Maquillaje > Maquillaje Facial,Maquillaje Facial,https://a0.soysuper.com/c64a8e573fd5c3080286254f3009ff08.110.110.0.min.wmark.cf2172fa.jpg
68cedf46722d6a6928244c79,Deliplus,Maquillaje fluido serum Nº 200,U,7,Perfumería y Parafarmacia > Maquillaje > Maquillaje Facial,Maquillaje Facial,https://a0.soysuper.com/d54a2bdddf3131b98777d20f95ab95f3.110.110.0.min.wmark.2399e644.jpg
69f4429b8ca63c78fd07f9a0,Deliplus,Laca uñas Nº 147 naranja claro (coleccion verano),U,2.5,Perfumería y Parafarmacia > Maquillaje > Laca para Uñas,Laca para Uñas,https://a2.soysuper.com/c2d4e8e23b5fed7b11beacd5ba7c374f.110.110.0.min.wmark.52a82243.jpg
68cee72a6c714bd5c62b0d13,Deliplus,Corrector facial mate long lasting Nº100,U,4.75,Perfumería y Parafarmacia > Maquillaje > Maquillaje Facial,Maquillaje Facial,https://a1.soysuper.com/bd84725a4389ed6af9c32bff0a291def.110.110.0.min.wmark.5e3c98ac.jpg
66434bce0932f7307752f64a,Deliplus,Locion corporal hidratante pieles atopicas (dosificador) (calm),Botella 400 ml,2.3,Perfumería y Parafarmacia > Cuidado Corporal > Cremas y Lociones,Cremas y Lociones,https://a2.soysuper.com/07cbb11f0d827054dee99d20d665260e.110.110.0.min.wmark.7ded4f5b.jpg
68b332da91e1285ca36b2a00,Deliplus,Crema manos oriental dosificador,Botella 290 ml,2.7,Perfumería y Parafarmacia > Cuidado de Pies y Manos > Crema de Manos,Crema de Manos,https://a2.soysuper.com/3a66f7bf9e128d82ed5b9d77ac13ed47.110.110.0.min.wmark.04b3f206.jpg
68cee72bd7918735d02009ef,Deliplus,Corrector facial hydra Nº200,U,5,Perfumería y Parafarmacia > Maquillaje > Maquillaje Facial,Maquillaje Facial,https://a2.soysuper.com/242344795d96ad3d02de17672977ed9c.110.110.0.min.wmark.4380aec7.jpg
6638a66098ec916181742909,Deliplus,Barra labios cremosa Nº 218 granate suave,U,4.65,Perfumería y Parafarmacia > Maquillaje > Maquillaje para Labios,Maquillaje para Labios,https://a0.soysuper.com/e87355fb9ad1d3acb4b9e84d51acfa30.110.110.0.min.wmark.fbae5aa5.jpg
661148dae93cdf5d5f215f2c,Deliplus,Jabon manos liquido neutralizante olores dosificador,Botella 500 ml,1.8,Perfumería y Parafarmacia > Cuidado Corporal > Jabón para Manos,Jabón para Manos,https://a1.soysuper.com/8956104f9097267aed0e010ad50698e7.110.110.0.min.wmark.34431939.jpg
662773242508c11ac75f6774,Deliplus,Toallitas humedas refrescantes tejido suave,Paquete 15 u,0.9,Perfumería y Parafarmacia > Higiene Íntima > Toallitas Íntimas Frescas,Toallitas Íntimas Frescas,https://a1.soysuper.com/76101dec639107373a3abe3b532b862a.110.110.0.min.wmark.a611dec7.jpg
66b8ab4e98ec9146ce28ac76,Deliplus,Colonia fresca bebe,Botella 600 ml,1.9,Bebés y Niños > Higiene y Perfumería > Colonia,Colonia,https://a2.soysuper.com/bd52445e08d19cd599fc4cc74ed18577.110.110.0.min.wmark.bdaecef9.jpg
6721fedc2508c1282d066089,Deliplus,Champu anticaida fortificante,Botella 400 ml,1.9,Perfumería y Parafarmacia > Cuidado del Cabello > Champú,Champú,https://a0.soysuper.com/3f4626c2d58641de8901f1a4827476b8.110.110.0.min.wmark.08e79832.jpg
68cee729a44508d65c2c7900,Deliplus,Corrector facial mate stick Nº 100,U,4.25,Perfumería y Parafarmacia > Maquillaje > Maquillaje Facial,Maquillaje Facial,https://a2.soysuper.com/96fb48f069a79e7e1e392195418f5c0d.110.110.0.min.wmark.20ac54b7.jpg
68d62c45d7918735d022314a,Deliplus,Perfilador ojos waterproof Nº 105 verde,U,3.25,Perfumería y Parafarmacia > Maquillaje > Maquillaje para Ojos,Maquillaje para Ojos,https://a1.soysuper.com/791d443e259d63760c898abea17b3e22.110.110.0.min.wmark.2294ea8f.jpg
683b397253c97b29206cb04e,Deliplus,Eau toilette mujer h&b fragancia amatista vaporizador,Botella 250 ml,3.9,Perfumería y Parafarmacia > Colonia > Femenina,Femenina,https://a2.soysuper.com/98c9ba17c3acb3006b8eb08a6e133880.110.110.0.min.wmark.414b13f6.jpg
677a2eb2d791877dd950f56b,Deliplus,Desodorante roll-on hombre antimanchas invisible (negro),Bote 50 ml,0.9,Perfumería y Parafarmacia > Desodorante > Roll On,Roll On,https://a2.soysuper.com/7d73eeadae23ddd44292b5df1ba082fb.110.110.0.min.wmark.d5568ac4.jpg
68cee7292508c141a03689cc,Deliplus,Corrector facial mate stick Nº 200,U,4.25,Perfumería y Parafarmacia > Maquillaje > Maquillaje Facial,Maquillaje Facial,https://a2.soysuper.com/4d293e30885a75a4562d4775331477eb.110.110.0.min.wmark.4204092e.jpg
68cedf4653c97b1d1736e12b,Deliplus,Maquillaje mate stick Nº 220,U,7,Perfumería y Parafarmacia > Maquillaje > Maquillaje Facial,Maquillaje Facial,https://a0.soysuper.com/a9d22ecf155f21a385ddff286ff6ab76.110.110.0.min.wmark.52f03ac8.jpg
664d958498ec9161841015ef,Deliplus,Aceite facial micelar demaquillante y limpiador Facial Clean,Bote 150 ml,3.5,Perfumería y Parafarmacia > Cuidado Facial > Limpieza Facial,Limpieza Facial,https://a0.soysuper.com/8e24d255e03bfac71ef0af4ebf27799c.110.110.0.min.wmark.febf1d80.jpg
69e7afef8ca63c79142bd4a1,Deliplus,"Kit esponjas maquillaje (contiene neceser, esponja maquillaje y esponja polvos)",U,4,Perfumería y Parafarmacia > Maquillaje > Set maquillaje y manicura,Set maquillaje y manicura,https://a0.soysuper.com/9e2fcd640e80620ef05a267ab240cf9a.110.110.0.min.wmark.8128aafb.jpg
68bc85082508c121c47fc10f,Deliplus,Lote facial crema revitaliza y reestructura 50 ml + contorno ojos 15 ml + neceser,U,7.5,Perfumería y Parafarmacia > Lotes Regalo > Para baño,Para baño,https://a1.soysuper.com/c988779aecb2e7076c71fbf1587f6764.110.110.0.min.wmark.09258d04.jpg
67b8d5a86c714b015770090f,Deliplus,Crema /gel facial vitamina c antiox fps 50 + *****novedad*****,Tarro 50 ml,5.5,Perfumería y Parafarmacia > Cuidado Facial > Crema Facial,Crema Facial,https://a0.soysuper.com/3d5dbca7e950703980d52604e85f21f7.110.110.0.min.wmark.64c0b602.jpg
67c5c556a4450893e9209cf3,Deliplus,Colorete liquido blush mate Nº 02 coral,U,4.75,Perfumería y Parafarmacia > Maquillaje > Maquillaje Facial,Maquillaje Facial,https://a1.soysuper.com/ac4d6e7cd92bfca7b7fc61a8f06b73ad.110.110.0.min.wmark.9c1323ba.jpg
683b39710932f774271afff0,Deliplus,Eau toilette mujer h&b fragancia pistacho vaporizador,Botella 250 ml,3.9,Perfumería y Parafarmacia > Colonia > Femenina,Femenina,https://a0.soysuper.com/f4644cca9ad2e9b11e567aa92757e570.110.110.0.min.wmark.2f39e9b8.jpg
6819cc9291e128f2a76cc068,Deliplus,Recambio cargador afeitar flection 6 hojas,Paquete 4 u,7,Perfumería y Parafarmacia > Afeitado > Maquinillas de Afeitar,Maquinillas de Afeitar,https://a1.soysuper.com/d9e7c7277adcb8299fba69c0ea4b5abd.110.110.0.min.wmark.ceb53d8e.jpg
69a3e60791e1282868819cb7,Deliplus,Protector solar labial fps 30,U,1.65,Perfumería y Parafarmacia > Productos Solares > Protector Solar,Protector Solar,https://a2.soysuper.com/510b72b07e79381137850268e0623a97.110.110.0.min.wmark.7b22f7c7.jpg
67d5c1bae6ed405bb9484d69,Deliplus,Algodon hidrofilo 100 % (con precortes),Paquete 100 g,1.2,Perfumería y Parafarmacia > Parafarmacia > Botiquín,Botiquín,https://a2.soysuper.com/44cdec910e31cd165aa766496c61603a.110.110.0.min.wmark.f0701cf4.jpg
69d5ef1391e12843dd61f54d,Deliplus,"Kit pinceles ojos (pincel sombra, pincel sombra biselado, pincel precision y pincel duo cejas)",U,6,Perfumería y Parafarmacia > Maquillaje > Accesorios,Accesorios,https://a2.soysuper.com/f03966f425bc91234010680ad7fb3472.110.110.0.min.wmark.49dd76da.jpg
69d5ef120932f75d4b5ba1e8,Deliplus,"Kit pinceles rostro (pincel polvos, pincel colorete y pincel maquillaje)",U,7.5,Perfumería y Parafarmacia > Maquillaje > Accesorios,Accesorios,https://a0.soysuper.com/8f4d8b6f17183ab316b2b73ae6b726a4.110.110.0.min.wmark.e24abcc7.jpg
69220163e93cdf173e1a3ca9,Deliplus,Perfilador labios automatico Nº15 canela claro,U,2.5,Perfumería y Parafarmacia > Maquillaje > Maquillaje para Labios,Maquillaje para Labios,https://a0.soysuper.com/7fd676e733512b81c6f09d493022a99d.110.110.0.min.wmark.748ccf18.jpg
69d743ac722d6a4c8357d4c8,Deliplus,Crema corporal africa oil,Tarro 300 ml,3.3,Perfumería y Parafarmacia > Cuidado Corporal > Cremas y Lociones,Cremas y Lociones,https://a1.soysuper.com/2835fcaf551d2a12caf02c860b6fcf17.110.110.0.min.wmark.df3d880e.jpg
69bf962ad79187568b122e85,Deliplus,Crema corporal anticelulitica reafirmante (dosificador),Botella 400 ml,5.5,Perfumería y Parafarmacia > Cuidado Corporal > Cremas y Lociones,Cremas y Lociones,https://a1.soysuper.com/6f458052c3910efb7bd3071d348dca66.110.110.0.min.wmark.d47e6bd3.jpg
6966163c0932f71f3e102b07,Deliplus,Perfilador ojos waterproof N.108 beige,U,3.25,Perfumería y Parafarmacia > Maquillaje > Maquillaje para Ojos,Maquillaje para Ojos,https://a2.soysuper.com/7a4118c2afc9ce55054a406b28bae3ec.110.110.0.min.wmark.5f2cfb69.jpg
696f2cdea4450855c6108672,Deliplus,Perfilador ojos waterproof N.107 azul,U,3.25,Perfumería y Parafarmacia > Maquillaje > Maquillaje para Ojos,Maquillaje para Ojos,https://a0.soysuper.com/06ab54e2ddde2e70a67492e04eb6d47c.110.110.0.min.wmark.41304dae.jpg
69911c741452a00a1a131858,Deliplus,"Mascara pestañas serum revival (cuida, nutre y fortalece)",U,5,Perfumería y Parafarmacia > Maquillaje > Maquillaje para Ojos,Maquillaje para Ojos,https://a0.soysuper.com/6cab2f66bac8b313ae6c67c8f6bd9f13.110.110.0.min.wmark.71171925.jpg
6838031c8ca63c23197cddb8,Deliplus,Crema corporal aceite oliva,Tarro 300 ml,1.8,Perfumería y Parafarmacia > Cuidado Corporal > Cremas y Lociones,Cremas y Lociones,https://a1.soysuper.com/b6a3c580cc9c8273cb505b8fb57a11a2.110.110.0.min.wmark.1c509053.jpg
69d5ef13d7918753087f72bc,Deliplus,Kit pincel esencial (brocha polvos con neceser para guardar),U,5.5,Perfumería y Parafarmacia > Maquillaje > Accesorios,Accesorios,https://a2.soysuper.com/382141dce596e0ba220cc789847c56ca.110.110.0.min.wmark.f877d27b.jpg
6837a7621452a02f4144c3e3,Deliplus,Pañal 17 a 28 kg talla 6,Paquete 22 u,6.31,Bebés y Niños > Pañales > Talla 6,Talla 6,https://a2.soysuper.com/ecf91a750dd6f462a6bd9af6ec5e92d6.110.110.0.min.wmark.89d75737.jpg
68bc847c8ca63c653c7466bb,Deliplus,Gel baño corporal bebe con dosificador,Botella 400 ml,1.8,Bebés y Niños > Higiene y Perfumería > Gel para el Cabello,Gel para el Cabello,https://a2.soysuper.com/6097d34131d097bee3b0d4283b7e143b.110.110.0.min.wmark.d9de857f.jpg
68da79ca2508c1419d60f564,Deliplus,Loción corporal hidratante bebe dosificador,Botella 400 ml,2.65,Bebés y Niños > Higiene y Perfumería > Crema Corporal,Crema Corporal,https://a1.soysuper.com/6511a8d6849f9911be7535435777140b.110.110.0.min.wmark.7a51219b.jpg
6639c6b498ec9161840bd787,Deliplus,Barra labios cremosa Nº 215 malva suave,U,4.65,Perfumería y Parafarmacia > Maquillaje > Maquillaje para Labios,Maquillaje para Labios,https://a1.soysuper.com/414d7946595cd34104a8627798b92f45.110.110.0.min.wmark.99da4295.jpg
6650ca5598ec9161841113fa,Deliplus,Barra labios color balm textura balsamo Nº12 frambuesa (acabado brillo),U,4.5,Perfumería y Parafarmacia > Maquillaje > Maquillaje para Labios,Maquillaje para Labios,https://a0.soysuper.com/de7d36f6cbfece220eb97211e0fcc467.110.110.0.min.wmark.d7da6cda.jpg
675d92da8ca63c0ff87955ad,Deliplus,Barra labios mate Nº 116 rojo,U,4.5,Perfumería y Parafarmacia > Maquillaje > Maquillaje para Labios,Maquillaje para Labios,https://a1.soysuper.com/27bf0ccc24e093d0b86cae7c731bcf98.110.110.0.min.wmark.946b976e.jpg
69f44299e93cdf7d59737f2d,Deliplus,Laca uñas Nº 144 verde (coleccion verano),U,2.5,Perfumería y Parafarmacia > Maquillaje > Laca para Uñas,Laca para Uñas,https://a0.soysuper.com/690549ec1e8d11d792a36e0cbb2a0114.110.110.0.min.wmark.e91364e4.jpg
66f64da3722d6a78db010702,Deliplus,Comprimidos para fortalecer cabello y uñas,Caja 30 u,3.95,Dietéticos > Complementos Dietéticos > Vitaminas,Vitaminas,https://a2.soysuper.com/52e3d64ad36e2a71061fc333bf484f1f.110.110.0.min.wmark.b0945585.jpg
69b3d8dcd791870d27178583,Deliplus,Cepillo dental suave,Paquete 4 u,1.35,Perfumería y Parafarmacia > Higiene Bucal > Cepillo Dental,Cepillo Dental,https://a1.soysuper.com/65b938175e9da17c52489e446ac3d8aa.110.110.0.min.wmark.b9faf2d7.jpg
68f6452de93cdf01b62f59c4,Deliplus,Compresa noche plegada alas,Paquete 10 u,1.15,Perfumería y Parafarmacia > Higiene Íntima > Compresas,Compresas,https://a1.soysuper.com/4df727ffe5103c5509f11c08120d53ba.110.110.0.min.wmark.ee6d5c0d.jpg
68cedf43a44508d6394fc4f0,Deliplus,Maquillaje fluido hydra Nº110,U,6.5,Perfumería y Parafarmacia > Maquillaje > Maquillaje Facial,Maquillaje Facial,https://a1.soysuper.com/a554f98bf150d8713ad5e6a375d13178.110.110.0.min.wmark.0e8f33df.jpg
68cee72b722d6a6928245231,Deliplus,Corrector facial serum Nº 100,U,5,Perfumería y Parafarmacia > Maquillaje > Maquillaje Facial,Maquillaje Facial,https://a0.soysuper.com/f6d8eb06e3cfb9a38880331132ac6100.110.110.0.min.wmark.2d6cd70b.jpg
68cedf45d7918735b920ea5b,Deliplus,Maquillaje mate stick Nº 400,U,7,Perfumería y Parafarmacia > Maquillaje > Maquillaje Facial,Maquillaje Facial,https://a1.soysuper.com/65f105dc81f903c79a594f4305f10d77.110.110.0.min.wmark.b52e662a.jpg
6982f1b36c714b2a5840c7f4,Deliplus,Serum reductor instantaneo de bolsas y ojeras,Tubo 10 ml,5,Perfumería y Parafarmacia > Cuidado Facial > Serum Facial,Serum Facial,https://a2.soysuper.com/ad741132e87b1aad01e9805e951b9136.110.110.0.min.wmark.7fcb3125.jpg
6650ca550932f7306f82aa68,Deliplus,Barra labios color balm textura balsamo Nº10 coral (acabado brillo),U,4.5,Perfumería y Parafarmacia > Maquillaje > Maquillaje para Labios,Maquillaje para Labios,https://a2.soysuper.com/1be17e0f2ae6749a2421dac1a6414db3.110.110.0.min.wmark.5e77e1d8.jpg
6837a7626c714b844269e634,Deliplus,Pañal 9 a 15 kg talla 4,3 x 34 u,16.91,Bebés y Niños > Pañales > Talla 4,Talla 4,https://a0.soysuper.com/2c63413a330919735d19bee1d26525db.110.110.0.min.wmark.8413020a.jpg
68cedf43e6ed4016d4153853,Deliplus,Maquillaje fluido hydra Nº 200,U,6.5,Perfumería y Parafarmacia > Maquillaje > Maquillaje Facial,Maquillaje Facial,https://a1.soysuper.com/811cddc97b9f348199f9ae6f17c1d031.110.110.0.min.wmark.55edc496.jpg
680bf527722d6a4cce244d03,Deliplus,Barra labios larga duracion 12H Nº 08 (acabado mate),U,5,Perfumería y Parafarmacia > Maquillaje > Maquillaje para Labios,Maquillaje para Labios,https://a2.soysuper.com/2ea4cf27acf8af062b7deb63ee9eab6a.110.110.0.min.wmark.291b9512.jpg
664c3afc2508c11ac76f8770,Deliplus,Barra labios mate Nº 114 rosa medio,U,4.5,Perfumería y Parafarmacia > Maquillaje > Maquillaje para Labios,Maquillaje para Labios,https://a2.soysuper.com/a299aad91d665862639b8e64bbefe797.110.110.0.min.wmark.ccf58908.jpg
6749b56a98ec914e7e3f1e51,Deliplus,Sombra ojos stick automatico Nº 08 chocolate (larga duracion y multifuncional),U,4,Perfumería y Parafarmacia > Maquillaje > Maquillaje para Ojos,Maquillaje para Ojos,https://a2.soysuper.com/427f5d22aaba3866f1d1000824aac2d8.110.110.0.min.wmark.eeab3347.jpg
69a84c5091e128bfd62c6af2,Deliplus,Sombra ojos stick automatico Nº 09 iluminador (larga duracion y multifuncional)(coleccion multi-stick),U,4,Perfumería y Parafarmacia > Maquillaje > Maquillaje para Ojos,Maquillaje para Ojos,https://a2.soysuper.com/91de6c3416c0eb198f276f29f0badac3.110.110.0.min.wmark.4eea1be8.jpg
68cedf44d7918735b920ea5a,Deliplus,Maquillaje mate stick Nº 300,U,7,Perfumería y Parafarmacia > Maquillaje > Maquillaje Facial,Maquillaje Facial,https://a0.soysuper.com/099b0ade60da55c7d0d4182f2b0bdc2d.110.110.0.min.wmark.abe9b4de.jpg
6684f78553c97b22f645e4f5,Deliplus,Lagrimas hidratantes para ojos secos,Caja 30 monodosis,5.7,Perfumería y Parafarmacia > Parafarmacia > Botiquín,Botiquín,https://a1.soysuper.com/cb450401336ad50b2b533c68249b9ad4.110.110.0.min.wmark.3e7f782f.jpg
65f2e23053c97b7eab2e2f40,Deliplus,Repelente fuerte insectos spray,Botella 100 ml,2.71,Droguería > Insecticidas > Insectos Voladores,Insectos Voladores,https://a0.soysuper.com/732418d84a1392d3ee38b7c6e820190e.110.110.0.min.wmark.7a3627e7.jpg
6640691d8ca63c2742158226,Deliplus,Protector solar corporal fps 50+ (pistola),Botella 250 ml,7.46,Perfumería y Parafarmacia > Productos Solares > Protector Solar,Protector Solar,https://a1.soysuper.com/7d05f8200b72a563f75ac4de48cc269c.110.110.0.min.wmark.a326801d.jpg
6a075bf41452a00a17123f20,Deliplus,"Paleta cosmetica ojos sombras (contiene 4 sombras glitter , polvera con espejo) (coleccion fireworks)",U,5.75,Perfumería y Parafarmacia > Maquillaje > Maquillaje para Ojos,Maquillaje para Ojos,https://a1.soysuper.com/5c79f93d14abb941479825270d484533.110.110.0.min.wmark.945efae2.jpg
69911c74e6ed40692c065105,Deliplus,Mascara pestañas long extrem negra (longitud infinita),U,4.5,Perfumería y Parafarmacia > Maquillaje > Maquillaje para Ojos,Maquillaje para Ojos,https://a1.soysuper.com/9147bf465b3b0e79cf4e5c6404ed7a55.110.110.0.min.wmark.947c689c.jpg
66a7c11f1452a03eda1c11a4,Deliplus,Dentifrico pasta herbal,Tubo 100 ml,1.05,Perfumería y Parafarmacia > Higiene Bucal > Dentífrico,Dentífrico,https://a0.soysuper.com/cd796235bc7c6e1b26de4570f1fb43cc.110.110.0.min.wmark.a498b824.jpg
6927017ba44508e74a1aba9d,Deliplus,"Paleta cosmetica ojos sombras pink romance (contiene sombras mate ,satinadas e iluminador)",U,6.5,Perfumería y Parafarmacia > Maquillaje > Maquillaje para Ojos,Maquillaje para Ojos,https://a2.soysuper.com/281f5529781d3c9dc7087d05d89ca40a.110.110.0.min.wmark.6a1aeeb0.jpg
6a0751aa91e1285c648325d9,Deliplus,Perfilador ojos eyeliner morado con destellos purpurina punta rotulador (coleccion fireworks),U,4.5,Perfumería y Parafarmacia > Maquillaje > Maquillaje para Ojos,Maquillaje para Ojos,https://a1.soysuper.com/2166dc586a6318f8797a5abadf525bac.110.110.0.min.wmark.76fbb14e.jpg
69fa72d60932f76d762f0488,Deliplus,Barra labios mate Nº 119 rosado,U,4.5,Perfumería y Parafarmacia > Maquillaje > Maquillaje para Labios,Maquillaje para Labios,https://a0.soysuper.com/5fcd70157ad9ecd709c6e68c122f450c.110.110.0.min.wmark.c3475402.jpg
6a0adea5a44508015130ff21,Deliplus,Antirozaduras (stick),12 g,4,Perfumería y Parafarmacia > Parafarmacia > Botiquín,Botiquín,
6a0ca983e6ed401f404d1090,Deliplus,Perfilador ojos eye liner negro precision,U,3.75,Perfumería y Parafarmacia > Maquillaje > Maquillaje para Ojos,Maquillaje para Ojos,https://a0.soysuper.com/ac47b2171b24ecddfebe22d04b51b762.110.110.0.min.wmark.6dbe7521.jpg
4fc913efcc75fa2a35011d41,Bosque Verde,Estropajo esponja verde,Pack 3 u,0.89,Droguería > Utensilios de Limpieza > Estropajos,Estropajos,https://a2.soysuper.com/f3acc1c75fc914a34294fcf9e7e5115d.110.110.0.min.wmark.61dab202.jpg
4fc916b3cc75fa2a3501c83e,Bosque Verde,Bayeta microfibra verde muebles y superficies similares,1 unidad,0.9,Droguería > Utensilios de Limpieza > Bayetas,Bayetas,https://a1.soysuper.com/c859946c3bab3809cf74a6f3bca05878.110.110.0.min.wmark.169f9e84.jpg
606431e653c97b73375ef703,Bosque Verde,Bolsa congelacion cierre zip mediana 18 x 18.5 cm (envase verde),Paquete 20 u,1.2,Droguería > Conservación de Alimentos > Bolsas de Conservación,Bolsas de Conservación,https://a2.soysuper.com/b6c35031b24573a7ed40cd0e7521f0da.110.110.0.min.wmark.d1383658.jpg
4fc913cccc75fa2a3501152b,Bosque Verde,Bolsa basura saco industrial jardin cierre facil 82 x 105 - bidon grande (verde) - 100 L,10 bolsas,2.89,Droguería > Bolsas de Basura > Cierre automático,Cierre automático,https://a1.soysuper.com/d21091a9eb1b3121d2e73d7b46922dea.110.110.0.min.wmark.07320b36.jpg
55943c941452a02c882425cc,Bosque Verde,Fregona tiras resistente y absorbente verde y azul (suelos de interior y exterior),Pack 2 u,1.75,Droguería > Utensilios de Limpieza > Fregonas,Fregonas,https://a0.soysuper.com/0c79993c00fea46876a0b3175fd7c28a.110.110.0.min.wmark.0861de11.jpg
564b434d98ec9149b94c4c63,Bosque Verde,Ambientador perlas perfumadas aroma lima (verdes),1 unidad,1.45,Droguería > Ambientadores > Continuos,Continuos,https://a1.soysuper.com/b113af8ed6f5b80005f419cc91c1d2d6.110.110.0.min.wmark.d52d2040.jpg
4fc913f2cc75fa2a35011df7,Bosque Verde,Guantes resistente lejia verdes talla mediana,Paquete 2 u,1.95,Droguería > Utensilios de Limpieza > Guantes,Guantes,https://a2.soysuper.com/e7d6bc94079ba3d8cdb15a80e32443db.110.110.0.min.wmark.b97e1f92.jpg
4fc913f2cc75fa2a35011df5,Bosque Verde,Guantes resistente lejia verdes talla pequeña,Paquete 2 u,1.95,Droguería > Utensilios de Limpieza > Guantes,Guantes,https://a2.soysuper.com/b2bd6987c098917db307fe5721abf67f.110.110.0.min.wmark.0bf79f70.jpg
4fc91595cc75fa2a350180e4,Bosque Verde,Papel cocina blanco doble capa doble rollo,Paquete 3 u,2.29,Droguería > Celulosa > Papel de Cocina,Papel de Cocina,https://a2.soysuper.com/0097f06ad8ec436644e567d67922c37f.110.110.0.min.wmark.bea74076.jpg
57d935c21452a0785738012f,Bosque Verde,Lejia detergente limon,Botella 2 l,1.15,Droguería > Limpieza del Hogar > Lejía y Líquidos Fuertes,Lejía y Líquidos Fuertes,https://a2.soysuper.com/4ed99ee57954f61aad59610df4647130.110.110.0.min.wmark.4cbdb1e7.jpg
58f9bab52508c128102cbe6d,Bosque Verde,Detergente lavadora liquido frescor colonia,Botella 3 l,3.4,Droguería > Cuidado de la Ropa > Detergente,Detergente,https://a2.soysuper.com/2565d2e591ef1c7d744b5bcda905fc6f.110.110.0.min.wmark.65b553a1.jpg
53f1d9529865c130730000b9,Bosque Verde,Fregona hilos microfibra secado instantaneo (suelos de interior),Pack 2 u,2.7,Droguería > Utensilios de Limpieza > Fregonas,Fregonas,https://a1.soysuper.com/4e888aee762739acea57d70a86d12522.110.110.0.min.wmark.247d47cc.jpg
51b28b344948707f43000013,Bosque Verde,Limpiacristales y multiusos pistola,Botella de 1 L,1.19,Droguería > Limpieza del Hogar > Limpiacristales,Limpiacristales,https://a0.soysuper.com/8794b9c18d3a772254588052d183c827.110.110.0.min.wmark.20d773f1.jpg
4fc913f3cc75fa2a35011e34,Bosque Verde,Lejia detergente,Botella 2 l,1.15,Droguería > Limpieza del Hogar > Lejía y Líquidos Fuertes,Lejía y Líquidos Fuertes,https://a0.soysuper.com/9527e0787a5aaee7587fa71d56d011eb.110.110.0.min.wmark.0fe467bc.jpg
51bbcc47c66864331f000024,Bosque Verde,Friegasuelos concentrado (perfume intenso y duradero clasico),Botella 1 l,1.68,Droguería > Limpieza del Hogar > Limpiasuelos,Limpiasuelos,https://a2.soysuper.com/6d38203c34e52c8229f713a590762da7.110.110.0.min.wmark.3f1d90eb.jpg
4fc916b1cc75fa2a3501c7cd,Bosque Verde,Multiusos desinfectante antibacterias sin lejia pistola,Botella 750 ml,1.95,Droguería > Limpieza del Hogar > Limpiadores Multiusos,Limpiadores Multiusos,https://a1.soysuper.com/ff1948b1f09e9da1e9714c0999cca455.110.110.0.min.wmark.67ac94d6.jpg
4fc913ebcc75fa2a35011c29,Bosque Verde,Bayeta suave multiusos colores,Paquete 9 unidades,1.19,Droguería > Utensilios de Limpieza > Bayetas,Bayetas,https://a1.soysuper.com/7a643b9ac6d6caf2f4e1ee2129d5a42f.110.110.0.min.wmark.1c064637.jpg
62285be42508c12fa557dfd7,Bosque Verde,"Bayeta microfibra multiusos pequeña (especial cocina, baño y salón)",Paquete 3 u,1.47,Droguería > Utensilios de Limpieza > Bayetas,Bayetas,https://a1.soysuper.com/6eb22a9b659db2a52c710598ae61cd37.110.110.0.min.wmark.69d01421.jpg
5012f0f1238436c85d00024a,Bosque Verde,Block taza wc completo agua azul marino,Pack 2 x 40 g - 80 g,1.25,Droguería > Limpieza de Baño > Limpia Inodoro,Limpia Inodoro,https://a1.soysuper.com/76485292d4a8f6963892a83c0a6ce18d.110.110.0.min.wmark.f970e976.jpg
4fc913f3cc75fa2a35011e3a,Bosque Verde,Lejia normal,Botella 2 l,0.8,Droguería > Cuidado de la Ropa > Lejía para Ropa,Lejía para Ropa,https://a2.soysuper.com/1281bb7411d8e65a4f00da580aac8008.110.110.0.min.wmark.feb8634b.jpg
5f7632ee1452a05298771667,Bosque Verde,Abrillantador de lavavajillas,Botella 750 ml,1.2,Droguería > Lavavajillas > Abrillantador lavavajillas,Abrillantador lavavajillas,https://a2.soysuper.com/bdbe9f0f1ccc87df6630d37f398dda16.110.110.0.min.wmark.4c7f94f1.jpg
5f24e90fe93cdf65bb024224,Bosque Verde,Desinfectante tejidos,Botella 1 l,2.2,Droguería > Cuidado de la Ropa > Desinfectante,Desinfectante,https://a1.soysuper.com/af26e0207e16f9cc26806ce0864dbcd9.110.110.0.min.wmark.8d8a6c45.jpg
4fc9140bcc75fa2a35012371,Bosque Verde,Lavavajillas mano concentrado ultra,Botella 1300 ml,1.89,Droguería > Lavavajillas > Detergente lavavajillas,Detergente lavavajillas,https://a2.soysuper.com/8fb795f30eaa53a529fc6dc2880639e8.110.110.0.min.wmark.4ef1613d.jpg
621de2c52508c1441b36eae2,Bosque Verde,Papel vegetal 30 hojas,Paquete 30 u,1.7,Droguería > Conservación de Alimentos > Papel para Horno,Papel para Horno,https://a2.soysuper.com/21ec53d124c5f743866d8109ca5ecfb1.110.110.0.min.wmark.9ce1f5f2.jpg
624409d30932f7408566ea66,Bosque Verde,Ambientador spray fresh,Bote 300 ml,1.15,Droguería > Ambientadores > En Aerosol y Spray,En Aerosol y Spray,https://a1.soysuper.com/29c6e82138586602e1ef613255bb102e.110.110.0.min.wmark.14311584.jpg
63c7a8221452a0158479f608,Bosque Verde,Film transparente 80 M,U,1.84,Droguería > Conservación de Alimentos > Film Transparente,Film Transparente,https://a0.soysuper.com/3954cbf1e7af1472f2ac7ccdc1de2b77.110.110.0.min.wmark.8c103628.jpg
4fc9105ccc75fa2a35003b15,Bosque Verde,Bolsa congelacion mediana 22X35 cm (envase morado),Paquete 40 u,0.85,Droguería > Conservación de Alimentos > Bolsas de Conservación,Bolsas de Conservación,https://a2.soysuper.com/17c0df5a0d5c30ed23b1c716abad312b.110.110.0.min.wmark.986cd869.jpg
4fc916b3cc75fa2a3501c842,Bosque Verde,"Bayeta microfibra multiusos (especial cocina, baño y salón)",Paquete 3 u,1.65,Droguería > Utensilios de Limpieza > Bayetas,Bayetas,https://a0.soysuper.com/078630827c81c7bd1cce10b000de1ba3.110.110.0.min.wmark.2e739694.jpg
5cd64a1e2508c13c92776827,Bosque Verde,Lavavajillas mano (botella blanca),Botella 1300 ml,1.25,Droguería > Lavavajillas > Detergente lavavajillas,Detergente lavavajillas,https://a1.soysuper.com/611dd2df17fe825d73a0bf872068509a.110.110.0.min.wmark.1b427d82.jpg
4fc913ebcc75fa2a35011c35,Bosque Verde,Gamuza atrapapolvo,Paquete 30 unidades,1.7,Droguería > Utensilios de Limpieza > Bayetas,Bayetas,https://a1.soysuper.com/bab4c6031bcb25e4746cdbdc04a47da7.110.110.0.min.wmark.d2cec3cf.jpg
4fc913efcc75fa2a35011d3f,Bosque Verde,Estropajo salvauñas,Pack 3 u,0.75,Droguería > Utensilios de Limpieza > Estropajos,Estropajos,https://a0.soysuper.com/b2bb0331de4f0b197c2c6bdfcb7bf6fb.110.110.0.min.wmark.98367f9e.jpg
5012f0f5a1320a57230001e9,Bosque Verde,Limpiador baño gel,"Botella 1,5 l",1.43,Droguería > Limpieza de Baño > Limpiador de baño,Limpiador de baño,https://a0.soysuper.com/085edca818c9b6004626305527390e04.110.110.0.min.wmark.730abc5d.jpg
58d865792508c16da625ba66,Bosque Verde,Toallitas lavadora anti-transferencia de color,Paquete 20 u,1.85,Droguería > Cuidado de la Ropa > Quitamanchas,Quitamanchas,https://a2.soysuper.com/e80d3f662d4fdc605c4565054141e7c4.110.110.0.min.wmark.f4f84d2b.jpg
5e9fcfda98ec9128db2d9c7c,Bosque Verde,Detergente lavadora liquido ropa oscura,Botella 1950 ml (30 lavados),4,Droguería > Cuidado de la Ropa > Detergente,Detergente,https://a1.soysuper.com/31ec9f945d923fe3f21463a082b3631b.110.110.0.min.wmark.8b82ece1.jpg
5c5b7eef98ec912de57977e2,Bosque Verde,Lavavajillas maquina pastillas todo en 1,Paquete 30 u,2.93,Droguería > Lavavajillas > Detergente lavavajillas,Detergente lavavajillas,https://a1.soysuper.com/70d45880811379a1179a15e24e8761e9.110.110.0.min.wmark.a368099e.jpg
531e15ef6f064ee4060001f3,Bosque Verde,Lavavajillas mano concentrado ultra,Botella 600 ml,1.09,Droguería > Lavavajillas > Detergente lavavajillas,Detergente lavavajillas,https://a1.soysuper.com/dee04fa5f76534e132dfbeb05b54e379.110.110.0.min.wmark.2dbe63cf.jpg
6081a27d0932f75e2f8407e1,Bosque Verde,Ambientador varitas difusoras bambu,U 40 ml,2.1,Droguería > Ambientadores > Continuos,Continuos,https://a0.soysuper.com/71f432d487d96f46cda3250f7a370c30.110.110.0.min.wmark.af32160b.jpg
606431e6e93cdf7f8c7d7cef,Bosque Verde,Bolsa congelacion cierre zip grande 27 x 30.8 cm (envase azul),Paquete 15 u,1.3,Droguería > Conservación de Alimentos > Bolsas de Conservación,Bolsas de Conservación,https://a2.soysuper.com/451c5e642891689ede31e7163e3e498c.110.110.0.min.wmark.b46f7b4f.jpg
63db6a83e93cdf322d7e6e3d,Bosque Verde,Palo fregona / escoba universal antideslizante 140 cm,U,1.81,Droguería > Utensilios de Limpieza > Palos,Palos,https://a1.soysuper.com/d9dfc95fa6e735f796a205bf53157752.110.110.0.min.wmark.0b610b63.jpg
604c00211452a041aa6f0fdd,Bosque Verde,Pajitas reutilizables,Paquete 30 u,1.1,Bazar y Casa > Menaje de Cocina > Cubiertos,Cubiertos,https://a2.soysuper.com/86afadc4f14f9e749d348ea5998d45d0.110.110.0.min.wmark.f21c587d.jpg
5b8466a11452a00c6526f11d,Bosque Verde,Detergente lavadora liquido ropa blanca y color,Botella 3 l,5.85,Droguería > Cuidado de la Ropa > Detergente,Detergente,https://a1.soysuper.com/b14aa06a07dea5514d5500be58ffe2aa.110.110.0.min.wmark.c74e210e.jpg
630c725f53c97b61bf40f403,Bosque Verde,Insecticida spray perfumado (insectos voladores),Bote 750 ml,2.34,Droguería > Insecticidas > Insectos Voladores,Insectos Voladores,https://a2.soysuper.com/9063fa5934771efbcfdff9828614ccf0.110.110.0.min.wmark.a05b3575.jpg
619350720932f70ab6683a8e,Bosque Verde,Bolsa basura 5 l perfumada (azul claro),Paquete 40 u,1.4,Droguería > Bolsas de Basura > Resistente,Resistente,https://a1.soysuper.com/ca5dfc62623d9df1f57cf197c537fe7a.110.110.0.min.wmark.43f56f45.jpg
5d09f770722d6a5c546d4670,Bosque Verde,Palillos redondos dosificador,Bote 500 u,1.25,Droguería > Desechables > Palillos,Palillos,https://a1.soysuper.com/84f6d3d659434384ee2395b784ae2865.110.110.0.min.wmark.b68f7023.jpg
60af7fa82508c155276ec3bb,Bosque Verde,Friegasuelos olor lavanda,"Botella 1,5 l",0.95,Droguería > Limpieza del Hogar > Limpiasuelos,Limpiasuelos,https://a0.soysuper.com/f604f745d2c5c331da408389de49e5d9.110.110.0.min.wmark.d2034a67.jpg
4fc916b3cc75fa2a3501c845,Bosque Verde,Bayeta microfibra naranja cristales y espejos,1 unidades,0.85,Droguería > Utensilios de Limpieza > Bayetas,Bayetas,https://a1.soysuper.com/b0aaaf29fd48e68542c4cb3cf22fd4e1.110.110.0.min.wmark.e5460f32.jpg
4fc910cbcc75fa2a35005fd8,Bosque Verde,Salfumant,Botella 1 l,1.2,Droguería > Limpieza del Hogar > Lejía y Líquidos Fuertes,Lejía y Líquidos Fuertes,https://a2.soysuper.com/1c17bf4147a50f71b478db1c4de383c7.110.110.0.min.wmark.3631338c.jpg
4fc916b1cc75fa2a3501c7e5,Bosque Verde,Toallitas limpiasuelos,Paquete 20 u,1.58,Droguería > Limpieza del Hogar > Limpiasuelos,Limpiasuelos,https://a0.soysuper.com/561d6e0e0667cebe4d5b8a3dc56fa7a0.110.110.0.min.wmark.289ce48d.jpg
4fc90fdacc75fa2a35001de7,Bosque Verde,Limpiaparabrisas coche,Botella de 2 l,2.5,Droguería > Limpieza del Hogar > Limpiacristales,Limpiacristales,https://a1.soysuper.com/8d4fb21bd2f6f217d21fb162abce1861.110.110.0.min.wmark.4df34a1a.jpg
4fc913fccc75fa2a35011ffd,Bosque Verde,Limpiador muebles cera spray,Bote 400 ml,1.65,Droguería > Limpieza del Hogar > Limpiadores de Muebles,Limpiadores de Muebles,https://a2.soysuper.com/143c557d95b386c9f897b58b18d76f50.110.110.0.min.wmark.850e854d.jpg
4fc916b5cc75fa2a3501c8c3,Bosque Verde,"Recipiente plastico multiusos redondo 0,5 l (rosca)",Paquete 3 u,2.05,Bazar y Casa > Menaje de Cocina > Herméticos de Cocina,Herméticos de Cocina,https://a0.soysuper.com/289402f5d6b73ace431dec7335f40754.110.110.0.min.wmark.e82f69e4.jpg
584bdc671452a018bd069186,Bosque Verde,Activador lavado polvo quitamanchas con oxígeno activo (para ropa de color),Bote1 kg,3.22,Droguería > Cuidado de la Ropa > Activador del Lavado,Activador del Lavado,https://a0.soysuper.com/a9f69fbb19ae2a37a197b3263a3259ba.110.110.0.min.wmark.b542584b.jpg
52218134aca966e544000087,Bosque Verde,Friegasuelos concentrado petalos,Botella 1 l,1.68,Droguería > Limpieza del Hogar > Limpiasuelos,Limpiasuelos,https://a1.soysuper.com/d7b266b69e0f6e768cb6f43c48787cd4.110.110.0.min.wmark.a9923f82.jpg
6458b5bae93cdf47696f37ac,Bosque Verde,Vela perfumada pequeña aroma fruta tropical,Paquete 18 u,1.85,Droguería > Ambientadores > Velas ambientador,Velas ambientador,https://a2.soysuper.com/ed109494c9dc5e75099bc7b7a901127a.110.110.0.min.wmark.68cf3a4f.jpg
60c1c0811452a051144391af,Bosque Verde,Vela perfumada vaso cristal aroma talco,1 unidad,1.85,Droguería > Ambientadores > Velas ambientador,Velas ambientador,https://a2.soysuper.com/7060a88ece31bd8df1b6a2fd91589403.110.110.0.min.wmark.7a3c01ff.jpg
4fc916b5cc75fa2a3501c8bf,Bosque Verde,"Hermetico plastico multiusos cuadrado bajo 0,8 L.",Paquete 5 u,2.26,Bazar y Casa > Menaje de Cocina > Herméticos de Cocina,Herméticos de Cocina,https://a2.soysuper.com/91b32b1688881d34c23b29f7a1b94dae.110.110.0.min.wmark.f9ba1d5b.jpg
629923ce2508c1018765330e,Bosque Verde,"Bol biodegradable 17,5 cm",Paquete 15 u,2,"Droguería > Desechables > Cubiertos, Platos y Vasos","Cubiertos, Platos y Vasos",https://a0.soysuper.com/a02c7febeb7b06c0f5217c82a9e01777.110.110.0.min.wmark.dbff3163.jpg
6270d0760932f701654c17a6,Bosque Verde,Ambientador portatil recambio difusor automatico aroma flower,Bote 250 ml,1.8,Droguería > Ambientadores > Automáticos,Automáticos,https://a0.soysuper.com/6c41f3f3df568a2f4e933439d7a65728.110.110.0.min.wmark.2081fea8.jpg
653c892853c97b0e641022d1,Bosque Verde,Ambientador electrico recambio 6 fragancias sugar,U 25 ml,2.91,Droguería > Ambientadores > Eléctricos,Eléctricos,https://a0.soysuper.com/08ba3c6014fa8334d43ae3257e0921e6.110.110.0.min.wmark.ff298bc2.jpg
6506eea98ca63c7eec72aa63,Bosque Verde,Antipolilla ropa colgador ropa limpia,Paquete 2 u,1.55,Droguería > Insecticidas > Antipolillas y Carcoma,Antipolillas y Carcoma,https://a2.soysuper.com/fa65b537076cc9d687c19bde7719cf37.110.110.0.min.wmark.8ea653d8.jpg
64f81686e93cdf0af530f4d2,Bosque Verde,Paño seca vajilla,1 U,1.9,Droguería > Utensilios de Limpieza > Bayetas,Bayetas,https://a2.soysuper.com/0ee991317b7a5479181241bf568c79ed.110.110.0.min.wmark.68d30670.jpg
60ae1de0e93cdf4bd0108cf3,Bosque Verde,Vaso reutilizable 550 ml,Paquete 10 ud,1.75,"Droguería > Desechables > Cubiertos, Platos y Vasos","Cubiertos, Platos y Vasos",https://a1.soysuper.com/92f5efd0deef9557c7fe339346990a95.110.110.0.min.wmark.0e769417.jpg
5012ef5da1320a572300013b,Bosque Verde,Insecticida liquido insectos rastreros (pistola),Botella 500 ml,2.75,Droguería > Insecticidas > Insectos Voladores,Insectos Voladores,https://a1.soysuper.com/a2ab122fe2e48ee5ed5696956acdcbc4.110.110.0.min.wmark.76da6a60.jpg
5ca315951452a03a6d4be24e,Bosque Verde,Cubo basura pedal 10 L,U,7.26,Droguería > Utensilios de Limpieza > Cubos de Limpieza,Cubos de Limpieza,https://a0.soysuper.com/9792c84726eadacdfabef9dcde1a89cc.110.110.0.min.wmark.83b50381.jpg
5012f0f5459c33cc5d00022c,Bosque Verde,Limpiador tuberias y eliminador olores (previene atascos) (botella blanca),Botella 1 l,3.8,Droguería > Limpieza del Hogar > Lejía y Líquidos Fuertes,Lejía y Líquidos Fuertes,https://a2.soysuper.com/01d5bfc3600097c368ad365dde87d9a0.110.110.0.min.wmark.e4d4d083.jpg
621f216a2508c144374b7384,Bosque Verde,Limpiador fosas septicas,12 bolsitas - 300 g,6.25,Droguería > Limpieza del Hogar > Lejía y Líquidos Fuertes,Lejía y Líquidos Fuertes,https://a1.soysuper.com/af9a6a44b3d07e34533b718e78c8b530.110.110.0.min.wmark.dc699808.jpg
4fc913f0cc75fa2a35011d79,Bosque Verde,Fregona tubos microfibra azul (suelos de interior y exterior),1 unidad,3.48,Droguería > Utensilios de Limpieza > Fregonas,Fregonas,https://a0.soysuper.com/dc6faa3ac4ba1e63147e778e0f2154d3.110.110.0.min.wmark.75f71426.jpg
4fc913d0cc75fa2a35011608,Bosque Verde,Limpiacalzado autoaplicador negro,Bote 50 ml,0.94,"Droguería > Cuidado del Calzado > Cremas, Betunes y Bálsamos","Cremas, Betunes y Bálsamos",https://a2.soysuper.com/07199d14c01f9fbfe049710bf041b93a.110.110.0.min.wmark.09326732.jpg
6545f461722d6a0f474c9e47,Bosque Verde,Plumero atrapapolvo recambio,Paquete 6 u,2.18,Droguería > Utensilios de Limpieza > Plumeros,Plumeros,https://a1.soysuper.com/d5b318efefa5f1b25f53a556c0e168a4.110.110.0.min.wmark.f4053f3e.jpg
4fc913d0cc75fa2a35011606,Bosque Verde,Limpiacalzado autoaplicador marron,Bote 50 ml,0.94,"Droguería > Cuidado del Calzado > Cremas, Betunes y Bálsamos","Cremas, Betunes y Bálsamos",https://a1.soysuper.com/46cadc0f2c589242e761cd473e1996c3.110.110.0.min.wmark.79da38a2.jpg
63abfbb553c97b6223217059,Bosque Verde,Cepillo lavar puas duras con asa,U,1.93,Droguería > Utensilios de Limpieza > Escobas y Cepillos,Escobas y Cepillos,https://a0.soysuper.com/e4f121748cf7eb061a6ab1ef5c423e7d.110.110.0.min.wmark.744aeb80.jpg
4fc916b1cc75fa2a3501c7eb,Bosque Verde,Amoniaco con detergente (botella lila),"Botella 1,5 l",1,Droguería > Limpieza del Hogar > Lejía y Líquidos Fuertes,Lejía y Líquidos Fuertes,https://a2.soysuper.com/7c885c31f5249cc507db4c093d69e70f.110.110.0.min.wmark.4257fa91.jpg
4fc913fccc75fa2a35012001,Bosque Verde,Limpiador muebles y parquet pistola,Botella 750 ml,2,Droguería > Limpieza del Hogar > Limpiadores de Muebles,Limpiadores de Muebles,https://a0.soysuper.com/d906bb4b37b9e3cd19d604437c9715a0.110.110.0.min.wmark.d730dc68.jpg
62a99d56722d6a6b9a1da519,Bosque Verde,Guantes sensible talla grande,Paquete 2 ud,0.75,Droguería > Utensilios de Limpieza > Guantes,Guantes,https://a0.soysuper.com/d0d7590b8a7f7cc447ac282edde8b588.110.110.0.min.wmark.e6735b9e.jpg
5012f0f50f8e48d05d0001e6,Bosque Verde,Escobillero baño,U,2.98,Droguería > Utensilios de Limpieza > Escobas y Cepillos,Escobas y Cepillos,https://a0.soysuper.com/bca1ad2adb1b15189137a6c7e260f993.110.110.0.min.wmark.165096d7.jpg
5a86997a0932f728754abca2,Bosque Verde,Ambientador tejidos con pistola aroma elixir floral,Botella 400 ml,2.15,Droguería > Ambientadores > En Aerosol y Spray,En Aerosol y Spray,https://a0.soysuper.com/bff1baed2374972d48742761de04b929.110.110.0.min.wmark.b24c2431.jpg
650e6790722d6a681945e176,Bosque Verde,Antipolillas ropa colgador lavanda,Paquete 2 u,1.55,Droguería > Insecticidas > Antipolillas y Carcoma,Antipolillas y Carcoma,https://a2.soysuper.com/7b4e6659e8af990f48c65a445a2a108b.110.110.0.min.wmark.06601c57.jpg
50a6eb1bdcaf76180f0002af,Bosque Verde,Limpiacristales spray (formula espuma),Bote 400 ml,1.9,Droguería > Limpieza del Hogar > Limpiacristales,Limpiacristales,https://a2.soysuper.com/fd27ccdb0477ff262434c109b75cd319.110.110.0.min.wmark.753839c3.jpg
63db6da398ec91504008c846,Bosque Verde,Palo fregona / escoba universal extensible antideslizante (de 88 a 150 cm),U,2.8,Droguería > Utensilios de Limpieza > Palos,Palos,https://a0.soysuper.com/4beb7909be16eda4b48181eaf645b7ac.110.110.0.min.wmark.13d49a88.jpg
6475a013722d6a588e699dff,Bosque Verde,Limpiador paellas/cacerolas,Botella 250 ml,1.9,Droguería > Lavavajillas > Detergente lavavajillas,Detergente lavavajillas,https://a0.soysuper.com/704dff30c9f24c76d24998317e388f3c.110.110.0.min.wmark.e6055e2f.jpg
63335cdce93cdf2fc6316378,Bosque Verde,"Barreño ovalado 8,7 l gris",U,2.26,Droguería > Utensilios de Limpieza > Cubos de Limpieza,Cubos de Limpieza,https://a2.soysuper.com/c3a191ace6a46f5a0bd68094fe32ee1f.110.110.0.min.wmark.dc5949fa.jpg
614439a21452a07e98357e50,Bosque Verde,Pila recargable AA,Paquete 4 ud,7.9,Bazar y Casa > Complementos para la Casa > Pilas,Pilas,https://a0.soysuper.com/06e1fd3ab82b9416387527a2ae4fa881.110.110.0.min.wmark.ca978196.jpg
6358e67b0932f7560e310523,Bosque Verde,Vaso carton para bebida caliente 100 ml,Paquete 20 u,1.35,"Droguería > Desechables > Cubiertos, Platos y Vasos","Cubiertos, Platos y Vasos",https://a2.soysuper.com/08c1ad2f0d4ed56630663fbaf4d149ac.110.110.0.min.wmark.09f770bd.jpg
4fc913d5cc75fa2a35011706,Bosque Verde,Insecticida electrico liquido / pastilla aparato + recambio mosquitos liquido,1 unidad,3.09,Droguería > Insecticidas > Insectos Voladores,Insectos Voladores,https://a1.soysuper.com/bb878b25fb58eb7a3ba8cf152ec57a4b.110.110.0.min.wmark.d347dcfe.jpg
51dc67f0edb8723314000020,Bosque Verde,Eliminador turbidez liquido piscina,Garrafa 5 l,14,Bazar y Casa > Piscina > Limpieza de Piscina,Limpieza de Piscina,https://a2.soysuper.com/66f22ba5b3adc645b7adb6c3f03df0b4.110.110.0.min.wmark.229a26b7.jpg
4fc916cacc75fa2a3501ceb5,Bosque Verde,"Mantel desechable papel rollo 7 x 1,2 m colores",U,3.1,Droguería > Desechables > Manteles y Blondas,Manteles y Blondas,https://a0.soysuper.com/8c8f8665bcce8bf991836f323c258fb6.110.110.0.min.wmark.6d80694f.jpg
5012ef5d29eba8532300012a,Bosque Verde,Insecticida spray antimosquitos barrera,Bote 400 ml,3.1,Droguería > Insecticidas > Insectos Voladores,Insectos Voladores,https://a0.soysuper.com/f02c1e414674c8f38ef6777591878b64.110.110.0.min.wmark.6f555616.jpg
62a99d56e93cdf31134edb88,Bosque Verde,Guantes flocado talla mediana,Paquete 2 ud,0.9,Droguería > Utensilios de Limpieza > Guantes,Guantes,https://a0.soysuper.com/df3da53e343bd3c0c36bd5795b9bdab4.110.110.0.min.wmark.d24660ed.jpg
4fc916b2cc75fa2a3501c80e,Bosque Verde,Piscina cloro mantenimiento de invierno,Garrafa de 5 l,18,Bazar y Casa > Piscina > Limpieza de Piscina,Limpieza de Piscina,https://a0.soysuper.com/b46c87b51ad486db92558646ed663484.110.110.0.min.wmark.7a4ce71f.jpg
4fc910abcc75fa2a35005754,Bosque Verde,Insecticida spray avispas,Bote 250 ml,3.5,Droguería > Insecticidas > Insectos Voladores,Insectos Voladores,https://a0.soysuper.com/0143e8fb4a2529bdd15fc098f385fc4c.110.110.0.min.wmark.ad6d4700.jpg
4fc916b2cc75fa2a3501c80f,Bosque Verde,Piscina cloro pastillas,Bote de 5 kg,31,Bazar y Casa > Piscina > Limpieza de Piscina,Limpieza de Piscina,https://a1.soysuper.com/65e72fc675456d7b762d02b638e85f3a.110.110.0.min.wmark.3e9167ba.jpg
67f8193a8ca63c4fa34a2f08,Bosque Verde,Papel higienico suave 4 capas,Paquete 8 u,3.54,Droguería > Celulosa > Papel Higiénico,Papel Higiénico,https://a1.soysuper.com/10b595f82b342e4a27a664d70c1c535c.110.110.0.min.wmark.6e73c085.jpg
68166c7953c97b376a3e600c,Bosque Verde,Suavizante ropa concentrado violets (blanco),Botella 1600 ml,1.79,Droguería > Cuidado de la Ropa > Suavizante,Suavizante,https://a0.soysuper.com/9c543046af84d337fe3ca16ad2eab322.110.110.0.min.wmark.9cd7480b.jpg
6825901d8ca63c2a1e1d8519,Bosque Verde,Bolsa basura cubo mediano 30 litros alto cierre facil 50 x 75 (azul),Paquete 30 u,3.05,Droguería > Bolsas de Basura > 30 Litros,30 Litros,https://a0.soysuper.com/1a60474b5b68f027ba822a6cf5960be4.110.110.0.min.wmark.a364cdc6.jpg
68de2058722d6a6928288bc0,Bosque Verde,Vela perfumada vaso cristal chai,U,1.85,Droguería > Ambientadores > Velas ambientador,Velas ambientador,https://a0.soysuper.com/0ebbe8d0e664e2c205c3358e7ad66895.110.110.0.min.wmark.09d681c5.jpg
68167b92a44508b618113268,Bosque Verde,Suavizante ropa concentrado floral,"Botella 1600 ml, 80 lavados",1.79,Droguería > Cuidado de la Ropa > Suavizante,Suavizante,https://a2.soysuper.com/361c485d828e7963ae13aa1fcebe1524.110.110.0.min.wmark.049207c6.jpg
65f2ee87d7918762dd55d57a,Bosque Verde,Ambientador difusor electrico aparato (sin recambio),U,2.2,Droguería > Ambientadores > Eléctricos,Eléctricos,https://a1.soysuper.com/39cb9f4677b761a7e5f71c7f9fa76813.110.110.0.min.wmark.d025e1de.jpg
6687223fa445089fd6163a92,Bosque Verde,Pastilla cisterna limpieza activa,Pack 4 u,1.45,Droguería > Limpieza de Baño > Limpia Inodoro,Limpia Inodoro,https://a1.soysuper.com/6e9a02a1efa7711a69e91038aab60b77.110.110.0.min.wmark.43ec459c.jpg
673b8e3098ec913d144d83e8,Bosque Verde,Ambientador electrico recambio aroma matcha,U 25 ml,1.6,Droguería > Ambientadores > Eléctricos,Eléctricos,https://a2.soysuper.com/8f4fbba7d0c301cb0359fe8d7f243484.110.110.0.min.wmark.e1fad12c.jpg
68a330c8722d6a46e95fc014,Bosque Verde,Ambientador varitas difusoras pistachio,U 40 ml,2.1,Droguería > Ambientadores > Continuos,Continuos,https://a0.soysuper.com/baa16b64f05da5527fb1f89409d2346f.110.110.0.min.wmark.564d3bdb.jpg
684bbe9ee93cdf2d1a20e5cd,Bosque Verde,Ambientador colgador aroma talco (para armarios y cajones),Caja 3 u,1.75,Droguería > Ambientadores > Absorbeolores y Antihumedad,Absorbeolores y Antihumedad,https://a0.soysuper.com/269cfd7f9607e1c59177331add4bdb0d.110.110.0.min.wmark.886385ca.jpg
667bdec9e6ed405dc30b1e03,Bosque Verde,Ambientador colgador aroma spa (para armarios y cajones),Caja 3 u,1.75,Droguería > Ambientadores > Continuos,Continuos,https://a2.soysuper.com/50240ad234e45cd3a18a9743db55b441.110.110.0.min.wmark.5629afbf.jpg
689859111a8a4f7849131514,Bosque Verde,Bolsa congelacion grande 30X45CM (envase gris),Paquete 35 u,1.3,Droguería > Conservación de Alimentos > Bolsas de Conservación,Bolsas de Conservación,https://a1.soysuper.com/748dbf3712b7c6910a18fc9e8f38a5c9.110.110.0.min.wmark.01fe5bfb.jpg
6656f8a3e93cdf45d61a395b,Bosque Verde,Friegasuelos floral,Botella 1500 ml,0.95,Droguería > Limpieza del Hogar > Limpiasuelos,Limpiasuelos,https://a0.soysuper.com/09f322db0e02499960909f055b0a9fb1.110.110.0.min.wmark.3556f4cb.jpg
692b7fb7722d6a67b631d28f,Bosque Verde,Detergente lavadora liquido capsulas ropa blanca y color sensacion floral,Paquete 24 u,4.65,Droguería > Cuidado de la Ropa > Detergente,Detergente,https://a0.soysuper.com/22f9913ab4c215251123283530aff06d.110.110.0.min.wmark.017230a1.jpg
691b97a82508c1477e0cd394,Bosque Verde,Ambientador portatil recambio difusor automatico aroma cotton,U 250 ml,1.8,Droguería > Ambientadores > Automáticos,Automáticos,https://a1.soysuper.com/8a50be90d3250f741826cf08fa445a5c.110.110.0.min.wmark.139a3961.jpg
67d2d3ab53c97b629e48608d,Bosque Verde,Trampas cebo hormigas,Caja 3 u,3.45,Droguería > Insecticidas > Insectos no Voladores,Insectos no Voladores,https://a1.soysuper.com/5235bc64a0e2046528876db272bff7b6.110.110.0.min.wmark.2ba52f14.jpg
67422a6098ec9130042006a0,Bosque Verde,"Bayeta microfibra multiusos grande (especial cocina, baño y salón)",Paquete 3 u,1.3,Droguería > Utensilios de Limpieza > Bayetas,Bayetas,https://a0.soysuper.com/694d3e4ca08f6f0f2f257f9f0a851205.110.110.0.min.wmark.7898425d.jpg
687af365e6ed402adf77b809,Bosque Verde,Friegasuelos aroma tropical,Botella 1500 ml,0.95,Droguería > Limpieza del Hogar > Limpiasuelos,Limpiasuelos,https://a0.soysuper.com/1cfc4f104e4302c612bf914f1bd58ef1.110.110.0.min.wmark.d151c3f9.jpg
6862b1a92508c122ce1731e0,Bosque Verde,Ambientador portatil aparato difusor automatico (sin recambio),U,4,Droguería > Ambientadores > Automáticos,Automáticos,https://a2.soysuper.com/180d8c3e73f4f6d00dad4a3246b67c59.110.110.0.min.wmark.dab13091.jpg
51c4f54aa510ab480200002a,Bosque Verde,Multiusos perfumado pistola,Botella 1 l,1.29,Droguería > Limpieza del Hogar > Limpiadores Multiusos,Limpiadores Multiusos,https://a2.soysuper.com/2a0840db5281531b7b4cb4245e7633e0.110.110.0.min.wmark.e7854bf7.jpg
4fc9110bcc75fa2a350070db,Bosque Verde,Lavavajillas mano concentrado aloe,Botella 1 l,1.8,Droguería > Lavavajillas > Detergente lavavajillas,Detergente lavavajillas,https://a1.soysuper.com/40f7095a88653f82a8f2f9895f5042ec.110.110.0.min.wmark.ab276298.jpg
4fc916b1cc75fa2a3501c7d1,Bosque Verde,Toallitas limpiabaños,Paquete 50 u,1.3,Droguería > Limpieza de Baño > Limpiador de baño,Limpiador de baño,https://a2.soysuper.com/96de8b60affe4a2bab0fe443a6439093.110.110.0.min.wmark.a886dc52.jpg
55648b531452a04f873c6c79,Bosque Verde,Desatascador tuberias gel turbo (en 5 minutos),Botella 500 ml,1.7,Droguería > Limpieza del Hogar > Lejía y Líquidos Fuertes,Lejía y Líquidos Fuertes,https://a0.soysuper.com/72716a5cfec107bc025c0767e20aacc7.110.110.0.min.wmark.abf33578.jpg
5012f0f2238436c85d00024e,Bosque Verde,Block taza wc completo efecto lejia azul + cloro activo,Pack 2 x 40 g - 80 g,1.25,Droguería > Limpieza de Baño > Limpia Inodoro,Limpia Inodoro,https://a2.soysuper.com/5a931ae4b6f59f7a9cf0171972ef201b.110.110.0.min.wmark.983ae7a0.jpg
4fc90fc7cc75fa2a350019a5,Bosque Verde,"Limpiador placas de induccion 3 en 1 pistola (maxima limpieza, brillo sin rayar y efecto protector)",Botella 500 ml,1.75,Droguería > Limpieza de la Cocina > Limpieza de Electrodomésticos,Limpieza de Electrodomésticos,https://a0.soysuper.com/834ddb409ca741b7481f8d24871ad7ea.110.110.0.min.wmark.65e5cfb2.jpg
61eaec23d79187587f4bab68,Bosque Verde,Pila alcalina aa LR6,Paquete 8 u,1.67,Bazar y Casa > Complementos para la Casa > Pilas,Pilas,https://a2.soysuper.com/f5fd09a57c0d023dd5b3a510b6111c5c.110.110.0.min.wmark.76d40e00.jpg
578a1b9c1452a01668111777,Bosque Verde,Limpiador polvo wc activo monodosis,4 sobres x 60 g,1.8,Droguería > Limpieza de Baño > Limpia Inodoro,Limpia Inodoro,https://a0.soysuper.com/62e67a28083a307b1c177cd488db9a42.110.110.0.min.wmark.55ca4b35.jpg
5abfe7aa1452a037670d0dd0,Bosque Verde,Multiusos con lejia pistola (hogar y ropa blanca),Botella 750 ml,1.7,Droguería > Limpieza del Hogar > Limpiadores Multiusos,Limpiadores Multiusos,https://a0.soysuper.com/fbfc650780af466a497f8ae84a7bc493.110.110.0.min.wmark.96c28010.jpg
5438cc68d24f95d42700e332,Bosque Verde,Limpiador gel wc flor de cerezo,Botella 1 l,1.15,Droguería > Limpieza de Baño > Limpia Inodoro,Limpia Inodoro,https://a2.soysuper.com/9c7176866e198fa17f11ea6cd1f9d844.110.110.0.min.wmark.7242c8ed.jpg
4fc916b1cc75fa2a3501c7da,Bosque Verde,Limpiador potente pistola,Botella 750 ml,1.7,Droguería > Limpieza de Baño > Limpiador de baño,Limpiador de baño,https://a1.soysuper.com/068b06f112e3f52543ab4d98cf3ae24d.110.110.0.min.wmark.4bbaf5cb.jpg
4fc913fccc75fa2a35012000,Bosque Verde,Limpiador jabonoso madera,Botella 1 l,1.55,Droguería > Limpieza del Hogar > Limpiadores de Muebles,Limpiadores de Muebles,https://a1.soysuper.com/391039fbc5132fa881fab4ca22b0ffce.110.110.0.min.wmark.9de55eaa.jpg
54275fa41d025865ae2c2092,Bosque Verde,Ambientador portatil recambio difusor automatico aroma infantil,U 250 ml,1.8,Droguería > Ambientadores > Automáticos,Automáticos,https://a2.soysuper.com/cac2d4d9de3fc518a2f7b48a90d065e4.110.110.0.min.wmark.6128ed60.jpg
5012ef6e238436c85d00013e,Bosque Verde,Ambientador coche aroma exotico aparato + 2 recambios,1 unidad,1.85,Droguería > Ambientadores > Para el Coche,Para el Coche,https://a1.soysuper.com/b508fe84287754656fd2fe3ee87e1495.110.110.0.min.wmark.cda25c7e.jpg
509c5187dcaf76180f00014e,Bosque Verde,Limpiahogar gel con lejia,Botella 1.5 l,1.9,Droguería > Limpieza de la Cocina > Quitagrasas,Quitagrasas,https://a2.soysuper.com/e7b42bbd6a9b8b79ee18c824ac089fff.110.110.0.min.wmark.616b2aa0.jpg
4fc913d5cc75fa2a35011709,Bosque Verde,Insecticida electrico liquido recambio mosquitos,"1 u, 45 ml",1.9,Droguería > Insecticidas > Insectos Voladores,Insectos Voladores,https://a1.soysuper.com/d553724cc508ffa942eb7446c21f2fe6.110.110.0.min.wmark.ed763d02.jpg
4fc91410cc75fa2a3501248e,Bosque Verde,Desatascador gel,Botella 1 l,1.8,Droguería > Limpieza del Hogar > Desatascador,Desatascador,https://a2.soysuper.com/ebb2fe769027fa9c02eabce98e2dbca5.110.110.0.min.wmark.6adb623d.jpg
5e9fc176d7918711a62530b2,Bosque Verde,Detergente lavadora liquido piel sensible,Botella 1950 ml (66 lavados),4.8,Droguería > Cuidado de la Ropa > Detergente,Detergente,https://a0.soysuper.com/d3ed84ee2155f65e9d1f7507b87d70e1.110.110.0.min.wmark.578e66b1.jpg
4fc9158dcc75fa2a35017f45,Bosque Verde,Antihumedad recambio,1 unidad,2,Droguería > Ambientadores > Absorbeolores y Antihumedad,Absorbeolores y Antihumedad,https://a2.soysuper.com/7eac84a1a0514e299edfa3baf1efa143.110.110.0.min.wmark.fc1dc69c.jpg
5012ef39238436c85d000136,Bosque Verde,Agua planchado aroma ropa limpia,Botella 1 l,1.5,Droguería > Cuidado de la Ropa > Productos para Planchado,Productos para Planchado,https://a2.soysuper.com/36d38383e0422d54ba072635b5f37db8.110.110.0.min.wmark.cda54c18.jpg
5c5b7eef53c97b384019f93b,Bosque Verde,Lavavajillas maquina capsulas todo en 1 rapida disolucion,Paquete 30 u,2.93,Droguería > Lavavajillas > Detergente lavavajillas,Detergente lavavajillas,https://a0.soysuper.com/dfdbebdcb49b0a4d257cb3929b01c8e3.110.110.0.min.wmark.9cdb6057.jpg
623ad0af53c97b1a6561592a,Bosque Verde,Rodillo quitapelusas adhesivo,U,1.75,Droguería > Cuidado de la Ropa > Cepillos y Quitapelusas,Cepillos y Quitapelusas,https://a0.soysuper.com/0e4469656d25de38a90e086d69c999d6.110.110.0.min.wmark.6f3352aa.jpg
640706680932f713b069a3c3,Bosque Verde,Ambientador portatil recambio difusor automatico aroma delice,U - 250 ml,1.8,Droguería > Ambientadores > Eléctricos,Eléctricos,https://a0.soysuper.com/37a63ac5a04d3acd958340bf58815bbd.110.110.0.min.wmark.63d62a05.jpg
5bdbb8b898ec9107576c1a77,Bosque Verde,Ambientador coche aroma marine aparato + 2 recambios,1 unidad,1.85,Droguería > Ambientadores > Para el Coche,Para el Coche,https://a2.soysuper.com/c70f2cafcae044efdd10fd522911e51f.110.110.0.min.wmark.0294010e.jpg
5dbafdc11452a0089d7477c1,Bosque Verde,Detergente de lavadora líquido prendas finas,Botella 1.98 l (66 lavados),2.49,Droguería > Cuidado de la Ropa > Detergente,Detergente,https://a0.soysuper.com/8427ea9fcb96488fb2b4f5ae2ff764d4.110.110.0.min.wmark.bae61298.jpg
4fc916b1cc75fa2a3501c7cf,Bosque Verde,Toallitas limpiacocinas / quitagrasas,Paquete 50 u,1.3,Droguería > Limpieza de la Cocina > Quitagrasas,Quitagrasas,https://a0.soysuper.com/2226882f37912965c6f63bfc4622c239.110.110.0.min.wmark.51c72b52.jpg
4fc91596cc75fa2a3501810f,Bosque Verde,Pañuelos papel bolsillo compacto 4 capas mentol,Pack 10 x 10 u,1.8,Droguería > Celulosa > Pañuelos,Pañuelos,https://a1.soysuper.com/5945017947f2bee2531c37ec887a043f.110.110.0.min.wmark.101266d4.jpg
5b8ff87b0932f74f00274601,Bosque Verde,Ambientador lavavajillas perfume limón (completo + recambio),Paquete 1 u,1.5,Droguería > Lavavajillas > Ambientador lavavajillas,Ambientador lavavajillas,https://a0.soysuper.com/2b1bf625ccf70e945c985634bb69be89.110.110.0.min.wmark.945fde14.jpg
4fc9158ccc75fa2a35017ef8,Bosque Verde,Ambientador spray ropa limpia,Bote 300 ml,1.14,Droguería > Ambientadores > En Aerosol y Spray,En Aerosol y Spray,https://a2.soysuper.com/0fd581f8016f75ee4e3d4c421499de10.110.110.0.min.wmark.47740dec.jpg
5aa640f3722d6a4b842c0a6a,Bosque Verde,Guantes desechables nitrilo talla mediana (azules),Caja 30 u,2.85,Droguería > Utensilios de Limpieza > Guantes,Guantes,https://a0.soysuper.com/63111be267346759f171136c1b73d7be.110.110.0.min.wmark.2343a324.jpg
4fc90fdbcc75fa2a35001e16,Bosque Verde,Limpiador hornos spray,Bote 300 ml,1.35,Droguería > Limpieza de la Cocina > Limpieza de Electrodomésticos,Limpieza de Electrodomésticos,https://a1.soysuper.com/b197e4900045f40f5a891308219a6ea6.110.110.0.min.wmark.90ca5696.jpg
51648b91de3561ad5d0006dc,Bosque Verde,Ambientador electrico recambio 6 fragancias mundo,U 25 ml,2.91,Droguería > Ambientadores > Eléctricos,Eléctricos,https://a2.soysuper.com/e84ebe06e911f0f3bca88172a3d4ba72.110.110.0.min.wmark.2bc59571.jpg
5aaf839798ec91096b109e5d,Bosque Verde,Limpiahogar desinfectante antibacterias,Botella 1500 ml,2.1,Droguería > Limpieza del Hogar > Limpiadores Multiusos,Limpiadores Multiusos,https://a1.soysuper.com/2d3a01d523e5ed21a76f0a3c0daa1581.110.110.0.min.wmark.601fb887.jpg
62a99d56d791876d07474a04,Bosque Verde,Guantes sensible talla mediana,Paquete 2 ud,0.75,Droguería > Utensilios de Limpieza > Guantes,Guantes,https://a2.soysuper.com/8a59ae3232bfe7ce43003da9506104f3.110.110.0.min.wmark.9692311a.jpg
4fc916b1cc75fa2a3501c7df,Bosque Verde,Toallitas limpiacristales,Paquete de 30 unidades,1.37,Droguería > Limpieza del Hogar > Limpiacristales,Limpiacristales,https://a2.soysuper.com/b073a1757c5b4a1ecb31435f0761b266.110.110.0.min.wmark.1df20640.jpg
4fc913facc75fa2a35011f9b,Bosque Verde,Abrillantador suelo,Botella 1 l,2.1,Droguería > Limpieza del Hogar > Limpiasuelos,Limpiasuelos,https://a1.soysuper.com/17608b1680dfb3229891b59ad85b3d0c.110.110.0.min.wmark.07f2432f.jpg
5f968663e93cdf2b0a104ad1,Bosque Verde,Alcohol de limpieza perfumado,Pistola 750 ml,2.6,Droguería > Limpieza del Hogar > Limpiadores Multiusos,Limpiadores Multiusos,https://a0.soysuper.com/4d7f936eed80a9375920f57af94461e6.110.110.0.min.wmark.755dd938.jpg
6103c5f61452a06c04550b47,Bosque Verde,Cuchara reutilizable postre,Paquete 15 u,1.45,"Droguería > Desechables > Cubiertos, Platos y Vasos","Cubiertos, Platos y Vasos",https://a1.soysuper.com/2211b22528162c3a30b03a5b75f5b1da.110.110.0.min.wmark.6eb12e05.jpg
5c45848b722d6a1a0b7511d4,Bosque Verde,Descalcificador lavadoras pastillas,Caja 40 lavados,3.18,Droguería > Limpieza del Hogar > Antical,Antical,https://a2.soysuper.com/429ee0743914902f371cbd55ddcaa3a0.110.110.0.min.wmark.2f11701b.jpg
5aa640f4722d6a4b842c0a6b,Bosque Verde,Guantes desechables nitrilo talla grande (azules),Caja 30 u,2.85,Droguería > Utensilios de Limpieza > Guantes,Guantes,https://a2.soysuper.com/4a7cf14d8db27f2c5ed4141b41d74303.110.110.0.min.wmark.145eb2e4.jpg
4fc913facc75fa2a35011fa1,Bosque Verde,Limpiador mopa spray,Bote 750 ml,2.79,Droguería > Limpieza del Hogar > Limpiasuelos,Limpiasuelos,https://a2.soysuper.com/aa0ec3ab0bce599842291fb815c614ab.110.110.0.min.wmark.163eee48.jpg
6103c5f6d79187051b35e784,Bosque Verde,Cuchillo reutilizable,Paquete 15 u,1.55,"Droguería > Desechables > Cubiertos, Platos y Vasos","Cubiertos, Platos y Vasos",https://a1.soysuper.com/4cf06128323641288341124433164e07.110.110.0.min.wmark.9129531e.jpg
4fc916b0cc75fa2a3501c7ca,Bosque Verde,Limpiatapicerias oxigeno activo pistola,Botella 750 ml,1.75,Droguería > Limpieza del Hogar > Limpiador Tapicería y Alfombras,Limpiador Tapicería y Alfombras,https://a0.soysuper.com/7a934b0b9c9356748fd3c1221502666d.110.110.0.min.wmark.838a5055.jpg
6272395198ec9101b7272f62,Bosque Verde,Guantes desechables latex talla mediana (sin polvo),Caja 50 ud,3.2,Droguería > Utensilios de Limpieza > Guantes,Guantes,https://a1.soysuper.com/cbc8d61c5825053f2d7fbc02d4108084.110.110.0.min.wmark.a1829eaa.jpg
5b2b4c231452a032290ad6df,Bosque Verde,Escoba barrer exteriores gris,U,2.6,Droguería > Utensilios de Limpieza > Escobas y Cepillos,Escobas y Cepillos,https://a2.soysuper.com/37c8b2d7deaa7ec7865a07d0778b5d16.110.110.0.min.wmark.d24ea4a6.jpg
5b2d4799722d6a2c7273d0e8,Bosque Verde,Ambientador coche colgador frutos silvestres,U 6 ml,1.85,Droguería > Ambientadores > Continuos,Continuos,https://a0.soysuper.com/0d6540701129125279368e4adb3077ab.110.110.0.min.wmark.fad56b20.jpg
4fc913ebcc75fa2a35011c34,Bosque Verde,Plumero atrapapolvo + 3 recambios,U,2,Droguería > Utensilios de Limpieza > Plumeros,Plumeros,https://a2.soysuper.com/8efeb4417b0a57068b39a62dc7da6d93.110.110.0.min.wmark.04fe62a5.jpg
4fc913d5cc75fa2a35011704,Bosque Verde,Insecticida electrico pastillas recambio mosquitos,Caja 30 u,1.55,Droguería > Insecticidas > Insectos Voladores,Insectos Voladores,https://a0.soysuper.com/3c801f172f87c358bb53c452a111e6d6.110.110.0.min.wmark.9bf48810.jpg
6103c5f62508c17f49171438,Bosque Verde,Cuchara reutilizable gran,Paquete 15 u,1.55,"Droguería > Desechables > Cubiertos, Platos y Vasos","Cubiertos, Platos y Vasos",https://a2.soysuper.com/928ffbbf0e0b54fa1146b5bf429f134d.110.110.0.min.wmark.609eabbe.jpg
61f0fc6253c97b29dc62c5a7,Bosque Verde,Estropajo esponja azul (no raya),Pack 3 u,0.9,Droguería > Utensilios de Limpieza > Estropajos,Estropajos,https://a2.soysuper.com/0578484ca4d3d0774e80467d93638a81.110.110.0.min.wmark.a257858a.jpg
4fc913ffcc75fa2a350120c5,Bosque Verde,Limpiador juntas desincrustante de cementos (2 en 1),Botella 750 ml,4,Droguería > Limpieza del Hogar > Limpiadores Multiusos,Limpiadores Multiusos,https://a1.soysuper.com/22acc4b43742f270a773495d88f35762.110.110.0.min.wmark.6ab4e411.jpg
62a99d56e6ed404c4e0806f2,Bosque Verde,Guantes flocado talla grande,Paquete 2 ud,0.9,Droguería > Utensilios de Limpieza > Guantes,Guantes,https://a2.soysuper.com/5a564d792b89eafde862abeed63b6ea9.110.110.0.min.wmark.1700e2cb.jpg
51dc67f0b21b8b2914000039,Bosque Verde,Piscina reductor de PH,Garrafa de 5 l,10,Bazar y Casa > Piscina > Limpieza de Piscina,Limpieza de Piscina,https://a2.soysuper.com/60de2f33940bc680cc444d0968267970.110.110.0.min.wmark.e024fdba.jpg
64118ea10932f77dc075d117,Bosque Verde,Vela anti moscas y mosquitos,U,2,Droguería > Insecticidas > Insectos Voladores,Insectos Voladores,https://a1.soysuper.com/69f61b488e838a77235d8ab7cee973a8.110.110.0.min.wmark.1c4f4779.jpg
5192c5a55279459142000029,Bosque Verde,Guantes desechables latex talla pequeña / mediana,Caja 50 u,2.99,Droguería > Utensilios de Limpieza > Guantes,Guantes,https://a2.soysuper.com/ffd61178957362adfc9af5422d1fcb8d.110.110.0.min.wmark.72063381.jpg
4fc913efcc75fa2a35011d3c,Bosque Verde,Estropajo baño fibra blanca anatomico con esponja,Paquete 2 u,1,Droguería > Utensilios de Limpieza > Estropajos,Estropajos,https://a0.soysuper.com/f53d5974cb1e9f3a8da44ce43b4902cc.110.110.0.min.wmark.2166e98e.jpg
661bc61f0932f730774b02d0,Bosque Verde,Detergente mano polvo,Caja 650 g,1.9,Droguería > Cuidado de la Ropa > Detergente,Detergente,https://a1.soysuper.com/cccf63f73e8decb9ca3a3fee4d316eb2.110.110.0.min.wmark.e9287d5d.jpg
6904abe76c714b76c64dfa78,Bosque Verde,Block colgador wc aroma dalia,2 u - 80 g,1.3,Droguería > Limpieza de Baño > Limpia Inodoro,Limpia Inodoro,https://a0.soysuper.com/d89ddf650c41bec5678a0a6f757551f9.110.110.0.min.wmark.305a7a15.jpg
685005386c714bdd0b482d13,Bosque Verde,Ambientador spray red elixir,Bote 300 ml,1.14,Droguería > Ambientadores > En Aerosol y Spray,En Aerosol y Spray,https://a0.soysuper.com/f56aa699cfa1ec4c24995da3f2e6eda4.110.110.0.min.wmark.c9564f49.jpg
68089b521452a030394244c4,Bosque Verde,Bolsa basura cubo pequeño 10 litros - restos organicos compostable cierra facil 45 x 44 (beige),Paquete 20 u,2.3,Droguería > Bolsas de Basura > Cierre automático,Cierre automático,https://a1.soysuper.com/bd4fb1885f46f59385d89daf9ec5f531.110.110.0.min.wmark.e6b69aae.jpg
680f8c490932f707407671db,Bosque Verde,Bolsa basura cubo industrial 100 litros comunidad cierre facil 82 x 90 (negra),Paquete 15 u,2.19,Droguería > Bolsas de Basura > Sin Asas,Sin Asas,https://a1.soysuper.com/8f25b618c25fb3fdc73b27e6a3eb71d9.110.110.0.min.wmark.0406b736.jpg
681db122e6ed40174c60efa1,Bosque Verde,Ambientador electrico recambio coconut,U 25 ml,1.6,Droguería > Ambientadores > Eléctricos,Eléctricos,https://a2.soysuper.com/77599e771e990154b75d667a25ef59eb.110.110.0.min.wmark.6cfcab49.jpg
68c24403e93cdf5d6412f880,Bosque Verde,Detergente lavadora liquido frescura,Botella 3 l,3.4,Droguería > Cuidado de la Ropa > Detergente,Detergente,https://a2.soysuper.com/25ca180f736bc8938d491eb89ffd4a3e.110.110.0.min.wmark.711fddd3.jpg
68de20588ca63c13475f926f,Bosque Verde,Vela perfumada vaso cristal matcha,U,1.85,Droguería > Ambientadores > Velas ambientador,Velas ambientador,https://a2.soysuper.com/c9c1101dea3c4ef22cd6e38b95b302dd.110.110.0.min.wmark.39144341.jpg
664b593a722d6a30cc455635,Bosque Verde,Antipolilla ropa bolsa ropa limpia,Paquete 24 u,1.55,Droguería > Insecticidas > Antipolillas y Carcoma,Antipolillas y Carcoma,https://a0.soysuper.com/f076ce29847e446dd1bb109e6db6a7dd.110.110.0.min.wmark.7d14a59d.jpg
68167b9253c97b375262b9ca,Bosque Verde,Suavizante ropa concentrado hipoalergenico,"Botella 1600 ml, 80 lavados",1.79,Droguería > Cuidado de la Ropa > Suavizante,Suavizante,https://a2.soysuper.com/dd56bf7f865b26cb819841e519958579.110.110.0.min.wmark.69cd6a9f.jpg
68167b926c714bcb30691135,Bosque Verde,Suavizante ropa concentrado talco,Botella 1600 ml,1.79,Droguería > Cuidado de la Ropa > Suavizante,Suavizante,https://a1.soysuper.com/a8f049d3c9f3147b5d0a8dd464304dfc.110.110.0.min.wmark.6de3c473.jpg
66c04eb6e6ed4060c780445d,Bosque Verde,Limpiador abrillantador multisuperficies,Bote 400 ml,2.9,Droguería > Limpieza del Hogar > Limpiadores Multiusos,Limpiadores Multiusos,https://a0.soysuper.com/42287bc2f21bea4b7dfff33e62163899.110.110.0.min.wmark.62931e5c.jpg
67f42a6a2508c117525d426c,Bosque Verde,Moldes desechable air fryer,Paquete 50 u,2.5,"Droguería > Desechables > Moldes, Cuencos y Bandejas","Moldes, Cuencos y Bandejas",https://a1.soysuper.com/c537142f832d876acdf62568b4d1ae04.110.110.0.min.wmark.111d0e7d.jpg
689859141a8a4f7849131515,Bosque Verde,Bolsa basura cubo mediano 30 litros envases cierre fácil (amarilla),Paquete 40 u,2.38,Droguería > Bolsas de Basura > 30 Litros,30 Litros,https://a1.soysuper.com/55d538af8c3dff36d635527f506f97fd.110.110.0.min.wmark.4bfe56ca.jpg
68f64682722d6a398920e959,Bosque Verde,Detergente lavadora polvo marsella,Paquete 2750 g,5.9,Droguería > Cuidado de la Ropa > Detergente,Detergente,https://a0.soysuper.com/d3f744ab3cd2d6500a0a9c12f58f37b3.110.110.0.min.wmark.fa5611b8.jpg
69df4820e6ed4047e923ca4d,Bosque Verde,Ambientador tejidos con pistola,Botella 500 ml,2.6,Droguería > Cuidado de la Ropa > Perfume para Ropa,Perfume para Ropa,https://a2.soysuper.com/6200fb6b7a1a8e88809e17b26c09a604.110.110.0.min.wmark.8738f58e.jpg
686ba0962508c122ce19f646,Bosque Verde,Abrillantador suelo *****novedad*****,Botella 1 l,2.5,Droguería > Limpieza del Hogar > Limpiasuelos,Limpiasuelos,https://a2.soysuper.com/ae27e8be5b7058964a0b8e977d7380d6.110.110.0.min.wmark.aaed93ac.jpg
67bd833fa44508015f79c8d5,Bosque Verde,Carbon vegetal,Paquete 2500 g,4.03,Bazar y Casa > Artículos para Barbacoa > Carbón,Carbón,https://a0.soysuper.com/5b92b89bcd093ccc69dd0f8f7f774bde.110.110.0.min.wmark.c2099efc.jpg
69db383b722d6a4c7b264e1d,Bosque Verde,Discos wc aqua *****novedad*****,41 g (paquete 7 u),2.1,Droguería > Limpieza de Baño > Limpia Inodoro,Limpia Inodoro,https://a2.soysuper.com/30269a42ec8d870442c845ac99aa27e4.110.110.0.min.wmark.aaa6f184.jpg
69fc42a26c714b23b7249060,Bosque Verde,Detergente lavadora liquido ropa color y oscura,Botella 3 l,4.9,Droguería > Cuidado de la Ropa > Detergente,Detergente,
51dc67f0f0f976371400003d,Bosque Verde,Enciende fuego pastillas,Caja 32 u,1.02,Bazar y Casa > Artículos para Barbacoa > Barbacoas,Barbacoas,https://a1.soysuper.com/6813b8f90bba173291825097028ff15e.110.110.0.min.wmark.dafb7d67.jpg
4fc913cccc75fa2a35011530,Bosque Verde,Bolsa basura cubo mediano 30 litros cocina cierre facil 55 x 60 perfumada (gris),Paquete 40 u,1.9,Droguería > Bolsas de Basura > Cierre automático,Cierre automático,https://a1.soysuper.com/50fe93c8dc66d5f52db32629fad623af.110.110.0.min.wmark.a336998e.jpg
4fc91405cc75fa2a350121fe,Bosque Verde,Papel higienico doble rollo 2 capas,Paquete 6 u,2.3,Droguería > Celulosa > Papel Higiénico,Papel Higiénico,https://a0.soysuper.com/60fc32745909c8f24f1d08e069eaa851.110.110.0.min.wmark.f2dcc56f.jpg
4fc913f3cc75fa2a35011e37,Bosque Verde,Lejia normal,Garrafa 5 l,1.9,Droguería > Limpieza del Hogar > Lejía y Líquidos Fuertes,Lejía y Líquidos Fuertes,https://a2.soysuper.com/5cb39b7d580301fd72bc199c8c736c0a.110.110.0.min.wmark.29fded72.jpg
5fce6e780932f739a816e186,Bosque Verde,Limpiador gel wc y baños con lejia,Botella 1000 ml,0.95,Droguería > Limpieza de Baño > Limpia Inodoro,Limpia Inodoro,https://a1.soysuper.com/f5e2870f7baa312da2086c61c63be12d.110.110.0.min.wmark.dfd68a04.jpg
4fc916b1cc75fa2a3501c7e6,Bosque Verde,Amoniaco perfumado (botella amarilla),"Botella 1,5 l",0.85,Droguería > Limpieza del Hogar > Lejía y Líquidos Fuertes,Lejía y Líquidos Fuertes,https://a2.soysuper.com/00e3e7560453d672ab216ae7f79c12ba.110.110.0.min.wmark.5a652587.jpg
4fc910cccc75fa2a35006005,Bosque Verde,Percarbonato blanqueador,Paquete 750 g,1.65,Droguería > Cuidado de la Ropa > Tintes y Blanqueadores,Tintes y Blanqueadores,https://a1.soysuper.com/4f47413658695cc1a5065da13f1397b0.110.110.0.min.wmark.973da536.jpg
4fc913f4cc75fa2a35011e3e,Bosque Verde,Lejia preparado lavadora densa,Botella 2 l,1.25,Droguería > Cuidado de la Ropa > Lejía para Ropa,Lejía para Ropa,https://a1.soysuper.com/c46e58fdf66d650ad880ebd107271002.110.110.0.min.wmark.7d30c0e0.jpg
61fabdcc1452a03f014fee76,Bosque Verde,Detergente lavadora liquido capsulas ropa color y blanca,Paquete 24 u,4.65,Droguería > Cuidado de la Ropa > Detergente,Detergente,https://a1.soysuper.com/368f97552f6ac2b304062f7a9ff98e39.110.110.0.min.wmark.e0ffe739.jpg
4fc91596cc75fa2a35018114,Bosque Verde,Pañuelos papel bolsillo compacto 4 capas aloe vera con locion,Pack 10 x 10 u,1.59,Droguería > Celulosa > Pañuelos,Pañuelos,https://a0.soysuper.com/00b956cf0decd0b694443a0f00dc2d26.110.110.0.min.wmark.b7f9cb3e.jpg
4fc913facc75fa2a35011f9f,Bosque Verde,Friegasuelos pino,Botella 1500 ml,0.95,Droguería > Limpieza del Hogar > Limpiasuelos,Limpiasuelos,https://a0.soysuper.com/3154d115ee0b9640662e4621ebd42cfe.110.110.0.min.wmark.bde30f5e.jpg
5a6f094c0932f7427c205152,Bosque Verde,Disuelvemanchas prelavado pistola (para todo tipo de manchas),Botella 750 ml,2,Droguería > Cuidado de la Ropa > Quitamanchas,Quitamanchas,https://a0.soysuper.com/95fd7e485c68ded2eaff2d0275c945a2.110.110.0.min.wmark.09c0385f.jpg
53771a20f41df0121902680d,Bosque Verde,Limpiador gel wc desincrustante (perfume intenso y duradero),Botella 1 l,1.65,Droguería > Limpieza de Baño > Limpiador de baño,Limpiador de baño,https://a0.soysuper.com/c414cd782d987d6f74e682c1d0742bee.110.110.0.min.wmark.ca06d53e.jpg
5aed800853c97b48ec474a0c,Bosque Verde,Toallitas limpiagafas perfumadas (sobre monodosis),Paquete 32 u,1.56,Droguería > Celulosa > Limpia Gafas,Limpia Gafas,https://a2.soysuper.com/db9a26b4e4ec52922b80df7647c37162.110.110.0.min.wmark.064e0de4.jpg
4fc916b1cc75fa2a3501c7dd,Bosque Verde,Limpiahogar oxigeno activo sin lejia,Botella 1 l,1.34,Droguería > Limpieza del Hogar > Limpiadores Multiusos,Limpiadores Multiusos,https://a2.soysuper.com/f03ff06bf75fcaa283f6b28d779a9451.110.110.0.min.wmark.ca2ff2fd.jpg
53e1e5d348d887ca0b0039d8,Bosque Verde,Ambientador portatil recambio difusor automatico aroma love,U 250 ml,1.8,Droguería > Ambientadores > Automáticos,Automáticos,https://a0.soysuper.com/1cca721d1bba8416b27a8064347deaca.110.110.0.min.wmark.31022a15.jpg
63cc4dd90932f750677b9e1f,Bosque Verde,Sal lavavajillas grano,Paquete 2 kg,0.95,Droguería > Lavavajillas > Sal lavavajilla,Sal lavavajilla,https://a2.soysuper.com/8344ae6f3e8b46e9f0c99956c49e29a0.110.110.0.min.wmark.7186fe69.jpg
4fc916b2cc75fa2a3501c811,Bosque Verde,Desengrasante cocinas y tejidos citrico (sin espuma) pistola,Botella 750 ml,1.48,Droguería > Limpieza de la Cocina > Quitagrasas,Quitagrasas,https://a0.soysuper.com/fa7b31c4984aaed3461f62002aaeee39.110.110.0.min.wmark.3457946a.jpg
609592fcd791875e414922d8,Bosque Verde,Ambientador spray sweet blossom,Bote 300 ml,1.14,Droguería > Ambientadores > En Aerosol y Spray,En Aerosol y Spray,https://a0.soysuper.com/4f8f39a702d3231e0c1de93df5d0b642.110.110.0.min.wmark.e3bcf260.jpg
50f0b0dd762607c870000031,Bosque Verde,Ambientador electrico recambio ropa limpia,U 25 ml,1.6,Droguería > Ambientadores > Eléctricos,Eléctricos,https://a1.soysuper.com/da54f2312957b5f7b4733065f943686f.110.110.0.min.wmark.b05fe7f4.jpg
4fc913facc75fa2a35011fa3,Bosque Verde,Friegasuelos SPA (azul celeste),Botella 1500 ml,0.95,Droguería > Limpieza del Hogar > Limpiasuelos,Limpiasuelos,https://a0.soysuper.com/4ee031b325c32a1ea93fee1bc88ee01a.110.110.0.min.wmark.0cd0a9ac.jpg
623047d8d791871bf832676b,Bosque Verde,Plato biodegradable grande,Paquete 15 u,1.6,"Droguería > Desechables > Cubiertos, Platos y Vasos","Cubiertos, Platos y Vasos",https://a0.soysuper.com/5dad9df9c629696f8a5b09f9e2fd5fbf.110.110.0.min.wmark.b3f0eb9e.jpg
4fc91405cc75fa2a35012204,Bosque Verde,Papel higiénico húmedo aloe vera y camomila (desechable por el wc),Paquete 15 u,0.8,Droguería > Celulosa > Toallitas Refrescantes e Higienizantes,Toallitas Refrescantes e Higienizantes,https://a2.soysuper.com/6561c9cea1a63c7b6acb1791543abd0e.110.110.0.min.wmark.cab01c19.jpg
4fc916b5cc75fa2a3501c8bd,Bosque Verde,Hermético plástico multiusos redondo 1 l (rosca),Paquete de 2 unidades,2.05,Bazar y Casa > Menaje de Cocina > Herméticos de Cocina,Herméticos de Cocina,https://a1.soysuper.com/b2cd7fa4ef9d215368357113aceadb27.110.110.0.min.wmark.369dcd8b.jpg
4fc913e6cc75fa2a35011ae4,Bosque Verde,Eliminaolores tejidos antibacterias pistola,Botella 500 ml,1.99,Droguería > Limpieza del Hogar > Eliminaolores,Eliminaolores,https://a2.soysuper.com/d2c62db0db47501b52da1fa53ac1135f.110.110.0.min.wmark.93903325.jpg
4fc913efcc75fa2a35011d37,Bosque Verde,Estropajo acero inoxidable,Pack 3 u,0.74,Droguería > Utensilios de Limpieza > Estropajos,Estropajos,https://a1.soysuper.com/01c346c573027895f2ccca01803d041a.110.110.0.min.wmark.27f654f9.jpg
50f0b0ddd563cecd7000002c,Bosque Verde,Ambientador electrico recambio flor de orquidea,U 25 ml,1.6,Droguería > Ambientadores > Eléctricos,Eléctricos,https://a2.soysuper.com/cbf633ffc1b37bab0aba1772e5c20489.110.110.0.min.wmark.9ef01b73.jpg
4fc913e3cc75fa2a35011a30,Bosque Verde,Activador lavado liquido oxi activo (ropa color),Botella 2 l,1.9,Droguería > Cuidado de la Ropa > Activador del Lavado,Activador del Lavado,https://a2.soysuper.com/49c5bc21e2df0eb96be05ef54296e2d3.110.110.0.min.wmark.0c013b34.jpg
4fc913efcc75fa2a35011d42,Bosque Verde,Estropajo azul (NO raya),Pack 3 u,0.89,Droguería > Utensilios de Limpieza > Estropajos,Estropajos,https://a2.soysuper.com/3ac447618ae0bde08854b9339106a9c6.110.110.0.min.wmark.bcc1eef6.jpg
592005bf2508c1543d10eaa3,Bosque Verde,Limpiamaquinas lavavajillas liquido,Botella 250 ml,1.56,Droguería > Lavavajillas > Detergente lavavajillas,Detergente lavavajillas,https://a1.soysuper.com/696333a41b0f72e96f1d8b39a35f5ba2.110.110.0.min.wmark.a59a40f8.jpg
584e86b398ec91495308d33d,Bosque Verde,Activador lavado polvo blanqueante oxígeno activo (para ropa blanca),Bote 1 kg,3.22,Droguería > Cuidado de la Ropa > Activador del Lavado,Activador del Lavado,https://a2.soysuper.com/b1ec9801923aac82a7fb378482474128.110.110.0.min.wmark.12a246ff.jpg
5144d9a005299eb65d0000e5,Bosque Verde,"Limpiador antical pistola (desincrusta , limpia y abrillanta)",Botella 750 ml,1.7,Droguería > Limpieza del Hogar > Antical,Antical,https://a0.soysuper.com/81d36bbbe168fde89ec09ce116b654c8.110.110.0.min.wmark.3df233b5.jpg
6081a27d0932f75e2f8407e2,Bosque Verde,Ambientador varitas difusoras frambuesa,Bote 40 ml,2.1,Droguería > Ambientadores > Continuos,Continuos,https://a0.soysuper.com/e74921defe2a8b6d31e032860e4a99e4.110.110.0.min.wmark.37fccd19.jpg
61eaec24722d6a0edc46423e,Bosque Verde,Pila alcalina aaa LR03,Paquete 8 u,1.62,Bazar y Casa > Complementos para la Casa > Pilas,Pilas,https://a1.soysuper.com/85eea9942e8bb6d56b2596e970479331.110.110.0.min.wmark.18343e05.jpg
50f0b0dd71d1bdfd0900001e,Bosque Verde,Ambientador electrico recambio brisa azul,U 25 ml,1.6,Droguería > Ambientadores > Eléctricos,Eléctricos,https://a2.soysuper.com/831d4eef2844f54ce7d5b458a24f076e.110.110.0.min.wmark.71cdb414.jpg
4fc90fd8cc75fa2a35001d92,Bosque Verde,Bayeta absorbente posavajillas decorada,1 unidad,1.34,Droguería > Utensilios de Limpieza > Bayetas,Bayetas,https://a1.soysuper.com/5fbd984378e6755b1b8d0c3ac94ee86e.110.110.0.min.wmark.91bcc654.jpg
4fc916b1cc75fa2a3501c7db,Bosque Verde,Desengrasante jabon marsella pistola,Botella 750 ml,1.5,Droguería > Limpieza de la Cocina > Quitagrasas,Quitagrasas,https://a0.soysuper.com/90cf6fc46c3696dcbf3df0afc049f25a.110.110.0.min.wmark.5861b873.jpg
4fc913dacc75fa2a3501182b,Bosque Verde,Detergente lavadora liquido ropa color,Botella 3 l (46 lavados),4.38,Droguería > Cuidado de la Ropa > Detergente,Detergente,https://a0.soysuper.com/dccbd6952cbcc4c992d13c163d89f4de.110.110.0.min.wmark.773bf890.jpg
4fc916b5cc75fa2a3501c8c1,Bosque Verde,"Recipiente plastico multiusos rectangular 1,3 l",Paquete 4 u,2.41,Bazar y Casa > Menaje de Cocina > Herméticos de Cocina,Herméticos de Cocina,https://a0.soysuper.com/a31c722a1af04e684cc44209d51f5c87.110.110.0.min.wmark.a1fca763.jpg
5a0ebfa0722d6a7f6135afa3,Bosque Verde,Vela perfumada pequeña aroma te chai,Paquete 18 u,1.85,Bazar y Casa > Decoración > Velas,Velas,https://a2.soysuper.com/27f139b724da12dd33c946256f657ea1.110.110.0.min.wmark.e7f92f93.jpg
638b0cf50932f7673a422352,Bosque Verde,Ambientador absorbeolor barqueta ropa limpia,1 u,0.8,Droguería > Ambientadores > Absorbeolores y Antihumedad,Absorbeolores y Antihumedad,https://a0.soysuper.com/26ba3a5006a4e871bd2632402685aad9.110.110.0.min.wmark.6d615a11.jpg
4fc91592cc75fa2a35018035,Bosque Verde,Insecticida spray cucaracha larga duracion aisla tu hogar (insectos rastreros),Bote 400 ml,2.65,Droguería > Insecticidas > Insectos no Voladores,Insectos no Voladores,https://a1.soysuper.com/9f60768df61c3313ec9f150a1f592cab.110.110.0.min.wmark.5387fb27.jpg
60814b1e0932f75e321c6743,Bosque Verde,Ambientador varitas difusoras fruta tropical,Paquete 40 ml,2.1,Droguería > Ambientadores > Continuos,Continuos,https://a1.soysuper.com/c0cd8450ea83a4c5e9a6bdf47cf44701.110.110.0.min.wmark.12258f11.jpg
5012ef6e459c33cc5d00016e,Bosque Verde,Ambientador portatil recambio difusor automatico aroma ropa limpia,U 250 ml,1.8,Droguería > Ambientadores > Automáticos,Automáticos,https://a1.soysuper.com/d4520a3a822631138c517596083b864c.110.110.0.min.wmark.b3019722.jpg
5b2d4799722d6a2c753bab76,Bosque Verde,Ambientador coche colgador bali,U 6 ml,1.85,Droguería > Ambientadores > Continuos,Continuos,https://a0.soysuper.com/f41ee97c5542ad89799d2160a6227665.110.110.0.min.wmark.956dcf6c.jpg
629923ced79187016e5b1b9e,Bosque Verde,"Plato biodegradable pequeño 17,5 cm",Paquete 15 u,1.45,"Droguería > Desechables > Cubiertos, Platos y Vasos","Cubiertos, Platos y Vasos",https://a2.soysuper.com/436ae9fd45995f5db3dc5d4c13727a65.110.110.0.min.wmark.3d14df11.jpg
5cac66ae1452a016cc2202bf,Bosque Verde,Limpiador baño desinfectante pistola,Botella 750 ml,1.55,Droguería > Limpieza del Hogar > Limpiadores Multiusos,Limpiadores Multiusos,https://a0.soysuper.com/45cb5d68f14f887221dc688a4763be1c.110.110.0.min.wmark.c80fe5eb.jpg
4fc9110acc75fa2a350070a9,Bosque Verde,Limpiador concentrado aloe vera,Botella 1500 ml,2.15,Droguería > Limpieza del Hogar > Limpiadores Multiusos,Limpiadores Multiusos,https://a1.soysuper.com/3396fdb55b125ce580179a2b37900ec5.110.110.0.min.wmark.ad5064d0.jpg
4fc913c8cc75fa2a35011427,Bosque Verde,Filtros cafe Nº 2 Y 4,Paquete 100 u,2.2,Droguería > Desechables > Filtros de Café,Filtros de Café,https://a0.soysuper.com/ef5d1a389f8da57b3d4dd41b7cae6568.110.110.0.min.wmark.0e367a7b.jpg
4fc916b1cc75fa2a3501c7d3,Bosque Verde,Toallitas limpiamuebles,Paquete 30 u,1.49,Droguería > Limpieza del Hogar > Limpiadores de Muebles,Limpiadores de Muebles,https://a0.soysuper.com/0ed12366b763bb6c82933735da775a9e.110.110.0.min.wmark.9e76fae0.jpg
5012f0f529eba853230001dc,Bosque Verde,Limpiador duchas spray y listo pistola,Botella 1 l,2.1,Droguería > Limpieza de Baño > Limpiador de baño,Limpiador de baño,https://a0.soysuper.com/5ff248a0758d657bc1a3d586463a627d.110.110.0.min.wmark.f044e7c0.jpg
564b434d53c97b035351f94b,Bosque Verde,Ambientador perlas perfumadas aroma tiernos recuerdos (moradas),1 unidad,1.45,Droguería > Ambientadores > Continuos,Continuos,https://a0.soysuper.com/d0bf422565664da589ecb3558c929130.110.110.0.min.wmark.779f7679.jpg
4fc9102acc75fa2a350030a4,Bosque Verde,Amoniaco muy fuerte con detergente,Botella 750 ml,1.25,Droguería > Limpieza del Hogar > Lejía y Líquidos Fuertes,Lejía y Líquidos Fuertes,https://a2.soysuper.com/6ad7bc8c9180e2cc50be0a716215048c.110.110.0.min.wmark.36e11a89.jpg
4fc913efcc75fa2a35011d43,Bosque Verde,Estropajo acero inoxidable almohadilla,1 u,1.17,Droguería > Utensilios de Limpieza > Estropajos,Estropajos,https://a0.soysuper.com/56414bd68eecbba7bd5eb0764d698466.110.110.0.min.wmark.fa6371b4.jpg
61e6716de93cdf1349090de4,Bosque Verde,Ambientador electrico recambio chai,U 25 ml,1.7,Droguería > Ambientadores > Eléctricos,Eléctricos,https://a0.soysuper.com/d8c4cf83c5902a13ed643b0afd983e32.110.110.0.min.wmark.778730d0.jpg
4fc91407cc75fa2a3501229b,Bosque Verde,Servilleta papel 2 capas 22x22 cm cocktail blanca,Paquete 200 u,2.1,Droguería > Celulosa > Servilletas de Papel,Servilletas de Papel,https://a0.soysuper.com/512e1fcc3ccf960c7198f23b58377219.110.110.0.min.wmark.bfe6da59.jpg
62ea4853e93cdf323a488da4,Bosque Verde,Vaso reutilizable 400 ml,Paquete 10 ud,1.7,"Droguería > Desechables > Cubiertos, Platos y Vasos","Cubiertos, Platos y Vasos",https://a2.soysuper.com/903e98f02970c89ae354a92492d801f7.110.110.0.min.wmark.96a5b8df.jpg
4fc913c9cc75fa2a3501143d,Bosque Verde,"Mantel desechable papel rollo 7 x 1,2 m blanco",U,2.6,Droguería > Desechables > Manteles y Blondas,Manteles y Blondas,https://a2.soysuper.com/c4fbad173f8e0772db90fc05d8fa6676.110.110.0.min.wmark.a57e3e63.jpg
649b14fdd79187449b22ee60,Bosque Verde,Hermetico plastico multiusos rectangular,1 l,3,Bazar y Casa > Menaje de Cocina > Herméticos de Cocina,Herméticos de Cocina,https://a1.soysuper.com/40eeb5d8180bb76b4ca32554eb8a615c.110.110.0.min.wmark.19c2ad40.jpg
62a99d56722d6a6b975ef853,Bosque Verde,Guantes sensible talla pequeña,Paquete 2 ud,0.75,Droguería > Utensilios de Limpieza > Guantes,Guantes,https://a1.soysuper.com/469682a4f019745bf1c9f8c69278e3fc.110.110.0.min.wmark.7e13f807.jpg
5b2752bd722d6a2ef6450b9b,Bosque Verde,Recogedor con palo gris (antivuelco),1 unidad,1.58,Droguería > Utensilios de Limpieza > Recogedores,Recogedores,https://a1.soysuper.com/7b25c2431f44dd0aad7ad5d140ebf57a.110.110.0.min.wmark.beaac1df.jpg
4fc9158dcc75fa2a35017f46,Bosque Verde,Antihumedad set completo,1 pack,3.15,Droguería > Ambientadores > Absorbeolores y Antihumedad,Absorbeolores y Antihumedad,https://a2.soysuper.com/e9fa699cb60bda0e92cef5a41d1a4dec.110.110.0.min.wmark.89f0f91b.jpg
60db16801452a002f7791828,Bosque Verde,Jabon ropa mano pastilla,Paquete pack 2 x 200 g - 400 g,1.85,Droguería > Cuidado de la Ropa > Detergente,Detergente,https://a0.soysuper.com/43874a5c4758d224bc1b71933b041584.110.110.0.min.wmark.237cd17a.jpg
605c963398ec9148515510c8,Bosque Verde,Carbón vegetal,Paquete 3 kg,4.7,Bazar y Casa > Artículos para Barbacoa > Carbón,Carbón,https://a2.soysuper.com/c713528a54df8c6d99164cfe8405c2d4.110.110.0.min.wmark.c3262672.jpg
4fc9158dcc75fa2a35017f30,Bosque Verde,Ambientador electrico recambio 6 fragancias jardin,U 25 ml,2.91,Droguería > Ambientadores > Eléctricos,Eléctricos,https://a1.soysuper.com/eade2b3c07e7422c5f4f24da874cdfab.110.110.0.min.wmark.50d605c6.jpg
51393d0805299eb65d000023,Bosque Verde,"Limpiador cristales de chimenea pistola (apto para muebles jardin, horno y barbacoa)",Botella 750 ml,3.55,Droguería > Limpieza del Hogar > Limpiadores de Muebles,Limpiadores de Muebles,https://a1.soysuper.com/e1517244c582ce2596f0c10d234b2902.110.110.0.min.wmark.47db507f.jpg
6421a79d2508c1674b6fdb07,Bosque Verde,Insecticida spray SIN perfume (insectos voladores) (color azul),Bote 750 ml,2.34,Droguería > Insecticidas > Insectos Voladores,Insectos Voladores,https://a1.soysuper.com/e02fdb0b893c5b4ad6ba375bc0107010.110.110.0.min.wmark.d640fa61.jpg
4fc913efcc75fa2a35011d45,Bosque Verde,Estropajo jabonoso,Paquete 10 u,1.2,Droguería > Utensilios de Limpieza > Estropajos,Estropajos,https://a0.soysuper.com/5f1bbdafb0c095b4e0896273cdcf40f6.110.110.0.min.wmark.3e3e40a5.jpg
5d20b82e2508c124e55704c1,Bosque Verde,Cubo basura pedal 30 L,U,8.46,Droguería > Utensilios de Limpieza > Cubos de Limpieza,Cubos de Limpieza,https://a0.soysuper.com/cda9cd4cd255dc18837f907375a82c3c.110.110.0.min.wmark.25f11945.jpg
5908458f53c97b05954ae324,Bosque Verde,Recipiente plastico multiusos redondo 240 ml (rosca),Paquete 3 u,1.95,Bazar y Casa > Menaje de Cocina > Herméticos de Cocina,Herméticos de Cocina,https://a1.soysuper.com/e00be400abe420d999cbfaabb53ec1bc.110.110.0.min.wmark.29f9499e.jpg
4fc913ebcc75fa2a35011c2c,Bosque Verde,Plumero polvo avestruz extensible,U,4.95,Droguería > Utensilios de Limpieza > Plumeros,Plumeros,https://a1.soysuper.com/9903298d951b5aa326e21f817cc5d8cd.110.110.0.min.wmark.e69fa137.jpg
6554864753c97b2dd25f04ee,Bosque Verde,Escurridor escurre facil,U,2.67,Bazar y Casa > Menaje de Cocina > Utensilios de Cocina,Utensilios de Cocina,https://a0.soysuper.com/2f647b0406c853da188cfcad40b42ffc.110.110.0.min.wmark.5e923a34.jpg
4fc91015cc75fa2a35002ba1,Bosque Verde,Trampas cucarachas,Paquete 6 u,2.95,Droguería > Insecticidas > Insectos no Voladores,Insectos no Voladores,https://a2.soysuper.com/ff036774cbfd295137ac2ec7ae43e187.110.110.0.min.wmark.31c2353e.jpg
614439a253c97b0f5724649c,Bosque Verde,Pila kit cargador aa y aaa (incluye 4 pilas recargables aa),U,16.45,Bazar y Casa > Complementos para la Casa > Pilas,Pilas,https://a0.soysuper.com/60c5d71b2a53460406ad84535790e881.110.110.0.min.wmark.c78fb305.jpg
51dc67f0edb8723314000022,Bosque Verde,Piscina antialgas líquido,Garrafa de 5 l,12.5,Bazar y Casa > Piscina > Limpieza de Piscina,Limpieza de Piscina,https://a2.soysuper.com/b659614068295f7b4c60717eef6ce13a.110.110.0.min.wmark.18e8d04e.jpg
5192c5a5e14cc5010e00003c,Bosque Verde,Guantes desechables latex talla mediana /grande,Caja 50 u,2.99,Droguería > Utensilios de Limpieza > Guantes,Guantes,https://a1.soysuper.com/6628e6899cfab09fcc58da3d1bb53f9b.110.110.0.min.wmark.c4480a36.jpg
5b1797332508c1713c089a8a,Bosque Verde,Raticida (cebo fresco),Caja 150 g,2.62,Droguería > Insecticidas > Raticidas y Otros,Raticidas y Otros,https://a0.soysuper.com/fc81ec74559271dc20143129dff00336.110.110.0.min.wmark.3968d688.jpg
615560d32508c15a51098176,Bosque Verde,Bolsas reutilizables,Paquete 4 ud,1.2,Bazar y Casa > Menaje de Cocina > Útiles para la compra,Útiles para la compra,https://a0.soysuper.com/e94cdd4984e79407f00cedceb064a7b5.110.110.0.min.wmark.d4cb3a73.jpg
5db34820e93cdf2b9e427978,Bosque Verde,Vaso desechable carton para bebida caliente 200 ml,Paquete 10 u,2.35,"Droguería > Desechables > Cubiertos, Platos y Vasos","Cubiertos, Platos y Vasos",https://a1.soysuper.com/58f2baabff5beaa1d150811205050ec0.110.110.0.min.wmark.1f46be86.jpg
63f86be253c97b5062183dd3,Bosque Verde,Lavavajillas maquina gel todo en 1,Botella 720 ml,3.65,Droguería > Lavavajillas > Detergente lavavajillas,Detergente lavavajillas,https://a1.soysuper.com/815e7992d00d3599d7eaea760dcf1699.110.110.0.min.wmark.3305d4c1.jpg
61fa3f15d791870d037c8c24,Bosque Verde,Piscina cloro pastillas multifuncion,Bote 5 kg,31,Bazar y Casa > Piscina > Limpieza de Piscina,Limpieza de Piscina,https://a1.soysuper.com/5417ee4035139cb8ac75a7fd553cf6bc.110.110.0.min.wmark.0bac48ff.jpg
65e0c01e1452a05b08142283,Bosque Verde,Recipiente plastico hermetico 3.1 L,U,4.5,Bazar y Casa > Menaje de Cocina > Herméticos de Cocina,Herméticos de Cocina,https://a0.soysuper.com/c51f1c71f1c2b1bec0d047b91fdb296c.110.110.0.min.wmark.687c49bc.jpg
5012eca60f8e48d05d0000bc,Bosque Verde,Insecticida espiral antimosquito,Paquete 10 u,2,Droguería > Insecticidas > Insectos Voladores,Insectos Voladores,https://a1.soysuper.com/f8d5badcdf2995af8d2c5451686727b4.110.110.0.min.wmark.81567fe5.jpg
4fc9105ccc75fa2a35003b08,Bosque Verde,Insecticida acaros especial tejidos (no mancha),Bote 400 ml,3.3,Droguería > Insecticidas > Insectos no Voladores,Insectos no Voladores,https://a1.soysuper.com/83aa47f2ab885d06b28523495a8f7891.110.110.0.min.wmark.e490633d.jpg
57834af12508c16b7b3b5c6f,Bosque Verde,Pulsera citronela talla L,U,1.5,Droguería > Insecticidas > Insectos Voladores,Insectos Voladores,https://a1.soysuper.com/8d378046ab0fcfda952c2c82f01e62a0.110.110.0.min.wmark.d079094a.jpg
5923f43053c97b69a345ee3b,Bosque Verde,Pulsera citronela talla S,U,1.5,Droguería > Insecticidas > Insectos Voladores,Insectos Voladores,https://a2.soysuper.com/fea296471905f46c858c15ff82bdb17a.110.110.0.min.wmark.93ea9ccb.jpg
691661b091e1284e764840f1,Bosque Verde,Papel higienico comfort 3 capas,Paquete 6 u,2.65,Droguería > Celulosa > Papel Higiénico,Papel Higiénico,https://a2.soysuper.com/760f5d7e3c9da14a30f78439a6d63216.110.110.0.min.wmark.0947e3ea.jpg
68167b9253c97b374f12474a,Bosque Verde,Suavizante ropa concentrado azul,"Botella 1600 ml, 80 lavados",1.79,Droguería > Cuidado de la Ropa > Suavizante,Suavizante,https://a2.soysuper.com/1355c73fcc00e846d0dcf59dda0f6ee0.110.110.0.min.wmark.4f640dee.jpg
68167b928ca63c493d537445,Bosque Verde,Suavizante ropa concentrado spa,Botella 1600 ml,1.79,Droguería > Cuidado de la Ropa > Suavizante,Suavizante,https://a0.soysuper.com/15c6a9cd86543474054ed0c4ffc6db3e.110.110.0.min.wmark.9e10c998.jpg
68c6c4480932f7064632d20c,Bosque Verde,Bolsa basura cubo mediano 30 litros cocina cierre facil 56 x 62 perfumada (morada),Paquete 30 u,2.38,Droguería > Bolsas de Basura > 30 Litros,30 Litros,https://a0.soysuper.com/a63cdc4127942cfd916b6b8861279bd9.110.110.0.min.wmark.056210eb.jpg
68cedf91d7918735c82bcef9,Bosque Verde,Limpiador multiusos cocina pistola,Botella 750 ml,1.7,Droguería > Limpieza del Hogar > Limpiadores Multiusos,Limpiadores Multiusos,https://a0.soysuper.com/f11f8ff7077737261bc4cdf12fe3db53.110.110.0.min.wmark.bb7e78c5.jpg
6687bfd591e128ae684ee045,Bosque Verde,Block colgador wc maxi gotas aroma spa,2 u - 80 g,1.3,Droguería > Limpieza de Baño > Limpia Inodoro,Limpia Inodoro,https://a1.soysuper.com/e66a2301ef23b1418e592932bd11442e.110.110.0.min.wmark.f80909e3.jpg
693beb0ae6ed4058ad6603c4,Bosque Verde,Limpiador gel wc aqua,Botella 1 l,1.15,Droguería > Limpieza de Baño > Limpiador de baño,Limpiador de baño,https://a0.soysuper.com/a0d65752b195b1bf8b41ba9d707d682a.110.110.0.min.wmark.3272604e.jpg
667527c58ca63c3aa56a9262,Bosque Verde,Escoba interior,U,1.8,Droguería > Utensilios de Limpieza > Escobas y Cepillos,Escobas y Cepillos,https://a2.soysuper.com/b4e80ac420659718146d48f4df0e4e17.110.110.0.min.wmark.e14171e4.jpg
4fc913efcc75fa2a35011d3e,Bosque Verde,Estropajo almohadilla cocina,Pack 2 u,0.94,Droguería > Utensilios de Limpieza > Estropajos,Estropajos,https://a2.soysuper.com/ae1730af0633c887c7809f39cf7d48b4.110.110.0.min.wmark.70207e0e.jpg
67614eece6ed40110652b5c3,Bosque Verde,Bolsa basura cubo grande 50 litros cierre facil 70 x 75 perfumada (blanca),Paquete 20 u,2.25,Droguería > Bolsas de Basura > Cierre automático,Cierre automático,https://a1.soysuper.com/ed330568bedd8477b5eb470d8692b2ca.110.110.0.min.wmark.1d91903f.jpg
686edd7a91e128e37c86e307,Bosque Verde,Ambientador varitas difusoras magnolia,U - 40 ml,2.1,Droguería > Ambientadores > Continuos,Continuos,https://a2.soysuper.com/5d7fccc3771b419b8408ced7c5ef958e.110.110.0.min.wmark.09446650.jpg
680b255ce93cdf26ad592378,Bosque Verde,Vela perfumada vaso cristal aroma peonia,U,5.5,Droguería > Ambientadores > Velas ambientador,Velas ambientador,https://a1.soysuper.com/c8e71d57deebdf4a0d9e107d5c16f51d.110.110.0.min.wmark.fde9fa28.jpg
68df0e6d91e1287e97596499,Bosque Verde,Vela perfumada vaso cristal berries,U,1.85,Droguería > Ambientadores > Velas ambientador,Velas ambientador,https://a2.soysuper.com/bae133e7c7c0e1dca5530e4ca247ede7.110.110.0.min.wmark.cab3fb09.jpg
69f1aa0da445080c8d63fe82,Bosque Verde,Limpiacristales y multiusos 2 en 1 pistola,Botella 1 l,1.3,Droguería > Limpieza del Hogar > Limpiadores Multiusos,Limpiadores Multiusos,
68f64682e6ed4007da0c2589,Bosque Verde,Detergente lavadora polvo ropa blanca y color,Paquete 2750 g,6.9,Droguería > Cuidado de la Ropa > Detergente,Detergente,https://a1.soysuper.com/251fbeca7c3f2c213e849d0ee7e36a52.110.110.0.min.wmark.35976818.jpg
69f619c2a445080c85342405,Bosque Verde,Ambientador spray oud (neutraliza malos olores) *****novedad*****,Bote 300 ml,1.14,Droguería > Ambientadores > En Aerosol y Spray,En Aerosol y Spray,https://a2.soysuper.com/3cb9eec2f5d0cf8f3396edcc6cc7e1bb.110.110.0.min.wmark.f145f0bc.jpg
68fc1d660932f736601b838f,Bosque Verde,Vela perfumada vaso cristal aroma creme brulee,U,5.5,Droguería > Ambientadores > Velas ambientador,Velas ambientador,https://a0.soysuper.com/f9c9781e17be6ed54636a1e22df35776.110.110.0.min.wmark.fe18c0c0.jpg
686bd31291e128e37c85e623,Bosque Verde,Cera suelos multisuperficie,Botella 1000 ml,4.5,Droguería > Limpieza del Hogar > Limpiasuelos,Limpiasuelos,https://a2.soysuper.com/deef069d60c3b50ab1ce8db2346ebbd9.110.110.0.min.wmark.a836943a.jpg
69e0938a91e1285c61102259,Bosque Verde,Ambientador spray hogar Peonía,Botella 450 ml,3.5,Droguería > Ambientadores > En Aerosol y Spray,En Aerosol y Spray,https://a0.soysuper.com/464b4c1c5e52990b8b139f5e5c2e7813.110.110.0.min.wmark.3a71a496.jpg
6a0c88bc2508c13f8f3f72f1,Bosque Verde,Friegasuelos aroma cotton,Botella 1500 ml,0.95,Droguería > Limpieza del Hogar > Limpiasuelos,Limpiasuelos,https://a1.soysuper.com/191a9e5cd060839173ab0958d10bb30d.110.110.0.min.wmark.2f48d798.jpg
692feb7fa445085ea71247b3,Bosque Verde,Guantes sensible talla mediana/grande,Paquete 2 u,0.75,Droguería > Utensilios de Limpieza > Guantes,Guantes,https://a1.soysuper.com/9f548b9e0922b715dcd3543fa43478fc.110.110.0.min.wmark.665258a6.jpg
692feb7e0932f71ec304c64a,Bosque Verde,Guantes sensible talla pequeña/mediana,Paquete 2 u,0.75,Droguería > Utensilios de Limpieza > Guantes,Guantes,https://a2.soysuper.com/6cb936d306b4977fd901ef5424582f6f.110.110.0.min.wmark.a3b77c98.jpg
69e415e16c714b23b0538c71,Bosque Verde,"Recipiente plastico multiusos rectangular 1,1 L",Paquete 5 u,2.85,Bazar y Casa > Menaje de Cocina > Herméticos de Cocina,Herméticos de Cocina,https://a1.soysuper.com/aa15abf8eb80b5e966789e1679477121.110.110.0.min.wmark.a1889466.jpg
5c544100722d6a08b0644b72,Compy,Comida de perro snack palito carne con pollo y ternera adulto,Pack 20 u x 10 g,1.09,Mascotas > Perros > Snacks para Perros,Snacks para Perros,https://a2.soysuper.com/d1eedfa3ebca3d4ea7c7f5bdf0888f89.110.110.0.min.wmark.3dd4ed3c.jpg
60bf76f61452a0511442425d,Compy,Snack para perros galleta con carne adulto raza mediana y grande,Paquete 700 g,1.95,Mascotas > Perros > Snacks para Perros,Snacks para Perros,https://a1.soysuper.com/d595836686fd000e502e41a7393841d2.110.110.0.min.wmark.a60dcce4.jpg
5c5440ff2508c10e9777629b,Compy,Comida perro seca original adulto razas medianas y grandes,Paquete 18 kg,12.44,Mascotas > Perros > Comida para Perros,Comida para Perros,https://a1.soysuper.com/dfb5e032752959d8f8798f5a72a5a597.110.110.0.min.wmark.5b26b9a6.jpg
612c9e3053c97b0f6616815a,Compy,"Comida gato junior 1/12 meses (pollo, fruta y verdura)",Paquete 1500 g,3.3,Mascotas > Gatos > Comida Para Gatos,Comida Para Gatos,https://a1.soysuper.com/43825a2557e864cb79ae8d0863cba0eb.110.110.0.min.wmark.f822d849.jpg
62834a0953c97b758f359f36,Compy,"Comida perro seca con pollo fresco, fruta y verdura junior razas pequeñas","Paquete 1,5 kg",5.93,Mascotas > Perros > Comida para Perros,Comida para Perros,https://a0.soysuper.com/38beda1ab6822170bfebf772c548400f.110.110.0.min.wmark.250d1155.jpg
62107af58ca63c5b2241794c,Compy,"Comida perro seca con salmon, atun, fruta y verdura adulto razas medianas y grandes",Paquete 4 kg,6.71,Mascotas > Perros > Comida para Perros,Comida para Perros,https://a1.soysuper.com/bf161ed989bf225a195394f1e35d7a1d.110.110.0.min.wmark.0c68b178.jpg
60b63c8b0932f701723f95c9,Compy,"Comida perro seca con salmón fresco, fruta y verdura supreme adulto razas medianas y grandes",Paquete 10 kg,26.5,Mascotas > Perros > Comida para Perros,Comida para Perros,https://a2.soysuper.com/b5d7ddb067a9cbca1f4b311c69cfdd18.110.110.0.min.wmark.26a04622.jpg
62834a090932f754af204f0c,Compy,"Comida perro seca con pollo, arroz fruta y verdura junior razas medianas y grandes",Paquete 4 kg,6.71,Mascotas > Perros > Comida para Perros,Comida para Perros,https://a2.soysuper.com/4ab7a5ff31ee1126a2f6831a7c55dec4.110.110.0.min.wmark.c12ec913.jpg
5c544101722d6a08b0644b73,Compy,Comida perro snack barrita pollo hígado adulto,Pack 8 u x 11 g,1.05,Mascotas > Perros > Snacks para Perros,Snacks para Perros,https://a2.soysuper.com/1a519ea58656976fa99854f1231a48fc.110.110.0.min.wmark.9b444a6a.jpg
612c9e31d7918718d21c9af1,Compy,Comida de gatos esterilizados croqueta supreme light pollo fresco,"Paquete 1,5 kg",5.8,Mascotas > Gatos > Comida Para Gatos,Comida Para Gatos,https://a2.soysuper.com/63cd6e79cf9c87a8b38a3413567a60d5.110.110.0.min.wmark.6dc939a6.jpg
61961648722d6a6cb81fb64d,Compy,"Comida perro seca con pollo, ternera, fruta y verdura adulto razas pequeñas",Paquete 3 kg,5.75,Mascotas > Perros > Comida para Perros,Comida para Perros,https://a1.soysuper.com/fd854b28324177774c572a6352157210.110.110.0.min.wmark.c0093e30.jpg
6809d65153c97b376a3b6a2f,Compy,Comida perro snack nuggets pollo adultos,Paquete 80 g,1.35,Mascotas > Perros > Snacks para Perros,Snacks para Perros,https://a1.soysuper.com/02c6f04437cec2d564f66f9d445dc384.110.110.0.min.wmark.eb0786b7.jpg
69b40e7f8ca63c345452292b,Compy,"Comida perro seca con pollo, ternera, fruta y verdura adulto razas medianas y grandes",Paquete 10 kg,10.85,Mascotas > Perros > Comida para Perros,Comida para Perros,https://a1.soysuper.com/46b649c25643736f4c5c69f27a2c6aaa.110.110.0.min.wmark.94065ba5.jpg
612c9e2d1452a07e982cc309,Compy,"Comida de gato croquetas salmón, atún, fruta y verdura",Paquete 2 kg,3.1,Mascotas > Gatos > Comida Para Gatos,Comida Para Gatos,https://a0.soysuper.com/fbdc9049265f99e9806ac75fb6dc3d8d.110.110.0.min.wmark.575a8a24.jpg
60eeff96d791870bb17b7c0f,Compy,Comida perro snack hueso de cuero adulto razas medianas y grandes,120 g (paquete 2 u),1.75,Mascotas > Perros > Snacks para Perros,Snacks para Perros,https://a2.soysuper.com/00ee397e79ae11a58ceee065df521497.110.110.0.min.wmark.c4100034.jpg
5c54410098ec910e3a19a45d,Compy,"Comida perro seca mix con ternera, pollo, verduras y arroz adulto razas medianas y grandes",Paquete 18 kg,16.54,Mascotas > Perros > Comida para Perros,Comida para Perros,https://a2.soysuper.com/08f29d12144bee88694b7bca2ac209f3.110.110.0.min.wmark.7540a17e.jpg
60911a1198ec9137315ac8db,Compy,Comida de gato snack bocaditos rellenos de salmón y malta,Paquete 70 g,1.08,Mascotas > Gatos > Snacks,Snacks,https://a0.soysuper.com/1273d63bd99014610ef625c9389ad80f.110.110.0.min.wmark.e4b1c4c0.jpg
612c9e2b53c97b0f66168159,Compy,"Comida de gato croqueta pollo, ternera, fruta y verdura",Paquete 2 kg,2.95,Mascotas > Gatos > Comida Para Gatos,Comida Para Gatos,https://a2.soysuper.com/f238d94a0e475dab8a6074dde4d785e4.110.110.0.min.wmark.d138e20c.jpg
5c5440f498ec910e3a19a45c,Compy,Comida gato snack aperitivo líquido (4 pollo hígado - 4 salmón),Paquete 8 u x 15 g - 120 g,1.5,Mascotas > Gatos > Snacks,Snacks,https://a1.soysuper.com/ce6e6f793067f9c8ef2a7167c49fcffb.110.110.0.min.wmark.0beec0e6.jpg
616d9e54722d6a6cb066c595,Compy,"Comida perro seca con pollo, ternera, fruta y verdura adulto razas medianas y grandes",Paquete 4 kg,5.99,Mascotas > Perros > Comida para Perros,Comida para Perros,https://a0.soysuper.com/2e4454f4dfd9f93f44fdfc1bea5b79d4.110.110.0.min.wmark.a8d44b6e.jpg
614077a5d7918718d223896b,Compy,Comida de gato croqueta pollo light esterilizados,"Paquete 1,5 kg",3.45,Mascotas > Gatos > Comida Para Gatos,Comida Para Gatos,https://a1.soysuper.com/1c13954e44995a3b830e04569c22a15d.110.110.0.min.wmark.ded6a8e7.jpg
5c5441012508c10e9b265cdc,Compy,Comida perro snack stick dental mini adulto razas pequeñas,Paquete 250 g,2.2,Mascotas > Perros > Snacks para Perros,Snacks para Perros,https://a0.soysuper.com/57f733aed47be6a5b181b99cc82551dc.110.110.0.min.wmark.62cf9e9d.jpg
626a38fd0932f70165497697,Compy,Comida perro seca mini aritos blandos adulto y senior razas pequeñas,Paquete 1500 g,4.15,Mascotas > Perros > Comida para Perros,Comida para Perros,https://a1.soysuper.com/ac81ad5762672ebd02b60f7f4900ea30.110.110.0.min.wmark.5b76e519.jpg
60b63c8bd7918769a034f2aa,Compy,"Comida perro seca con pollo fresco, fruta y verdura supreme adulto razas medianas y grandes",Paquete 10 kg,24.5,Mascotas > Perros > Comida para Perros,Comida para Perros,https://a1.soysuper.com/457a55f48f92400c882eb0eb75b480a1.110.110.0.min.wmark.e89322c0.jpg
60911a11722d6a75444c6f3a,Compy,Comida gato snack bocaditos rellenos de pollo y malta,Paquete 70 g,1.08,Mascotas > Gatos > Snacks,Snacks,https://a1.soysuper.com/27e72d643cdf7cc4c1a4d78186fdab20.110.110.0.min.wmark.9a1b764f.jpg
628344b41452a00c3b3e99e4,Compy,Comida perro seca aritos blandos adulto y senior razas medianas y grandes,Paquete 4 kg,8.3,Mascotas > Perros > Comida para Perros,Comida para Perros,https://a0.soysuper.com/4565d36271db87364cc64397eba1ef57.110.110.0.min.wmark.ae4a4db4.jpg
5c54410198ec910e3a19a45e,Compy,Comida perro snack barrita ternera y cordero adulto,Pack 8 u x 11 g,1.05,Mascotas > Perros > Snacks para Perros,Snacks para Perros,https://a2.soysuper.com/f8ae922e667ff3431e991e7dcfeb16b5.110.110.0.min.wmark.44d33b16.jpg
60f5aad1722d6a5ca37a2149,Compy,"Comida perro seca con pollo,ternera, fruta y verdura adulto razas medianas y grandes",Paquete 4 kg,6,Mascotas > Perros > Comida para Perros,Comida para Perros,https://a2.soysuper.com/c160e107414816c9e8893de0d3c0ecc2.110.110.0.min.wmark.30742e36.jpg
62834a092508c1301862fbab,Compy,"Comida perro seca con pollo fresco, fruta y verdura supreme junior razas medianas y grandes",Paquete 3 kg,9.35,Mascotas > Perros > Comida para Perros,Comida para Perros,https://a1.soysuper.com/008da48692410f6b135a18f9e9dad446.110.110.0.min.wmark.5edfe179.jpg
624b060a98ec915304672e21,Compy,"Comida perro seca con pollo fresco, fruta y verdura supreme senior y adultos esterilizados razas medianas y grandes",Paquete 3 kg,9.5,Mascotas > Perros > Comida para Perros,Comida para Perros,https://a2.soysuper.com/a7244451454c26acb084d55766c985e5.110.110.0.min.wmark.eb26a7a5.jpg
60b63c8b2508c15527728838,Compy,"Comida perro seca con salmón fresco, fruta y verdura supreme adulto razas medianas y grandes",Paquete 3 kg,10.5,Mascotas > Perros > Comida para Perros,Comida para Perros,https://a1.soysuper.com/4ba80e6c7fefec707e629f3a0615c905.110.110.0.min.wmark.e80aeeb9.jpg
69342d0f1452a036ce28f9b7,Compy,Comida perro seca aritos blandos adulto y senior todas la razas,"Paquete 2,5 kg",6,Mascotas > Perros > Comida para Perros,Comida para Perros,https://a2.soysuper.com/ba01d9e534cf3b38ced605824c8c9de8.110.110.0.min.wmark.26fc4d97.jpg
69e8e1d1a445080c85320ccf,Compy,"Comida gato adulto con pollo, pavo y verduras",Paquete 5 kg,6,Mascotas > Gatos > Comida Para Gatos,Comida Para Gatos,https://a1.soysuper.com/fb1a627f979876ecfde079fcd9f79ff3.110.110.0.min.wmark.56afc1c9.jpg
612c9e2de93cdf19242c10ac,Compy,"Comida de gato croqueta pollo, ternera, fruta y verdura",Paquete 10 kg,12.5,Mascotas > Gatos > Comida Para Gatos,Comida Para Gatos,https://a0.soysuper.com/21e895019f0168d6491445087a036e9e.110.110.0.min.wmark.d93f3bb1.jpg
612c9e2f2508c1278e7d3f79,Compy,"Comida de gato croquetas salmón, atún, fruta y verdura",Paquete 10 kg,13.5,Mascotas > Gatos > Comida Para Gatos,Comida Para Gatos,https://a0.soysuper.com/421d40e6bc876be6470bbc20a5181826.110.110.0.min.wmark.005cb1a3.jpg
5c5440f42508c10e9b265cd4,Compy,Comida gato snack barrita salmon/ trucha,50 g (paquete 10 u),1.05,Mascotas > Gatos > Snacks,Snacks,https://a2.soysuper.com/37ff7e4ae360bdba75be15b81193ae97.110.110.0.min.wmark.4e29a6b5.jpg
5c5440f453c97b1859300d0d,Compy,Comida de gato snack barrita pollo hígado,Paquete 50 g (10 u),1.05,Mascotas > Gatos > Snacks,Snacks,https://a0.soysuper.com/dcf54d7b5c927d8596ad3a250ad80575.110.110.0.min.wmark.f5ff0893.jpg
612c9e2b0932f77408533144,Compy,"Comida de gato croquetas pollo fresco, fruta y verdura","Paquete 1,5 kg",5.8,Mascotas > Gatos > Comida Para Gatos,Comida Para Gatos,https://a2.soysuper.com/5c97e9ff43b1b8c541f8fa1d4c27713f.110.110.0.min.wmark.feebc6a8.jpg
6267afe02508c170fe59902e,Compy,"Comida perro seca con pollo fresco, fruta y verdura supreme senior y adultos esterilizados razas pequeñas",Paquete 1500 g,5.93,Mascotas > Perros > Comida para Perros,Comida para Perros,https://a1.soysuper.com/73e23cb58af69aa50b1d4273e7a4bc6c.110.110.0.min.wmark.3d499641.jpg
6242c2c81452a079980afc7d,Compy,Comida gato senior croqueta pollo fresco,"Paquete 1,5 kg",6.3,Mascotas > Gatos > Comida Para Gatos,Comida Para Gatos,https://a2.soysuper.com/8e282bf775dbfdc1e20460a9bd70e06b.110.110.0.min.wmark.9ae28847.jpg
5c5441011452a0025358c32c,Compy,Comida de perro snack hueso dental adulto razas medianas y grandes (con menta y perejil),Pack 3 u x 64 g,1.75,Mascotas > Perros > Huesos,Huesos,https://a0.soysuper.com/bd2932c080abaadf2a7c5af58f3faa0f.110.110.0.min.wmark.8927fc3d.jpg
627b5cc68ca63c6b7d38e26b,Compy,"Comida perro seca con pollo, fruta y verdura senior y adultos esterilizados razas medianas y grandes",Paquete 4 kg,6.37,Mascotas > Perros > Comida para Perros,Comida para Perros,https://a0.soysuper.com/71016de87ef35418d9636cf2c4d1c445.110.110.0.min.wmark.dd864856.jpg
6295c10ae93cdf01630bfae7,Compy,Comida perro snack stick dental grande adulto razas medianas y grandes (cuidado de dientes y encias),8 x 26 g,1.75,Mascotas > Perros > Snacks para Perros,Snacks para Perros,https://a2.soysuper.com/3ce942be2195a6de73b262e545af6d5e.110.110.0.min.wmark.0ab01072.jpg
5c5441011452a0024e687297,Compy,Comida perro snack corazones tiernos adulto (con carne),Paquete 350 g,1.65,Mascotas > Perros > Snacks para Perros,Snacks para Perros,https://a0.soysuper.com/aa56442ba62d2e80abebff118d976eb1.110.110.0.min.wmark.14698b5b.jpg
616d9e511452a006280eb150,Compy,"Comida perro seca con pollo,ternera , fruta y verdura adulto razas pequeñas",Paquete 3 kg,5.65,Mascotas > Perros > Comida para Perros,Comida para Perros,https://a1.soysuper.com/2f3b8e27211d1803156772668ce89a8f.110.110.0.min.wmark.6a9476ff.jpg
61780f9a722d6a6c8d154b01,Compy,"Comida perro seca con pollo fresco, fruta y verdura supreme adulto razas pequeñas",Paquete 1500 g,5.25,Mascotas > Perros > Comida para Perros,Comida para Perros,https://a1.soysuper.com/a69cb8e39af0b3f7664ae60b1cfd43c7.110.110.0.min.wmark.5063109b.jpg
61780f9998ec9127601588cf,Compy,"Comida de perro seca con salmón fresco, fruta y verdura supreme adulto razas pequeñas","Paquete 1,5 kg",6,Mascotas > Perros > Comida para Perros,Comida para Perros,https://a0.soysuper.com/0591da977c2ed03659e8db5ef8e912ec.110.110.0.min.wmark.361598de.jpg
616d9e530932f70ab340d3e0,Compy,"Comida perro seca con pollo, ternera, fruta y verdura adulto razas medianas y grandes",Paquete 18 kg,19.4,Mascotas > Perros > Comida para Perros,Comida para Perros,https://a2.soysuper.com/4a69799882079613869d943d504d091f.110.110.0.min.wmark.1d38d135.jpg
615c61cc1452a049616ecd29,Compy,"Comida de gato junior croqueta pollo, frutas y verduras supreme (especial gatitos gestante o en lactancia)",Paquete 800 g,3.2,Mascotas > Gatos > Comida Para Gatos,Comida Para Gatos,https://a1.soysuper.com/16f3d795dba47867e02dd5153e4926fa.110.110.0.min.wmark.ec91f963.jpg
60b63c8b2508c15fcf7ded87,Compy,"Comida de perro seca con pollo fresco, fruta y verdura supreme adulto razas medianas y grandes",Paquete 3 kg,9.5,Mascotas > Perros > Comida para Perros,Comida para Perros,https://a2.soysuper.com/5f1a6ef5e1670d09b6d1f832fc34497a.110.110.0.min.wmark.4d499838.jpg
616d9e530932f70abe031b5c,Compy,Comida perro seca con salmon atun fruta y verdura adulto razas pequeñas,Paquete 3 kg,5.5,Mascotas > Perros > Comida para Perros,Comida para Perros,https://a0.soysuper.com/2615828abcf2c286227ea7f429ecb1eb.110.110.0.min.wmark.12304b58.jpg
612c9e31722d6a43d462cf4c,Compy,"Comida de gato croqueta salmón fresco, fruta y verdura","Paquete 1,5 kg",5.8,Mascotas > Gatos > Comida Para Gatos,Comida Para Gatos,https://a1.soysuper.com/4806a4dfcc0bd2755eaf037a4f1238a4.110.110.0.min.wmark.4d223e69.jpg
6896b69cd791874cf4252855,Compy,Comida gato croqueta pollo light esterilizados,Paquete 2 kg,4.25,Mascotas > Gatos > Comida Para Gatos,Comida Para Gatos,https://a2.soysuper.com/652eb4aefb6ac0119cccd9e3d03655ab.110.110.0.min.wmark.ed98402b.jpg
66a5ed1a0932f750e439bf85,Compy,Comida gato snack crunchy (cuidado de dientes),Paquete 70 g,1.1,Mascotas > Gatos > Snacks,Snacks,https://a1.soysuper.com/60a192de43a1fa6788c92e74dff98c6e.110.110.0.min.wmark.c2f9d332.jpg
69d9af0d1452a0285854749a,Compy,"Comida perro seca con salmon fresco, fruta y verdura supreme adulto razas medianas y grandes",Paquete 5 kg,13.25,Mascotas > Perros > Comida para Perros,Comida para Perros,https://a1.soysuper.com/a02fbc28618b2219e0018b26bc55204d.110.110.0.min.wmark.77bf9259.jpg
5370d2fb73618f6c7500030c,Hacendado,Patata prefrita congelada corte grueso clasica,Paquete 2 kg,2.99,"Congelados > Verduras, Hortalizas y Legumbres congeladas > Patatas congeladas",Patatas congeladas,https://a2.soysuper.com/611268a6b82c7de6d40c5999ba76a385.110.110.0.min.wmark.9ef95935.jpg
602b2d7f53c97b014e5ba3cb,Hacendado,Mayonesa,500 ml,1.3,"Conservas, Sopas, Aceites y Condimentos > Salsas > Mayonesa",Mayonesa,https://a2.soysuper.com/2a69f69eeb01eefafc2509137eb3e5ca.110.110.0.min.wmark.ab2b546c.jpg
620cbfbd98ec9103cc4e2c5f,Hacendado,Anacardo natural,Paquete 200 g,2.69,Aperitivos > Frutos Secos > Anacardos,Anacardos,https://a0.soysuper.com/de877eadcba1aec7964060a9caa9ad11.110.110.0.min.wmark.48f9fcd0.jpg
586c92cb1452a0610e3d24c1,Hacendado,Cebolla frita crujiente,Bote 150 g,1.15,"Frescos y Charcutería > Verduras, Hortalizas y Legumbres > Deshidratadas",Deshidratadas,https://a2.soysuper.com/f16dcddbc0a76b6c631072614a1ac8be.110.110.0.min.wmark.11f01a71.jpg
5af96ac453c97b2d1b71b400,Hacendado,Queso en dados feta,Tarrina 150 g escurrido,2.39,Frescos y Charcutería > Queso > Quesos Internacionales,Quesos Internacionales,https://a1.soysuper.com/a807e4e0f86619d04876ddb2ffb8e746.110.110.0.min.wmark.451b6fc4.jpg
50a6ea7a13f4c4140f0002c3,Hacendado,Yogur griego fresa,Pack 6 x 125 g - 750 g,1.65,Lácteos y Huevos > Yogur > Especiales,Especiales,https://a0.soysuper.com/19027e0c0a1f61e8f63c08f252e18b9e.110.110.0.min.wmark.1edf93f6.jpg
4fc910e4cc75fa2a3500675d,Hacendado,Bebida piña (sin azucares añadidos),6 bricks x 200 ml,1.61,Bebidas > Zumo > Piña,Piña,https://a2.soysuper.com/77ec0f291fb07edd560bc209d3dd709b.110.110.0.min.wmark.ef11e337.jpg
509e4789dcaf76180f0001e3,Hacendado,Nata para cocinar ligera,Brik 500 ml,1.55,Lácteos y Huevos > Nata > Para cocinar,Para cocinar,https://a2.soysuper.com/56f755543e06a2e7119aa169c98e7a42.110.110.0.min.wmark.4d93e41f.jpg
5012f5cd0f8e48d05d000288,Hacendado,Ensaladilla congelada,Paquete 1 kg,1.35,"Congelados > Verduras, Hortalizas y Legumbres congeladas > Ensaladilla congelada",Ensaladilla congelada,https://a1.soysuper.com/f499da3a7cf9a994469c97695b317c7a.110.110.0.min.wmark.8d3b04a8.jpg
585a508a2508c11e5a37d479,Hacendado,Fresas enteras congeladas,Paquete de 300 g,1.88,Congelados > Fruta > Frutas Rojas,Frutas Rojas,https://a1.soysuper.com/fc1bd2383dd23f3a0502b8964fc9f8e6.110.110.0.min.wmark.9a7b6e34.jpg
5a125f702508c15f4625e101,Hacendado,Queso fresco de cabra,Tarrina 250 g,3,Frescos y Charcutería > Queso > Fresco y para Ensaladas,Fresco y para Ensaladas,https://a2.soysuper.com/83975a1c4983135f16705c09b89cf962.110.110.0.min.wmark.1f14cfe7.jpg
5a48ccf02508c12059177949,Hacendado,"Caldo líquido paella, maricos y fideua con sofrito",Brik 1 l,1.9,"Conservas, Sopas, Aceites y Condimentos > Sopas, Cremas, Caldos y Purés > Caldo",Caldo,https://a1.soysuper.com/4b7856780646651a2f2e5cead2640b55.110.110.0.min.wmark.3fc43e74.jpg
4fc9136fcc75fa2a35010021,Hacendado,Yogur natural,Pack 6 x 125 g - 750 g,1,Lácteos y Huevos > Yogur > Natural,Natural,https://a1.soysuper.com/4472b38a05dd0728ffef330338860d02.110.110.0.min.wmark.ad9603a5.jpg
5012ee76a1320a5723000122,Hacendado,Linguine pasta (tallarin),Paquete 500 g,0.8,"Pasta, Arroz y Legumbres > Pasta > Tallarines",Tallarines,https://a1.soysuper.com/ad6f0b5867456758cdbcc2d7e48e030c.110.110.0.min.wmark.c6948d64.jpg
4fc913c5cc75fa2a35011367,Hacendado,"Parrillada verduras asadas (patata, calabacin, berenjena, cebolla, pimiento rojo y amarillo) congelado",Paquete 400 g,1.65,Congelados > Platos Preparados > Verduras y Legumbres,Verduras y Legumbres,https://a0.soysuper.com/7a7445a154cef298311e5a1431500e76.110.110.0.min.wmark.2b258376.jpg
5ee883d72508c12bdf643235,Hacendado,Ensaladilla rusa,Tarrina 500 g,2.8,Frescos y Charcutería > Platos Preparados > Refrigerados,Refrigerados,https://a0.soysuper.com/fc92d5c55421b3a636fae180998161f7.110.110.0.min.wmark.098035b0.jpg
5c9a0bc10932f764b86c5c98,Hacendado,Refresco de cola zero,Botella 2 l,0.8,Bebidas > Refresco > Cola,Cola,https://a1.soysuper.com/2db3d8fd814bc6bfd8d20c9710ff17b3.110.110.0.min.wmark.912d286a.jpg
4fc913bacc75fa2a350110d8,Hacendado,Masa fresca pizza,2 paquetes x 260 g,2.11,Frescos y Charcutería > Platos Preparados > Refrigerados,Refrigerados,https://a2.soysuper.com/dfa119f5aaa7f7b5c3cedf62bbd58228.110.110.0.min.wmark.1a2f75f1.jpg
634e6a41d791873f0f5e917e,Hacendado,Mermelada fresa,Tarro 400 g,1.44,"Conservas, Sopas, Aceites y Condimentos > Conservas Dulces > Confituras y Mermeladas",Confituras y Mermeladas,https://a2.soysuper.com/411485702460a2bba3f3c2fadcfce70b.110.110.0.min.wmark.595afa51.jpg
57f4bfb253c97b0edf43f6a5,Hacendado,Limon exprimido,Botella 280 ml,1.4,"Conservas, Sopas, Aceites y Condimentos > Salsas > Salsas Para Ensaladas",Salsas Para Ensaladas,https://a0.soysuper.com/93a6c096a6411d1aa4899b6b77a981b6.110.110.0.min.wmark.b0d5953b.jpg
590999551452a0124273a835,Hacendado,Queso untar sin lactosa blanco pasteurizado,Tarrina 200 g,1.9,Frescos y Charcutería > Queso > Crema de Queso,Crema de Queso,https://a0.soysuper.com/c2ee420f7dc06b022647b4d1db180c54.110.110.0.min.wmark.8887cbb2.jpg
5cacc1382508c171ab7ca67a,Hacendado,Queso burrata,"Tarrina 250 g, 150g peso escurrido",2.2,Frescos y Charcutería > Queso > Fresco y para Ensaladas,Fresco y para Ensaladas,https://a2.soysuper.com/611170d9a8b1877aee03cf941278c4df.110.110.0.min.wmark.81db21ee.jpg
4fc91660cc75fa2a3501b2f8,Hacendado,Boquerones al vinagre,Paquete 80 g. escurrido 60 g,1.65,Frescos y Charcutería > Pescados y Mariscos > Salazón,Salazón,https://a0.soysuper.com/3c6434a30fcd5e1ef9896eb8b4dfe2eb.110.110.0.min.wmark.441f4a54.jpg
58246edf53c97b3567453061,Hacendado,Tortitas de arroz con chocolate blanco sabor yogur,Paquete 120 g,1.9,Aperitivos > Snacks > Tortitas,Tortitas,https://a0.soysuper.com/9de9ba241c63a47cf4bbc3c7dad25abb.110.110.0.min.wmark.7be088c5.jpg
5345b5530148c75002000050,Hacendado,Aceite oliva virgen tapón verde oscuro,Garrafa de 3 l,12.85,"Conservas, Sopas, Aceites y Condimentos > Aceite > De Oliva",De Oliva,https://a2.soysuper.com/7b2409f6f4a6b9cc4a84c43038ca8355.110.110.0.min.wmark.6ba6e9b9.jpg
6076b6d0e93cdf013d5c91c1,Hacendado,Queso en porciones,Caja 375 g,1.94,"Frescos y Charcutería > Queso > Lonchas, Rallado y en Porciones","Lonchas, Rallado y en Porciones",https://a1.soysuper.com/2f4d2cf7fdf7c8d30375aa6da69a88fe.110.110.0.min.wmark.f4e17788.jpg
6522a146e93cdf6012121c9a,Hacendado,Caldo liquido cocido,Brick 1 l,0.9,"Conservas, Sopas, Aceites y Condimentos > Sopas, Cremas, Caldos y Purés > Caldo",Caldo,https://a0.soysuper.com/d68ade96edb9dbb835102f8c0e4ed3c6.110.110.0.min.wmark.6f722a47.jpg
53ef5b29f26318cf1a000015,Hacendado,Pan molde 12 cereales y semillas,680 g,1.61,"Panadería, Pastelería y Repostería > Pan > Pan de Molde",Pan de Molde,https://a0.soysuper.com/dc53e659604c1b85c116d1bd2780b7dd.110.110.0.min.wmark.0908cb42.jpg
5b2ae8600932f770da238b17,Hacendado,Lasaña boloñesa,Bandeja 350 g,2.75,Frescos y Charcutería > Platos Preparados > Calientes,Calientes,https://a2.soysuper.com/4f1714e18c91c42e99bf3c2ab7f83b71.110.110.0.min.wmark.a1617be8.jpg
636220158ca63c48ab4ee642,Hacendado,Ajo granulado,Bote 115 g,1.2,"Conservas, Sopas, Aceites y Condimentos > Especias > Ajo seco",Ajo seco,https://a1.soysuper.com/845229b1d136cbade5f82eab542df57b.110.110.0.min.wmark.cc81344c.jpg
60796a19e93cdf013d5da68c,Hacendado,Galletas Diverkao,Caja 312 g,1.7,Cereales y Galletas > Galletas > Infantiles,Infantiles,https://a1.soysuper.com/07b720f10ec18659e503b71d0252b146.110.110.0.min.wmark.33db90ff.jpg
5be93ba653c97b6a9a2fcd39,Hacendado,"Patata freir, fr",Malla 2 kg,3.9,"Frescos y Charcutería > Verduras, Hortalizas y Legumbres > Patatas",Patatas,https://a2.soysuper.com/965a065b92ae417b8aa52db591631d98.110.110.0.min.wmark.c18c31b3.jpg
4fc9128ecc75fa2a3500ca1e,Hacendado,Pizza fresca atún bacon,440 g,2.9,Frescos y Charcutería > Platos Preparados > Calientes,Calientes,https://a1.soysuper.com/a6726f8944a20646f3181f1159d6e733.110.110.0.min.wmark.8a51576b.jpg
5144d000de3561ad5d0000e8,Hacendado,Flan huevo,Pack 4 x 100 g - 400 g,1.6,Lácteos y Huevos > Postres > Flan,Flan,https://a1.soysuper.com/b969f41e7b752aaa78ed41d7ed9acfa5.110.110.0.min.wmark.497f1a57.jpg
57331b002508c14082684884,Hacendado,Barquillos rellenos sabor nata,Paquete 210 g,1,Cereales y Galletas > Galletas > Barquillos,Barquillos,https://a0.soysuper.com/46807da80fdbaacd9e2afe027a7f9dca.110.110.0.min.wmark.819ed061.jpg
544c3e9aec2f0a341e00a971,Hacendado,Azucar blanco sobre,350 g (paquete 50 u),1.55,"Panadería, Pastelería y Repostería > Azúcar y Edulcorantes > Azúcar",Azúcar,https://a0.soysuper.com/395ac397377152fe2b5a4d5b6ca572c2.110.110.0.min.wmark.19883af9.jpg
5afa88d4722d6a3edf07fd9e,Hacendado,Leche polvo desnatada,Paquete 700 g,5.4,Lácteos y Huevos > Leche > Deshidratada,Deshidratada,https://a1.soysuper.com/7a8ebeb2dcebbec07e7b7bc906936f8a.110.110.0.min.wmark.9d91a7d9.jpg
5609613253c97b2a87370eb4,Hacendado,"Pizza congelada sin gluten 4 quesos (mozzarela,gouda grana padano,edam)",410 g unidad,3.1,Congelados > Platos Preparados > Pizzas,Pizzas,https://a1.soysuper.com/9833acc0bc1169cc7431f47ce052fcd3.110.110.0.min.wmark.96d548fc.jpg
5304ac44e103c8c73700000b,Hacendado,Fabada,Bote de 420 g,1.5,"Conservas, Sopas, Aceites y Condimentos > Platos Preparados en Conserva > Legumbres",Legumbres,https://a1.soysuper.com/12f08d1e5452e545abea7569cf67452d.110.110.0.min.wmark.1a363ad6.jpg
61f8e5228ca63c24a06936e6,Hacendado,Albondigas en salsa,Bote 420 g,1.8,"Conservas, Sopas, Aceites y Condimentos > Platos Preparados en Conserva > Albóndigas",Albóndigas,https://a0.soysuper.com/8a5625dc31500cf081fc81ab1af8b7de.110.110.0.min.wmark.a5a061ae.jpg
50133e3b459c33cc5d000437,Hacendado,Requeson,Tarrina 200 g,1,"Frescos y Charcutería > Queso > Mozzarella, Parmesano y Ricotta","Mozzarella, Parmesano y Ricotta",https://a0.soysuper.com/477feb540b27dc24e52aa337911fda03.110.110.0.min.wmark.29d28182.jpg
61a89725722d6a6c8d3c64e9,Hacendado,Caprichos de jamón congelados,Paquete 500 g,2.75,"Congelados > Platos Preparados > Croquetas, Bolas y Empanados","Croquetas, Bolas y Empanados",https://a0.soysuper.com/73f766cbd2343c0e844744ead8f0d110.110.110.0.min.wmark.27bc1f0e.jpg
60ffd99b53c97b31e13bbef6,Hacendado,Aperitivo snack aros de maiz,Paquete 120 g,0.85,Aperitivos > Snacks > Aros,Aros,https://a0.soysuper.com/773a3aab7f28795b1758a2eeef00ddf6.110.110.0.min.wmark.c637d22d.jpg
53e210424ff5123f7000000c,Hacendado,Refresco ice tea limon,Lata pack 6 x 330 ml -1980 ml,3,Bebidas > Refresco > Té,Té,https://a2.soysuper.com/28f04337b10041c312372f21d280e78f.110.110.0.min.wmark.4d017830.jpg
64527a7a1452a062983427f9,Hacendado,Infusion te negro con canela,20 bolsitas - 30 g,1.4,"Cafés, Cacaos e Infusiones > Infusiones > Té",Té,https://a0.soysuper.com/06f8a8a10596ee35695cf74f56f352e6.110.110.0.min.wmark.390359f5.jpg
5fa9dfa11452a0026906758a,Hacendado,Salmón marinado,Paquete 80 g,3.5,Frescos y Charcutería > Pescados y Mariscos > Marinados,Marinados,https://a1.soysuper.com/8d016c13a8177fe2e2926293ff2bddcb.110.110.0.min.wmark.25bb918c.jpg
4fc91526cc75fa2a3501681d,Hacendado,Lenteja cocida,Tarro 295 g escurrido 210 g,0.75,"Pasta, Arroz y Legumbres > Legumbres Cocidas > Lentejas cocidas",Lentejas cocidas,https://a0.soysuper.com/e5725be8baabce97ec520fbc9532291f.110.110.0.min.wmark.ba31862d.jpg
6197e115722d6a6c8d309a55,Hacendado,Pan rallado crujiente,Paquete 400 g,1.6,"Panadería, Pastelería y Repostería > Pan > Pan Rallado",Pan Rallado,https://a0.soysuper.com/5a9170b821383ead0eccecd849334cc9.110.110.0.min.wmark.282b011b.jpg
5b5597252508c1557d27d10b,Hacendado,Piña deshidratada 100 % natural,Paquete 50 g,1.6,Aperitivos > Frutos Secos > Frutas Deshidratadas,Frutas Deshidratadas,https://a0.soysuper.com/3c4d66057877162c2fe08befd5a154fb.110.110.0.min.wmark.ef0ac177.jpg
656899ae8ca63c793d383596,Hacendado,Noodles de arroz pasta (fideos orientales),Paquete 200 g,1.45,"Pasta, Arroz y Legumbres > Pasta > Oriental",Oriental,https://a0.soysuper.com/aed414dcb398a81681371f98a91d78d8.110.110.0.min.wmark.177b5670.jpg
5bf000b1722d6a733f5b8979,Hacendado,Leche desnatada calcio,6 x 1 l,6.12,Lácteos y Huevos > Leche > Desnatada,Desnatada,https://a1.soysuper.com/0b52e0ec6b5fda66e8bc4464272a5a43.110.110.0.min.wmark.e6ca882c.jpg
6270cff41452a01de86550a1,Hacendado,"Yogur trozos frutas (2 melocoton, 2 fruta DEL bosque, 2 pera, 2 fresa)",Pack 8 x 125 g - 1000 g,2,Lácteos y Huevos > Yogur > Sabores,Sabores,https://a1.soysuper.com/2d0027339152d8318a1e106a9ccc6b18.110.110.0.min.wmark.70e1187c.jpg
57b2fd4c1452a01a041bce0a,Hacendado,Yogur griego natural con azucar de caña,Pack 6 x 125 g - 750 g,1.65,Lácteos y Huevos > Yogur > Especiales,Especiales,https://a2.soysuper.com/8b16e5b933f150c050964941558c57db.110.110.0.min.wmark.94c6eac5.jpg
62037ef3722d6a5d3a292b1b,Hacendado,Sazonador fajitas,Sobre 17 g,0.85,"Conservas, Sopas, Aceites y Condimentos > Especias > Sazonadores",Sazonadores,https://a1.soysuper.com/0601875e6efcf691b0ae6b45f6084b0f.110.110.0.min.wmark.16db70ec.jpg
5d4c68c81452a0542f4471e3,Hacendado,Pan tostado tostas arroz maiz,Caja 100 g,1.45,"Panadería, Pastelería y Repostería > Pan > Pan Tostado",Pan Tostado,https://a0.soysuper.com/8e5d04cc1b673c54dc65ca5e68317ec3.110.110.0.min.wmark.675d4407.jpg
5a7eceb998ec916a0c06af10,Hacendado,Leche desnatada + proteinas sin lactosa,Brick 1 l,1.35,Lácteos y Huevos > Leche > Desnatada,Desnatada,https://a1.soysuper.com/887a1c370f5d4e51a1e09f5a305011dc.110.110.0.min.wmark.ea44ea17.jpg
64f6cf900932f717a013de61,Hacendado,Yogur griego ligero natural,Pack 6 x 125 g - 750 g,1.46,Lácteos y Huevos > Yogur > Especiales,Especiales,https://a2.soysuper.com/57ee2ed41ac1a31f20562b536bf85577.110.110.0.min.wmark.42c09d66.jpg
6499788c0932f771193ebc4b,Hacendado,Palitos horneados con frutos secos,Pack 2 paquetes - 130 g,1.05,"Panadería, Pastelería y Repostería > Pan > Picos y Crackers",Picos y Crackers,https://a1.soysuper.com/4bcb7236d42cdb4b3618527ec39f0bc3.110.110.0.min.wmark.7077fd35.jpg
5fb32dd0e93cdf6d5043aa48,Hacendado,Bifidus trozos mango,Pack 4 x 125 g - 500 g,1.3,Lácteos y Huevos > Yogur > Con Bífidus,Con Bífidus,https://a2.soysuper.com/fb9f1100092639308a42f3a5ec9917db.110.110.0.min.wmark.9f3f0284.jpg
5012ee41825ae05b23000103,Hacendado,Jengibre molido (tapon rojo),Bote 49 g,1.58,"Conservas, Sopas, Aceites y Condimentos > Especias > Jengibre",Jengibre,https://a2.soysuper.com/4643670099fc3c8ede2b58bd723fcdc6.110.110.0.min.wmark.4843db60.jpg
4fc91380cc75fa2a350103a3,Hacendado,Yogur cremoso trozos melocoton-maracuya,u - 500 g,1.25,Lácteos y Huevos > Yogur > Cremoso,Cremoso,https://a1.soysuper.com/bae6fdad675938c803feaf9b259868d4.110.110.0.min.wmark.e929a2d1.jpg
598ea7eb0932f751f07c4892,Hacendado,Nata para cocinar ligera sin lactosa,Pack 3 x 200 ml - 600 ml,2.4,Lácteos y Huevos > Nata > Para cocinar,Para cocinar,https://a2.soysuper.com/6286e9c3f54078ccdf1acc2d3de52aba.110.110.0.min.wmark.dcc4a81e.jpg
5e4ec16f98ec9132ab43292b,Hacendado,Bizcocho de yogur,Paquete 800 g,3.5,"Panadería, Pastelería y Repostería > Bollería > Bizcocho, Mantecados y Ensaimadas","Bizcocho, Mantecados y Ensaimadas",https://a1.soysuper.com/f00c9982b59eaaf6878f3e0f7573f847.110.110.0.min.wmark.c5c75fba.jpg
60d313362508c1442c4a9f9c,Hacendado,Salsa ligera,Tarro 500 ml,1.3,"Conservas, Sopas, Aceites y Condimentos > Salsas > Mayonesa",Mayonesa,https://a2.soysuper.com/736085a04f0ca7fc009ac4a50cba85ab.110.110.0.min.wmark.c12779e1.jpg
5012f05a0f8e48d05d000197,Hacendado,Fiambre pechuga pavo lonchas finas reducido en sal,Paquete 225 g,2.5,Frescos y Charcutería > Charcutería > Pavo charcutería,Pavo charcutería,https://a2.soysuper.com/3e393d1f46aec40bfe07d4731c3e8433.110.110.0.min.wmark.142ef473.jpg
6560d70b0932f72f8f06eba5,Hacendado,Gofre clasico industrial,Pack 2 x 110 g - 220 g,1.3,"Panadería, Pastelería y Repostería > Pastelería > Gofres",Gofres,https://a0.soysuper.com/c0dd229b7a885473aca7c44810563398.110.110.0.min.wmark.04dd7fb0.jpg
610914e61452a06c1a81ecb9,Hacendado,Banderillas dulces vinagre,Tarro 345 g escurrido 160 g,1.69,Aperitivos > Encurtidos > Banderillas,Banderillas,https://a1.soysuper.com/2dcb748af6c5f3153e90a8a15726642a.110.110.0.min.wmark.8695bd2a.jpg
588f1902c240640ac458afe3,Hacendado,Leche semidesnatada fresca pasteurizada,Botella 1 l,1.09,Lácteos y Huevos > Leche > Semidesnatada,Semidesnatada,https://a2.soysuper.com/cc69453d4a1b0ec48651612e7306bada.110.110.0.min.wmark.f365ed32.jpg
4fc91695cc75fa2a3501c0ca,Hacendado,Sardinillas aceite oliva bajas en sal,Pack 2 x 65 g peso escurrido neto,2.03,"Conservas, Sopas, Aceites y Condimentos > Conservas de Pescado > Sardinas",Sardinas,https://a0.soysuper.com/d891328bada75dd3f0c576c8ed81075c.110.110.0.min.wmark.d4944331.jpg
60dd5b862508c1442c4f0a34,Hacendado,Galletas rellenas de chocolate 0% azúcares añadidos,Paquete 250 g,1.4,Cereales y Galletas > Galletas > Rellenas,Rellenas,https://a0.soysuper.com/10b64b34a8e3a8020895ad061d63e6fc.110.110.0.min.wmark.143e597a.jpg
5bf00e2b722d6a733f5b8a41,Hacendado,Batido sabor vainilla + proteinas,Brick 330 ml,1.3,Lácteos y Huevos > Batido > Vainilla,Vainilla,https://a1.soysuper.com/d03f156652d0204da5b6aa6ded080d50.110.110.0.min.wmark.843b7ada.jpg
5b31c7430932f722e7314fab,Hacendado,Naranja con gas zero,Lata 330 ml,0.37,Bebidas > Refresco > Naranja,Naranja,https://a0.soysuper.com/c3c6b11ada290582a846479bcd01b498.110.110.0.min.wmark.79fd9f94.jpg
58a6b20f53c97b08c5041734,Hacendado,Harina espelta integral,Paquete 1 kg,1.45,"Panadería, Pastelería y Repostería > Harina > De Trigo",De Trigo,https://a2.soysuper.com/4294160934093bc31d7de0bbca1f3035.110.110.0.min.wmark.ea202a36.jpg
60f533881452a06e287ee4a2,Hacendado,Postre lácteo mousse chocolate + proteÍnas,1 u - 200 g,1.3,Lácteos y Huevos > Postres > Mousse,Mousse,https://a2.soysuper.com/17f1d726a2de3dbad694919ae9291445.110.110.0.min.wmark.84bdf076.jpg
5a1e77bb1452a00830429839,Hacendado,Pimiento rojo tiras condimentadas en conserva,Tarro 220 g neto escurrido,1.15,"Conservas, Sopas, Aceites y Condimentos > Conservas Vegetales > Pimientos",Pimientos,https://a1.soysuper.com/2b4966deacbf2cbeb7e19a45dd8243c7.110.110.0.min.wmark.674138e4.jpg
4fc90fbfcc75fa2a3500178f,Hacendado,Leche semidesnatada calcio,Brik 1 l,1.05,Lácteos y Huevos > Leche > Semidesnatada,Semidesnatada,https://a1.soysuper.com/b7699ac3ab92196bd95e6111de4bac69.110.110.0.min.wmark.eab9d6ec.jpg
5891dbccc240640ac5418e65,Hacendado,Pan hamburguesa sesamo maxi,Paquete 4 u,0.9,"Panadería, Pastelería y Repostería > Pan > Pan Burger y Panecillos",Pan Burger y Panecillos,https://a1.soysuper.com/7c61a7143ead9d64606a048a3c0c4a41.110.110.0.min.wmark.5d80ed16.jpg
4fc910a4cc75fa2a350054e5,Hacendado,Bebida soja 0% azucares,Brick pack 6 x 1 l - 6 l,4.55,"Lácteos y Huevos > Leche > Soja, Avena, Arroz,..","Soja, Avena, Arroz,..",https://a1.soysuper.com/5639f9b7a7ab2d7dd7047a24480ef0eb.110.110.0.min.wmark.1022090b.jpg
62e4b6a90932f7413f1b3860,Hacendado,Pepperoni lonchas,Paquete 75 g,1.6,Frescos y Charcutería > Charcutería > Chorizo,Chorizo,https://a0.soysuper.com/f91d3e9d235a5d862c11a78ee3b06f5c.110.110.0.min.wmark.e3bb3a9d.jpg
5462eb70367b95a869002b5c,Hacendado,Mermelada albaricoque,Tarro 440 g,1.65,"Conservas, Sopas, Aceites y Condimentos > Conservas Dulces > Confituras y Mermeladas",Confituras y Mermeladas,https://a2.soysuper.com/f4c6d791dddf09a4f6f06d0a3d307a75.110.110.0.min.wmark.3e8969db.jpg
4fc91301cc75fa2a3500e67c,Hacendado,Harina arroz,Paquete 500 g,1.31,"Panadería, Pastelería y Repostería > Harina > De Arroz",De Arroz,https://a0.soysuper.com/3b308de5e443262627381b0a672fe1d6.110.110.0.min.wmark.075aaeca.jpg
4fc91279cc75fa2a3500c57d,Hacendado,Nuez macadamia,Paquete 100 g,2.9,Aperitivos > Frutos Secos > Macadamias,Macadamias,https://a0.soysuper.com/d8e1e986249cdd1faf6319ccaa13679e.110.110.0.min.wmark.3424dc93.jpg
4fc913f2cc75fa2a35011df1,Bosque Verde,Guantes resistente lejia verdes talla grande,Paquete 2 u,1.95,Droguería > Utensilios de Limpieza > Guantes,Guantes,https://a0.soysuper.com/29d8c53701b89b0128babe7767ef0de2.110.110.0.min.wmark.14a9d6cb.jpg
4fc91405cc75fa2a35012203,Bosque Verde,Papel higienico humedo aloe vera y camomila (desechable por el wc),Paquete 100 u,1.54,Droguería > Celulosa > Papel Higiénico Húmedo,Papel Higiénico Húmedo,https://a0.soysuper.com/8dee0cf7e733c387f2bc87099dda1926.110.110.0.min.wmark.88334ebc.jpg
4fc91408cc75fa2a350122a0,Bosque Verde,Servilleta papel 1 capa 30x30 cm blanca,Paquete 200 u,1.15,Droguería > Celulosa > Servilletas de Papel,Servilletas de Papel,https://a0.soysuper.com/8da5744c8279d9fa9e596f6dfdd43a66.110.110.0.min.wmark.a61b2e85.jpg
58ef737c98ec91601b5dcfc9,Bosque Verde,Detergente lavadora liquido marsella,"Botella 3 l, 50 lavados",3.4,Droguería > Cuidado de la Ropa > Detergente,Detergente,https://a1.soysuper.com/f9ad627fcfadcda768602e0507e08d6c.110.110.0.min.wmark.e35206b2.jpg
535589f12cd322ad43000410,Bosque Verde,Papel cocina jumbo,1 rollo de 140 metros (600 servicios),3.58,Droguería > Celulosa > Papel de Cocina,Papel de Cocina,https://a1.soysuper.com/622ee4a8308ce3e5de8741888ad8620f.110.110.0.min.wmark.e50697e6.jpg
4fc9105ccc75fa2a35003b14,Bosque Verde,Papel aluminio 30 metros,1 unidad,2.26,Droguería > Conservación de Alimentos > Papel de Aluminio,Papel de Aluminio,https://a2.soysuper.com/9f37a4efdbb722fafab5944411fb66f9.110.110.0.min.wmark.c52aacb5.jpg
4fc91405cc75fa2a35012206,Bosque Verde,Papel higiénico 2 capas,Paquete 12 u,2.49,Droguería > Celulosa > Papel Higiénico,Papel Higiénico,https://a0.soysuper.com/429289fa41742cdf3f7ebb3e2ad876e8.110.110.0.min.wmark.394d7c51.jpg
4fc91596cc75fa2a35018111,Bosque Verde,Pañuelos papel blancos,Caja 200 u,1.25,Droguería > Celulosa > Pañuelos,Pañuelos,https://a1.soysuper.com/97b431f966dff9f4911f4d1b2b4eae8a.110.110.0.min.wmark.de37c4bf.jpg
4fc91405cc75fa2a35012207,Bosque Verde,Papel higienico doble rollo,Paquete 12 u,4.5,Droguería > Celulosa > Papel Higiénico,Papel Higiénico,https://a1.soysuper.com/4f0a3f96c75f66ec57c2fcfc0a92dad5.110.110.0.min.wmark.7de3dd22.jpg
53752d3af41df01219012ffa,Bosque Verde,Pañuelos papel bolsillo compacto 4 capas extrasuave,Pack 10 x 10 u,1.04,Droguería > Celulosa > Pañuelos,Pañuelos,https://a1.soysuper.com/4f8f65e4a688b5f6d82f93cae60533f1.110.110.0.min.wmark.65eb2dd0.jpg
5cec05ab2508c1496c135866,Bosque Verde,Servilleta blanca de papel 2 capas 33x32 cm,Paquete 100 u,1.54,Droguería > Celulosa > Servilletas de Papel,Servilletas de Papel,https://a1.soysuper.com/66de910c900f28e97b98bdf7b917ab5d.110.110.0.min.wmark.b98daf65.jpg
4fc913cccc75fa2a3501152e,Bosque Verde,Bolsa basura cubo pequeño 10 litros mini cierre facil 45 x 47 perfumada (blanca),Paquete 40 u,1.45,Droguería > Bolsas de Basura > Cierre automático,Cierre automático,https://a0.soysuper.com/282f0261126e7d48a49f18c864097099.110.110.0.min.wmark.d69696c4.jpg
50b950332fd821e23a0000a8,Bosque Verde,Papel cocina gigante,1 unidad (375 servicios) - 90 m,2.88,Droguería > Celulosa > Papel de Cocina,Papel de Cocina,https://a1.soysuper.com/bc67cfa8d066ea35789423acc638a4e8.110.110.0.min.wmark.3fc07d6d.jpg
5b784f190932f707fa02df0f,Bosque Verde,Perfumador ropa liquido (intensificador de fragancia),"Botella 720 ml, 36 lavados",3.25,Droguería > Cuidado de la Ropa > Suavizante,Suavizante,https://a0.soysuper.com/ea7ebe8c1c6286d5af79a84e8b9fe881.110.110.0.min.wmark.393205f5.jpg
4fc916b1cc75fa2a3501c7e8,Bosque Verde,Vinagre limpieza,Botella 1 l,0.9,Droguería > Limpieza del Hogar > Limpiadores Multiusos,Limpiadores Multiusos,https://a2.soysuper.com/75e36cdcd9f0ad65833a99737825f2f1.110.110.0.min.wmark.2d263f53.jpg
4fc916b1cc75fa2a3501c7d6,Bosque Verde,Limpiahogar ph neutro,"Botella 1,5 l",1.69,Droguería > Limpieza del Hogar > Limpiadores Multiusos,Limpiadores Multiusos,https://a1.soysuper.com/ec2b7258a3bace26c1eab016149f71a5.110.110.0.min.wmark.297d8a0a.jpg
4fc90fc7cc75fa2a350019a6,Bosque Verde,Limpiador vitroceramica crema 3 en 1,Botella 500 ml,1.73,Droguería > Limpieza de la Cocina > Limpieza de Electrodomésticos,Limpieza de Electrodomésticos,https://a0.soysuper.com/2698737f0a3c05492df87d40f8588845.110.110.0.min.wmark.a8c97566.jpg
6a1700f08ca63c2c26105e00,Bosque Verde,Perfumador ropa Dahlía,Botella 36 lavados,3.25,Droguería > Cuidado de la Ropa > Perfume para Ropa,Perfume para Ropa,https://a0.soysuper.com/3813142466638876a3fb763c5cf05301.110.110.0.min.wmark.1e351b8b.jpg
63f5d46a722d6a4197137a3c,Bosque Verde,Mopa atrapapolvo + 10 gamuzas desechables (sin palo),U,4.5,Droguería > Utensilios de Limpieza > Mopas,Mopas,https://a0.soysuper.com/fb57a4a561f916c9393fd20f93bf13a1.110.110.0.min.wmark.359fb992.jpg
