receipt_id,po_id,po_line_number,dc_id,product_id,supplier_id,quantity_received,receipt_date,unit_cost
GR-2024-00000001,PO-2024-0000004,1,DC_SEV,PROD_003628,SUP_00007,230,2024-01-03,1.1356
GR-2024-00000002,PO-2024-0000007,1,DC_MAD,PROD_001697,SUP_00019,227,2024-01-03,3.6859
GR-2024-00000003,PO-2024-0000002,1,DC_BCN,PROD_000683,SUP_00015,195,2024-01-04,1.7591
GR-2024-00000004,PO-2024-0000005,1,DC_BCN,PROD_001063,SUP_00005,152,2024-01-04,3.475
GR-2024-00000005,PO-2024-0000006,1,DC_MAD,PROD_002223,SUP_00015,305,2024-01-04,1.5292
GR-2024-00000006,PO-2024-0000008,1,DC_ZGZ,PROD_002258,SUP_00007,236,2024-01-04,0.7651
GR-2024-00000007,PO-2024-0000009,1,DC_ZGZ,PROD_001810,SUP_00015,151,2024-01-04,1.4116
GR-2024-00000008,PO-2024-0000003,1,DC_SEV,PROD_002976,SUP_00005,507,2024-01-05,2.1317
GR-2024-00000009,PO-2024-0000011,1,DC_BCN,PROD_001413,SUP_00007,160,2024-01-05,4.7367
GR-2024-00000010,PO-2024-0000016,1,DC_BCN,PROD_003684,SUP_00015,194,2024-01-06,3.0381
GR-2024-00000011,PO-2024-0000016,2,DC_BCN,PROD_002041,SUP_00015,296,2024-01-06,0.5819
GR-2024-00000012,PO-2024-0000018,1,DC_BCN,PROD_000945,SUP_00007,226,2024-01-06,1.8632
GR-2024-00000013,PO-2024-0000001,1,DC_BCN,PROD_001488,SUP_00016,202,2024-01-07,0.6814
GR-2024-00000014,PO-2024-0000010,1,DC_ZGZ,PROD_000996,SUP_00016,180,2024-01-07,0.4054
GR-2024-00000015,PO-2024-0000010,2,DC_ZGZ,PROD_000151,SUP_00016,372,2024-01-07,0.6734
GR-2024-00000016,PO-2024-0000010,3,DC_ZGZ,PROD_003064,SUP_00016,335,2024-01-07,0.9123
GR-2024-00000017,PO-2024-0000012,1,DC_BCN,PROD_003086,SUP_00005,191,2024-01-07,2.7853
GR-2024-00000018,PO-2024-0000012,2,DC_BCN,PROD_002020,SUP_00005,140,2024-01-07,1.0338
GR-2024-00000019,PO-2024-0000012,3,DC_BCN,PROD_002911,SUP_00005,161,2024-01-07,2.4619
GR-2024-00000020,PO-2024-0000015,1,DC_BCN,PROD_002872,SUP_00016,206,2024-01-07,0.5494
GR-2024-00000021,PO-2024-0000015,2,DC_BCN,PROD_003025,SUP_00016,278,2024-01-07,2.0886
GR-2024-00000022,PO-2024-0000015,3,DC_BCN,PROD_003013,SUP_00016,277,2024-01-07,0.3779
GR-2024-00000023,PO-2024-0000015,4,DC_BCN,PROD_002749,SUP_00016,243,2024-01-07,2.0201
GR-2024-00000024,PO-2024-0000015,5,DC_BCN,PROD_002806,SUP_00016,124,2024-01-07,1.3527
GR-2024-00000025,PO-2024-0000019,1,DC_BCN,PROD_001785,SUP_00007,160,2024-01-07,0.6563
GR-2024-00000026,PO-2024-0000021,1,DC_SEV,PROD_001163,SUP_00007,139,2024-01-07,0.7394
GR-2024-00000027,PO-2024-0000022,1,DC_ZGZ,PROD_000614,SUP_00015,177,2024-01-07,2.0703
GR-2024-00000028,PO-2024-0000023,1,DC_MAD,PROD_002370,SUP_00007,496,2024-01-07,2.0528
GR-2024-00000029,PO-2024-0000025,1,DC_SEV,PROD_000953,SUP_00007,380,2024-01-08,1.6887
GR-2024-00000030,PO-2024-0000027,1,DC_BCN,PROD_000640,SUP_00015,120,2024-01-08,1.8014
GR-2024-00000031,PO-2024-0000032,1,DC_MAD,PROD_002445,SUP_00015,263,2024-01-08,0.8589
GR-2024-00000032,PO-2024-0000020,1,DC_BCN,PROD_002410,SUP_00016,138,2024-01-09,1.3584
GR-2024-00000033,PO-2024-0000029,1,DC_BCN,PROD_000925,SUP_00007,286,2024-01-09,1.3941
GR-2024-00000034,PO-2024-0000035,1,DC_SEV,PROD_001771,SUP_00007,452,2024-01-09,1.1132
GR-2024-00000035,PO-2024-0000038,1,DC_ZGZ,PROD_003663,SUP_00019,220,2024-01-09,1.6637
GR-2024-00000036,PO-2024-0000030,1,DC_BCN,PROD_002626,SUP_00016,317,2024-01-10,0.5049
GR-2024-00000037,PO-2024-0000031,1,DC_MAD,PROD_003117,SUP_00016,423,2024-01-10,0.5383
GR-2024-00000038,PO-2024-0000031,2,DC_MAD,PROD_001044,SUP_00016,499,2024-01-10,0.9634
GR-2024-00000039,PO-2024-0000040,1,DC_MAD,PROD_002592,SUP_00019,316,2024-01-10,6.4267
GR-2024-00000040,PO-2024-0000041,1,DC_SEV,PROD_002305,SUP_00019,300,2024-01-10,2.9614
GR-2024-00000041,PO-2024-0000044,1,DC_BCN,PROD_000870,SUP_00019,157,2024-01-10,2.3421
GR-2024-00000042,PO-2024-0000013,1,DC_BCN,PROD_001902,SUP_00017,121,2024-01-11,1.7181
GR-2024-00000043,PO-2024-0000013,2,DC_BCN,PROD_001105,SUP_00017,250,2024-01-11,1.1292
GR-2024-00000044,PO-2024-0000013,3,DC_BCN,PROD_001633,SUP_00017,305,2024-01-11,1.2853
GR-2024-00000045,PO-2024-0000043,1,DC_VLC,PROD_001747,SUP_00007,166,2024-01-11,0.6474
GR-2024-00000046,PO-2024-0000053,1,DC_BCN,PROD_001748,SUP_00019,172,2024-01-12,0.9543
GR-2024-00000047,PO-2024-0000024,1,DC_BCN,PROD_001666,SUP_00014,169,2024-01-13,2.0472
GR-2024-00000048,PO-2024-0000024,2,DC_BCN,PROD_001613,SUP_00014,185,2024-01-13,1.9049
GR-2024-00000049,PO-2024-0000037,1,DC_ZGZ,PROD_002962,SUP_00016,319,2024-01-13,1.8254
GR-2024-00000050,PO-2024-0000039,1,DC_MAD,PROD_002405,SUP_00016,461,2024-01-13,1.798
GR-2024-00000051,PO-2024-0000049,1,DC_ZGZ,PROD_000168,SUP_00007,267,2024-01-13,2.1721
GR-2024-00000052,PO-2024-0000051,1,DC_SEV,PROD_002334,SUP_00015,328,2024-01-13,0.6907
GR-2024-00000053,PO-2024-0000054,1,DC_BCN,PROD_001594,SUP_00007,212,2024-01-13,0.7965
GR-2024-00000054,PO-2024-0000054,2,DC_BCN,PROD_001221,SUP_00007,257,2024-01-13,2.601
GR-2024-00000055,PO-2024-0000056,1,DC_VLC,PROD_001274,SUP_00019,201,2024-01-13,7.8875
GR-2024-00000056,PO-2024-0000014,1,DC_BCN,PROD_000367,SUP_00014,310,2024-01-14,2.1522
GR-2024-00000057,PO-2024-0000014,2,DC_BCN,PROD_001987,SUP_00014,236,2024-01-14,4.979
GR-2024-00000058,PO-2024-0000014,3,DC_BCN,PROD_001487,SUP_00014,155,2024-01-14,2.643
GR-2024-00000059,PO-2024-0000028,1,DC_BCN,PROD_002395,SUP_00017,166,2024-01-14,1.0516
GR-2024-00000060,PO-2024-0000028,2,DC_BCN,PROD_000377,SUP_00017,183,2024-01-14,1.24
GR-2024-00000061,PO-2024-0000033,1,DC_VLC,PROD_003445,SUP_00004,195,2024-01-14,0.9898
GR-2024-00000062,PO-2024-0000036,1,DC_ZGZ,PROD_002367,SUP_00017,150,2024-01-14,0.6527
GR-2024-00000063,PO-2024-0000055,1,DC_VLC,PROD_001929,SUP_00007,303,2024-01-14,1.1482
GR-2024-00000064,PO-2024-0000017,1,DC_BCN,PROD_003284,SUP_00004,261,2024-01-15,0.6682
GR-2024-00000065,PO-2024-0000048,1,DC_VLC,PROD_003103,SUP_00016,305,2024-01-15,2.0453
GR-2024-00000066,PO-2024-0000050,1,DC_ZGZ,PROD_003047,SUP_00016,249,2024-01-15,1.2128
GR-2024-00000067,PO-2024-0000052,1,DC_BCN,PROD_000011,SUP_00016,201,2024-01-15,3.2977
GR-2024-00000068,PO-2024-0000057,1,DC_ZGZ,PROD_000936,SUP_00007,376,2024-01-15,1.3318
GR-2024-00000069,PO-2024-0000061,1,DC_SEV,PROD_000293,SUP_00007,271,2024-01-15,1.2903
GR-2024-00000070,PO-2024-0000026,1,DC_SEV,PROD_000538,SUP_00014,262,2024-01-16,2.0386
GR-2024-00000071,PO-2024-0000034,1,DC_BCN,PROD_002565,SUP_00017,247,2024-01-16,1.0263
GR-2024-00000072,PO-2024-0000067,1,DC_BCN,PROD_000203,SUP_00007,224,2024-01-16,4.5384
GR-2024-00000073,PO-2024-0000069,1,DC_ZGZ,PROD_002216,SUP_00019,132,2024-01-16,3.2294
GR-2024-00000074,PO-2024-0000047,1,DC_VLC,PROD_003550,SUP_00004,268,2024-01-17,0.5411
GR-2024-00000075,PO-2024-0000045,1,DC_BCN,PROD_002085,SUP_00017,104,2024-01-18,0.7469
GR-2024-00000076,PO-2024-0000045,2,DC_BCN,PROD_002234,SUP_00017,147,2024-01-18,1.2118
GR-2024-00000077,PO-2024-0000045,3,DC_BCN,PROD_000323,SUP_00017,197,2024-01-18,1.0619
GR-2024-00000078,PO-2024-0000046,1,DC_BCN,PROD_002036,SUP_00014,206,2024-01-18,3.5362
GR-2024-00000079,PO-2024-0000063,1,DC_SEV,PROD_000164,SUP_00016,445,2024-01-18,2.4097
GR-2024-00000080,PO-2024-0000066,1,DC_BCN,PROD_000686,SUP_00016,296,2024-01-18,0.8286
GR-2024-00000081,PO-2024-0000072,1,DC_MAD,PROD_003669,SUP_00015,413,2024-01-18,1.2678
GR-2024-00000082,PO-2024-0000042,1,DC_SEV,PROD_000089,SUP_00004,458,2024-01-19,0.4459
GR-2024-00000083,PO-2024-0000060,1,DC_SEV,PROD_001844,SUP_00017,351,2024-01-19,0.9924
GR-2024-00000084,PO-2024-0000068,1,DC_ZGZ,PROD_003029,SUP_00016,361,2024-01-19,1.3319
GR-2024-00000085,PO-2024-0000077,1,DC_BCN,PROD_002539,SUP_00015,181,2024-01-19,1.4272
GR-2024-00000086,PO-2024-0000064,1,DC_BCN,PROD_000228,SUP_00017,316,2024-01-20,0.2762
GR-2024-00000087,PO-2024-0000064,2,DC_BCN,PROD_001069,SUP_00017,227,2024-01-20,1.1052
GR-2024-00000088,PO-2024-0000078,1,DC_BCN,PROD_002288,SUP_00015,337,2024-01-20,2.5859
GR-2024-00000089,PO-2024-0000079,1,DC_BCN,PROD_001297,SUP_00007,142,2024-01-20,1.021
GR-2024-00000090,PO-2024-0000079,2,DC_BCN,PROD_001996,SUP_00007,170,2024-01-20,1.5298
GR-2024-00000091,PO-2024-0000087,1,DC_VLC,PROD_001123,SUP_00007,207,2024-01-20,0.6375
GR-2024-00000092,PO-2024-0000058,1,DC_ZGZ,PROD_000523,SUP_00014,161,2024-01-21,2.4399
GR-2024-00000093,PO-2024-0000059,1,DC_ZGZ,PROD_002658,SUP_00017,310,2024-01-21,1.6236
GR-2024-00000094,PO-2024-0000074,1,DC_VLC,PROD_002824,SUP_00016,270,2024-01-21,1.8678
GR-2024-00000095,PO-2024-0000076,1,DC_ZGZ,PROD_002830,SUP_00016,205,2024-01-21,1.8641
GR-2024-00000096,PO-2024-0000076,2,DC_ZGZ,PROD_002792,SUP_00016,202,2024-01-21,0.7437
GR-2024-00000097,PO-2024-0000086,1,DC_MAD,PROD_001382,SUP_00005,223,2024-01-21,0.76
GR-2024-00000098,PO-2024-0000084,1,DC_MAD,PROD_003215,SUP_00016,378,2024-01-22,1.6479
GR-2024-00000099,PO-2024-0000062,1,DC_SEV,PROD_003301,SUP_00004,334,2024-01-23,0.8465
GR-2024-00000100,PO-2024-0000091,1,DC_BCN,PROD_000182,SUP_00007,179,2024-01-23,5.8602
GR-2024-00000101,PO-2024-0000091,2,DC_BCN,PROD_001530,SUP_00007,90,2024-01-23,0.9175
GR-2024-00000102,PO-2024-0000065,1,DC_MAD,PROD_002450,SUP_00014,511,2024-01-24,3.938
GR-2024-00000103,PO-2024-0000071,1,DC_MAD,PROD_003307,SUP_00004,246,2024-01-24,0.6029
GR-2024-00000104,PO-2024-0000082,1,DC_SEV,PROD_002228,SUP_00017,305,2024-01-24,0.9905
GR-2024-00000105,PO-2024-0000070,1,DC_MAD,PROD_002462,SUP_00014,524,2024-01-25,4.0893
GR-2024-00000106,PO-2024-0000090,1,DC_BCN,PROD_002403,SUP_00016,140,2024-01-25,1.402
GR-2024-00000107,PO-2024-0000090,2,DC_BCN,PROD_003148,SUP_00016,200,2024-01-25,2.0888
GR-2024-00000108,PO-2024-0000085,1,DC_MAD,PROD_002581,SUP_00017,433,2024-01-26,0.9894
GR-2024-00000109,PO-2024-0000093,1,DC_VLC,PROD_003243,SUP_00016,252,2024-01-26,2.0143
GR-2024-00000110,PO-2024-0000095,1,DC_BCN,PROD_002493,SUP_00007,343,2024-01-26,1.0545
GR-2024-00000111,PO-2024-0000099,1,DC_MAD,PROD_000955,SUP_00015,415,2024-01-26,1.1693
GR-2024-00000112,PO-2024-0000101,1,DC_VLC,PROD_000111,SUP_00015,101,2024-01-26,1.3797
GR-2024-00000113,PO-2024-0000103,1,DC_ZGZ,PROD_000360,SUP_00007,359,2024-01-26,4.8635
GR-2024-00000114,PO-2024-0000103,2,DC_ZGZ,PROD_001120,SUP_00007,206,2024-01-26,1.9906
GR-2024-00000115,PO-2024-0000073,1,DC_VLC,PROD_003466,SUP_00004,153,2024-01-27,2.3557
GR-2024-00000116,PO-2024-0000075,1,DC_VLC,PROD_001923,SUP_00014,190,2024-01-27,4.6662
GR-2024-00000117,PO-2024-0000080,1,DC_BCN,PROD_003199,SUP_00017,242,2024-01-27,4.3299
GR-2024-00000118,PO-2024-0000080,2,DC_BCN,PROD_002062,SUP_00017,137,2024-01-27,0.5914
GR-2024-00000119,PO-2024-0000094,1,DC_SEV,PROD_000001,SUP_00016,442,2024-01-27,1.0281
GR-2024-00000120,PO-2024-0000094,2,DC_SEV,PROD_000649,SUP_00016,236,2024-01-27,0.6727
GR-2024-00000121,PO-2024-0000108,1,DC_BCN,PROD_000694,SUP_00019,157,2024-01-27,1.4729
GR-2024-00000122,PO-2024-0000109,1,DC_BCN,PROD_001101,SUP_00007,209,2024-01-27,1.1044
GR-2024-00000123,PO-2024-0000109,2,DC_BCN,PROD_002277,SUP_00007,222,2024-01-27,1.6141
GR-2024-00000124,PO-2024-0000110,1,DC_SEV,PROD_001394,SUP_00019,160,2024-01-27,1.9798
GR-2024-00000125,PO-2024-0000105,1,DC_SEV,PROD_002723,SUP_00005,335,2024-01-28,2.1949
GR-2024-00000126,PO-2024-0000081,1,DC_BCN,PROD_001889,SUP_00014,315,2024-01-29,2.6775
GR-2024-00000127,PO-2024-0000081,2,DC_BCN,PROD_001954,SUP_00014,282,2024-01-29,3.3544
GR-2024-00000128,PO-2024-0000083,1,DC_BCN,PROD_003370,SUP_00004,114,2024-01-29,0.9221
GR-2024-00000129,PO-2024-0000088,1,DC_BCN,PROD_001973,SUP_00014,195,2024-01-29,1.9833
GR-2024-00000130,PO-2024-0000089,1,DC_MAD,PROD_003497,SUP_00004,356,2024-01-29,1.0003
GR-2024-00000131,PO-2024-0000092,1,DC_BCN,PROD_003299,SUP_00004,173,2024-01-29,1.013
GR-2024-00000132,PO-2024-0000106,1,DC_SEV,PROD_001064,SUP_00007,460,2024-01-29,0.2472
GR-2024-00000133,PO-2024-0000111,1,DC_SEV,PROD_002186,SUP_00015,181,2024-01-29,0.6092
GR-2024-00000134,PO-2024-0000112,1,DC_BCN,PROD_000111,SUP_00015,152,2024-01-29,1.4716
GR-2024-00000135,PO-2024-0000116,1,DC_VLC,PROD_002030,SUP_00015,124,2024-01-29,1.0423
GR-2024-00000136,PO-2024-0000129,1,DC_ZGZ,PROD_001514,SUP_00019,304,2024-01-29,6.4507
GR-2024-00000137,PO-2024-0000096,1,DC_BCN,PROD_001040,SUP_00017,337,2024-01-30,0.8856
GR-2024-00000138,PO-2024-0000096,2,DC_BCN,PROD_003594,SUP_00017,252,2024-01-30,4.4037
GR-2024-00000139,PO-2024-0000120,1,DC_BCN,PROD_000395,SUP_00007,140,2024-01-30,0.7113
GR-2024-00000140,PO-2024-0000123,1,DC_ZGZ,PROD_002601,SUP_00015,146,2024-01-30,0.8953
GR-2024-00000141,PO-2024-0000132,1,DC_SEV,PROD_000536,SUP_00019,254,2024-01-30,7.3176
GR-2024-00000142,PO-2024-0000115,1,DC_VLC,PROD_003151,SUP_00016,300,2024-01-31,1.9539
GR-2024-00000143,PO-2024-0000115,2,DC_VLC,PROD_000051,SUP_00016,169,2024-01-31,0.5975
GR-2024-00000144,PO-2024-0000124,1,DC_ZGZ,PROD_003083,SUP_00016,209,2024-01-31,0.8218
GR-2024-00000145,PO-2024-0000126,1,DC_SEV,PROD_003625,SUP_00005,238,2024-01-31,0.6889
GR-2024-00000146,PO-2024-0000127,1,DC_SEV,PROD_000065,SUP_00016,323,2024-01-31,1.1211
GR-2024-00000147,PO-2024-0000127,2,DC_SEV,PROD_002936,SUP_00016,233,2024-01-31,2.1288
GR-2024-00000148,PO-2024-0000130,1,DC_BCN,PROD_002477,SUP_00007,257,2024-01-31,8.6156
GR-2024-00000149,PO-2024-0000131,1,DC_SEV,PROD_002402,SUP_00007,328,2024-01-31,1.3328
GR-2024-00000150,PO-2024-0000133,1,DC_SEV,PROD_000526,SUP_00015,345,2024-01-31,0.5188
GR-2024-00000151,PO-2024-0000137,1,DC_ZGZ,PROD_000938,SUP_00019,197,2024-01-31,2.0896
GR-2024-00000152,PO-2024-0000137,2,DC_ZGZ,PROD_000829,SUP_00019,314,2024-01-31,1.0723
GR-2024-00000153,PO-2024-0000098,1,DC_MAD,PROD_002237,SUP_00017,451,2024-02-01,0.6365
GR-2024-00000154,PO-2024-0000107,1,DC_BCN,PROD_003648,SUP_00017,225,2024-02-01,0.6347
GR-2024-00000155,PO-2024-0000139,1,DC_ZGZ,PROD_000683,SUP_00015,238,2024-02-01,1.5717
GR-2024-00000156,PO-2024-0000150,1,DC_BCN,PROD_001396,SUP_00019,166,2024-02-01,2.3572
GR-2024-00000157,PO-2024-0000100,1,DC_VLC,PROD_003511,SUP_00004,297,2024-02-02,0.6213
GR-2024-00000158,PO-2024-0000102,1,DC_ZGZ,PROD_002127,SUP_00014,377,2024-02-02,1.401
GR-2024-00000159,PO-2024-0000118,1,DC_BCN,PROD_002617,SUP_00016,116,2024-02-02,1.3629
GR-2024-00000160,PO-2024-0000118,2,DC_BCN,PROD_003210,SUP_00016,239,2024-02-02,0.866
GR-2024-00000161,PO-2024-0000118,3,DC_BCN,PROD_003208,SUP_00016,235,2024-02-02,2.6153
GR-2024-00000162,PO-2024-0000119,1,DC_BCN,PROD_002025,SUP_00017,257,2024-02-02,1.235
GR-2024-00000163,PO-2024-0000119,2,DC_BCN,PROD_001921,SUP_00017,195,2024-02-02,3.2118
GR-2024-00000164,PO-2024-0000146,1,DC_MAD,PROD_001771,SUP_00007,595,2024-02-02,1.2587
GR-2024-00000165,PO-2024-0000147,1,DC_BCN,PROD_001636,SUP_00007,164,2024-02-02,1.3836
GR-2024-00000166,PO-2024-0000154,1,DC_BCN,PROD_001325,SUP_00019,115,2024-02-02,4.7197
GR-2024-00000167,PO-2024-0000154,2,DC_BCN,PROD_000439,SUP_00019,268,2024-02-02,5.3472
GR-2024-00000168,PO-2024-0000157,1,DC_ZGZ,PROD_000522,SUP_00019,172,2024-02-02,2.1671
GR-2024-00000169,PO-2024-0000097,1,DC_BCN,PROD_000692,SUP_00014,256,2024-02-03,2.134
GR-2024-00000170,PO-2024-0000142,1,DC_VLC,PROD_000590,SUP_00016,236,2024-02-03,1.0091
GR-2024-00000171,PO-2024-0000151,1,DC_BCN,PROD_003699,SUP_00007,250,2024-02-03,3.6948
GR-2024-00000172,PO-2024-0000151,2,DC_BCN,PROD_000378,SUP_00007,205,2024-02-03,2.1154
GR-2024-00000173,PO-2024-0000155,1,DC_BCN,PROD_000301,SUP_00015,145,2024-02-03,1.5203
GR-2024-00000174,PO-2024-0000155,2,DC_BCN,PROD_002582,SUP_00015,150,2024-02-03,0.8733
GR-2024-00000175,PO-2024-0000155,3,DC_BCN,PROD_002413,SUP_00015,315,2024-02-03,1.715
GR-2024-00000176,PO-2024-0000158,1,DC_ZGZ,PROD_000124,SUP_00007,263,2024-02-03,3.2837
GR-2024-00000177,PO-2024-0000104,1,DC_SEV,PROD_002126,SUP_00014,373,2024-02-04,2.7119
GR-2024-00000178,PO-2024-0000104,2,DC_SEV,PROD_003637,SUP_00014,190,2024-02-04,1.9816
GR-2024-00000179,PO-2024-0000104,3,DC_SEV,PROD_002535,SUP_00014,449,2024-02-04,2.2198
GR-2024-00000180,PO-2024-0000114,1,DC_VLC,PROD_001985,SUP_00014,129,2024-02-04,1.3949
GR-2024-00000181,PO-2024-0000114,2,DC_VLC,PROD_002605,SUP_00014,140,2024-02-04,1.4543
GR-2024-00000182,PO-2024-0000114,3,DC_VLC,PROD_002211,SUP_00014,329,2024-02-04,3.5046
GR-2024-00000183,PO-2024-0000114,4,DC_VLC,PROD_002608,SUP_00014,114,2024-02-04,2.1157
GR-2024-00000184,PO-2024-0000148,1,DC_BCN,PROD_002873,SUP_00016,142,2024-02-04,0.3744
GR-2024-00000185,PO-2024-0000160,1,DC_BCN,PROD_001961,SUP_00007,169,2024-02-04,1.0247
GR-2024-00000186,PO-2024-0000160,2,DC_BCN,PROD_000877,SUP_00007,111,2024-02-04,0.6364
GR-2024-00000187,PO-2024-0000163,1,DC_SEV,PROD_002006,SUP_00015,200,2024-02-04,1.1052
GR-2024-00000188,PO-2024-0000164,1,DC_SEV,PROD_000609,SUP_00007,216,2024-02-04,3.3975
GR-2024-00000189,PO-2024-0000172,1,DC_ZGZ,PROD_000419,SUP_00019,240,2024-02-04,1.1434
GR-2024-00000190,PO-2024-0000113,1,DC_VLC,PROD_003503,SUP_00004,251,2024-02-05,0.7499
GR-2024-00000191,PO-2024-0000122,1,DC_ZGZ,PROD_001524,SUP_00017,242,2024-02-05,1.8592
GR-2024-00000192,PO-2024-0000122,2,DC_ZGZ,PROD_001465,SUP_00017,202,2024-02-05,0.8025
GR-2024-00000193,PO-2024-0000128,1,DC_VLC,PROD_000088,SUP_00004,188,2024-02-05,0.7419
GR-2024-00000194,PO-2024-0000135,1,DC_BCN,PROD_001707,SUP_00017,171,2024-02-05,0.4052
GR-2024-00000195,PO-2024-0000135,2,DC_BCN,PROD_001052,SUP_00017,171,2024-02-05,1.7784
GR-2024-00000196,PO-2024-0000136,1,DC_ZGZ,PROD_002197,SUP_00017,164,2024-02-05,2.9013
GR-2024-00000197,PO-2024-0000143,1,DC_MAD,PROD_003223,SUP_00016,377,2024-02-05,2.932
GR-2024-00000198,PO-2024-0000165,1,DC_SEV,PROD_000848,SUP_00016,421,2024-02-05,0.6108
GR-2024-00000199,PO-2024-0000166,1,DC_ZGZ,PROD_001368,SUP_00015,195,2024-02-05,1.5344
GR-2024-00000200,PO-2024-0000166,2,DC_ZGZ,PROD_000404,SUP_00015,224,2024-02-05,1.3361
GR-2024-00000201,PO-2024-0000168,1,DC_SEV,PROD_000378,SUP_00007,284,2024-02-05,1.8388
GR-2024-00000202,PO-2024-0000168,2,DC_SEV,PROD_000316,SUP_00007,444,2024-02-05,1.0308
GR-2024-00000203,PO-2024-0000170,1,DC_ZGZ,PROD_001073,SUP_00007,224,2024-02-05,1.1287
GR-2024-00000204,PO-2024-0000175,1,DC_VLC,PROD_001690,SUP_00007,181,2024-02-05,0.9809
GR-2024-00000205,PO-2024-0000121,1,DC_ZGZ,PROD_003376,SUP_00004,378,2024-02-06,2.3225
GR-2024-00000206,PO-2024-0000121,2,DC_ZGZ,PROD_003413,SUP_00004,160,2024-02-06,1.3947
GR-2024-00000207,PO-2024-0000134,1,DC_SEV,PROD_000433,SUP_00017,286,2024-02-06,0.7295
GR-2024-00000208,PO-2024-0000134,2,DC_SEV,PROD_001110,SUP_00017,500,2024-02-06,1.0632
GR-2024-00000209,PO-2024-0000156,1,DC_BCN,PROD_003065,SUP_00016,135,2024-02-06,1.6801
GR-2024-00000210,PO-2024-0000173,1,DC_SEV,PROD_001351,SUP_00015,374,2024-02-06,0.8186
GR-2024-00000211,PO-2024-0000117,1,DC_BCN,PROD_001706,SUP_00014,203,2024-02-07,4.4081
GR-2024-00000212,PO-2024-0000125,1,DC_BCN,PROD_003501,SUP_00004,311,2024-02-07,1.0157
GR-2024-00000213,PO-2024-0000176,1,DC_SEV,PROD_003624,SUP_00016,417,2024-02-07,1.4971
GR-2024-00000214,PO-2024-0000180,1,DC_BCN,PROD_001395,SUP_00019,224,2024-02-07,1.3571
GR-2024-00000215,PO-2024-0000140,1,DC_ZGZ,PROD_002607,SUP_00014,188,2024-02-08,2.567
GR-2024-00000216,PO-2024-0000141,1,DC_BCN,PROD_003348,SUP_00004,238,2024-02-08,0.8957
GR-2024-00000217,PO-2024-0000167,1,DC_ZGZ,PROD_002988,SUP_00016,238,2024-02-08,5.7308
GR-2024-00000218,PO-2024-0000167,2,DC_ZGZ,PROD_001126,SUP_00016,251,2024-02-08,0.9566
GR-2024-00000219,PO-2024-0000138,1,DC_ZGZ,PROD_003423,SUP_00004,335,2024-02-09,0.816
GR-2024-00000220,PO-2024-0000152,1,DC_BCN,PROD_002420,SUP_00014,237,2024-02-09,6.6699
GR-2024-00000221,PO-2024-0000152,2,DC_BCN,PROD_001907,SUP_00014,160,2024-02-09,0.7104
GR-2024-00000222,PO-2024-0000181,1,DC_VLC,PROD_002453,SUP_00007,197,2024-02-09,2.4277
GR-2024-00000223,PO-2024-0000144,1,DC_MAD,PROD_003368,SUP_00004,285,2024-02-10,1.1599
GR-2024-00000224,PO-2024-0000145,1,DC_MAD,PROD_002587,SUP_00014,372,2024-02-10,3.4
GR-2024-00000225,PO-2024-0000161,1,DC_BCN,PROD_003439,SUP_00004,317,2024-02-10,0.7114
GR-2024-00000226,PO-2024-0000162,1,DC_SEV,PROD_001839,SUP_00014,205,2024-02-10,0.7255
GR-2024-00000227,PO-2024-0000171,1,DC_ZGZ,PROD_000081,SUP_00004,181,2024-02-10,1.5658
GR-2024-00000228,PO-2024-0000186,1,DC_MAD,PROD_000541,SUP_00007,384,2024-02-10,4.327
GR-2024-00000229,PO-2024-0000189,1,DC_BCN,PROD_000879,SUP_00015,231,2024-02-10,0.9472
GR-2024-00000230,PO-2024-0000190,1,DC_BCN,PROD_000966,SUP_00007,217,2024-02-10,1.0169
GR-2024-00000231,PO-2024-0000195,1,DC_BCN,PROD_003630,SUP_00019,235,2024-02-10,0.9559
GR-2024-00000232,PO-2024-0000197,1,DC_ZGZ,PROD_001796,SUP_00019,237,2024-02-10,1.5511
GR-2024-00000233,PO-2024-0000149,1,DC_BCN,PROD_003527,SUP_00004,270,2024-02-11,1.206
GR-2024-00000234,PO-2024-0000153,1,DC_MAD,PROD_000091,SUP_00004,453,2024-02-11,1.691
GR-2024-00000235,PO-2024-0000184,1,DC_BCN,PROD_000062,SUP_00016,122,2024-02-11,2.1617
GR-2024-00000236,PO-2024-0000187,1,DC_BCN,PROD_001745,SUP_00016,254,2024-02-11,1.1573
GR-2024-00000237,PO-2024-0000187,2,DC_BCN,PROD_002717,SUP_00016,273,2024-02-11,0.8695
GR-2024-00000238,PO-2024-0000191,1,DC_ZGZ,PROD_002054,SUP_00015,274,2024-02-11,0.9117
GR-2024-00000239,PO-2024-0000193,1,DC_BCN,PROD_000873,SUP_00007,222,2024-02-11,3.166
GR-2024-00000240,PO-2024-0000159,1,DC_BCN,PROD_001217,SUP_00014,108,2024-02-12,1.769
GR-2024-00000241,PO-2024-0000169,1,DC_ZGZ,PROD_001914,SUP_00014,306,2024-02-12,4.4152
GR-2024-00000242,PO-2024-0000169,2,DC_ZGZ,PROD_001823,SUP_00014,412,2024-02-12,1.8413
GR-2024-00000243,PO-2024-0000169,3,DC_ZGZ,PROD_000578,SUP_00014,275,2024-02-12,2.2322
GR-2024-00000244,PO-2024-0000174,1,DC_SEV,PROD_000818,SUP_00014,319,2024-02-12,1.2905
GR-2024-00000245,PO-2024-0000177,1,DC_ZGZ,PROD_002201,SUP_00014,254,2024-02-12,1.3883
GR-2024-00000246,PO-2024-0000179,1,DC_MAD,PROD_000298,SUP_00017,291,2024-02-12,1.2007
GR-2024-00000247,PO-2024-0000179,2,DC_MAD,PROD_001183,SUP_00017,462,2024-02-12,0.8473
GR-2024-00000248,PO-2024-0000200,1,DC_BCN,PROD_001095,SUP_00007,232,2024-02-12,1.0296
GR-2024-00000249,PO-2024-0000200,2,DC_BCN,PROD_001525,SUP_00007,207,2024-02-12,5.6862
GR-2024-00000250,PO-2024-0000200,3,DC_BCN,PROD_001466,SUP_00007,105,2024-02-12,0.9517
GR-2024-00000251,PO-2024-0000200,4,DC_BCN,PROD_000254,SUP_00007,173,2024-02-12,0.5265
GR-2024-00000252,PO-2024-0000200,5,DC_BCN,PROD_001772,SUP_00007,109,2024-02-12,1.6358
GR-2024-00000253,PO-2024-0000204,1,DC_MAD,PROD_002534,SUP_00007,459,2024-02-12,1.3162
GR-2024-00000254,PO-2024-0000207,1,DC_MAD,PROD_000651,SUP_00019,312,2024-02-12,2.1758
GR-2024-00000255,PO-2024-0000211,1,DC_BCN,PROD_001330,SUP_00019,280,2024-02-12,1.5546
GR-2024-00000256,PO-2024-0000196,1,DC_VLC,PROD_003205,SUP_00016,394,2024-02-13,2.1219
GR-2024-00000257,PO-2024-0000199,1,DC_SEV,PROD_002965,SUP_00016,339,2024-02-13,1.922
GR-2024-00000258,PO-2024-0000201,1,DC_BCN,PROD_003082,SUP_00016,199,2024-02-13,1.9736
GR-2024-00000259,PO-2024-0000201,2,DC_BCN,PROD_003018,SUP_00016,181,2024-02-13,1.9823
GR-2024-00000260,PO-2024-0000212,1,DC_BCN,PROD_001418,SUP_00007,208,2024-02-13,9.8599
GR-2024-00000261,PO-2024-0000213,1,DC_SEV,PROD_001128,SUP_00007,447,2024-02-13,1.9009
GR-2024-00000262,PO-2024-0000213,2,DC_SEV,PROD_000148,SUP_00007,346,2024-02-13,1.0315
GR-2024-00000263,PO-2024-0000218,1,DC_BCN,PROD_001491,SUP_00007,227,2024-02-13,0.6889
GR-2024-00000264,PO-2024-0000194,1,DC_ZGZ,PROD_003017,SUP_00016,190,2024-02-14,0.5211
GR-2024-00000265,PO-2024-0000202,1,DC_ZGZ,PROD_002625,SUP_00016,308,2024-02-14,1.9587
GR-2024-00000266,PO-2024-0000217,1,DC_VLC,PROD_003107,SUP_00016,290,2024-02-14,1.9158
GR-2024-00000267,PO-2024-0000183,1,DC_VLC,PROD_000769,SUP_00017,157,2024-02-15,0.9121
GR-2024-00000268,PO-2024-0000183,2,DC_VLC,PROD_002999,SUP_00017,161,2024-02-15,0.6857
GR-2024-00000269,PO-2024-0000215,1,DC_MAD,PROD_000691,SUP_00016,223,2024-02-15,1.1488
GR-2024-00000270,PO-2024-0000230,1,DC_VLC,PROD_001855,SUP_00019,260,2024-02-15,2.0265
GR-2024-00000271,PO-2024-0000230,2,DC_VLC,PROD_000319,SUP_00019,321,2024-02-15,1.532
GR-2024-00000272,PO-2024-0000178,1,DC_MAD,PROD_000551,SUP_00014,380,2024-02-16,1.4085
GR-2024-00000273,PO-2024-0000178,2,DC_MAD,PROD_002011,SUP_00014,498,2024-02-16,3.5986
GR-2024-00000274,PO-2024-0000178,3,DC_MAD,PROD_002464,SUP_00014,215,2024-02-16,4.9519
GR-2024-00000275,PO-2024-0000182,1,DC_VLC,PROD_000507,SUP_00014,228,2024-02-16,9.0054
GR-2024-00000276,PO-2024-0000185,1,DC_ZGZ,PROD_003640,SUP_00017,169,2024-02-16,0.8294
GR-2024-00000277,PO-2024-0000224,1,DC_BCN,PROD_001282,SUP_00007,166,2024-02-16,2.6575
GR-2024-00000278,PO-2024-0000224,2,DC_BCN,PROD_001190,SUP_00007,151,2024-02-16,1.0891
GR-2024-00000279,PO-2024-0000224,3,DC_BCN,PROD_000479,SUP_00007,200,2024-02-16,3.0935
GR-2024-00000280,PO-2024-0000224,4,DC_BCN,PROD_002301,SUP_00007,128,2024-02-16,0.991
GR-2024-00000281,PO-2024-0000224,5,DC_BCN,PROD_001565,SUP_00007,123,2024-02-16,0.3192
GR-2024-00000282,PO-2024-0000228,1,DC_MAD,PROD_001000,SUP_00007,619,2024-02-16,3.1777
GR-2024-00000283,PO-2024-0000231,1,DC_VLC,PROD_000940,SUP_00007,186,2024-02-16,0.8101
GR-2024-00000284,PO-2024-0000188,1,DC_MAD,PROD_002557,SUP_00014,488,2024-02-17,1.9413
GR-2024-00000285,PO-2024-0000219,1,DC_BCN,PROD_002856,SUP_00016,164,2024-02-17,0.8369
GR-2024-00000286,PO-2024-0000220,1,DC_SEV,PROD_002980,SUP_00016,488,2024-02-17,0.9518
GR-2024-00000287,PO-2024-0000222,1,DC_BCN,PROD_001442,SUP_00016,249,2024-02-17,0.7097
GR-2024-00000288,PO-2024-0000229,1,DC_MAD,PROD_003087,SUP_00016,326,2024-02-17,1.9726
GR-2024-00000289,PO-2024-0000233,1,DC_SEV,PROD_001029,SUP_00007,247,2024-02-17,0.732
GR-2024-00000290,PO-2024-0000242,1,DC_ZGZ,PROD_001266,SUP_00019,301,2024-02-17,5.9801
GR-2024-00000291,PO-2024-0000192,1,DC_SEV,PROD_003533,SUP_00004,467,2024-02-18,1.5129
GR-2024-00000292,PO-2024-0000203,1,DC_ZGZ,PROD_003538,SUP_00004,315,2024-02-18,14.7594
GR-2024-00000293,PO-2024-0000209,1,DC_BCN,PROD_002380,SUP_00017,205,2024-02-18,1.2013
GR-2024-00000294,PO-2024-0000226,1,DC_BCN,PROD_002636,SUP_00016,295,2024-02-18,1.2119
GR-2024-00000295,PO-2024-0000232,1,DC_SEV,PROD_002306,SUP_00005,398,2024-02-18,1.5432
GR-2024-00000296,PO-2024-0000243,1,DC_BCN,PROD_002520,SUP_00007,87,2024-02-18,1.371
GR-2024-00000297,PO-2024-0000245,1,DC_ZGZ,PROD_001133,SUP_00007,323,2024-02-18,1.1701
GR-2024-00000298,PO-2024-0000247,1,DC_ZGZ,PROD_001865,SUP_00019,182,2024-02-18,4.9176
GR-2024-00000299,PO-2024-0000247,2,DC_ZGZ,PROD_001219,SUP_00019,420,2024-02-18,2.0113
GR-2024-00000300,PO-2024-0000198,1,DC_SEV,PROD_001923,SUP_00014,261,2024-02-19,4.6176
GR-2024-00000301,PO-2024-0000208,1,DC_MAD,PROD_003528,SUP_00004,283,2024-02-19,2.5244
GR-2024-00000302,PO-2024-0000237,1,DC_ZGZ,PROD_003094,SUP_00016,211,2024-02-19,6.2265
GR-2024-00000303,PO-2024-0000237,2,DC_ZGZ,PROD_000011,SUP_00016,324,2024-02-19,3.0463
GR-2024-00000304,PO-2024-0000237,3,DC_ZGZ,PROD_003089,SUP_00016,341,2024-02-19,1.2119
GR-2024-00000305,PO-2024-0000240,1,DC_ZGZ,PROD_002787,SUP_00016,317,2024-02-19,0.9034
GR-2024-00000306,PO-2024-0000257,1,DC_ZGZ,PROD_000180,SUP_00007,281,2024-02-19,3.701
GR-2024-00000307,PO-2024-0000259,1,DC_SEV,PROD_003630,SUP_00019,286,2024-02-19,0.8502
GR-2024-00000308,PO-2024-0000238,1,DC_MAD,PROD_003226,SUP_00016,573,2024-02-20,3.486
GR-2024-00000309,PO-2024-0000241,1,DC_SEV,PROD_003034,SUP_00016,432,2024-02-20,1.7742
GR-2024-00000310,PO-2024-0000253,1,DC_ZGZ,PROD_001254,SUP_00015,231,2024-02-20,2.2802
GR-2024-00000311,PO-2024-0000253,2,DC_ZGZ,PROD_002445,SUP_00015,252,2024-02-20,0.7748
GR-2024-00000312,PO-2024-0000205,1,DC_BCN,PROD_000578,SUP_00014,165,2024-02-21,2.5837
GR-2024-00000313,PO-2024-0000206,1,DC_BCN,PROD_000096,SUP_00004,177,2024-02-21,1.3368
GR-2024-00000314,PO-2024-0000214,1,DC_SEV,PROD_003667,SUP_00014,371,2024-02-21,2.2129
GR-2024-00000315,PO-2024-0000216,1,DC_ZGZ,PROD_000681,SUP_00014,282,2024-02-21,1.5302
GR-2024-00000316,PO-2024-0000225,1,DC_BCN,PROD_002206,SUP_00017,285,2024-02-21,0.6312
GR-2024-00000317,PO-2024-0000225,2,DC_BCN,PROD_003611,SUP_00017,244,2024-02-21,3.8875
GR-2024-00000318,PO-2024-0000234,1,DC_MAD,PROD_001759,SUP_00017,322,2024-02-21,1.1687
GR-2024-00000319,PO-2024-0000265,1,DC_ZGZ,PROD_002140,SUP_00007,199,2024-02-21,0.253
GR-2024-00000320,PO-2024-0000266,1,DC_VLC,PROD_000662,SUP_00007,130,2024-02-21,2.1528
GR-2024-00000321,PO-2024-0000272,1,DC_SEV,PROD_002086,SUP_00019,176,2024-02-21,1.7022
GR-2024-00000322,PO-2024-0000210,1,DC_BCN,PROD_003716,SUP_00004,178,2024-02-22,1.5679
GR-2024-00000323,PO-2024-0000210,2,DC_BCN,PROD_003410,SUP_00004,192,2024-02-22,0.7022
GR-2024-00000324,PO-2024-0000221,1,DC_BCN,PROD_002935,SUP_00017,134,2024-02-22,0.8438
GR-2024-00000325,PO-2024-0000223,1,DC_SEV,PROD_003589,SUP_00017,466,2024-02-22,2.5219
GR-2024-00000326,PO-2024-0000223,2,DC_SEV,PROD_001141,SUP_00017,236,2024-02-22,1.7604
GR-2024-00000327,PO-2024-0000227,1,DC_BCN,PROD_000087,SUP_00004,136,2024-02-22,0.9859
GR-2024-00000328,PO-2024-0000227,2,DC_BCN,PROD_003467,SUP_00004,197,2024-02-22,0.8952
GR-2024-00000329,PO-2024-0000227,3,DC_BCN,PROD_000776,SUP_00004,303,2024-02-22,0.523
GR-2024-00000330,PO-2024-0000235,1,DC_ZGZ,PROD_002884,SUP_00017,172,2024-02-22,1.6271
GR-2024-00000331,PO-2024-0000255,1,DC_SEV,PROD_002728,SUP_00016,289,2024-02-22,1.7825
GR-2024-00000332,PO-2024-0000255,2,DC_SEV,PROD_000416,SUP_00016,284,2024-02-22,1.1038
GR-2024-00000333,PO-2024-0000258,1,DC_ZGZ,PROD_003132,SUP_00016,192,2024-02-22,0.7239
GR-2024-00000334,PO-2024-0000267,1,DC_BCN,PROD_002144,SUP_00007,101,2024-02-22,1.3028
GR-2024-00000335,PO-2024-0000267,2,DC_BCN,PROD_000425,SUP_00007,227,2024-02-22,0.9388
GR-2024-00000336,PO-2024-0000271,1,DC_ZGZ,PROD_002331,SUP_00007,345,2024-02-22,1.644
GR-2024-00000337,PO-2024-0000249,1,DC_ZGZ,PROD_002164,SUP_00017,287,2024-02-23,0.5195
GR-2024-00000338,PO-2024-0000236,1,DC_ZGZ,PROD_001383,SUP_00014,214,2024-02-24,3.0715
GR-2024-00000339,PO-2024-0000244,1,DC_BCN,PROD_001118,SUP_00014,316,2024-02-24,1.6624
GR-2024-00000340,PO-2024-0000269,1,DC_ZGZ,PROD_003012,SUP_00016,128,2024-02-24,0.6052
GR-2024-00000341,PO-2024-0000277,1,DC_ZGZ,PROD_000058,SUP_00016,238,2024-02-24,2.5613
GR-2024-00000342,PO-2024-0000278,1,DC_MAD,PROD_000171,SUP_00007,433,2024-02-24,0.8985
GR-2024-00000343,PO-2024-0000278,2,DC_MAD,PROD_002284,SUP_00007,305,2024-02-24,1.799
GR-2024-00000344,PO-2024-0000250,1,DC_MAD,PROD_000270,SUP_00017,494,2024-02-25,1.3408
GR-2024-00000345,PO-2024-0000250,2,DC_MAD,PROD_001287,SUP_00017,491,2024-02-25,1.4369
GR-2024-00000346,PO-2024-0000260,1,DC_SEV,PROD_001695,SUP_00014,191,2024-02-25,2.6571
GR-2024-00000347,PO-2024-0000261,1,DC_VLC,PROD_003292,SUP_00004,163,2024-02-25,0.5796
GR-2024-00000348,PO-2024-0000263,1,DC_ZGZ,PROD_001820,SUP_00017,323,2024-02-25,1.5963
GR-2024-00000349,PO-2024-0000276,1,DC_BCN,PROD_002779,SUP_00016,198,2024-02-25,3.5126
GR-2024-00000350,PO-2024-0000281,1,DC_SEV,PROD_002750,SUP_00005,258,2024-02-25,2.5285
GR-2024-00000351,PO-2024-0000246,1,DC_ZGZ,PROD_001414,SUP_00014,337,2024-02-26,1.6542
GR-2024-00000352,PO-2024-0000246,2,DC_ZGZ,PROD_002299,SUP_00014,105,2024-02-26,1.3948
GR-2024-00000353,PO-2024-0000248,1,DC_ZGZ,PROD_003351,SUP_00004,356,2024-02-26,0.8984
GR-2024-00000354,PO-2024-0000252,1,DC_MAD,PROD_002312,SUP_00014,230,2024-02-26,1.3696
GR-2024-00000355,PO-2024-0000252,2,DC_MAD,PROD_000595,SUP_00014,531,2024-02-26,2.1697
GR-2024-00000356,PO-2024-0000262,1,DC_ZGZ,PROD_003491,SUP_00004,231,2024-02-26,0.8202
GR-2024-00000357,PO-2024-0000268,1,DC_BCN,PROD_001055,SUP_00017,164,2024-02-26,1.0404
GR-2024-00000358,PO-2024-0000282,1,DC_BCN,PROD_001924,SUP_00007,341,2024-02-26,0.3146
GR-2024-00000359,PO-2024-0000239,1,DC_ZGZ,PROD_003295,SUP_00004,246,2024-02-27,0.8173
GR-2024-00000360,PO-2024-0000251,1,DC_MAD,PROD_003489,SUP_00004,570,2024-02-27,0.9464
GR-2024-00000361,PO-2024-0000254,1,DC_ZGZ,PROD_003281,SUP_00004,169,2024-02-27,0.5866
GR-2024-00000362,PO-2024-0000254,2,DC_ZGZ,PROD_003447,SUP_00004,237,2024-02-27,0.8836
GR-2024-00000363,PO-2024-0000256,1,DC_SEV,PROD_003521,SUP_00004,308,2024-02-27,2.4428
GR-2024-00000364,PO-2024-0000275,1,DC_SEV,PROD_001482,SUP_00017,241,2024-02-27,1.1129
GR-2024-00000365,PO-2024-0000285,1,DC_VLC,PROD_003680,SUP_00007,315,2024-02-27,0.9157
GR-2024-00000366,PO-2024-0000264,1,DC_ZGZ,PROD_000450,SUP_00014,271,2024-02-28,2.0801
GR-2024-00000367,PO-2024-0000273,1,DC_SEV,PROD_003496,SUP_00004,394,2024-02-28,1.1623
GR-2024-00000368,PO-2024-0000274,1,DC_SEV,PROD_001666,SUP_00014,295,2024-02-28,1.8599
GR-2024-00000369,PO-2024-0000274,2,DC_SEV,PROD_001784,SUP_00014,182,2024-02-28,0.997
GR-2024-00000370,PO-2024-0000279,1,DC_ZGZ,PROD_001698,SUP_00017,245,2024-02-28,0.6687
GR-2024-00000371,PO-2024-0000283,1,DC_MAD,PROD_003652,SUP_00016,442,2024-02-28,1.1643
GR-2024-00000372,PO-2024-0000286,1,DC_VLC,PROD_002561,SUP_00016,384,2024-02-28,0.9302
GR-2024-00000373,PO-2024-0000292,1,DC_SEV,PROD_001024,SUP_00015,161,2024-02-29,0.7268
GR-2024-00000374,PO-2024-0000288,1,DC_MAD,PROD_002899,SUP_00016,228,2024-03-01,1.0224
GR-2024-00000375,PO-2024-0000289,1,DC_BCN,PROD_003023,SUP_00016,275,2024-03-01,0.8549
GR-2024-00000376,PO-2024-0000296,1,DC_BCN,PROD_002524,SUP_00007,119,2024-03-01,1.0164
GR-2024-00000377,PO-2024-0000296,2,DC_BCN,PROD_000810,SUP_00007,255,2024-03-01,1.2881
GR-2024-00000378,PO-2024-0000296,3,DC_BCN,PROD_001851,SUP_00007,104,2024-03-01,1.8048
GR-2024-00000379,PO-2024-0000296,4,DC_BCN,PROD_002071,SUP_00007,152,2024-03-01,1.3031
GR-2024-00000380,PO-2024-0000300,1,DC_ZGZ,PROD_000214,SUP_00007,200,2024-03-01,2.2148
GR-2024-00000381,PO-2024-0000270,1,DC_ZGZ,PROD_000229,SUP_00014,224,2024-03-02,2.0365
GR-2024-00000382,PO-2024-0000299,1,DC_ZGZ,PROD_002977,SUP_00016,247,2024-03-02,1.2848
GR-2024-00000383,PO-2024-0000302,1,DC_BCN,PROD_000544,SUP_00015,140,2024-03-02,1.0954
GR-2024-00000384,PO-2024-0000305,1,DC_MAD,PROD_001852,SUP_00007,363,2024-03-02,4.8981
GR-2024-00000385,PO-2024-0000305,2,DC_MAD,PROD_000359,SUP_00007,310,2024-03-02,3.9634
GR-2024-00000386,PO-2024-0000305,3,DC_MAD,PROD_001243,SUP_00007,395,2024-03-02,1.7598
GR-2024-00000387,PO-2024-0000305,4,DC_MAD,PROD_001354,SUP_00007,166,2024-03-02,0.2982
GR-2024-00000388,PO-2024-0000280,1,DC_SEV,PROD_000664,SUP_00014,242,2024-03-03,2.173
GR-2024-00000389,PO-2024-0000284,1,DC_BCN,PROD_003518,SUP_00004,170,2024-03-03,0.8845
GR-2024-00000390,PO-2024-0000295,1,DC_MAD,PROD_002958,SUP_00016,407,2024-03-03,0.7567
GR-2024-00000391,PO-2024-0000297,1,DC_BCN,PROD_001108,SUP_00016,155,2024-03-03,1.51
GR-2024-00000392,PO-2024-0000297,2,DC_BCN,PROD_002563,SUP_00016,281,2024-03-03,0.8413
GR-2024-00000393,PO-2024-0000297,3,DC_BCN,PROD_000797,SUP_00016,338,2024-03-03,1.1322
GR-2024-00000394,PO-2024-0000297,4,DC_BCN,PROD_003120,SUP_00016,147,2024-03-03,1.2844
GR-2024-00000395,PO-2024-0000297,5,DC_BCN,PROD_002734,SUP_00016,172,2024-03-03,0.6311
GR-2024-00000396,PO-2024-0000303,1,DC_BCN,PROD_003128,SUP_00016,141,2024-03-03,1.0111
GR-2024-00000397,PO-2024-0000308,1,DC_MAD,PROD_000222,SUP_00015,407,2024-03-04,0.5742
GR-2024-00000398,PO-2024-0000308,2,DC_MAD,PROD_001990,SUP_00015,357,2024-03-04,1.2361
GR-2024-00000399,PO-2024-0000309,1,DC_MAD,PROD_000503,SUP_00007,338,2024-03-04,2.9643
GR-2024-00000400,PO-2024-0000313,1,DC_SEV,PROD_000697,SUP_00019,246,2024-03-04,1.7341
GR-2024-00000401,PO-2024-0000287,1,DC_MAD,PROD_002098,SUP_00014,282,2024-03-05,6.1503
GR-2024-00000402,PO-2024-0000287,2,DC_MAD,PROD_000373,SUP_00014,282,2024-03-05,1.7188
GR-2024-00000403,PO-2024-0000290,1,DC_BCN,PROD_000775,SUP_00004,184,2024-03-05,1.0239
GR-2024-00000404,PO-2024-0000291,1,DC_BCN,PROD_001909,SUP_00017,170,2024-03-05,2.323
GR-2024-00000405,PO-2024-0000291,2,DC_BCN,PROD_002882,SUP_00017,119,2024-03-05,0.9538
GR-2024-00000406,PO-2024-0000301,1,DC_ZGZ,PROD_003049,SUP_00016,322,2024-03-05,1.128
GR-2024-00000407,PO-2024-0000311,1,DC_SEV,PROD_001470,SUP_00015,237,2024-03-05,2.3178
GR-2024-00000408,PO-2024-0000314,1,DC_VLC,PROD_000218,SUP_00007,231,2024-03-05,0.8122
GR-2024-00000409,PO-2024-0000294,1,DC_SEV,PROD_003601,SUP_00017,281,2024-03-06,8.4481
GR-2024-00000410,PO-2024-0000319,1,DC_MAD,PROD_000159,SUP_00015,328,2024-03-06,1.2516
GR-2024-00000411,PO-2024-0000293,1,DC_SEV,PROD_001985,SUP_00014,242,2024-03-07,1.3231
GR-2024-00000412,PO-2024-0000307,1,DC_MAD,PROD_002774,SUP_00016,502,2024-03-07,0.9117
GR-2024-00000413,PO-2024-0000310,1,DC_SEV,PROD_002668,SUP_00016,361,2024-03-07,0.8493
GR-2024-00000414,PO-2024-0000316,1,DC_BCN,PROD_001592,SUP_00007,264,2024-03-07,5.1837
GR-2024-00000415,PO-2024-0000320,1,DC_ZGZ,PROD_000483,SUP_00019,137,2024-03-07,2.1032
GR-2024-00000416,PO-2024-0000298,1,DC_ZGZ,PROD_001467,SUP_00014,118,2024-03-08,1.0265
GR-2024-00000417,PO-2024-0000304,1,DC_BCN,PROD_001646,SUP_00017,187,2024-03-08,3.1767
GR-2024-00000418,PO-2024-0000312,1,DC_SEV,PROD_002636,SUP_00016,257,2024-03-08,1.0264
GR-2024-00000419,PO-2024-0000322,1,DC_BCN,PROD_000261,SUP_00007,89,2024-03-08,0.6468
GR-2024-00000420,PO-2024-0000322,2,DC_BCN,PROD_000124,SUP_00007,232,2024-03-08,3.784
GR-2024-00000421,PO-2024-0000329,1,DC_SEV,PROD_000287,SUP_00015,298,2024-03-08,0.6912
GR-2024-00000422,PO-2024-0000330,1,DC_SEV,PROD_000193,SUP_00007,329,2024-03-08,0.69
GR-2024-00000423,PO-2024-0000330,2,DC_SEV,PROD_001551,SUP_00007,210,2024-03-08,0.7076
GR-2024-00000424,PO-2024-0000337,1,DC_SEV,PROD_000167,SUP_00019,129,2024-03-08,1.4816
GR-2024-00000425,PO-2024-0000306,1,DC_BCN,PROD_002162,SUP_00014,205,2024-03-09,2.1665
GR-2024-00000426,PO-2024-0000318,1,DC_MAD,PROD_002965,SUP_00016,265,2024-03-09,2.183
GR-2024-00000427,PO-2024-0000332,1,DC_SEV,PROD_002457,SUP_00007,404,2024-03-09,0.9214
GR-2024-00000428,PO-2024-0000336,1,DC_SEV,PROD_001873,SUP_00015,229,2024-03-09,0.9129
GR-2024-00000429,PO-2024-0000315,1,DC_VLC,PROD_003421,SUP_00004,313,2024-03-10,1.605
GR-2024-00000430,PO-2024-0000317,1,DC_VLC,PROD_003207,SUP_00016,188,2024-03-10,1.3453
GR-2024-00000431,PO-2024-0000321,1,DC_ZGZ,PROD_002886,SUP_00016,180,2024-03-10,0.5502
GR-2024-00000432,PO-2024-0000323,1,DC_BCN,PROD_001704,SUP_00016,247,2024-03-10,2.149
GR-2024-00000433,PO-2024-0000338,1,DC_VLC,PROD_001715,SUP_00016,157,2024-03-10,1.7465
GR-2024-00000434,PO-2024-0000339,1,DC_SEV,PROD_000280,SUP_00007,311,2024-03-10,1.0923
GR-2024-00000435,PO-2024-0000343,1,DC_ZGZ,PROD_000931,SUP_00015,253,2024-03-10,0.6875
GR-2024-00000436,PO-2024-0000344,1,DC_MAD,PROD_001632,SUP_00007,351,2024-03-10,0.6734
GR-2024-00000437,PO-2024-0000324,1,DC_SEV,PROD_002958,SUP_00016,365,2024-03-11,0.7006
GR-2024-00000438,PO-2024-0000324,2,DC_SEV,PROD_003103,SUP_00016,320,2024-03-11,1.9033
GR-2024-00000439,PO-2024-0000356,1,DC_BCN,PROD_000924,SUP_00019,211,2024-03-11,1.5269
GR-2024-00000440,PO-2024-0000356,2,DC_BCN,PROD_003659,SUP_00019,121,2024-03-11,2.1713
GR-2024-00000441,PO-2024-0000333,1,DC_ZGZ,PROD_000763,SUP_00016,306,2024-03-12,2.8564
GR-2024-00000442,PO-2024-0000340,1,DC_SEV,PROD_003057,SUP_00016,270,2024-03-12,0.5014
GR-2024-00000443,PO-2024-0000340,2,DC_SEV,PROD_002740,SUP_00016,317,2024-03-12,0.538
GR-2024-00000444,PO-2024-0000349,1,DC_BCN,PROD_002087,SUP_00007,196,2024-03-12,4.5061
GR-2024-00000445,PO-2024-0000349,2,DC_BCN,PROD_001502,SUP_00007,179,2024-03-12,1.6607
GR-2024-00000446,PO-2024-0000349,3,DC_BCN,PROD_002483,SUP_00007,326,2024-03-12,4.644
GR-2024-00000447,PO-2024-0000349,4,DC_BCN,PROD_002273,SUP_00007,241,2024-03-12,13.6756
GR-2024-00000448,PO-2024-0000350,1,DC_BCN,PROD_002657,SUP_00005,156,2024-03-12,3.1134
GR-2024-00000449,PO-2024-0000357,1,DC_BCN,PROD_002461,SUP_00015,146,2024-03-12,0.8386
GR-2024-00000450,PO-2024-0000358,1,DC_MAD,PROD_002513,SUP_00007,316,2024-03-12,1.402
GR-2024-00000451,PO-2024-0000358,2,DC_MAD,PROD_001315,SUP_00007,464,2024-03-12,2.5051
GR-2024-00000452,PO-2024-0000325,1,DC_BCN,PROD_001464,SUP_00017,231,2024-03-13,1.3478
GR-2024-00000453,PO-2024-0000331,1,DC_VLC,PROD_000485,SUP_00014,275,2024-03-13,3.2639
GR-2024-00000454,PO-2024-0000359,1,DC_MAD,PROD_003046,SUP_00016,197,2024-03-13,1.9552
GR-2024-00000455,PO-2024-0000361,1,DC_MAD,PROD_002412,SUP_00019,164,2024-03-13,0.9623
GR-2024-00000456,PO-2024-0000364,1,DC_SEV,PROD_001680,SUP_00007,380,2024-03-13,0.7482
GR-2024-00000457,PO-2024-0000326,1,DC_BCN,PROD_001718,SUP_00014,280,2024-03-14,1.4032
GR-2024-00000458,PO-2024-0000326,2,DC_BCN,PROD_002522,SUP_00014,223,2024-03-14,2.1832
GR-2024-00000459,PO-2024-0000334,1,DC_MAD,PROD_000781,SUP_00017,455,2024-03-14,0.7022
GR-2024-00000460,PO-2024-0000351,1,DC_SEV,PROD_002626,SUP_00016,476,2024-03-14,0.4374
GR-2024-00000461,PO-2024-0000351,2,DC_SEV,PROD_002614,SUP_00016,317,2024-03-14,0.7551
GR-2024-00000462,PO-2024-0000360,1,DC_VLC,PROD_000014,SUP_00016,152,2024-03-14,0.8588
GR-2024-00000463,PO-2024-0000360,2,DC_VLC,PROD_001769,SUP_00016,238,2024-03-14,0.779
GR-2024-00000464,PO-2024-0000362,1,DC_BCN,PROD_000412,SUP_00007,149,2024-03-14,0.5389
GR-2024-00000465,PO-2024-0000366,1,DC_ZGZ,PROD_000129,SUP_00019,158,2024-03-14,2.0636
GR-2024-00000466,PO-2024-0000366,2,DC_ZGZ,PROD_000629,SUP_00019,198,2024-03-14,1.4176
GR-2024-00000467,PO-2024-0000341,1,DC_BCN,PROD_002007,SUP_00017,192,2024-03-15,1.0037
GR-2024-00000468,PO-2024-0000347,1,DC_BCN,PROD_003092,SUP_00016,160,2024-03-15,2.5197
GR-2024-00000469,PO-2024-0000347,2,DC_BCN,PROD_003028,SUP_00016,311,2024-03-15,0.7024
GR-2024-00000470,PO-2024-0000347,3,DC_BCN,PROD_002707,SUP_00016,187,2024-03-15,3.022
GR-2024-00000471,PO-2024-0000347,4,DC_BCN,PROD_003053,SUP_00016,186,2024-03-15,1.0434
GR-2024-00000472,PO-2024-0000327,1,DC_SEV,PROD_003539,SUP_00004,274,2024-03-16,2.3261
GR-2024-00000473,PO-2024-0000328,1,DC_SEV,PROD_001511,SUP_00014,308,2024-03-16,4.1531
GR-2024-00000474,PO-2024-0000335,1,DC_MAD,PROD_001625,SUP_00014,442,2024-03-16,1.4385
GR-2024-00000475,PO-2024-0000352,1,DC_MAD,PROD_002082,SUP_00017,573,2024-03-16,0.5414
GR-2024-00000476,PO-2024-0000355,1,DC_BCN,PROD_001023,SUP_00017,193,2024-03-16,1.4863
GR-2024-00000477,PO-2024-0000363,1,DC_BCN,PROD_000046,SUP_00016,231,2024-03-16,1.1535
GR-2024-00000478,PO-2024-0000354,1,DC_BCN,PROD_002588,SUP_00014,184,2024-03-17,5.4688
GR-2024-00000479,PO-2024-0000369,1,DC_ZGZ,PROD_001178,SUP_00007,277,2024-03-17,0.9769
GR-2024-00000480,PO-2024-0000369,2,DC_ZGZ,PROD_001215,SUP_00007,261,2024-03-17,1.8713
GR-2024-00000481,PO-2024-0000342,1,DC_BCN,PROD_003420,SUP_00004,291,2024-03-18,1.8923
GR-2024-00000482,PO-2024-0000367,1,DC_ZGZ,PROD_002279,SUP_00016,212,2024-03-18,1.3842
GR-2024-00000483,PO-2024-0000367,2,DC_ZGZ,PROD_003149,SUP_00016,200,2024-03-18,0.9986
GR-2024-00000484,PO-2024-0000367,3,DC_ZGZ,PROD_003143,SUP_00016,314,2024-03-18,0.6082
GR-2024-00000485,PO-2024-0000370,1,DC_SEV,PROD_001778,SUP_00007,302,2024-03-18,3.5366
GR-2024-00000486,PO-2024-0000371,1,DC_VLC,PROD_002325,SUP_00007,326,2024-03-18,2.0968
GR-2024-00000487,PO-2024-0000348,1,DC_BCN,PROD_003330,SUP_00004,138,2024-03-19,1.7265
GR-2024-00000488,PO-2024-0000348,2,DC_BCN,PROD_001321,SUP_00004,249,2024-03-19,0.4839
GR-2024-00000489,PO-2024-0000348,3,DC_BCN,PROD_003409,SUP_00004,153,2024-03-19,0.8083
GR-2024-00000490,PO-2024-0000353,1,DC_MAD,PROD_001582,SUP_00014,356,2024-03-19,3.0951
GR-2024-00000491,PO-2024-0000373,1,DC_SEV,PROD_000641,SUP_00015,481,2024-03-19,0.3281
GR-2024-00000492,PO-2024-0000373,2,DC_SEV,PROD_002063,SUP_00015,297,2024-03-19,8.1682
GR-2024-00000493,PO-2024-0000374,1,DC_BCN,PROD_002204,SUP_00015,255,2024-03-19,1.7387
GR-2024-00000494,PO-2024-0000374,2,DC_BCN,PROD_000410,SUP_00015,134,2024-03-19,2.1252
GR-2024-00000495,PO-2024-0000376,1,DC_BCN,PROD_002113,SUP_00007,309,2024-03-19,1.5001
GR-2024-00000496,PO-2024-0000376,2,DC_BCN,PROD_000279,SUP_00007,236,2024-03-19,1.883
GR-2024-00000497,PO-2024-0000377,1,DC_SEV,PROD_002520,SUP_00007,242,2024-03-19,1.2262
GR-2024-00000498,PO-2024-0000379,1,DC_BCN,PROD_002426,SUP_00019,129,2024-03-19,2.4865
GR-2024-00000499,PO-2024-0000345,1,DC_BCN,PROD_001362,SUP_00014,165,2024-03-20,1.5802
GR-2024-00000500,PO-2024-0000346,1,DC_SEV,PROD_003458,SUP_00004,229,2024-03-20,0.5346
GR-2024-00000501,PO-2024-0000365,1,DC_SEV,PROD_000976,SUP_00017,207,2024-03-20,0.839
GR-2024-00000502,PO-2024-0000387,1,DC_SEV,PROD_002203,SUP_00015,338,2024-03-22,0.523
GR-2024-00000503,PO-2024-0000380,1,DC_VLC,PROD_002649,SUP_00016,104,2024-03-23,0.7892
GR-2024-00000504,PO-2024-0000382,1,DC_ZGZ,PROD_000746,SUP_00016,251,2024-03-23,1.7966
GR-2024-00000505,PO-2024-0000383,1,DC_ZGZ,PROD_002422,SUP_00016,245,2024-03-23,0.9339
GR-2024-00000506,PO-2024-0000388,1,DC_BCN,PROD_000122,SUP_00007,194,2024-03-23,1.53
GR-2024-00000507,PO-2024-0000372,1,DC_SEV,PROD_003430,SUP_00004,377,2024-03-24,0.7979
GR-2024-00000508,PO-2024-0000375,1,DC_BCN,PROD_002082,SUP_00017,162,2024-03-24,0.5549
GR-2024-00000509,PO-2024-0000386,1,DC_SEV,PROD_002746,SUP_00016,268,2024-03-24,1.9671
GR-2024-00000510,PO-2024-0000391,1,DC_VLC,PROD_000633,SUP_00015,228,2024-03-24,1.1361
GR-2024-00000511,PO-2024-0000368,1,DC_BCN,PROD_000080,SUP_00004,369,2024-03-25,0.4402
GR-2024-00000512,PO-2024-0000378,1,DC_SEV,PROD_001913,SUP_00017,184,2024-03-25,0.8922
GR-2024-00000513,PO-2024-0000396,1,DC_VLC,PROD_001441,SUP_00019,197,2024-03-25,3.1734
GR-2024-00000514,PO-2024-0000396,2,DC_VLC,PROD_001887,SUP_00019,213,2024-03-25,1.4946
GR-2024-00000515,PO-2024-0000392,1,DC_BCN,PROD_000691,SUP_00016,240,2024-03-26,1.1931
GR-2024-00000516,PO-2024-0000392,2,DC_BCN,PROD_001585,SUP_00016,80,2024-03-26,1.9505
GR-2024-00000517,PO-2024-0000393,1,DC_BCN,PROD_002339,SUP_00015,205,2024-03-26,0.7556
GR-2024-00000518,PO-2024-0000395,1,DC_VLC,PROD_000435,SUP_00015,185,2024-03-26,1.5798
GR-2024-00000519,PO-2024-0000381,1,DC_BCN,PROD_003415,SUP_00004,260,2024-03-27,0.4119
GR-2024-00000520,PO-2024-0000384,1,DC_SEV,PROD_003530,SUP_00004,256,2024-03-28,1.4835
GR-2024-00000521,PO-2024-0000385,1,DC_SEV,PROD_002108,SUP_00014,256,2024-03-28,1.9286
GR-2024-00000522,PO-2024-0000399,1,DC_BCN,PROD_001523,SUP_00007,99,2024-03-28,1.3779
GR-2024-00000523,PO-2024-0000406,1,DC_ZGZ,PROD_002574,SUP_00019,275,2024-03-29,3.3268
GR-2024-00000524,PO-2024-0000390,1,DC_VLC,PROD_001092,SUP_00014,163,2024-03-30,2.0056
GR-2024-00000525,PO-2024-0000390,2,DC_VLC,PROD_001858,SUP_00014,178,2024-03-30,2.3171
GR-2024-00000526,PO-2024-0000405,1,DC_ZGZ,PROD_001925,SUP_00015,177,2024-03-30,0.4195
GR-2024-00000527,PO-2024-0000403,1,DC_SEV,PROD_001540,SUP_00016,304,2024-03-31,1.3692
GR-2024-00000528,PO-2024-0000389,1,DC_BCN,PROD_003720,SUP_00004,189,2024-04-01,0.9209
GR-2024-00000529,PO-2024-0000397,1,DC_VLC,PROD_001461,SUP_00017,202,2024-04-01,1.3832
GR-2024-00000530,PO-2024-0000401,1,DC_MAD,PROD_002744,SUP_00016,306,2024-04-01,1.7931
GR-2024-00000531,PO-2024-0000404,1,DC_ZGZ,PROD_002799,SUP_00016,363,2024-04-01,2.0503
GR-2024-00000532,PO-2024-0000408,1,DC_BCN,PROD_002694,SUP_00016,239,2024-04-02,1.0176
GR-2024-00000533,PO-2024-0000408,2,DC_BCN,PROD_002705,SUP_00016,267,2024-04-02,0.7293
GR-2024-00000534,PO-2024-0000408,3,DC_BCN,PROD_003036,SUP_00016,184,2024-04-02,1.415
GR-2024-00000535,PO-2024-0000413,1,DC_BCN,PROD_001970,SUP_00015,286,2024-04-02,0.7151
GR-2024-00000536,PO-2024-0000414,1,DC_BCN,PROD_003678,SUP_00007,191,2024-04-02,1.133
GR-2024-00000537,PO-2024-0000415,1,DC_ZGZ,PROD_001807,SUP_00007,181,2024-04-02,0.8333
GR-2024-00000538,PO-2024-0000416,1,DC_ZGZ,PROD_002398,SUP_00015,210,2024-04-02,0.7003
GR-2024-00000539,PO-2024-0000420,1,DC_BCN,PROD_001074,SUP_00007,317,2024-04-02,0.6983
GR-2024-00000540,PO-2024-0000410,1,DC_ZGZ,PROD_002669,SUP_00016,340,2024-04-03,0.3225
GR-2024-00000541,PO-2024-0000417,1,DC_BCN,PROD_003137,SUP_00016,218,2024-04-03,1.8373
GR-2024-00000542,PO-2024-0000418,1,DC_ZGZ,PROD_003655,SUP_00007,292,2024-04-03,1.1465
GR-2024-00000543,PO-2024-0000427,1,DC_MAD,PROD_001636,SUP_00007,294,2024-04-03,1.4191
GR-2024-00000544,PO-2024-0000394,1,DC_VLC,PROD_001818,SUP_00014,332,2024-04-04,2.6717
GR-2024-00000545,PO-2024-0000394,2,DC_VLC,PROD_001516,SUP_00014,142,2024-04-04,5.7304
GR-2024-00000546,PO-2024-0000394,3,DC_VLC,PROD_001356,SUP_00014,102,2024-04-04,1.8495
GR-2024-00000547,PO-2024-0000394,4,DC_VLC,PROD_001467,SUP_00014,93,2024-04-04,1.0367
GR-2024-00000548,PO-2024-0000394,5,DC_VLC,PROD_000372,SUP_00014,185,2024-04-04,2.0262
GR-2024-00000549,PO-2024-0000394,6,DC_VLC,PROD_002484,SUP_00014,184,2024-04-04,9.427
GR-2024-00000550,PO-2024-0000400,1,DC_BCN,PROD_000217,SUP_00017,223,2024-04-04,0.969
GR-2024-00000551,PO-2024-0000429,1,DC_VLC,PROD_000441,SUP_00015,121,2024-04-04,2.0431
GR-2024-00000552,PO-2024-0000430,1,DC_BCN,PROD_002223,SUP_00015,167,2024-04-04,1.5827
GR-2024-00000553,PO-2024-0000409,1,DC_ZGZ,PROD_003434,SUP_00004,192,2024-04-06,4.6646
GR-2024-00000554,PO-2024-0000424,1,DC_BCN,PROD_000718,SUP_00016,195,2024-04-06,1.7512
GR-2024-00000555,PO-2024-0000424,2,DC_BCN,PROD_002904,SUP_00016,254,2024-04-06,1.7836
GR-2024-00000556,PO-2024-0000426,1,DC_MAD,PROD_003242,SUP_00016,329,2024-04-06,2.4575
GR-2024-00000557,PO-2024-0000437,1,DC_MAD,PROD_001830,SUP_00007,570,2024-04-06,0.7535
GR-2024-00000558,PO-2024-0000441,1,DC_VLC,PROD_001390,SUP_00007,119,2024-04-06,4.2698
GR-2024-00000559,PO-2024-0000444,1,DC_BCN,PROD_000486,SUP_00019,114,2024-04-06,3.8604
GR-2024-00000560,PO-2024-0000398,1,DC_BCN,PROD_000090,SUP_00004,216,2024-04-07,1.1173
GR-2024-00000561,PO-2024-0000407,1,DC_BCN,PROD_003435,SUP_00004,257,2024-04-07,1.1253
GR-2024-00000562,PO-2024-0000407,2,DC_BCN,PROD_000104,SUP_00004,234,2024-04-07,1.669
GR-2024-00000563,PO-2024-0000428,1,DC_BCN,PROD_003024,SUP_00016,265,2024-04-07,0.5312
GR-2024-00000564,PO-2024-0000411,1,DC_MAD,PROD_003344,SUP_00004,270,2024-04-08,1.1192
GR-2024-00000565,PO-2024-0000423,1,DC_BCN,PROD_002721,SUP_00017,146,2024-04-08,1.0868
GR-2024-00000566,PO-2024-0000423,2,DC_BCN,PROD_001898,SUP_00017,152,2024-04-08,1.0295
GR-2024-00000567,PO-2024-0000423,3,DC_BCN,PROD_002544,SUP_00017,161,2024-04-08,0.9308
GR-2024-00000568,PO-2024-0000432,1,DC_ZGZ,PROD_000027,SUP_00016,162,2024-04-08,1.0907
GR-2024-00000569,PO-2024-0000442,1,DC_ZGZ,PROD_000852,SUP_00005,204,2024-04-08,0.658
GR-2024-00000570,PO-2024-0000445,1,DC_SEV,PROD_000261,SUP_00007,302,2024-04-08,0.5812
GR-2024-00000571,PO-2024-0000446,1,DC_BCN,PROD_002439,SUP_00007,199,2024-04-08,2.5185
GR-2024-00000572,PO-2024-0000448,1,DC_SEV,PROD_000239,SUP_00015,217,2024-04-08,0.7065
GR-2024-00000573,PO-2024-0000454,1,DC_ZGZ,PROD_001893,SUP_00019,214,2024-04-08,1.4533
GR-2024-00000574,PO-2024-0000402,1,DC_BCN,PROD_003303,SUP_00004,234,2024-04-09,0.7699
GR-2024-00000575,PO-2024-0000402,2,DC_BCN,PROD_003565,SUP_00004,117,2024-04-09,0.4618
GR-2024-00000576,PO-2024-0000419,1,DC_ZGZ,PROD_002767,SUP_00017,214,2024-04-09,3.5494
GR-2024-00000577,PO-2024-0000431,1,DC_BCN,PROD_002336,SUP_00017,247,2024-04-09,0.899
GR-2024-00000578,PO-2024-0000434,1,DC_ZGZ,PROD_002746,SUP_00016,268,2024-04-09,2.0186
GR-2024-00000579,PO-2024-0000443,1,DC_BCN,PROD_002928,SUP_00016,328,2024-04-09,0.7154
GR-2024-00000580,PO-2024-0000443,2,DC_BCN,PROD_001833,SUP_00016,363,2024-04-09,1.2155
GR-2024-00000581,PO-2024-0000450,1,DC_BCN,PROD_001734,SUP_00015,157,2024-04-09,1.2014
GR-2024-00000582,PO-2024-0000453,1,DC_ZGZ,PROD_002282,SUP_00007,365,2024-04-09,1.4209
GR-2024-00000583,PO-2024-0000455,1,DC_BCN,PROD_000500,SUP_00019,257,2024-04-09,1.7832
GR-2024-00000584,PO-2024-0000412,1,DC_MAD,PROD_001720,SUP_00014,424,2024-04-10,1.9076
GR-2024-00000585,PO-2024-0000447,1,DC_BCN,PROD_000453,SUP_00016,148,2024-04-10,0.9026
GR-2024-00000586,PO-2024-0000421,1,DC_BCN,PROD_000559,SUP_00014,191,2024-04-11,2.9572
GR-2024-00000587,PO-2024-0000425,1,DC_BCN,PROD_001625,SUP_00014,230,2024-04-11,1.4992
GR-2024-00000588,PO-2024-0000461,1,DC_BCN,PROD_002577,SUP_00019,171,2024-04-11,1.5195
GR-2024-00000589,PO-2024-0000422,1,DC_BCN,PROD_003351,SUP_00004,268,2024-04-12,1.004
GR-2024-00000590,PO-2024-0000433,1,DC_MAD,PROD_001613,SUP_00014,432,2024-04-12,1.8542
GR-2024-00000591,PO-2024-0000435,1,DC_MAD,PROD_001267,SUP_00014,412,2024-04-12,2.3575
GR-2024-00000592,PO-2024-0000435,2,DC_MAD,PROD_000583,SUP_00014,341,2024-04-12,1.8663
GR-2024-00000593,PO-2024-0000439,1,DC_SEV,PROD_000233,SUP_00017,251,2024-04-12,1.1539
GR-2024-00000594,PO-2024-0000452,1,DC_BCN,PROD_003125,SUP_00016,141,2024-04-12,2.1697
GR-2024-00000595,PO-2024-0000457,1,DC_MAD,PROD_002060,SUP_00015,328,2024-04-12,1.0135
GR-2024-00000596,PO-2024-0000456,1,DC_ZGZ,PROD_002207,SUP_00016,224,2024-04-13,0.6175
GR-2024-00000597,PO-2024-0000464,1,DC_BCN,PROD_002505,SUP_00015,201,2024-04-13,7.9392
GR-2024-00000598,PO-2024-0000438,1,DC_VLC,PROD_002108,SUP_00014,142,2024-04-14,2.0054
GR-2024-00000599,PO-2024-0000438,2,DC_VLC,PROD_002501,SUP_00014,237,2024-04-14,1.8287
GR-2024-00000600,PO-2024-0000440,1,DC_SEV,PROD_000086,SUP_00004,346,2024-04-14,0.8822
GR-2024-00000601,PO-2024-0000449,1,DC_BCN,PROD_001432,SUP_00014,329,2024-04-14,1.1929
GR-2024-00000602,PO-2024-0000458,1,DC_MAD,PROD_000765,SUP_00016,404,2024-04-14,1.1848
GR-2024-00000603,PO-2024-0000458,2,DC_MAD,PROD_002897,SUP_00016,192,2024-04-14,1.7753
GR-2024-00000604,PO-2024-0000458,3,DC_MAD,PROD_001609,SUP_00016,426,2024-04-14,0.9612
GR-2024-00000605,PO-2024-0000473,1,DC_BCN,PROD_002214,SUP_00019,153,2024-04-14,2.0867
GR-2024-00000606,PO-2024-0000436,1,DC_MAD,PROD_003287,SUP_00004,517,2024-04-15,1.0818
GR-2024-00000607,PO-2024-0000451,1,DC_BCN,PROD_003589,SUP_00017,121,2024-04-15,2.9174
GR-2024-00000608,PO-2024-0000465,1,DC_BCN,PROD_002816,SUP_00016,156,2024-04-15,0.9116
GR-2024-00000609,PO-2024-0000474,1,DC_SEV,PROD_001724,SUP_00007,219,2024-04-15,1.1805
GR-2024-00000610,PO-2024-0000475,1,DC_MAD,PROD_000167,SUP_00019,247,2024-04-15,1.6813
GR-2024-00000611,PO-2024-0000469,1,DC_SEV,PROD_001769,SUP_00016,370,2024-04-16,0.7213
GR-2024-00000612,PO-2024-0000476,1,DC_MAD,PROD_000475,SUP_00015,247,2024-04-16,0.3207
GR-2024-00000613,PO-2024-0000480,1,DC_VLC,PROD_001066,SUP_00007,274,2024-04-16,2.0589
GR-2024-00000614,PO-2024-0000480,2,DC_VLC,PROD_000493,SUP_00007,187,2024-04-16,4.1119
GR-2024-00000615,PO-2024-0000460,1,DC_BCN,PROD_000560,SUP_00017,239,2024-04-17,1.1332
GR-2024-00000616,PO-2024-0000463,1,DC_ZGZ,PROD_000628,SUP_00017,230,2024-04-17,0.4922
GR-2024-00000617,PO-2024-0000463,2,DC_ZGZ,PROD_001612,SUP_00017,153,2024-04-17,1.2765
GR-2024-00000618,PO-2024-0000463,3,DC_ZGZ,PROD_001105,SUP_00017,186,2024-04-17,1.0349
GR-2024-00000619,PO-2024-0000463,4,DC_ZGZ,PROD_001201,SUP_00017,190,2024-04-17,1.433
GR-2024-00000620,PO-2024-0000478,1,DC_ZGZ,PROD_002539,SUP_00015,333,2024-04-17,1.2379
GR-2024-00000621,PO-2024-0000462,1,DC_ZGZ,PROD_003552,SUP_00004,205,2024-04-18,0.4808
GR-2024-00000622,PO-2024-0000466,1,DC_SEV,PROD_001756,SUP_00017,355,2024-04-18,1.6334
GR-2024-00000623,PO-2024-0000468,1,DC_MAD,PROD_001116,SUP_00016,294,2024-04-18,1.653
GR-2024-00000624,PO-2024-0000467,1,DC_BCN,PROD_000327,SUP_00014,221,2024-04-19,1.2005
GR-2024-00000625,PO-2024-0000483,1,DC_ZGZ,PROD_002292,SUP_00015,303,2024-04-19,0.9774
GR-2024-00000626,PO-2024-0000489,1,DC_BCN,PROD_000512,SUP_00019,215,2024-04-19,2.3967
GR-2024-00000627,PO-2024-0000490,1,DC_VLC,PROD_000529,SUP_00019,222,2024-04-19,9.1444
GR-2024-00000628,PO-2024-0000459,1,DC_MAD,PROD_003286,SUP_00004,431,2024-04-20,1.0116
GR-2024-00000629,PO-2024-0000481,1,DC_ZGZ,PROD_000767,SUP_00016,382,2024-04-20,1.8023
GR-2024-00000630,PO-2024-0000487,1,DC_BCN,PROD_000784,SUP_00007,269,2024-04-20,1.4114
GR-2024-00000631,PO-2024-0000487,2,DC_BCN,PROD_002129,SUP_00007,220,2024-04-20,4.5764
GR-2024-00000632,PO-2024-0000493,1,DC_BCN,PROD_003622,SUP_00019,209,2024-04-20,2.2449
GR-2024-00000633,PO-2024-0000470,1,DC_BCN,PROD_001356,SUP_00014,134,2024-04-21,2.0153
GR-2024-00000634,PO-2024-0000472,1,DC_BCN,PROD_002400,SUP_00017,297,2024-04-21,1.4013
GR-2024-00000635,PO-2024-0000472,2,DC_BCN,PROD_003602,SUP_00017,285,2024-04-21,0.6734
GR-2024-00000636,PO-2024-0000485,1,DC_MAD,PROD_000964,SUP_00016,278,2024-04-21,1.0053
GR-2024-00000637,PO-2024-0000486,1,DC_ZGZ,PROD_002872,SUP_00016,296,2024-04-21,0.4776
GR-2024-00000638,PO-2024-0000471,1,DC_BCN,PROD_003331,SUP_00004,126,2024-04-22,0.9315
GR-2024-00000639,PO-2024-0000484,1,DC_BCN,PROD_003005,SUP_00016,256,2024-04-22,0.7157
GR-2024-00000640,PO-2024-0000484,2,DC_BCN,PROD_002279,SUP_00016,172,2024-04-22,1.5016
GR-2024-00000641,PO-2024-0000495,1,DC_BCN,PROD_000934,SUP_00015,219,2024-04-22,0.2919
GR-2024-00000642,PO-2024-0000506,1,DC_MAD,PROD_001096,SUP_00007,453,2024-04-22,0.9356
GR-2024-00000643,PO-2024-0000498,1,DC_VLC,PROD_000007,SUP_00016,199,2024-04-23,3.5674
GR-2024-00000644,PO-2024-0000501,1,DC_ZGZ,PROD_000378,SUP_00007,291,2024-04-23,1.9076
GR-2024-00000645,PO-2024-0000503,1,DC_VLC,PROD_000216,SUP_00007,283,2024-04-23,2.1827
GR-2024-00000646,PO-2024-0000477,1,DC_MAD,PROD_000607,SUP_00014,363,2024-04-24,0.8918
GR-2024-00000647,PO-2024-0000479,1,DC_ZGZ,PROD_000302,SUP_00014,235,2024-04-24,1.9818
GR-2024-00000648,PO-2024-0000479,2,DC_ZGZ,PROD_001130,SUP_00014,227,2024-04-24,1.6258
GR-2024-00000649,PO-2024-0000494,1,DC_BCN,PROD_002855,SUP_00016,203,2024-04-24,0.6732
GR-2024-00000650,PO-2024-0000494,2,DC_BCN,PROD_003261,SUP_00016,119,2024-04-24,2.9863
GR-2024-00000651,PO-2024-0000496,1,DC_BCN,PROD_001606,SUP_00016,141,2024-04-24,2.0037
GR-2024-00000652,PO-2024-0000502,1,DC_SEV,PROD_000700,SUP_00016,375,2024-04-25,1.0571
GR-2024-00000653,PO-2024-0000504,1,DC_VLC,PROD_003157,SUP_00016,195,2024-04-25,2.2718
GR-2024-00000654,PO-2024-0000511,1,DC_VLC,PROD_001286,SUP_00015,259,2024-04-25,0.1794
GR-2024-00000655,PO-2024-0000516,1,DC_MAD,PROD_002218,SUP_00019,520,2024-04-25,1.1923
GR-2024-00000656,PO-2024-0000519,1,DC_BCN,PROD_000116,SUP_00019,79,2024-04-25,1.5046
GR-2024-00000657,PO-2024-0000482,1,DC_VLC,PROD_000664,SUP_00014,271,2024-04-26,2.2412
GR-2024-00000658,PO-2024-0000518,1,DC_BCN,PROD_000148,SUP_00007,218,2024-04-26,1.1711
GR-2024-00000659,PO-2024-0000488,1,DC_BCN,PROD_002906,SUP_00017,232,2024-04-27,0.6446
GR-2024-00000660,PO-2024-0000514,1,DC_VLC,PROD_000722,SUP_00016,165,2024-04-27,1.7769
GR-2024-00000661,PO-2024-0000517,1,DC_SEV,PROD_001500,SUP_00015,492,2024-04-27,0.9133
GR-2024-00000662,PO-2024-0000523,1,DC_SEV,PROD_001999,SUP_00007,235,2024-04-27,0.9173
GR-2024-00000663,PO-2024-0000497,1,DC_BCN,PROD_002367,SUP_00017,191,2024-04-28,0.6965
GR-2024-00000664,PO-2024-0000497,2,DC_BCN,PROD_001183,SUP_00017,336,2024-04-28,0.8586
GR-2024-00000665,PO-2024-0000500,1,DC_MAD,PROD_001059,SUP_00014,391,2024-04-28,4.4385
GR-2024-00000666,PO-2024-0000505,1,DC_MAD,PROD_002169,SUP_00017,521,2024-04-28,0.2925
GR-2024-00000667,PO-2024-0000507,1,DC_MAD,PROD_003170,SUP_00016,320,2024-04-28,2.0326
GR-2024-00000668,PO-2024-0000508,1,DC_BCN,PROD_001140,SUP_00016,197,2024-04-28,0.6777
GR-2024-00000669,PO-2024-0000526,1,DC_BCN,PROD_002560,SUP_00016,183,2024-04-28,0.6833
GR-2024-00000670,PO-2024-0000491,1,DC_VLC,PROD_000081,SUP_00004,187,2024-04-29,1.5678
GR-2024-00000671,PO-2024-0000491,2,DC_VLC,PROD_003560,SUP_00004,217,2024-04-29,2.7335
GR-2024-00000672,PO-2024-0000492,1,DC_SEV,PROD_003527,SUP_00004,246,2024-04-29,1.0186
GR-2024-00000673,PO-2024-0000520,1,DC_SEV,PROD_002639,SUP_00016,357,2024-04-29,1.8828
GR-2024-00000674,PO-2024-0000532,1,DC_VLC,PROD_001684,SUP_00007,178,2024-04-29,1.155
GR-2024-00000675,PO-2024-0000535,1,DC_ZGZ,PROD_002359,SUP_00019,210,2024-04-29,2.5622
GR-2024-00000676,PO-2024-0000539,1,DC_VLC,PROD_000392,SUP_00019,174,2024-04-29,1.1324
GR-2024-00000677,PO-2024-0000533,1,DC_ZGZ,PROD_000594,SUP_00007,301,2024-04-30,0.8063
GR-2024-00000678,PO-2024-0000540,1,DC_VLC,PROD_000879,SUP_00015,160,2024-04-30,0.8485
GR-2024-00000679,PO-2024-0000543,1,DC_SEV,PROD_000409,SUP_00015,383,2024-04-30,0.9101
GR-2024-00000680,PO-2024-0000499,1,DC_VLC,PROD_003418,SUP_00004,204,2024-05-01,1.4545
GR-2024-00000681,PO-2024-0000512,1,DC_VLC,PROD_002604,SUP_00017,161,2024-05-01,2.1308
GR-2024-00000682,PO-2024-0000512,2,DC_VLC,PROD_001111,SUP_00017,142,2024-05-01,1.899
GR-2024-00000683,PO-2024-0000531,1,DC_BCN,PROD_002606,SUP_00005,136,2024-05-01,0.8605
GR-2024-00000684,PO-2024-0000513,1,DC_VLC,PROD_001896,SUP_00004,321,2024-05-02,0.4482
GR-2024-00000685,PO-2024-0000515,1,DC_SEV,PROD_002553,SUP_00017,288,2024-05-02,1.8257
GR-2024-00000686,PO-2024-0000525,1,DC_VLC,PROD_003561,SUP_00004,156,2024-05-02,2.5701
GR-2024-00000687,PO-2024-0000509,1,DC_ZGZ,PROD_003415,SUP_00004,262,2024-05-03,0.3672
GR-2024-00000688,PO-2024-0000509,2,DC_ZGZ,PROD_003431,SUP_00004,205,2024-05-03,0.4582
GR-2024-00000689,PO-2024-0000522,1,DC_SEV,PROD_000431,SUP_00017,303,2024-05-03,0.8643
GR-2024-00000690,PO-2024-0000524,1,DC_VLC,PROD_002178,SUP_00014,142,2024-05-03,2.3829
GR-2024-00000691,PO-2024-0000524,2,DC_VLC,PROD_002017,SUP_00014,352,2024-05-03,4.4052
GR-2024-00000692,PO-2024-0000537,1,DC_BCN,PROD_000911,SUP_00017,116,2024-05-03,0.4135
GR-2024-00000693,PO-2024-0000510,1,DC_VLC,PROD_001840,SUP_00014,285,2024-05-04,1.2386
GR-2024-00000694,PO-2024-0000521,1,DC_SEV,PROD_002195,SUP_00014,333,2024-05-04,0.8552
GR-2024-00000695,PO-2024-0000527,1,DC_MAD,PROD_002124,SUP_00017,456,2024-05-04,1.068
GR-2024-00000696,PO-2024-0000528,1,DC_MAD,PROD_001934,SUP_00014,303,2024-05-04,1.1196
GR-2024-00000697,PO-2024-0000544,1,DC_BCN,PROD_002952,SUP_00016,275,2024-05-04,1.997
GR-2024-00000698,PO-2024-0000547,1,DC_BCN,PROD_001157,SUP_00015,178,2024-05-04,1.4689
GR-2024-00000699,PO-2024-0000551,1,DC_MAD,PROD_002326,SUP_00007,342,2024-05-04,2.0507
GR-2024-00000700,PO-2024-0000558,1,DC_BCN,PROD_002419,SUP_00019,187,2024-05-04,4.0302
GR-2024-00000701,PO-2024-0000530,1,DC_BCN,PROD_000664,SUP_00014,234,2024-05-05,2.4616
GR-2024-00000702,PO-2024-0000553,1,DC_SEV,PROD_002001,SUP_00015,319,2024-05-05,0.3727
GR-2024-00000703,PO-2024-0000556,1,DC_VLC,PROD_001095,SUP_00007,321,2024-05-05,0.919
GR-2024-00000704,PO-2024-0000560,1,DC_SEV,PROD_000873,SUP_00007,360,2024-05-05,2.7801
GR-2024-00000705,PO-2024-0000560,2,DC_SEV,PROD_002387,SUP_00007,252,2024-05-05,2.8307
GR-2024-00000706,PO-2024-0000534,1,DC_ZGZ,PROD_001011,SUP_00017,240,2024-05-06,0.6461
GR-2024-00000707,PO-2024-0000534,2,DC_ZGZ,PROD_003607,SUP_00017,229,2024-05-06,1.1155
GR-2024-00000708,PO-2024-0000536,1,DC_BCN,PROD_001212,SUP_00014,215,2024-05-06,2.7606
GR-2024-00000709,PO-2024-0000541,1,DC_VLC,PROD_000863,SUP_00017,303,2024-05-06,0.9104
GR-2024-00000710,PO-2024-0000542,1,DC_VLC,PROD_001340,SUP_00014,236,2024-05-06,2.3739
GR-2024-00000711,PO-2024-0000549,1,DC_MAD,PROD_000746,SUP_00016,379,2024-05-06,1.9584
GR-2024-00000712,PO-2024-0000559,1,DC_MAD,PROD_001215,SUP_00007,343,2024-05-06,2.1167
GR-2024-00000713,PO-2024-0000559,2,DC_MAD,PROD_001344,SUP_00007,449,2024-05-06,5.8064
GR-2024-00000714,PO-2024-0000563,1,DC_SEV,PROD_000366,SUP_00015,262,2024-05-06,0.1513
GR-2024-00000715,PO-2024-0000563,2,DC_SEV,PROD_000680,SUP_00015,396,2024-05-06,0.7282
GR-2024-00000716,PO-2024-0000565,1,DC_BCN,PROD_000657,SUP_00007,114,2024-05-06,8.7093
GR-2024-00000717,PO-2024-0000529,1,DC_BCN,PROD_003488,SUP_00004,81,2024-05-07,1.9604
GR-2024-00000718,PO-2024-0000554,1,DC_SEV,PROD_000027,SUP_00016,230,2024-05-07,1.0426
GR-2024-00000719,PO-2024-0000561,1,DC_SEV,PROD_002732,SUP_00016,236,2024-05-07,1.1968
GR-2024-00000720,PO-2024-0000538,1,DC_VLC,PROD_003555,SUP_00004,218,2024-05-08,2.7173
GR-2024-00000721,PO-2024-0000548,1,DC_BCN,PROD_001651,SUP_00017,316,2024-05-08,1.6745
GR-2024-00000722,PO-2024-0000555,1,DC_VLC,PROD_003002,SUP_00016,250,2024-05-08,0.5914
GR-2024-00000723,PO-2024-0000555,2,DC_VLC,PROD_003140,SUP_00016,207,2024-05-08,1.1967
GR-2024-00000724,PO-2024-0000573,1,DC_MAD,PROD_001348,SUP_00007,453,2024-05-08,2.0078
GR-2024-00000725,PO-2024-0000573,2,DC_MAD,PROD_001297,SUP_00007,234,2024-05-08,1.0032
GR-2024-00000726,PO-2024-0000545,1,DC_BCN,PROD_002665,SUP_00017,92,2024-05-09,0.6809
GR-2024-00000727,PO-2024-0000546,1,DC_BCN,PROD_001379,SUP_00014,102,2024-05-09,1.9849
GR-2024-00000728,PO-2024-0000571,1,DC_SEV,PROD_002983,SUP_00016,277,2024-05-09,1.725
GR-2024-00000729,PO-2024-0000579,1,DC_ZGZ,PROD_001404,SUP_00019,220,2024-05-09,14.8606
GR-2024-00000730,PO-2024-0000550,1,DC_MAD,PROD_002180,SUP_00014,408,2024-05-10,0.7928
GR-2024-00000731,PO-2024-0000552,1,DC_BCN,PROD_002248,SUP_00014,195,2024-05-10,2.6511
GR-2024-00000732,PO-2024-0000552,2,DC_BCN,PROD_001371,SUP_00014,345,2024-05-10,5.2684
GR-2024-00000733,PO-2024-0000557,1,DC_BCN,PROD_003606,SUP_00017,82,2024-05-10,4.2622
GR-2024-00000734,PO-2024-0000562,1,DC_SEV,PROD_002194,SUP_00017,407,2024-05-10,0.5624
GR-2024-00000735,PO-2024-0000574,1,DC_MAD,PROD_002975,SUP_00016,324,2024-05-10,1.4422
GR-2024-00000736,PO-2024-0000581,1,DC_SEV,PROD_001746,SUP_00007,347,2024-05-10,1.1809
GR-2024-00000737,PO-2024-0000564,1,DC_VLC,PROD_003460,SUP_00004,197,2024-05-11,1.2097
GR-2024-00000738,PO-2024-0000568,1,DC_ZGZ,PROD_001230,SUP_00017,190,2024-05-11,0.6851
GR-2024-00000739,PO-2024-0000580,1,DC_BCN,PROD_000558,SUP_00007,188,2024-05-11,1.2598
GR-2024-00000740,PO-2024-0000580,2,DC_BCN,PROD_000223,SUP_00007,289,2024-05-11,1.7902
GR-2024-00000741,PO-2024-0000584,1,DC_BCN,PROD_000205,SUP_00019,149,2024-05-11,10.2787
GR-2024-00000742,PO-2024-0000587,1,DC_ZGZ,PROD_001272,SUP_00019,228,2024-05-11,1.207
GR-2024-00000743,PO-2024-0000572,1,DC_VLC,PROD_001659,SUP_00017,191,2024-05-12,0.8477
GR-2024-00000744,PO-2024-0000575,1,DC_ZGZ,PROD_003075,SUP_00016,290,2024-05-12,2.4
GR-2024-00000745,PO-2024-0000585,1,DC_BCN,PROD_000389,SUP_00007,192,2024-05-12,1.2252
GR-2024-00000746,PO-2024-0000586,1,DC_ZGZ,PROD_001693,SUP_00007,288,2024-05-12,1.7517
GR-2024-00000747,PO-2024-0000591,1,DC_VLC,PROD_000402,SUP_00019,266,2024-05-12,3.4469
GR-2024-00000748,PO-2024-0000569,1,DC_BCN,PROD_001477,SUP_00017,150,2024-05-13,1.1773
GR-2024-00000749,PO-2024-0000592,1,DC_VLC,PROD_000127,SUP_00007,306,2024-05-13,15.235
GR-2024-00000750,PO-2024-0000593,1,DC_BCN,PROD_001943,SUP_00007,246,2024-05-13,0.2597
GR-2024-00000751,PO-2024-0000593,2,DC_BCN,PROD_002120,SUP_00007,217,2024-05-13,1.9562
GR-2024-00000752,PO-2024-0000599,1,DC_BCN,PROD_001915,SUP_00019,164,2024-05-13,1.6035
GR-2024-00000753,PO-2024-0000576,1,DC_MAD,PROD_001078,SUP_00017,337,2024-05-14,1.6936
GR-2024-00000754,PO-2024-0000578,1,DC_ZGZ,PROD_000221,SUP_00017,383,2024-05-14,0.5321
GR-2024-00000755,PO-2024-0000583,1,DC_BCN,PROD_000619,SUP_00016,152,2024-05-14,0.5672
GR-2024-00000756,PO-2024-0000583,2,DC_BCN,PROD_002829,SUP_00016,217,2024-05-14,1.0176
GR-2024-00000757,PO-2024-0000596,1,DC_SEV,PROD_002332,SUP_00007,303,2024-05-14,1.6434
GR-2024-00000758,PO-2024-0000597,1,DC_BCN,PROD_001931,SUP_00007,147,2024-05-14,3.3599
GR-2024-00000759,PO-2024-0000598,1,DC_BCN,PROD_001834,SUP_00015,205,2024-05-14,1.4329
GR-2024-00000760,PO-2024-0000566,1,DC_ZGZ,PROD_003498,SUP_00004,205,2024-05-15,0.3927
GR-2024-00000761,PO-2024-0000566,2,DC_ZGZ,PROD_003514,SUP_00004,251,2024-05-15,0.8526
GR-2024-00000762,PO-2024-0000566,3,DC_ZGZ,PROD_003485,SUP_00004,346,2024-05-15,0.9232
GR-2024-00000763,PO-2024-0000567,1,DC_ZGZ,PROD_001473,SUP_00014,328,2024-05-15,1.1181
GR-2024-00000764,PO-2024-0000570,1,DC_SEV,PROD_002015,SUP_00014,328,2024-05-15,1.6765
GR-2024-00000765,PO-2024-0000601,1,DC_BCN,PROD_000931,SUP_00015,132,2024-05-15,0.7706
GR-2024-00000766,PO-2024-0000595,1,DC_SEV,PROD_001561,SUP_00016,469,2024-05-16,1.0477
GR-2024-00000767,PO-2024-0000600,1,DC_MAD,PROD_002763,SUP_00016,418,2024-05-16,1.5709
GR-2024-00000768,PO-2024-0000600,2,DC_MAD,PROD_003156,SUP_00016,598,2024-05-16,2.1649
GR-2024-00000769,PO-2024-0000603,1,DC_MAD,PROD_000861,SUP_00007,361,2024-05-16,1.1548
GR-2024-00000770,PO-2024-0000577,1,DC_MAD,PROD_001428,SUP_00014,441,2024-05-17,1.4013
GR-2024-00000771,PO-2024-0000588,1,DC_BCN,PROD_002682,SUP_00017,115,2024-05-17,1.8219
GR-2024-00000772,PO-2024-0000606,1,DC_MAD,PROD_001288,SUP_00015,309,2024-05-17,1.3883
GR-2024-00000773,PO-2024-0000606,2,DC_MAD,PROD_001984,SUP_00015,542,2024-05-17,1.2939
GR-2024-00000774,PO-2024-0000608,1,DC_BCN,PROD_001119,SUP_00007,111,2024-05-17,1.0269
GR-2024-00000775,PO-2024-0000610,1,DC_BCN,PROD_002514,SUP_00015,310,2024-05-17,0.2535
GR-2024-00000776,PO-2024-0000582,1,DC_BCN,PROD_003686,SUP_00014,223,2024-05-18,1.881
GR-2024-00000777,PO-2024-0000611,1,DC_ZGZ,PROD_002521,SUP_00015,224,2024-05-18,1.3424
GR-2024-00000778,PO-2024-0000589,1,DC_VLC,PROD_000805,SUP_00017,329,2024-05-19,1.3367
GR-2024-00000779,PO-2024-0000589,2,DC_VLC,PROD_003613,SUP_00017,172,2024-05-19,3.9647
GR-2024-00000780,PO-2024-0000590,1,DC_VLC,PROD_002396,SUP_00014,224,2024-05-19,5.7057
GR-2024-00000781,PO-2024-0000612,1,DC_MAD,PROD_000686,SUP_00016,441,2024-05-19,0.8314
GR-2024-00000782,PO-2024-0000616,1,DC_ZGZ,PROD_002050,SUP_00015,147,2024-05-20,0.9557
GR-2024-00000783,PO-2024-0000618,1,DC_ZGZ,PROD_001390,SUP_00007,202,2024-05-20,4.2311
GR-2024-00000784,PO-2024-0000614,1,DC_BCN,PROD_002899,SUP_00016,169,2024-05-21,1.0619
GR-2024-00000785,PO-2024-0000625,1,DC_BCN,PROD_000609,SUP_00007,198,2024-05-21,3.8537
GR-2024-00000786,PO-2024-0000625,2,DC_BCN,PROD_001724,SUP_00007,259,2024-05-21,1.371
GR-2024-00000787,PO-2024-0000602,1,DC_MAD,PROD_003376,SUP_00004,404,2024-05-22,2.5627
GR-2024-00000788,PO-2024-0000602,2,DC_MAD,PROD_002913,SUP_00004,380,2024-05-22,1.6311
GR-2024-00000789,PO-2024-0000605,1,DC_BCN,PROD_003573,SUP_00017,253,2024-05-22,19.5575
GR-2024-00000790,PO-2024-0000607,1,DC_MAD,PROD_001656,SUP_00017,382,2024-05-22,1.1777
GR-2024-00000791,PO-2024-0000622,1,DC_BCN,PROD_002809,SUP_00016,161,2024-05-22,1.9983
GR-2024-00000792,PO-2024-0000622,2,DC_BCN,PROD_003129,SUP_00016,307,2024-05-22,2.1258
GR-2024-00000793,PO-2024-0000594,1,DC_MAD,PROD_003341,SUP_00004,356,2024-05-23,0.4981
GR-2024-00000794,PO-2024-0000604,1,DC_MAD,PROD_000838,SUP_00014,204,2024-05-23,2.298
GR-2024-00000795,PO-2024-0000620,1,DC_MAD,PROD_003012,SUP_00016,410,2024-05-23,0.6453
GR-2024-00000796,PO-2024-0000620,2,DC_MAD,PROD_003161,SUP_00016,230,2024-05-23,2.2176
GR-2024-00000797,PO-2024-0000623,1,DC_MAD,PROD_000453,SUP_00016,374,2024-05-23,0.8646
GR-2024-00000798,PO-2024-0000623,2,DC_MAD,PROD_003020,SUP_00016,384,2024-05-23,0.8468
GR-2024-00000799,PO-2024-0000615,1,DC_BCN,PROD_003712,SUP_00004,298,2024-05-24,2.5707
GR-2024-00000800,PO-2024-0000629,1,DC_MAD,PROD_001897,SUP_00015,413,2024-05-24,0.1858
GR-2024-00000801,PO-2024-0000633,1,DC_BCN,PROD_002138,SUP_00007,258,2024-05-24,0.3203
GR-2024-00000802,PO-2024-0000609,1,DC_BCN,PROD_001784,SUP_00014,162,2024-05-25,1.1156
GR-2024-00000803,PO-2024-0000613,1,DC_SEV,PROD_002173,SUP_00014,399,2024-05-25,2.4763
GR-2024-00000804,PO-2024-0000626,1,DC_SEV,PROD_002222,SUP_00016,264,2024-05-25,0.8332
GR-2024-00000805,PO-2024-0000630,1,DC_BCN,PROD_001856,SUP_00007,216,2024-05-25,0.991
GR-2024-00000806,PO-2024-0000624,1,DC_MAD,PROD_003475,SUP_00004,264,2024-05-26,0.7566
GR-2024-00000807,PO-2024-0000628,1,DC_MAD,PROD_002848,SUP_00016,323,2024-05-26,3.5778
GR-2024-00000808,PO-2024-0000632,1,DC_BCN,PROD_000751,SUP_00016,165,2024-05-26,1.8846
GR-2024-00000809,PO-2024-0000632,2,DC_BCN,PROD_002973,SUP_00016,144,2024-05-26,2.4297
GR-2024-00000810,PO-2024-0000632,3,DC_BCN,PROD_002067,SUP_00016,250,2024-05-26,2.0495
GR-2024-00000811,PO-2024-0000634,1,DC_SEV,PROD_002106,SUP_00007,243,2024-05-26,0.259
GR-2024-00000812,PO-2024-0000635,1,DC_SEV,PROD_002350,SUP_00015,192,2024-05-26,0.793
GR-2024-00000813,PO-2024-0000636,1,DC_ZGZ,PROD_002427,SUP_00015,176,2024-05-26,1.3647
GR-2024-00000814,PO-2024-0000642,1,DC_ZGZ,PROD_000984,SUP_00019,336,2024-05-26,1.7641
GR-2024-00000815,PO-2024-0000619,1,DC_MAD,PROD_001014,SUP_00014,293,2024-05-27,3.2205
GR-2024-00000816,PO-2024-0000641,1,DC_ZGZ,PROD_001778,SUP_00007,228,2024-05-27,3.6131
GR-2024-00000817,PO-2024-0000641,2,DC_ZGZ,PROD_001319,SUP_00007,238,2024-05-27,1.4766
GR-2024-00000818,PO-2024-0000643,1,DC_ZGZ,PROD_002571,SUP_00015,265,2024-05-27,0.899
GR-2024-00000819,PO-2024-0000647,1,DC_BCN,PROD_001218,SUP_00019,214,2024-05-27,7.548
GR-2024-00000820,PO-2024-0000621,1,DC_BCN,PROD_001322,SUP_00014,142,2024-05-28,1.7846
GR-2024-00000821,PO-2024-0000627,1,DC_SEV,PROD_003577,SUP_00017,418,2024-05-28,3.3943
GR-2024-00000822,PO-2024-0000646,1,DC_MAD,PROD_000992,SUP_00015,410,2024-05-28,1.0924
GR-2024-00000823,PO-2024-0000617,1,DC_ZGZ,PROD_000776,SUP_00004,241,2024-05-29,0.4642
GR-2024-00000824,PO-2024-0000637,1,DC_BCN,PROD_000826,SUP_00016,267,2024-05-29,0.7909
GR-2024-00000825,PO-2024-0000638,1,DC_MAD,PROD_000295,SUP_00017,532,2024-05-30,2.0164
GR-2024-00000826,PO-2024-0000640,1,DC_ZGZ,PROD_000047,SUP_00016,274,2024-05-30,1.9012
GR-2024-00000827,PO-2024-0000640,2,DC_ZGZ,PROD_002797,SUP_00016,263,2024-05-30,1.772
GR-2024-00000828,PO-2024-0000640,3,DC_ZGZ,PROD_003179,SUP_00016,368,2024-05-30,1.6935
GR-2024-00000829,PO-2024-0000640,4,DC_ZGZ,PROD_002749,SUP_00016,215,2024-05-30,1.7492
GR-2024-00000830,PO-2024-0000649,1,DC_ZGZ,PROD_000477,SUP_00007,199,2024-05-30,9.2536
GR-2024-00000831,PO-2024-0000631,1,DC_BCN,PROD_001267,SUP_00014,201,2024-06-01,2.3873
GR-2024-00000832,PO-2024-0000639,1,DC_SEV,PROD_000962,SUP_00017,229,2024-06-01,0.9184
GR-2024-00000833,PO-2024-0000656,1,DC_BCN,PROD_001146,SUP_00015,94,2024-06-01,1.033
GR-2024-00000834,PO-2024-0000659,1,DC_SEV,PROD_001438,SUP_00007,189,2024-06-01,3.9699
GR-2024-00000835,PO-2024-0000660,1,DC_MAD,PROD_002340,SUP_00007,396,2024-06-01,16.8867
GR-2024-00000836,PO-2024-0000665,1,DC_BCN,PROD_002541,SUP_00019,144,2024-06-01,6.1611
GR-2024-00000837,PO-2024-0000644,1,DC_MAD,PROD_001624,SUP_00017,475,2024-06-02,1.0631
GR-2024-00000838,PO-2024-0000654,1,DC_ZGZ,PROD_002974,SUP_00016,222,2024-06-02,1.1896
GR-2024-00000839,PO-2024-0000663,1,DC_VLC,PROD_002273,SUP_00007,160,2024-06-02,12.4231
GR-2024-00000840,PO-2024-0000645,1,DC_MAD,PROD_001532,SUP_00014,183,2024-06-03,1.8186
GR-2024-00000841,PO-2024-0000669,1,DC_SEV,PROD_000574,SUP_00015,231,2024-06-03,1.9774
GR-2024-00000842,PO-2024-0000672,1,DC_VLC,PROD_002338,SUP_00007,186,2024-06-03,1.9748
GR-2024-00000843,PO-2024-0000650,1,DC_BCN,PROD_000798,SUP_00017,100,2024-06-04,2.4468
GR-2024-00000844,PO-2024-0000650,2,DC_BCN,PROD_002287,SUP_00017,206,2024-06-04,1.0381
GR-2024-00000845,PO-2024-0000655,1,DC_SEV,PROD_003065,SUP_00016,340,2024-06-04,1.4857
GR-2024-00000846,PO-2024-0000671,1,DC_MAD,PROD_001924,SUP_00007,416,2024-06-04,0.3091
GR-2024-00000847,PO-2024-0000678,1,DC_BCN,PROD_001411,SUP_00019,164,2024-06-04,2.602
GR-2024-00000848,PO-2024-0000648,1,DC_SEV,PROD_003547,SUP_00004,245,2024-06-05,1.1563
GR-2024-00000849,PO-2024-0000651,1,DC_VLC,PROD_000942,SUP_00014,339,2024-06-05,1.0688
GR-2024-00000850,PO-2024-0000653,1,DC_ZGZ,PROD_000967,SUP_00017,312,2024-06-05,0.5601
GR-2024-00000851,PO-2024-0000674,1,DC_ZGZ,PROD_001746,SUP_00007,281,2024-06-05,1.1789
GR-2024-00000852,PO-2024-0000676,1,DC_VLC,PROD_002840,SUP_00016,186,2024-06-05,1.1615
GR-2024-00000853,PO-2024-0000676,2,DC_VLC,PROD_000718,SUP_00016,199,2024-06-05,1.506
GR-2024-00000854,PO-2024-0000658,1,DC_SEV,PROD_003380,SUP_00004,307,2024-06-06,0.4528
GR-2024-00000855,PO-2024-0000668,1,DC_BCN,PROD_003054,SUP_00016,141,2024-06-06,2.2277
GR-2024-00000856,PO-2024-0000677,1,DC_MAD,PROD_003173,SUP_00016,190,2024-06-06,1.8926
GR-2024-00000857,PO-2024-0000682,1,DC_VLC,PROD_001950,SUP_00007,169,2024-06-06,1.1668
GR-2024-00000858,PO-2024-0000685,1,DC_ZGZ,PROD_001115,SUP_00019,343,2024-06-06,0.7545
GR-2024-00000859,PO-2024-0000652,1,DC_ZGZ,PROD_002098,SUP_00014,193,2024-06-07,5.4478
GR-2024-00000860,PO-2024-0000661,1,DC_BCN,PROD_001099,SUP_00014,148,2024-06-07,1.3358
GR-2024-00000861,PO-2024-0000664,1,DC_VLC,PROD_003612,SUP_00017,192,2024-06-07,3.2699
GR-2024-00000862,PO-2024-0000666,1,DC_BCN,PROD_002173,SUP_00014,277,2024-06-07,2.8555
GR-2024-00000863,PO-2024-0000679,1,DC_MAD,PROD_001280,SUP_00016,620,2024-06-07,0.8633
GR-2024-00000864,PO-2024-0000679,2,DC_MAD,PROD_002636,SUP_00016,453,2024-06-07,1.1535
GR-2024-00000865,PO-2024-0000686,1,DC_ZGZ,PROD_001406,SUP_00015,307,2024-06-07,0.6459
GR-2024-00000866,PO-2024-0000667,1,DC_BCN,PROD_002322,SUP_00017,237,2024-06-08,1.0325
GR-2024-00000867,PO-2024-0000689,1,DC_SEV,PROD_001186,SUP_00015,291,2024-06-08,1.4589
GR-2024-00000868,PO-2024-0000691,1,DC_MAD,PROD_002408,SUP_00019,318,2024-06-08,1.1712
GR-2024-00000869,PO-2024-0000694,1,DC_VLC,PROD_002546,SUP_00019,144,2024-06-08,1.6601
GR-2024-00000870,PO-2024-0000662,1,DC_VLC,PROD_000156,SUP_00004,204,2024-06-09,0.4069
GR-2024-00000871,PO-2024-0000670,1,DC_MAD,PROD_002486,SUP_00014,480,2024-06-09,5.6803
GR-2024-00000872,PO-2024-0000673,1,DC_VLC,PROD_000192,SUP_00014,188,2024-06-09,1.9038
GR-2024-00000873,PO-2024-0000673,2,DC_VLC,PROD_001049,SUP_00014,120,2024-06-09,2.0618
GR-2024-00000874,PO-2024-0000680,1,DC_VLC,PROD_000535,SUP_00016,236,2024-06-09,1.0927
GR-2024-00000875,PO-2024-0000684,1,DC_MAD,PROD_003065,SUP_00016,387,2024-06-09,1.7176
GR-2024-00000876,PO-2024-0000687,1,DC_SEV,PROD_002883,SUP_00005,186,2024-06-09,2.4594
GR-2024-00000877,PO-2024-0000693,1,DC_VLC,PROD_001250,SUP_00015,158,2024-06-09,1.0166
GR-2024-00000878,PO-2024-0000657,1,DC_SEV,PROD_001409,SUP_00014,243,2024-06-10,4.5155
GR-2024-00000879,PO-2024-0000675,1,DC_ZGZ,PROD_003407,SUP_00004,232,2024-06-10,0.6298
GR-2024-00000880,PO-2024-0000688,1,DC_MAD,PROD_002639,SUP_00016,444,2024-06-10,2.1475
GR-2024-00000881,PO-2024-0000696,1,DC_SEV,PROD_000412,SUP_00007,306,2024-06-10,0.4577
GR-2024-00000882,PO-2024-0000697,1,DC_SEV,PROD_001670,SUP_00007,198,2024-06-10,2.1485
GR-2024-00000883,PO-2024-0000692,1,DC_BCN,PROD_003091,SUP_00016,241,2024-06-11,0.9914
GR-2024-00000884,PO-2024-0000695,1,DC_BCN,PROD_001642,SUP_00007,243,2024-06-11,1.6329
GR-2024-00000885,PO-2024-0000699,1,DC_MAD,PROD_001032,SUP_00007,517,2024-06-11,2.8305
GR-2024-00000886,PO-2024-0000702,1,DC_ZGZ,PROD_001389,SUP_00007,203,2024-06-11,4.0211
GR-2024-00000887,PO-2024-0000703,1,DC_BCN,PROD_000630,SUP_00019,168,2024-06-11,3.3481
GR-2024-00000888,PO-2024-0000703,2,DC_BCN,PROD_002585,SUP_00019,267,2024-06-11,17.1108
GR-2024-00000889,PO-2024-0000681,1,DC_VLC,PROD_003397,SUP_00004,133,2024-06-12,1.0736
GR-2024-00000890,PO-2024-0000704,1,DC_BCN,PROD_002542,SUP_00007,272,2024-06-12,1.0796
GR-2024-00000891,PO-2024-0000704,2,DC_BCN,PROD_000806,SUP_00007,231,2024-06-12,1.0827
GR-2024-00000892,PO-2024-0000705,1,DC_BCN,PROD_001728,SUP_00015,233,2024-06-12,2.2858
GR-2024-00000893,PO-2024-0000683,1,DC_SEV,PROD_003523,SUP_00004,397,2024-06-13,1.674
GR-2024-00000894,PO-2024-0000698,1,DC_SEV,PROD_001380,SUP_00016,199,2024-06-13,0.9116
GR-2024-00000895,PO-2024-0000701,1,DC_ZGZ,PROD_003053,SUP_00016,231,2024-06-14,0.8982
GR-2024-00000896,PO-2024-0000707,1,DC_SEV,PROD_000667,SUP_00007,382,2024-06-14,8.8623
GR-2024-00000897,PO-2024-0000690,1,DC_VLC,PROD_000367,SUP_00014,310,2024-06-15,1.8822
GR-2024-00000898,PO-2024-0000714,1,DC_BCN,PROD_002262,SUP_00007,180,2024-06-17,0.9119
GR-2024-00000899,PO-2024-0000715,1,DC_MAD,PROD_001514,SUP_00019,375,2024-06-17,7.2819
GR-2024-00000900,PO-2024-0000700,1,DC_SEV,PROD_003358,SUP_00004,199,2024-06-18,1.6005
GR-2024-00000901,PO-2024-0000706,1,DC_SEV,PROD_001277,SUP_00017,362,2024-06-18,1.109
GR-2024-00000902,PO-2024-0000706,2,DC_SEV,PROD_000566,SUP_00017,295,2024-06-18,0.7754
GR-2024-00000903,PO-2024-0000710,1,DC_BCN,PROD_003247,SUP_00016,131,2024-06-18,0.7669
GR-2024-00000904,PO-2024-0000719,1,DC_BCN,PROD_001678,SUP_00007,221,2024-06-19,0.777
GR-2024-00000905,PO-2024-0000721,1,DC_ZGZ,PROD_000632,SUP_00007,277,2024-06-19,1.8209
GR-2024-00000906,PO-2024-0000720,1,DC_ZGZ,PROD_002192,SUP_00015,241,2024-06-20,1.336
GR-2024-00000907,PO-2024-0000720,2,DC_ZGZ,PROD_002499,SUP_00015,136,2024-06-20,1.1001
GR-2024-00000908,PO-2024-0000720,3,DC_ZGZ,PROD_001214,SUP_00015,283,2024-06-20,0.6239
GR-2024-00000909,PO-2024-0000711,1,DC_BCN,PROD_003614,SUP_00017,386,2024-06-21,14.0253
GR-2024-00000910,PO-2024-0000712,1,DC_ZGZ,PROD_003511,SUP_00004,228,2024-06-21,0.6089
GR-2024-00000911,PO-2024-0000717,1,DC_MAD,PROD_002624,SUP_00016,438,2024-06-21,0.6554
GR-2024-00000912,PO-2024-0000709,1,DC_ZGZ,PROD_003661,SUP_00017,159,2024-06-22,0.994
GR-2024-00000913,PO-2024-0000723,1,DC_ZGZ,PROD_001128,SUP_00007,192,2024-06-22,1.8731
GR-2024-00000914,PO-2024-0000725,1,DC_MAD,PROD_000063,SUP_00016,537,2024-06-22,2.2366
GR-2024-00000915,PO-2024-0000727,1,DC_MAD,PROD_001088,SUP_00007,547,2024-06-22,1.2103
GR-2024-00000916,PO-2024-0000728,1,DC_BCN,PROD_001783,SUP_00007,224,2024-06-22,0.7935
GR-2024-00000917,PO-2024-0000730,1,DC_MAD,PROD_001866,SUP_00019,307,2024-06-22,3.463
GR-2024-00000918,PO-2024-0000713,1,DC_ZGZ,PROD_003705,SUP_00004,171,2024-06-23,0.7521
GR-2024-00000919,PO-2024-0000735,1,DC_SEV,PROD_001626,SUP_00007,193,2024-06-23,0.7562
GR-2024-00000920,PO-2024-0000708,1,DC_BCN,PROD_003479,SUP_00004,155,2024-06-24,0.8571
GR-2024-00000921,PO-2024-0000708,2,DC_BCN,PROD_003448,SUP_00004,219,2024-06-24,1.0218
GR-2024-00000922,PO-2024-0000708,3,DC_BCN,PROD_003432,SUP_00004,87,2024-06-24,2.4026
GR-2024-00000923,PO-2024-0000716,1,DC_MAD,PROD_003282,SUP_00004,421,2024-06-24,1.8508
GR-2024-00000924,PO-2024-0000726,1,DC_SEV,PROD_001004,SUP_00016,374,2024-06-24,0.9851
GR-2024-00000925,PO-2024-0000734,1,DC_SEV,PROD_000573,SUP_00015,288,2024-06-24,2.4433
GR-2024-00000926,PO-2024-0000734,2,DC_SEV,PROD_000886,SUP_00015,190,2024-06-24,0.5841
GR-2024-00000927,PO-2024-0000729,1,DC_VLC,PROD_003250,SUP_00016,301,2024-06-25,2.3508
GR-2024-00000928,PO-2024-0000731,1,DC_SEV,PROD_003229,SUP_00016,460,2024-06-25,2.7702
GR-2024-00000929,PO-2024-0000736,1,DC_VLC,PROD_000800,SUP_00016,169,2024-06-25,0.5892
GR-2024-00000930,PO-2024-0000737,1,DC_VLC,PROD_000553,SUP_00007,275,2024-06-25,0.8507
GR-2024-00000931,PO-2024-0000739,1,DC_ZGZ,PROD_001877,SUP_00007,234,2024-06-25,2.0771
GR-2024-00000932,PO-2024-0000741,1,DC_BCN,PROD_000933,SUP_00007,278,2024-06-25,1.0849
GR-2024-00000933,PO-2024-0000742,1,DC_BCN,PROD_001311,SUP_00015,253,2024-06-25,0.3796
GR-2024-00000934,PO-2024-0000724,1,DC_ZGZ,PROD_003342,SUP_00004,164,2024-06-26,0.9201
GR-2024-00000935,PO-2024-0000732,1,DC_BCN,PROD_003166,SUP_00016,289,2024-06-26,1.6857
GR-2024-00000936,PO-2024-0000718,1,DC_BCN,PROD_001046,SUP_00014,143,2024-06-27,1.4291
GR-2024-00000937,PO-2024-0000722,1,DC_ZGZ,PROD_001773,SUP_00014,264,2024-06-28,0.8421
GR-2024-00000938,PO-2024-0000740,1,DC_ZGZ,PROD_002731,SUP_00016,360,2024-06-28,1.7625
GR-2024-00000939,PO-2024-0000743,1,DC_BCN,PROD_003069,SUP_00016,284,2024-06-28,1.3071
GR-2024-00000940,PO-2024-0000745,1,DC_MAD,PROD_003662,SUP_00007,379,2024-06-28,0.7552
GR-2024-00000941,PO-2024-0000746,1,DC_VLC,PROD_001223,SUP_00007,99,2024-06-28,1.1348
GR-2024-00000942,PO-2024-0000746,2,DC_VLC,PROD_000847,SUP_00007,216,2024-06-28,0.7308
GR-2024-00000943,PO-2024-0000733,1,DC_SEV,PROD_002038,SUP_00017,215,2024-06-29,0.9357
GR-2024-00000944,PO-2024-0000747,1,DC_BCN,PROD_001506,SUP_00019,137,2024-06-29,0.8637
GR-2024-00000945,PO-2024-0000744,1,DC_MAD,PROD_003191,SUP_00016,223,2024-06-30,2.7385
GR-2024-00000946,PO-2024-0000744,2,DC_MAD,PROD_000022,SUP_00016,495,2024-06-30,0.4788
GR-2024-00000947,PO-2024-0000749,1,DC_ZGZ,PROD_000871,SUP_00007,171,2024-06-30,6.5657
GR-2024-00000948,PO-2024-0000753,1,DC_ZGZ,PROD_000271,SUP_00019,137,2024-06-30,1.1619
GR-2024-00000949,PO-2024-0000738,1,DC_BCN,PROD_002527,SUP_00014,156,2024-07-02,3.7995
GR-2024-00000950,PO-2024-0000748,1,DC_ZGZ,PROD_003121,SUP_00016,150,2024-07-03,2.4054
GR-2024-00000951,PO-2024-0000748,2,DC_ZGZ,PROD_002076,SUP_00016,299,2024-07-03,0.7784
GR-2024-00000952,PO-2024-0000748,3,DC_ZGZ,PROD_003018,SUP_00016,191,2024-07-03,1.8717
GR-2024-00000953,PO-2024-0000751,1,DC_BCN,PROD_003205,SUP_00016,255,2024-07-03,2.3749
GR-2024-00000954,PO-2024-0000754,1,DC_SEV,PROD_002686,SUP_00016,286,2024-07-04,1.3278
GR-2024-00000955,PO-2024-0000762,1,DC_ZGZ,PROD_002241,SUP_00007,221,2024-07-05,1.0712
GR-2024-00000956,PO-2024-0000769,1,DC_SEV,PROD_000997,SUP_00019,247,2024-07-05,5.6299
GR-2024-00000957,PO-2024-0000750,1,DC_BCN,PROD_003536,SUP_00004,259,2024-07-06,1.2491
GR-2024-00000958,PO-2024-0000765,1,DC_BCN,PROD_002631,SUP_00016,157,2024-07-06,1.739
GR-2024-00000959,PO-2024-0000773,1,DC_ZGZ,PROD_000598,SUP_00019,189,2024-07-06,1.5463
GR-2024-00000960,PO-2024-0000755,1,DC_SEV,PROD_001657,SUP_00017,251,2024-07-07,0.7766
GR-2024-00000961,PO-2024-0000756,1,DC_MAD,PROD_003700,SUP_00014,378,2024-07-07,1.1688
GR-2024-00000962,PO-2024-0000770,1,DC_MAD,PROD_002399,SUP_00007,440,2024-07-07,2.4625
GR-2024-00000963,PO-2024-0000777,1,DC_BCN,PROD_000419,SUP_00019,144,2024-07-07,1.3014
GR-2024-00000964,PO-2024-0000752,1,DC_ZGZ,PROD_003706,SUP_00004,169,2024-07-08,0.6087
GR-2024-00000965,PO-2024-0000757,1,DC_SEV,PROD_001209,SUP_00017,291,2024-07-08,1.2076
GR-2024-00000966,PO-2024-0000758,1,DC_MAD,PROD_001515,SUP_00017,332,2024-07-08,0.8362
GR-2024-00000967,PO-2024-0000774,1,DC_MAD,PROD_000283,SUP_00007,374,2024-07-08,0.9866
GR-2024-00000968,PO-2024-0000759,1,DC_MAD,PROD_003296,SUP_00004,443,2024-07-09,0.6839
GR-2024-00000969,PO-2024-0000759,2,DC_MAD,PROD_003462,SUP_00004,400,2024-07-09,0.5778
GR-2024-00000970,PO-2024-0000760,1,DC_BCN,PROD_003327,SUP_00004,238,2024-07-09,1.2906
GR-2024-00000971,PO-2024-0000771,1,DC_MAD,PROD_003207,SUP_00016,502,2024-07-09,1.4441
GR-2024-00000972,PO-2024-0000778,1,DC_BCN,PROD_000381,SUP_00007,120,2024-07-09,0.8443
GR-2024-00000973,PO-2024-0000761,1,DC_VLC,PROD_002444,SUP_00017,199,2024-07-10,2.0245
GR-2024-00000974,PO-2024-0000766,1,DC_SEV,PROD_001974,SUP_00014,224,2024-07-10,5.3316
GR-2024-00000975,PO-2024-0000767,1,DC_SEV,PROD_003339,SUP_00004,195,2024-07-10,0.4475
GR-2024-00000976,PO-2024-0000776,1,DC_ZGZ,PROD_001360,SUP_00016,199,2024-07-10,0.5155
GR-2024-00000977,PO-2024-0000763,1,DC_ZGZ,PROD_000618,SUP_00017,167,2024-07-11,4.5751
GR-2024-00000978,PO-2024-0000763,2,DC_ZGZ,PROD_000206,SUP_00017,338,2024-07-11,1.4614
GR-2024-00000979,PO-2024-0000768,1,DC_SEV,PROD_002818,SUP_00017,370,2024-07-11,3.562
GR-2024-00000980,PO-2024-0000772,1,DC_MAD,PROD_001846,SUP_00017,437,2024-07-11,1.2018
GR-2024-00000981,PO-2024-0000783,1,DC_BCN,PROD_000627,SUP_00019,231,2024-07-12,2.2818
GR-2024-00000982,PO-2024-0000785,1,DC_SEV,PROD_001115,SUP_00019,407,2024-07-12,0.7452
GR-2024-00000983,PO-2024-0000764,1,DC_ZGZ,PROD_001059,SUP_00014,150,2024-07-13,4.0087
GR-2024-00000984,PO-2024-0000781,1,DC_BCN,PROD_003132,SUP_00016,204,2024-07-14,0.7922
GR-2024-00000985,PO-2024-0000784,1,DC_BCN,PROD_001531,SUP_00015,113,2024-07-14,0.802
GR-2024-00000986,PO-2024-0000788,1,DC_VLC,PROD_002243,SUP_00019,283,2024-07-14,2.2446
GR-2024-00000987,PO-2024-0000791,1,DC_BCN,PROD_002216,SUP_00019,166,2024-07-14,3.6018
GR-2024-00000988,PO-2024-0000787,1,DC_VLC,PROD_001303,SUP_00007,260,2024-07-15,1.8514
GR-2024-00000989,PO-2024-0000790,1,DC_BCN,PROD_001500,SUP_00015,199,2024-07-15,1.0293
GR-2024-00000990,PO-2024-0000775,1,DC_MAD,PROD_001840,SUP_00014,562,2024-07-16,1.3828
GR-2024-00000991,PO-2024-0000780,1,DC_BCN,PROD_003480,SUP_00004,115,2024-07-16,0.4309
GR-2024-00000992,PO-2024-0000789,1,DC_BCN,PROD_000803,SUP_00016,106,2024-07-16,0.5257
GR-2024-00000993,PO-2024-0000793,1,DC_VLC,PROD_002095,SUP_00007,355,2024-07-16,3.718
GR-2024-00000994,PO-2024-0000801,1,DC_BCN,PROD_000504,SUP_00007,131,2024-07-18,4.8845
GR-2024-00000995,PO-2024-0000801,2,DC_BCN,PROD_003665,SUP_00007,137,2024-07-18,2.5216
GR-2024-00000996,PO-2024-0000779,1,DC_SEV,PROD_003553,SUP_00004,344,2024-07-19,1.0377
GR-2024-00000997,PO-2024-0000797,1,DC_VLC,PROD_000589,SUP_00016,285,2024-07-19,0.8008
GR-2024-00000998,PO-2024-0000803,1,DC_SEV,PROD_001962,SUP_00007,276,2024-07-19,1.5328
GR-2024-00000999,PO-2024-0000799,1,DC_BCN,PROD_002926,SUP_00016,243,2024-07-20,1.7674
GR-2024-00001000,PO-2024-0000802,1,DC_SEV,PROD_003039,SUP_00016,280,2024-07-20,1.5227
GR-2024-00001001,PO-2024-0000802,2,DC_SEV,PROD_002971,SUP_00016,320,2024-07-20,1.9575
GR-2024-00001002,PO-2024-0000807,1,DC_BCN,PROD_001604,SUP_00015,257,2024-07-20,0.7234
GR-2024-00001003,PO-2024-0000782,1,DC_BCN,PROD_003375,SUP_00004,313,2024-07-21,0.5638
GR-2024-00001004,PO-2024-0000786,1,DC_BCN,PROD_000302,SUP_00014,263,2024-07-21,2.1916
GR-2024-00001005,PO-2024-0000794,1,DC_VLC,PROD_002718,SUP_00017,193,2024-07-21,6.9457
GR-2024-00001006,PO-2024-0000794,2,DC_VLC,PROD_001131,SUP_00017,290,2024-07-21,1.6575
GR-2024-00001007,PO-2024-0000792,1,DC_VLC,PROD_000491,SUP_00014,178,2024-07-22,7.043
GR-2024-00001008,PO-2024-0000796,1,DC_BCN,PROD_003113,SUP_00017,182,2024-07-22,3.6857
GR-2024-00001009,PO-2024-0000798,1,DC_MAD,PROD_001640,SUP_00017,387,2024-07-23,0.8987
GR-2024-00001010,PO-2024-0000805,1,DC_SEV,PROD_003701,SUP_00017,163,2024-07-23,0.9043
GR-2024-00001011,PO-2024-0000806,1,DC_BCN,PROD_000714,SUP_00016,154,2024-07-23,2.8065
GR-2024-00001012,PO-2024-0000816,1,DC_ZGZ,PROD_002333,SUP_00007,283,2024-07-23,0.7136
GR-2024-00001013,PO-2024-0000795,1,DC_VLC,PROD_003352,SUP_00004,307,2024-07-25,1.2614
GR-2024-00001014,PO-2024-0000800,1,DC_BCN,PROD_001770,SUP_00014,250,2024-07-25,2.1585
GR-2024-00001015,PO-2024-0000804,1,DC_SEV,PROD_003541,SUP_00004,249,2024-07-25,1.6729
GR-2024-00001016,PO-2024-0000808,1,DC_BCN,PROD_003668,SUP_00017,190,2024-07-26,0.4925
GR-2024-00001017,PO-2024-0000817,1,DC_ZGZ,PROD_002892,SUP_00016,325,2024-07-26,0.854
GR-2024-00001018,PO-2024-0000817,2,DC_ZGZ,PROD_002861,SUP_00016,291,2024-07-26,0.6236
GR-2024-00001019,PO-2024-0000819,1,DC_BCN,PROD_000557,SUP_00015,153,2024-07-26,1.4907
GR-2024-00001020,PO-2024-0000819,2,DC_BCN,PROD_001587,SUP_00015,144,2024-07-26,1.6875
GR-2024-00001021,PO-2024-0000810,1,DC_SEV,PROD_001624,SUP_00017,271,2024-07-27,0.9331
GR-2024-00001022,PO-2024-0000820,1,DC_BCN,PROD_000247,SUP_00016,284,2024-07-27,0.4965
GR-2024-00001023,PO-2024-0000823,1,DC_VLC,PROD_000124,SUP_00007,309,2024-07-27,3.3449
GR-2024-00001024,PO-2024-0000828,1,DC_SEV,PROD_000439,SUP_00019,519,2024-07-27,4.6191
GR-2024-00001025,PO-2024-0000809,1,DC_SEV,PROD_002498,SUP_00014,460,2024-07-28,1.3008
GR-2024-00001026,PO-2024-0000811,1,DC_BCN,PROD_002390,SUP_00017,367,2024-07-28,0.9691
GR-2024-00001027,PO-2024-0000811,2,DC_BCN,PROD_000905,SUP_00017,253,2024-07-28,0.8487
GR-2024-00001028,PO-2024-0000811,3,DC_BCN,PROD_001774,SUP_00017,198,2024-07-28,0.9515
GR-2024-00001029,PO-2024-0000812,1,DC_BCN,PROD_000084,SUP_00004,153,2024-07-28,0.8595
GR-2024-00001030,PO-2024-0000814,1,DC_SEV,PROD_003651,SUP_00017,352,2024-07-28,0.6719
GR-2024-00001031,PO-2024-0000814,2,DC_SEV,PROD_000621,SUP_00017,301,2024-07-28,0.4278
GR-2024-00001032,PO-2024-0000815,1,DC_SEV,PROD_003706,SUP_00004,186,2024-07-28,0.5934
GR-2024-00001033,PO-2024-0000821,1,DC_SEV,PROD_003143,SUP_00016,494,2024-07-28,0.5942
GR-2024-00001034,PO-2024-0000829,1,DC_SEV,PROD_000672,SUP_00015,245,2024-07-29,0.1064
GR-2024-00001035,PO-2024-0000831,1,DC_MAD,PROD_000161,SUP_00007,446,2024-07-29,0.4711
GR-2024-00001036,PO-2024-0000833,1,DC_BCN,PROD_001186,SUP_00015,211,2024-07-29,1.6291
GR-2024-00001037,PO-2024-0000818,1,DC_BCN,PROD_000364,SUP_00017,143,2024-07-30,3.3411
GR-2024-00001038,PO-2024-0000826,1,DC_BCN,PROD_002666,SUP_00016,184,2024-07-30,0.771
GR-2024-00001039,PO-2024-0000835,1,DC_BCN,PROD_002079,SUP_00015,213,2024-07-30,0.7482
GR-2024-00001040,PO-2024-0000836,1,DC_BCN,PROD_002333,SUP_00007,149,2024-07-30,0.7984
GR-2024-00001041,PO-2024-0000813,1,DC_BCN,PROD_000707,SUP_00014,117,2024-07-31,0.8185
GR-2024-00001042,PO-2024-0000813,2,DC_BCN,PROD_002346,SUP_00014,254,2024-07-31,1.4147
GR-2024-00001043,PO-2024-0000824,1,DC_ZGZ,PROD_001792,SUP_00017,295,2024-08-01,0.7809
GR-2024-00001044,PO-2024-0000824,2,DC_ZGZ,PROD_000032,SUP_00017,295,2024-08-01,4.5156
GR-2024-00001045,PO-2024-0000840,1,DC_BCN,PROD_002391,SUP_00007,260,2024-08-01,0.7959
GR-2024-00001046,PO-2024-0000842,1,DC_ZGZ,PROD_002320,SUP_00007,189,2024-08-01,0.7326
GR-2024-00001047,PO-2024-0000830,1,DC_SEV,PROD_000840,SUP_00017,318,2024-08-02,0.4944
GR-2024-00001048,PO-2024-0000830,2,DC_SEV,PROD_002026,SUP_00017,315,2024-08-02,1.0879
GR-2024-00001049,PO-2024-0000830,3,DC_SEV,PROD_003690,SUP_00017,366,2024-08-02,1.1949
GR-2024-00001050,PO-2024-0000830,4,DC_SEV,PROD_003241,SUP_00017,241,2024-08-02,1.6397
GR-2024-00001051,PO-2024-0000837,1,DC_BCN,PROD_003229,SUP_00016,200,2024-08-02,3.1144
GR-2024-00001052,PO-2024-0000843,1,DC_ZGZ,PROD_002375,SUP_00007,258,2024-08-02,0.9509
GR-2024-00001053,PO-2024-0000844,1,DC_MAD,PROD_002013,SUP_00007,504,2024-08-02,3.7719
GR-2024-00001054,PO-2024-0000825,1,DC_ZGZ,PROD_000098,SUP_00004,331,2024-08-03,1.6739
GR-2024-00001055,PO-2024-0000825,2,DC_ZGZ,PROD_003396,SUP_00004,209,2024-08-03,0.9312
GR-2024-00001056,PO-2024-0000827,1,DC_SEV,PROD_003280,SUP_00004,347,2024-08-03,1.1752
GR-2024-00001057,PO-2024-0000834,1,DC_BCN,PROD_000900,SUP_00017,203,2024-08-03,0.5487
GR-2024-00001058,PO-2024-0000845,1,DC_ZGZ,PROD_002455,SUP_00007,265,2024-08-03,2.2076
GR-2024-00001059,PO-2024-0000845,2,DC_ZGZ,PROD_001554,SUP_00007,129,2024-08-03,0.2572
GR-2024-00001060,PO-2024-0000848,1,DC_BCN,PROD_001984,SUP_00015,174,2024-08-03,1.3534
GR-2024-00001061,PO-2024-0000853,1,DC_ZGZ,PROD_001855,SUP_00019,154,2024-08-03,1.9629
GR-2024-00001062,PO-2024-0000822,1,DC_VLC,PROD_003465,SUP_00004,324,2024-08-04,0.6665
GR-2024-00001063,PO-2024-0000832,1,DC_BCN,PROD_000705,SUP_00017,170,2024-08-04,1.2033
GR-2024-00001064,PO-2024-0000839,1,DC_BCN,PROD_000341,SUP_00016,160,2024-08-04,0.889
GR-2024-00001065,PO-2024-0000846,1,DC_BCN,PROD_002793,SUP_00016,167,2024-08-04,1.0989
GR-2024-00001066,PO-2024-0000846,2,DC_BCN,PROD_000737,SUP_00016,282,2024-08-04,2.0829
GR-2024-00001067,PO-2024-0000854,1,DC_SEV,PROD_001331,SUP_00007,220,2024-08-04,1.0669
GR-2024-00001068,PO-2024-0000852,1,DC_ZGZ,PROD_000556,SUP_00016,330,2024-08-05,1.7111
GR-2024-00001069,PO-2024-0000852,2,DC_ZGZ,PROD_002866,SUP_00016,134,2024-08-05,0.8991
GR-2024-00001070,PO-2024-0000855,1,DC_VLC,PROD_000998,SUP_00015,208,2024-08-05,1.1089
GR-2024-00001071,PO-2024-0000847,1,DC_ZGZ,PROD_003139,SUP_00016,267,2024-08-06,1.9263
GR-2024-00001072,PO-2024-0000847,2,DC_ZGZ,PROD_003084,SUP_00016,189,2024-08-06,0.9449
GR-2024-00001073,PO-2024-0000856,1,DC_MAD,PROD_002429,SUP_00007,358,2024-08-06,8.6489
GR-2024-00001074,PO-2024-0000859,1,DC_ZGZ,PROD_000476,SUP_00015,283,2024-08-07,0.4099
GR-2024-00001075,PO-2024-0000859,2,DC_ZGZ,PROD_001831,SUP_00015,175,2024-08-07,0.2889
GR-2024-00001076,PO-2024-0000860,1,DC_ZGZ,PROD_000836,SUP_00007,267,2024-08-07,0.677
GR-2024-00001077,PO-2024-0000862,1,DC_MAD,PROD_000442,SUP_00007,240,2024-08-07,4.3199
GR-2024-00001078,PO-2024-0000862,2,DC_MAD,PROD_002580,SUP_00007,464,2024-08-07,0.359
GR-2024-00001079,PO-2024-0000841,1,DC_SEV,PROD_003318,SUP_00004,174,2024-08-08,0.5753
GR-2024-00001080,PO-2024-0000838,1,DC_BCN,PROD_003411,SUP_00004,138,2024-08-09,1.7038
GR-2024-00001081,PO-2024-0000850,1,DC_ZGZ,PROD_003681,SUP_00017,257,2024-08-09,0.891
GR-2024-00001082,PO-2024-0000861,1,DC_MAD,PROD_000013,SUP_00016,333,2024-08-09,1.2977
GR-2024-00001083,PO-2024-0000861,2,DC_MAD,PROD_003123,SUP_00016,329,2024-08-09,2.3594
GR-2024-00001084,PO-2024-0000861,3,DC_MAD,PROD_001349,SUP_00016,477,2024-08-09,2.0034
GR-2024-00001085,PO-2024-0000869,1,DC_ZGZ,PROD_000220,SUP_00007,246,2024-08-10,0.9493
GR-2024-00001086,PO-2024-0000849,1,DC_ZGZ,PROD_003314,SUP_00004,245,2024-08-11,0.769
GR-2024-00001087,PO-2024-0000871,1,DC_ZGZ,PROD_002166,SUP_00007,240,2024-08-11,1.2446
GR-2024-00001088,PO-2024-0000871,2,DC_ZGZ,PROD_000873,SUP_00007,261,2024-08-11,2.7419
GR-2024-00001089,PO-2024-0000851,1,DC_BCN,PROD_001386,SUP_00014,113,2024-08-12,5.3317
GR-2024-00001090,PO-2024-0000851,2,DC_BCN,PROD_001428,SUP_00014,222,2024-08-12,1.4112
GR-2024-00001091,PO-2024-0000864,1,DC_SEV,PROD_001370,SUP_00017,451,2024-08-12,0.8404
GR-2024-00001092,PO-2024-0000864,2,DC_SEV,PROD_001647,SUP_00017,470,2024-08-12,0.7507
GR-2024-00001093,PO-2024-0000866,1,DC_BCN,PROD_003061,SUP_00016,157,2024-08-12,1.0084
GR-2024-00001094,PO-2024-0000863,1,DC_BCN,PROD_000729,SUP_00017,136,2024-08-13,1.5584
GR-2024-00001095,PO-2024-0000863,2,DC_BCN,PROD_000351,SUP_00017,139,2024-08-13,1.6858
GR-2024-00001096,PO-2024-0000875,1,DC_MAD,PROD_003666,SUP_00007,309,2024-08-13,1.0981
GR-2024-00001097,PO-2024-0000865,1,DC_SEV,PROD_001362,SUP_00014,424,2024-08-14,1.3901
GR-2024-00001098,PO-2024-0000882,1,DC_VLC,PROD_002129,SUP_00007,203,2024-08-15,4.2717
GR-2024-00001099,PO-2024-0000883,1,DC_SEV,PROD_002253,SUP_00015,254,2024-08-15,0.8583
GR-2024-00001100,PO-2024-0000884,1,DC_SEV,PROD_000479,SUP_00007,166,2024-08-15,2.6523
GR-2024-00001101,PO-2024-0000857,1,DC_ZGZ,PROD_003418,SUP_00004,254,2024-08-16,1.3814
GR-2024-00001102,PO-2024-0000857,2,DC_ZGZ,PROD_000952,SUP_00004,140,2024-08-16,0.4175
GR-2024-00001103,PO-2024-0000858,1,DC_ZGZ,PROD_001267,SUP_00014,366,2024-08-16,2.064
GR-2024-00001104,PO-2024-0000868,1,DC_SEV,PROD_001541,SUP_00017,487,2024-08-16,0.9122
GR-2024-00001105,PO-2024-0000870,1,DC_MAD,PROD_002272,SUP_00014,248,2024-08-16,1.3311
GR-2024-00001106,PO-2024-0000872,1,DC_SEV,PROD_003158,SUP_00016,377,2024-08-16,2.1793
GR-2024-00001107,PO-2024-0000889,1,DC_MAD,PROD_001404,SUP_00019,215,2024-08-16,16.7004
GR-2024-00001108,PO-2024-0000867,1,DC_BCN,PROD_003502,SUP_00004,186,2024-08-17,1.166
GR-2024-00001109,PO-2024-0000873,1,DC_SEV,PROD_000125,SUP_00017,380,2024-08-17,1.4939
GR-2024-00001110,PO-2024-0000887,1,DC_SEV,PROD_000823,SUP_00015,116,2024-08-17,1.8482
GR-2024-00001111,PO-2024-0000893,1,DC_ZGZ,PROD_001413,SUP_00007,262,2024-08-17,4.0857
GR-2024-00001112,PO-2024-0000874,1,DC_MAD,PROD_000835,SUP_00014,537,2024-08-18,0.9601
GR-2024-00001113,PO-2024-0000880,1,DC_VLC,PROD_000064,SUP_00016,169,2024-08-18,0.6271
GR-2024-00001114,PO-2024-0000890,1,DC_BCN,PROD_002910,SUP_00005,196,2024-08-18,3.3855
GR-2024-00001115,PO-2024-0000892,1,DC_BCN,PROD_003624,SUP_00016,312,2024-08-18,1.6736
GR-2024-00001116,PO-2024-0000894,1,DC_SEV,PROD_002053,SUP_00015,286,2024-08-18,0.8778
GR-2024-00001117,PO-2024-0000876,1,DC_MAD,PROD_003328,SUP_00004,273,2024-08-19,1.2245
GR-2024-00001118,PO-2024-0000898,1,DC_VLC,PROD_001648,SUP_00016,338,2024-08-19,1.1119
GR-2024-00001119,PO-2024-0000902,1,DC_ZGZ,PROD_000615,SUP_00007,227,2024-08-19,1.5716
GR-2024-00001120,PO-2024-0000902,2,DC_ZGZ,PROD_000974,SUP_00007,311,2024-08-19,0.8255
GR-2024-00001121,PO-2024-0000903,1,DC_MAD,PROD_002133,SUP_00007,445,2024-08-19,0.7964
GR-2024-00001122,PO-2024-0000878,1,DC_ZGZ,PROD_002857,SUP_00017,261,2024-08-20,0.8219
GR-2024-00001123,PO-2024-0000896,1,DC_MAD,PROD_002902,SUP_00016,255,2024-08-20,2.2767
GR-2024-00001124,PO-2024-0000906,1,DC_SEV,PROD_002192,SUP_00015,182,2024-08-20,1.3077
GR-2024-00001125,PO-2024-0000907,1,DC_MAD,PROD_001009,SUP_00007,335,2024-08-20,1.1794
GR-2024-00001126,PO-2024-0000907,2,DC_MAD,PROD_001282,SUP_00007,266,2024-08-20,2.6225
GR-2024-00001127,PO-2024-0000909,1,DC_BCN,PROD_001378,SUP_00007,177,2024-08-20,0.3378
GR-2024-00001128,PO-2024-0000881,1,DC_VLC,PROD_002581,SUP_00017,204,2024-08-21,0.8728
GR-2024-00001129,PO-2024-0000888,1,DC_VLC,PROD_000274,SUP_00014,191,2024-08-21,1.5348
GR-2024-00001130,PO-2024-0000901,1,DC_SEV,PROD_003029,SUP_00016,318,2024-08-21,1.2966
GR-2024-00001131,PO-2024-0000901,2,DC_SEV,PROD_001449,SUP_00016,229,2024-08-21,0.1659
GR-2024-00001132,PO-2024-0000908,1,DC_MAD,PROD_003168,SUP_00016,548,2024-08-21,0.8156
GR-2024-00001133,PO-2024-0000911,1,DC_ZGZ,PROD_000696,SUP_00007,206,2024-08-21,3.9262
GR-2024-00001134,PO-2024-0000886,1,DC_SEV,PROD_001383,SUP_00014,245,2024-08-22,3.1654
GR-2024-00001135,PO-2024-0000905,1,DC_SEV,PROD_002829,SUP_00016,215,2024-08-22,0.8525
GR-2024-00001136,PO-2024-0000912,1,DC_SEV,PROD_002087,SUP_00007,346,2024-08-22,3.9754
GR-2024-00001137,PO-2024-0000913,1,DC_MAD,PROD_002131,SUP_00007,466,2024-08-22,1.4361
GR-2024-00001138,PO-2024-0000913,2,DC_MAD,PROD_001576,SUP_00007,225,2024-08-22,1.7643
GR-2024-00001139,PO-2024-0000879,1,DC_ZGZ,PROD_001322,SUP_00014,205,2024-08-23,1.5764
GR-2024-00001140,PO-2024-0000891,1,DC_SEV,PROD_001917,SUP_00017,236,2024-08-23,1.1996
GR-2024-00001141,PO-2024-0000895,1,DC_ZGZ,PROD_003606,SUP_00017,150,2024-08-23,3.6235
GR-2024-00001142,PO-2024-0000897,1,DC_MAD,PROD_001495,SUP_00017,338,2024-08-23,0.3323
GR-2024-00001143,PO-2024-0000877,1,DC_ZGZ,PROD_003359,SUP_00004,212,2024-08-24,0.4569
GR-2024-00001144,PO-2024-0000885,1,DC_BCN,PROD_003322,SUP_00004,165,2024-08-24,1.1072
GR-2024-00001145,PO-2024-0000899,1,DC_BCN,PROD_000835,SUP_00014,269,2024-08-24,0.9415
GR-2024-00001146,PO-2024-0000915,1,DC_BCN,PROD_001671,SUP_00007,236,2024-08-24,1.0722
GR-2024-00001147,PO-2024-0000918,1,DC_SEV,PROD_002283,SUP_00007,280,2024-08-24,0.6341
GR-2024-00001148,PO-2024-0000914,1,DC_ZGZ,PROD_001769,SUP_00016,171,2024-08-25,0.7404
GR-2024-00001149,PO-2024-0000925,1,DC_SEV,PROD_001617,SUP_00007,285,2024-08-25,1.067
GR-2024-00001150,PO-2024-0000900,1,DC_SEV,PROD_000367,SUP_00014,308,2024-08-26,1.8158
GR-2024-00001151,PO-2024-0000900,2,DC_SEV,PROD_001689,SUP_00014,306,2024-08-26,1.9894
GR-2024-00001152,PO-2024-0000904,1,DC_SEV,PROD_002428,SUP_00017,459,2024-08-26,1.0795
GR-2024-00001153,PO-2024-0000917,1,DC_MAD,PROD_001269,SUP_00016,456,2024-08-26,1.1793
GR-2024-00001154,PO-2024-0000926,1,DC_BCN,PROD_001278,SUP_00007,132,2024-08-27,1.6106
GR-2024-00001155,PO-2024-0000927,1,DC_SEV,PROD_002596,SUP_00007,218,2024-08-27,3.5986
GR-2024-00001156,PO-2024-0000928,1,DC_ZGZ,PROD_002388,SUP_00019,233,2024-08-27,2.1419
GR-2024-00001157,PO-2024-0000910,1,DC_ZGZ,PROD_001034,SUP_00014,174,2024-08-28,2.7546
GR-2024-00001158,PO-2024-0000920,1,DC_BCN,PROD_000075,SUP_00016,147,2024-08-28,2.9448
GR-2024-00001159,PO-2024-0000916,1,DC_MAD,PROD_000097,SUP_00004,427,2024-08-29,0.8916
GR-2024-00001160,PO-2024-0000931,1,DC_BCN,PROD_001316,SUP_00007,107,2024-08-29,5.7727
GR-2024-00001161,PO-2024-0000931,2,DC_BCN,PROD_001554,SUP_00007,108,2024-08-29,0.2873
GR-2024-00001162,PO-2024-0000933,1,DC_ZGZ,PROD_002340,SUP_00007,279,2024-08-29,14.9027
GR-2024-00001163,PO-2024-0000929,1,DC_ZGZ,PROD_001140,SUP_00016,253,2024-08-30,0.6051
GR-2024-00001164,PO-2024-0000929,2,DC_ZGZ,PROD_000888,SUP_00016,359,2024-08-30,0.8389
GR-2024-00001165,PO-2024-0000934,1,DC_BCN,PROD_001360,SUP_00016,194,2024-08-30,0.5796
GR-2024-00001166,PO-2024-0000935,1,DC_ZGZ,PROD_001466,SUP_00007,220,2024-08-30,0.8408
GR-2024-00001167,PO-2024-0000935,2,DC_ZGZ,PROD_002399,SUP_00007,234,2024-08-30,2.2425
GR-2024-00001168,PO-2024-0000919,1,DC_BCN,PROD_001685,SUP_00017,118,2024-08-31,1.1313
GR-2024-00001169,PO-2024-0000922,1,DC_ZGZ,PROD_002409,SUP_00017,177,2024-08-31,0.5175
GR-2024-00001170,PO-2024-0000922,2,DC_ZGZ,PROD_003026,SUP_00017,210,2024-08-31,0.7444
GR-2024-00001171,PO-2024-0000922,3,DC_ZGZ,PROD_000057,SUP_00017,207,2024-08-31,10.8716
GR-2024-00001172,PO-2024-0000924,1,DC_BCN,PROD_001524,SUP_00017,208,2024-08-31,2.1412
GR-2024-00001173,PO-2024-0000930,1,DC_VLC,PROD_002270,SUP_00016,196,2024-08-31,0.5318
GR-2024-00001174,PO-2024-0000932,1,DC_SEV,PROD_002759,SUP_00016,426,2024-08-31,1.1353
GR-2024-00001175,PO-2024-0000936,1,DC_ZGZ,PROD_002693,SUP_00016,235,2024-08-31,1.1258
GR-2024-00001176,PO-2024-0000944,1,DC_BCN,PROD_002274,SUP_00019,265,2024-08-31,3.7238
GR-2024-00001177,PO-2024-0000923,1,DC_BCN,PROD_003413,SUP_00004,101,2024-09-01,1.5526
GR-2024-00001178,PO-2024-0000941,1,DC_VLC,PROD_001001,SUP_00007,297,2024-09-01,3.3126
GR-2024-00001179,PO-2024-0000943,1,DC_BCN,PROD_000363,SUP_00007,161,2024-09-01,1.441
GR-2024-00001180,PO-2024-0000947,1,DC_VLC,PROD_002047,SUP_00019,249,2024-09-01,3.2673
GR-2024-00001181,PO-2024-0000951,1,DC_SEV,PROD_001309,SUP_00019,245,2024-09-02,0.619
GR-2024-00001182,PO-2024-0000921,1,DC_ZGZ,PROD_003464,SUP_00004,277,2024-09-03,0.8682
GR-2024-00001183,PO-2024-0000950,1,DC_BCN,PROD_002593,SUP_00007,91,2024-09-03,4.9377
GR-2024-00001184,PO-2024-0000940,1,DC_VLC,PROD_001775,SUP_00017,117,2024-09-04,1.022
GR-2024-00001185,PO-2024-0000938,1,DC_MAD,PROD_000887,SUP_00014,427,2024-09-05,4.193
GR-2024-00001186,PO-2024-0000938,2,DC_MAD,PROD_001901,SUP_00014,315,2024-09-05,7.0099
GR-2024-00001187,PO-2024-0000939,1,DC_MAD,PROD_000184,SUP_00017,348,2024-09-05,0.8381
GR-2024-00001188,PO-2024-0000946,1,DC_VLC,PROD_000715,SUP_00016,265,2024-09-05,0.6167
GR-2024-00001189,PO-2024-0000949,1,DC_BCN,PROD_000072,SUP_00016,115,2024-09-05,1.1182
GR-2024-00001190,PO-2024-0000937,1,DC_VLC,PROD_000603,SUP_00014,276,2024-09-06,2.0125
GR-2024-00001191,PO-2024-0000955,1,DC_MAD,PROD_000652,SUP_00016,281,2024-09-07,1.172
GR-2024-00001192,PO-2024-0000956,1,DC_BCN,PROD_001753,SUP_00007,151,2024-09-07,0.8784
GR-2024-00001193,PO-2024-0000957,1,DC_BCN,PROD_002504,SUP_00015,289,2024-09-07,8.6485
GR-2024-00001194,PO-2024-0000957,2,DC_BCN,PROD_002192,SUP_00015,242,2024-09-07,1.4702
GR-2024-00001195,PO-2024-0000958,1,DC_ZGZ,PROD_001328,SUP_00007,233,2024-09-07,2.5457
GR-2024-00001196,PO-2024-0000961,1,DC_VLC,PROD_002266,SUP_00015,224,2024-09-07,1.2755
GR-2024-00001197,PO-2024-0000953,1,DC_BCN,PROD_000015,SUP_00017,130,2024-09-08,4.9873
GR-2024-00001198,PO-2024-0000953,2,DC_BCN,PROD_000622,SUP_00017,267,2024-09-08,0.6064
GR-2024-00001199,PO-2024-0000960,1,DC_ZGZ,PROD_002391,SUP_00007,235,2024-09-08,0.7088
GR-2024-00001200,PO-2024-0000962,1,DC_BCN,PROD_000120,SUP_00019,168,2024-09-08,1.5774
GR-2024-00001201,PO-2024-0000942,1,DC_BCN,PROD_003431,SUP_00004,145,2024-09-09,0.5285
GR-2024-00001202,PO-2024-0000964,1,DC_BCN,PROD_001989,SUP_00007,138,2024-09-09,1.9787
GR-2024-00001203,PO-2024-0000967,1,DC_VLC,PROD_001218,SUP_00019,210,2024-09-09,6.8464
GR-2024-00001204,PO-2024-0000945,1,DC_BCN,PROD_003722,SUP_00004,223,2024-09-10,2.5937
GR-2024-00001205,PO-2024-0000948,1,DC_ZGZ,PROD_000577,SUP_00014,325,2024-09-10,2.3398
GR-2024-00001206,PO-2024-0000952,1,DC_BCN,PROD_003529,SUP_00004,235,2024-09-10,1.5352
GR-2024-00001207,PO-2024-0000954,1,DC_VLC,PROD_001846,SUP_00017,315,2024-09-10,1.0664
GR-2024-00001208,PO-2024-0000963,1,DC_BCN,PROD_002939,SUP_00016,265,2024-09-11,1.9214
GR-2024-00001209,PO-2024-0000966,1,DC_SEV,PROD_000153,SUP_00007,441,2024-09-11,4.8907
GR-2024-00001210,PO-2024-0000959,1,DC_BCN,PROD_003466,SUP_00004,122,2024-09-13,2.5776
GR-2024-00001211,PO-2024-0000965,1,DC_ZGZ,PROD_002812,SUP_00017,179,2024-09-13,3.8703
GR-2024-00001212,PO-2024-0000971,1,DC_ZGZ,PROD_001899,SUP_00019,217,2024-09-13,6.5311
GR-2024-00001213,PO-2024-0000972,1,DC_MAD,PROD_001480,SUP_00007,287,2024-09-15,2.9655
GR-2024-00001214,PO-2024-0000974,1,DC_ZGZ,PROD_001163,SUP_00007,116,2024-09-15,0.7411
GR-2024-00001215,PO-2024-0000973,1,DC_BCN,PROD_000345,SUP_00016,251,2024-09-16,2.05
GR-2024-00001216,PO-2024-0000976,1,DC_MAD,PROD_001737,SUP_00007,345,2024-09-16,0.6753
GR-2024-00001217,PO-2024-0000968,1,DC_SEV,PROD_002414,SUP_00017,229,2024-09-17,0.6994
GR-2024-00001218,PO-2024-0000970,1,DC_ZGZ,PROD_002626,SUP_00016,230,2024-09-17,0.4419
GR-2024-00001219,PO-2024-0000975,1,DC_ZGZ,PROD_000691,SUP_00016,149,2024-09-17,1.0263
GR-2024-00001220,PO-2024-0000975,2,DC_ZGZ,PROD_000224,SUP_00016,294,2024-09-17,0.664
GR-2024-00001221,PO-2024-0000975,3,DC_ZGZ,PROD_001581,SUP_00016,298,2024-09-17,0.6733
GR-2024-00001222,PO-2024-0000978,1,DC_ZGZ,PROD_001378,SUP_00007,167,2024-09-17,0.3107
GR-2024-00001223,PO-2024-0000981,1,DC_ZGZ,PROD_000143,SUP_00015,436,2024-09-17,2.2253
GR-2024-00001224,PO-2024-0000969,1,DC_VLC,PROD_003607,SUP_00017,282,2024-09-19,1.1242
GR-2024-00001225,PO-2024-0000969,2,DC_VLC,PROD_003597,SUP_00017,169,2024-09-19,6.1034
GR-2024-00001226,PO-2024-0000984,1,DC_ZGZ,PROD_002477,SUP_00007,330,2024-09-19,7.8051
GR-2024-00001227,PO-2024-0000986,1,DC_SEV,PROD_000215,SUP_00015,284,2024-09-19,1.6648
GR-2024-00001228,PO-2024-0000980,1,DC_MAD,PROD_002892,SUP_00016,356,2024-09-20,0.9228
GR-2024-00001229,PO-2024-0000991,1,DC_VLC,PROD_000386,SUP_00007,199,2024-09-21,1.1083
GR-2024-00001230,PO-2024-0000998,1,DC_BCN,PROD_001253,SUP_00019,160,2024-09-21,16.6689
GR-2024-00001231,PO-2024-0000977,1,DC_ZGZ,PROD_000634,SUP_00017,227,2024-09-22,0.5196
GR-2024-00001232,PO-2024-0000979,1,DC_ZGZ,PROD_003357,SUP_00004,196,2024-09-22,1.7102
GR-2024-00001233,PO-2024-0000985,1,DC_BCN,PROD_002615,SUP_00016,157,2024-09-22,0.6114
GR-2024-00001234,PO-2024-0000996,1,DC_BCN,PROD_003629,SUP_00007,252,2024-09-22,1.2025
GR-2024-00001235,PO-2024-0000992,1,DC_VLC,PROD_003160,SUP_00016,263,2024-09-23,1.7789
GR-2024-00001236,PO-2024-0000994,1,DC_BCN,PROD_002881,SUP_00016,268,2024-09-23,0.7565
GR-2024-00001237,PO-2024-0000989,1,DC_ZGZ,PROD_002995,SUP_00016,367,2024-09-24,0.4608
GR-2024-00001238,PO-2024-0000982,1,DC_ZGZ,PROD_002251,SUP_00017,416,2024-09-25,1.0746
GR-2024-00001239,PO-2024-0000982,2,DC_ZGZ,PROD_002271,SUP_00017,278,2024-09-25,0.8119
GR-2024-00001240,PO-2024-0000982,3,DC_ZGZ,PROD_003240,SUP_00017,240,2024-09-25,1.0808
GR-2024-00001241,PO-2024-0000987,1,DC_SEV,PROD_003279,SUP_00004,310,2024-09-25,0.9098
GR-2024-00001242,PO-2024-0000987,2,DC_SEV,PROD_003399,SUP_00004,405,2024-09-25,2.313
GR-2024-00001243,PO-2024-0000990,1,DC_BCN,PROD_003353,SUP_00004,137,2024-09-26,4.5671
GR-2024-00001244,PO-2024-0000993,1,DC_VLC,PROD_000135,SUP_00017,121,2024-09-26,1.1167
GR-2024-00001245,PO-2024-0000983,1,DC_ZGZ,PROD_000531,SUP_00014,228,2024-09-27,4.5693
GR-2024-00001246,PO-2024-0000995,1,DC_BCN,PROD_001467,SUP_00014,184,2024-09-27,1.1316
GR-2024-00001247,PO-2024-0000997,1,DC_BCN,PROD_000188,SUP_00014,121,2024-09-27,2.2232
GR-2024-00001248,PO-2024-0000997,2,DC_BCN,PROD_001429,SUP_00014,186,2024-09-27,5.6789
GR-2024-00001249,PO-2024-0000997,3,DC_BCN,PROD_001730,SUP_00014,183,2024-09-27,5.7751
GR-2024-00001250,PO-2024-0000999,1,DC_BCN,PROD_002260,SUP_00017,323,2024-09-27,0.8691
GR-2024-00001251,PO-2024-0001003,1,DC_ZGZ,PROD_001310,SUP_00007,320,2024-09-27,0.8139
GR-2024-00001252,PO-2024-0001003,2,DC_ZGZ,PROD_002424,SUP_00007,190,2024-09-27,5.1771
GR-2024-00001253,PO-2024-0001009,1,DC_MAD,PROD_002542,SUP_00007,389,2024-09-27,1.0738
GR-2024-00001254,PO-2024-0001004,1,DC_SEV,PROD_001357,SUP_00007,407,2024-09-28,1.1199
GR-2024-00001255,PO-2024-0001007,1,DC_ZGZ,PROD_000190,SUP_00007,221,2024-09-28,0.2874
GR-2024-00001256,PO-2024-0001007,2,DC_ZGZ,PROD_001723,SUP_00007,237,2024-09-28,0.8965
GR-2024-00001257,PO-2024-0001007,3,DC_ZGZ,PROD_000346,SUP_00007,313,2024-09-28,1.1389
GR-2024-00001258,PO-2024-0001012,1,DC_SEV,PROD_000580,SUP_00019,284,2024-09-28,1.9063
GR-2024-00001259,PO-2024-0000988,1,DC_ZGZ,PROD_003340,SUP_00004,216,2024-09-29,1.186
GR-2024-00001260,PO-2024-0001013,1,DC_BCN,PROD_000899,SUP_00015,149,2024-09-29,1.1695
GR-2024-00001261,PO-2024-0001008,1,DC_ZGZ,PROD_002922,SUP_00016,177,2024-09-30,0.9728
GR-2024-00001262,PO-2024-0001015,1,DC_BCN,PROD_000528,SUP_00015,182,2024-09-30,0.8543
GR-2024-00001263,PO-2024-0001016,1,DC_MAD,PROD_000864,SUP_00007,504,2024-09-30,1.4843
GR-2024-00001264,PO-2024-0001000,1,DC_BCN,PROD_003275,SUP_00004,160,2024-10-01,1.7373
GR-2024-00001265,PO-2024-0001002,1,DC_MAD,PROD_003505,SUP_00004,338,2024-10-02,1.2021
GR-2024-00001266,PO-2024-0001010,1,DC_SEV,PROD_003198,SUP_00016,482,2024-10-02,3.1268
GR-2024-00001267,PO-2024-0001018,1,DC_ZGZ,PROD_002343,SUP_00016,157,2024-10-02,1.6958
GR-2024-00001268,PO-2024-0001001,1,DC_SEV,PROD_001473,SUP_00014,457,2024-10-03,1.0736
GR-2024-00001269,PO-2024-0001017,1,DC_BCN,PROD_002311,SUP_00016,263,2024-10-03,1.6139
GR-2024-00001270,PO-2024-0001020,1,DC_ZGZ,PROD_003187,SUP_00016,157,2024-10-03,2.2144
GR-2024-00001271,PO-2024-0001022,1,DC_BCN,PROD_001478,SUP_00007,186,2024-10-03,3.1869
GR-2024-00001272,PO-2024-0001005,1,DC_MAD,PROD_001050,SUP_00017,170,2024-10-04,1.4805
GR-2024-00001273,PO-2024-0001011,1,DC_SEV,PROD_003468,SUP_00004,358,2024-10-05,0.4906
GR-2024-00001274,PO-2024-0001014,1,DC_BCN,PROD_003561,SUP_00004,211,2024-10-05,2.7747
GR-2024-00001275,PO-2024-0001024,1,DC_ZGZ,PROD_000044,SUP_00016,231,2024-10-05,0.6148
GR-2024-00001276,PO-2024-0001025,1,DC_MAD,PROD_001549,SUP_00016,445,2024-10-06,1.1441
GR-2024-00001277,PO-2024-0001025,2,DC_MAD,PROD_003018,SUP_00016,244,2024-10-06,2.0031
GR-2024-00001278,PO-2024-0001028,1,DC_VLC,PROD_001535,SUP_00015,374,2024-10-06,1.6341
GR-2024-00001279,PO-2024-0001006,1,DC_MAD,PROD_003424,SUP_00004,249,2024-10-07,0.952
GR-2024-00001280,PO-2024-0001019,1,DC_BCN,PROD_000607,SUP_00014,92,2024-10-08,0.9089
GR-2024-00001281,PO-2024-0001027,1,DC_MAD,PROD_002671,SUP_00016,586,2024-10-08,0.7034
GR-2024-00001282,PO-2024-0001029,1,DC_ZGZ,PROD_002657,SUP_00005,154,2024-10-08,2.8777
GR-2024-00001283,PO-2024-0001035,1,DC_ZGZ,PROD_001382,SUP_00005,108,2024-10-08,0.7161
GR-2024-00001284,PO-2024-0001038,1,DC_ZGZ,PROD_001565,SUP_00007,252,2024-10-08,0.2901
GR-2024-00001285,PO-2024-0001039,1,DC_SEV,PROD_001806,SUP_00007,355,2024-10-08,2.4912
GR-2024-00001286,PO-2024-0001043,1,DC_SEV,PROD_000955,SUP_00015,378,2024-10-08,1.0455
GR-2024-00001287,PO-2024-0001021,1,DC_MAD,PROD_003372,SUP_00004,495,2024-10-09,1.028
GR-2024-00001288,PO-2024-0001034,1,DC_ZGZ,PROD_000597,SUP_00016,241,2024-10-09,1.1881
GR-2024-00001289,PO-2024-0001049,1,DC_MAD,PROD_002286,SUP_00007,408,2024-10-09,0.5914
GR-2024-00001290,PO-2024-0001023,1,DC_ZGZ,PROD_003394,SUP_00004,159,2024-10-10,0.9079
GR-2024-00001291,PO-2024-0001031,1,DC_BCN,PROD_002343,SUP_00016,163,2024-10-10,1.8634
GR-2024-00001292,PO-2024-0001036,1,DC_ZGZ,PROD_002954,SUP_00016,267,2024-10-10,1.8856
GR-2024-00001293,PO-2024-0001036,2,DC_ZGZ,PROD_001620,SUP_00016,131,2024-10-10,2.6534
GR-2024-00001294,PO-2024-0001036,3,DC_ZGZ,PROD_000740,SUP_00016,273,2024-10-10,1.4265
GR-2024-00001295,PO-2024-0001037,1,DC_BCN,PROD_000736,SUP_00016,167,2024-10-10,2.1357
GR-2024-00001296,PO-2024-0001042,1,DC_MAD,PROD_001725,SUP_00016,488,2024-10-11,1.099
GR-2024-00001297,PO-2024-0001042,2,DC_MAD,PROD_003031,SUP_00016,276,2024-10-11,1.217
GR-2024-00001298,PO-2024-0001050,1,DC_BCN,PROD_000172,SUP_00019,150,2024-10-11,44.6759
GR-2024-00001299,PO-2024-0001044,1,DC_ZGZ,PROD_003050,SUP_00016,202,2024-10-12,0.9249
GR-2024-00001300,PO-2024-0001046,1,DC_ZGZ,PROD_002444,SUP_00017,305,2024-10-13,1.9982
GR-2024-00001301,PO-2024-0001048,1,DC_MAD,PROD_000780,SUP_00017,296,2024-10-13,0.8066
GR-2024-00001302,PO-2024-0001040,1,DC_ZGZ,PROD_003290,SUP_00004,282,2024-10-14,0.6301
GR-2024-00001303,PO-2024-0001051,1,DC_SEV,PROD_000235,SUP_00015,221,2024-10-14,0.5617
GR-2024-00001304,PO-2024-0001026,1,DC_VLC,PROD_000838,SUP_00014,120,2024-10-15,2.0548
GR-2024-00001305,PO-2024-0001026,2,DC_VLC,PROD_001686,SUP_00014,229,2024-10-15,1.5813
GR-2024-00001306,PO-2024-0001026,3,DC_VLC,PROD_002036,SUP_00014,160,2024-10-15,3.2876
GR-2024-00001307,PO-2024-0001030,1,DC_BCN,PROD_000107,SUP_00004,206,2024-10-15,1.8136
GR-2024-00001308,PO-2024-0001033,1,DC_SEV,PROD_002488,SUP_00014,278,2024-10-15,2.4878
GR-2024-00001309,PO-2024-0001041,1,DC_BCN,PROD_003718,SUP_00004,144,2024-10-15,0.5536
GR-2024-00001310,PO-2024-0001047,1,DC_MAD,PROD_003414,SUP_00004,335,2024-10-15,1.1302
GR-2024-00001311,PO-2024-0001032,1,DC_MAD,PROD_002173,SUP_00014,309,2024-10-16,2.7038
GR-2024-00001312,PO-2024-0001052,1,DC_BCN,PROD_002876,SUP_00016,324,2024-10-17,0.7592
GR-2024-00001313,PO-2024-0001052,2,DC_BCN,PROD_002842,SUP_00016,142,2024-10-17,2.4362
GR-2024-00001314,PO-2024-0001045,1,DC_ZGZ,PROD_003349,SUP_00004,228,2024-10-18,0.8736
GR-2024-00001315,PO-2024-0001053,1,DC_ZGZ,PROD_002661,SUP_00016,282,2024-10-18,1.7395
GR-2024-00001316,PO-2024-0001060,1,DC_BCN,PROD_001555,SUP_00007,173,2024-10-19,4.543
GR-2024-00001317,PO-2024-0001057,1,DC_MAD,PROD_003140,SUP_00016,302,2024-10-20,1.296
GR-2024-00001318,PO-2024-0001058,1,DC_BCN,PROD_000424,SUP_00015,155,2024-10-20,1.2275
GR-2024-00001319,PO-2024-0001063,1,DC_ZGZ,PROD_002111,SUP_00019,282,2024-10-20,5.5197
GR-2024-00001320,PO-2024-0001059,1,DC_BCN,PROD_002552,SUP_00016,229,2024-10-22,0.7043
GR-2024-00001321,PO-2024-0001062,1,DC_BCN,PROD_002700,SUP_00016,136,2024-10-22,2.3655
GR-2024-00001322,PO-2024-0001066,1,DC_VLC,PROD_002155,SUP_00007,174,2024-10-22,2.2655
GR-2024-00001323,PO-2024-0001067,1,DC_BCN,PROD_000689,SUP_00007,124,2024-10-22,1.3244
GR-2024-00001324,PO-2024-0001054,1,DC_BCN,PROD_003336,SUP_00004,141,2024-10-23,2.1834
GR-2024-00001325,PO-2024-0001056,1,DC_BCN,PROD_001892,SUP_00017,138,2024-10-25,1.5629
GR-2024-00001326,PO-2024-0001056,2,DC_BCN,PROD_001135,SUP_00017,193,2024-10-25,1.7997
GR-2024-00001327,PO-2024-0001070,1,DC_ZGZ,PROD_002013,SUP_00007,317,2024-10-25,3.5378
GR-2024-00001328,PO-2024-0001073,1,DC_BCN,PROD_002131,SUP_00007,178,2024-10-25,1.4711
GR-2024-00001329,PO-2024-0001076,1,DC_ZGZ,PROD_001251,SUP_00019,286,2024-10-25,14.0937
GR-2024-00001330,PO-2024-0001061,1,DC_MAD,PROD_003527,SUP_00004,264,2024-10-26,1.1584
GR-2024-00001331,PO-2024-0001075,1,DC_BCN,PROD_002295,SUP_00007,106,2024-10-26,0.2875
GR-2024-00001332,PO-2024-0001064,1,DC_VLC,PROD_003542,SUP_00004,96,2024-10-27,0.7967
GR-2024-00001333,PO-2024-0001065,1,DC_VLC,PROD_000583,SUP_00014,228,2024-10-27,1.7866
GR-2024-00001334,PO-2024-0001055,1,DC_BCN,PROD_000163,SUP_00014,239,2024-10-28,3.4494
GR-2024-00001335,PO-2024-0001068,1,DC_BCN,PROD_001729,SUP_00016,189,2024-10-28,1.0688
GR-2024-00001336,PO-2024-0001080,1,DC_BCN,PROD_001904,SUP_00007,185,2024-10-28,1.0529
GR-2024-00001337,PO-2024-0001083,1,DC_MAD,PROD_001940,SUP_00007,408,2024-10-28,1.9165
GR-2024-00001338,PO-2024-0001084,1,DC_MAD,PROD_002192,SUP_00015,303,2024-10-28,1.4754
GR-2024-00001339,PO-2024-0001091,1,DC_VLC,PROD_000205,SUP_00019,287,2024-10-28,9.5587
GR-2024-00001340,PO-2024-0001077,1,DC_MAD,PROD_003268,SUP_00016,315,2024-10-29,2.2134
GR-2024-00001341,PO-2024-0001085,1,DC_MAD,PROD_000837,SUP_00007,245,2024-10-29,0.9608
GR-2024-00001342,PO-2024-0001087,1,DC_MAD,PROD_000899,SUP_00015,254,2024-10-29,1.183
GR-2024-00001343,PO-2024-0001087,2,DC_MAD,PROD_002601,SUP_00015,265,2024-10-29,0.9753
GR-2024-00001344,PO-2024-0001072,1,DC_ZGZ,PROD_003272,SUP_00004,125,2024-10-30,0.4936
GR-2024-00001345,PO-2024-0001082,1,DC_SEV,PROD_002950,SUP_00016,379,2024-10-30,0.4759
GR-2024-00001346,PO-2024-0001089,1,DC_MAD,PROD_002977,SUP_00016,443,2024-10-30,1.445
GR-2024-00001347,PO-2024-0001089,2,DC_MAD,PROD_002659,SUP_00016,392,2024-10-30,0.5447
GR-2024-00001348,PO-2024-0001090,1,DC_VLC,PROD_003054,SUP_00016,192,2024-10-30,1.925
GR-2024-00001349,PO-2024-0001074,1,DC_VLC,PROD_000802,SUP_00017,152,2024-10-31,1.1218
GR-2024-00001350,PO-2024-0001094,1,DC_VLC,PROD_002002,SUP_00007,207,2024-10-31,1.3949
GR-2024-00001351,PO-2024-0001096,1,DC_SEV,PROD_000121,SUP_00007,371,2024-10-31,3.1864
GR-2024-00001352,PO-2024-0001078,1,DC_BCN,PROD_000184,SUP_00017,230,2024-11-01,0.8647
GR-2024-00001353,PO-2024-0001097,1,DC_ZGZ,PROD_001942,SUP_00007,193,2024-11-01,4.8894
GR-2024-00001354,PO-2024-0001097,2,DC_ZGZ,PROD_000258,SUP_00007,264,2024-11-01,6.5778
GR-2024-00001355,PO-2024-0001099,1,DC_ZGZ,PROD_001984,SUP_00015,347,2024-11-01,1.1956
GR-2024-00001356,PO-2024-0001102,1,DC_VLC,PROD_002496,SUP_00019,182,2024-11-01,8.6289
GR-2024-00001357,PO-2024-0001069,1,DC_BCN,PROD_002096,SUP_00014,283,2024-11-02,7.5653
GR-2024-00001358,PO-2024-0001071,1,DC_ZGZ,PROD_003667,SUP_00014,366,2024-11-02,2.2915
GR-2024-00001359,PO-2024-0001092,1,DC_SEV,PROD_003088,SUP_00016,308,2024-11-02,2.6899
GR-2024-00001360,PO-2024-0001106,1,DC_BCN,PROD_000409,SUP_00015,144,2024-11-02,1.0555
GR-2024-00001361,PO-2024-0001081,1,DC_SEV,PROD_000595,SUP_00014,259,2024-11-03,1.9136
GR-2024-00001362,PO-2024-0001108,1,DC_MAD,PROD_000890,SUP_00015,407,2024-11-03,0.9155
GR-2024-00001363,PO-2024-0001110,1,DC_MAD,PROD_001881,SUP_00019,213,2024-11-03,3.5537
GR-2024-00001364,PO-2024-0001079,1,DC_BCN,PROD_003553,SUP_00004,186,2024-11-04,1.2227
GR-2024-00001365,PO-2024-0001079,2,DC_BCN,PROD_003347,SUP_00004,301,2024-11-04,1.3242
GR-2024-00001366,PO-2024-0001088,1,DC_MAD,PROD_000980,SUP_00017,475,2024-11-04,0.7596
GR-2024-00001367,PO-2024-0001088,2,DC_MAD,PROD_003618,SUP_00017,571,2024-11-04,3.9125
GR-2024-00001368,PO-2024-0001086,1,DC_MAD,PROD_003350,SUP_00004,373,2024-11-05,1.6888
GR-2024-00001369,PO-2024-0001086,2,DC_MAD,PROD_003401,SUP_00004,257,2024-11-05,0.7825
GR-2024-00001370,PO-2024-0001093,1,DC_VLC,PROD_003326,SUP_00004,355,2024-11-05,1.0045
GR-2024-00001371,PO-2024-0001101,1,DC_BCN,PROD_003223,SUP_00016,151,2024-11-05,3.0674
GR-2024-00001372,PO-2024-0001107,1,DC_SEV,PROD_000200,SUP_00015,323,2024-11-05,1.0849
GR-2024-00001373,PO-2024-0001112,1,DC_MAD,PROD_000807,SUP_00019,377,2024-11-05,1.087
GR-2024-00001374,PO-2024-0001095,1,DC_MAD,PROD_001683,SUP_00014,204,2024-11-06,5.5101
GR-2024-00001375,PO-2024-0001098,1,DC_ZGZ,PROD_001304,SUP_00017,265,2024-11-08,1.2969
GR-2024-00001376,PO-2024-0001098,2,DC_ZGZ,PROD_000901,SUP_00017,276,2024-11-08,0.706
GR-2024-00001377,PO-2024-0001100,1,DC_ZGZ,PROD_003373,SUP_00004,263,2024-11-08,0.971
GR-2024-00001378,PO-2024-0001104,1,DC_SEV,PROD_001340,SUP_00014,375,2024-11-08,2.1649
GR-2024-00001379,PO-2024-0001119,1,DC_BCN,PROD_000462,SUP_00007,94,2024-11-08,1.9969
GR-2024-00001380,PO-2024-0001115,1,DC_VLC,PROD_002624,SUP_00016,185,2024-11-09,0.6144
GR-2024-00001381,PO-2024-0001121,1,DC_BCN,PROD_000974,SUP_00007,129,2024-11-09,0.9408
GR-2024-00001382,PO-2024-0001122,1,DC_ZGZ,PROD_000910,SUP_00007,144,2024-11-09,2.825
GR-2024-00001383,PO-2024-0001124,1,DC_VLC,PROD_001128,SUP_00007,368,2024-11-09,1.9113
GR-2024-00001384,PO-2024-0001103,1,DC_SEV,PROD_003515,SUP_00004,157,2024-11-10,1.369
GR-2024-00001385,PO-2024-0001105,1,DC_BCN,PROD_003367,SUP_00004,174,2024-11-10,1.021
GR-2024-00001386,PO-2024-0001118,1,DC_BCN,PROD_003236,SUP_00016,119,2024-11-10,2.7489
GR-2024-00001387,PO-2024-0001120,1,DC_BCN,PROD_002745,SUP_00016,256,2024-11-10,2.025
GR-2024-00001388,PO-2024-0001123,1,DC_ZGZ,PROD_002795,SUP_00016,150,2024-11-10,3.5883
GR-2024-00001389,PO-2024-0001123,2,DC_ZGZ,PROD_000579,SUP_00016,279,2024-11-10,0.7167
GR-2024-00001390,PO-2024-0001111,1,DC_SEV,PROD_002062,SUP_00017,290,2024-11-11,0.5114
GR-2024-00001391,PO-2024-0001130,1,DC_BCN,PROD_002589,SUP_00007,129,2024-11-11,3.5353
GR-2024-00001392,PO-2024-0001131,1,DC_ZGZ,PROD_001783,SUP_00007,286,2024-11-11,0.7174
GR-2024-00001393,PO-2024-0001132,1,DC_SEV,PROD_001600,SUP_00007,528,2024-11-11,4.1679
GR-2024-00001394,PO-2024-0001134,1,DC_BCN,PROD_001522,SUP_00019,175,2024-11-11,2.8224
GR-2024-00001395,PO-2024-0001109,1,DC_MAD,PROD_000188,SUP_00014,430,2024-11-12,2.1333
GR-2024-00001396,PO-2024-0001135,1,DC_BCN,PROD_001816,SUP_00007,134,2024-11-12,2.2072
GR-2024-00001397,PO-2024-0001135,2,DC_BCN,PROD_002338,SUP_00007,147,2024-11-12,2.0843
GR-2024-00001398,PO-2024-0001126,1,DC_SEV,PROD_001890,SUP_00016,321,2024-11-13,1.272
GR-2024-00001399,PO-2024-0001129,1,DC_BCN,PROD_002989,SUP_00016,172,2024-11-13,2.2626
GR-2024-00001400,PO-2024-0001133,1,DC_BCN,PROD_003134,SUP_00016,131,2024-11-13,2.0288
GR-2024-00001401,PO-2024-0001113,1,DC_SEV,PROD_002307,SUP_00014,177,2024-11-14,4.6501
GR-2024-00001402,PO-2024-0001138,1,DC_VLC,PROD_002875,SUP_00016,246,2024-11-14,0.5142
GR-2024-00001403,PO-2024-0001139,1,DC_ZGZ,PROD_003125,SUP_00016,159,2024-11-14,1.9078
GR-2024-00001404,PO-2024-0001143,1,DC_ZGZ,PROD_001872,SUP_00019,86,2024-11-14,2.2589
GR-2024-00001405,PO-2024-0001114,1,DC_VLC,PROD_003383,SUP_00004,154,2024-11-15,0.8819
GR-2024-00001406,PO-2024-0001117,1,DC_BCN,PROD_001762,SUP_00004,154,2024-11-15,0.5033
GR-2024-00001407,PO-2024-0001125,1,DC_VLC,PROD_001337,SUP_00014,171,2024-11-15,6.1693
GR-2024-00001408,PO-2024-0001127,1,DC_MAD,PROD_001760,SUP_00017,386,2024-11-15,1.3899
GR-2024-00001409,PO-2024-0001116,1,DC_BCN,PROD_001912,SUP_00014,267,2024-11-17,15.0607
GR-2024-00001410,PO-2024-0001128,1,DC_MAD,PROD_000156,SUP_00004,323,2024-11-17,0.4556
GR-2024-00001411,PO-2024-0001141,1,DC_ZGZ,PROD_003166,SUP_00016,302,2024-11-17,1.4749
GR-2024-00001412,PO-2024-0001152,1,DC_SEV,PROD_001021,SUP_00019,230,2024-11-17,2.3197
GR-2024-00001413,PO-2024-0001136,1,DC_VLC,PROD_000920,SUP_00014,179,2024-11-18,1.3776
GR-2024-00001414,PO-2024-0001136,2,DC_VLC,PROD_000593,SUP_00014,220,2024-11-18,1.8631
GR-2024-00001415,PO-2024-0001144,1,DC_SEV,PROD_003064,SUP_00016,347,2024-11-18,0.8946
GR-2024-00001416,PO-2024-0001149,1,DC_VLC,PROD_000501,SUP_00007,298,2024-11-18,1.7087
GR-2024-00001417,PO-2024-0001149,2,DC_VLC,PROD_003695,SUP_00007,273,2024-11-18,0.8976
GR-2024-00001418,PO-2024-0001153,1,DC_MAD,PROD_000956,SUP_00007,440,2024-11-18,3.1272
GR-2024-00001419,PO-2024-0001156,1,DC_BCN,PROD_001811,SUP_00019,300,2024-11-18,2.2678
GR-2024-00001420,PO-2024-0001158,1,DC_VLC,PROD_002437,SUP_00019,175,2024-11-18,2.6081
GR-2024-00001421,PO-2024-0001137,1,DC_VLC,PROD_003311,SUP_00004,186,2024-11-19,0.5259
GR-2024-00001422,PO-2024-0001154,1,DC_BCN,PROD_001568,SUP_00007,215,2024-11-19,0.6732
GR-2024-00001423,PO-2024-0001146,1,DC_MAD,PROD_002939,SUP_00016,542,2024-11-20,1.9968
GR-2024-00001424,PO-2024-0001146,2,DC_MAD,PROD_002710,SUP_00016,192,2024-11-20,0.6675
GR-2024-00001425,PO-2024-0001140,1,DC_MAD,PROD_001159,SUP_00014,601,2024-11-21,3.3926
GR-2024-00001426,PO-2024-0001157,1,DC_VLC,PROD_000834,SUP_00016,141,2024-11-21,1.6346
GR-2024-00001427,PO-2024-0001150,1,DC_SEV,PROD_003568,SUP_00017,241,2024-11-22,1.0994
GR-2024-00001428,PO-2024-0001142,1,DC_ZGZ,PROD_000480,SUP_00014,260,2024-11-23,4.1854
GR-2024-00001429,PO-2024-0001147,1,DC_MAD,PROD_001409,SUP_00014,381,2024-11-23,5.0167
GR-2024-00001430,PO-2024-0001155,1,DC_BCN,PROD_001353,SUP_00017,184,2024-11-23,0.9352
GR-2024-00001431,PO-2024-0001145,1,DC_VLC,PROD_003412,SUP_00004,267,2024-11-24,0.757
GR-2024-00001432,PO-2024-0001148,1,DC_VLC,PROD_003448,SUP_00004,225,2024-11-24,0.8933
GR-2024-00001433,PO-2024-0001172,1,DC_MAD,PROD_000789,SUP_00019,413,2024-11-24,0.6495
GR-2024-00001434,PO-2024-0001165,1,DC_ZGZ,PROD_001184,SUP_00007,243,2024-11-26,2.3647
GR-2024-00001435,PO-2024-0001165,2,DC_ZGZ,PROD_002294,SUP_00007,136,2024-11-26,2.7376
GR-2024-00001436,PO-2024-0001169,1,DC_MAD,PROD_002253,SUP_00015,280,2024-11-26,0.9651
GR-2024-00001437,PO-2024-0001175,1,DC_VLC,PROD_000677,SUP_00019,164,2024-11-26,4.0961
GR-2024-00001438,PO-2024-0001176,1,DC_ZGZ,PROD_000972,SUP_00007,210,2024-11-26,5.856
GR-2024-00001439,PO-2024-0001151,1,DC_SEV,PROD_003363,SUP_00004,434,2024-11-27,1.7194
GR-2024-00001440,PO-2024-0001159,1,DC_MAD,PROD_000917,SUP_00014,359,2024-11-27,2.2006
GR-2024-00001441,PO-2024-0001162,1,DC_VLC,PROD_000141,SUP_00016,161,2024-11-27,1.1696
GR-2024-00001442,PO-2024-0001166,1,DC_MAD,PROD_000231,SUP_00007,307,2024-11-27,0.8254
GR-2024-00001443,PO-2024-0001163,1,DC_SEV,PROD_003019,SUP_00005,188,2024-11-28,2.4824
GR-2024-00001444,PO-2024-0001168,1,DC_MAD,PROD_000292,SUP_00016,364,2024-11-28,0.8049
GR-2024-00001445,PO-2024-0001160,1,DC_MAD,PROD_003621,SUP_00017,340,2024-11-30,9.5249
GR-2024-00001446,PO-2024-0001179,1,DC_MAD,PROD_000945,SUP_00007,349,2024-11-30,1.764
GR-2024-00001447,PO-2024-0001161,1,DC_SEV,PROD_001369,SUP_00014,433,2024-12-01,1.3608
GR-2024-00001448,PO-2024-0001171,1,DC_ZGZ,PROD_001102,SUP_00017,187,2024-12-01,1.0227
GR-2024-00001449,PO-2024-0001173,1,DC_VLC,PROD_001421,SUP_00017,183,2024-12-02,0.7929
GR-2024-00001450,PO-2024-0001173,2,DC_VLC,PROD_001117,SUP_00017,217,2024-12-02,5.3108
GR-2024-00001451,PO-2024-0001177,1,DC_MAD,PROD_002821,SUP_00016,376,2024-12-02,0.4821
GR-2024-00001452,PO-2024-0001182,1,DC_MAD,PROD_000462,SUP_00007,276,2024-12-02,1.9972
GR-2024-00001453,PO-2024-0001182,2,DC_MAD,PROD_000972,SUP_00007,346,2024-12-02,6.6236
GR-2024-00001454,PO-2024-0001184,1,DC_BCN,PROD_002455,SUP_00007,120,2024-12-02,2.5798
GR-2024-00001455,PO-2024-0001186,1,DC_ZGZ,PROD_001053,SUP_00007,237,2024-12-02,0.7675
GR-2024-00001456,PO-2024-0001188,1,DC_ZGZ,PROD_001485,SUP_00019,216,2024-12-03,7.1943
GR-2024-00001457,PO-2024-0001190,1,DC_BCN,PROD_002476,SUP_00019,197,2024-12-04,1.7295
GR-2024-00001458,PO-2024-0001167,1,DC_MAD,PROD_002307,SUP_00014,403,2024-12-05,5.2648
GR-2024-00001459,PO-2024-0001170,1,DC_MAD,PROD_003494,SUP_00004,435,2024-12-05,0.8188
GR-2024-00001460,PO-2024-0001170,2,DC_MAD,PROD_003321,SUP_00004,443,2024-12-05,0.9728
GR-2024-00001461,PO-2024-0001178,1,DC_SEV,PROD_003376,SUP_00004,361,2024-12-05,2.2188
GR-2024-00001462,PO-2024-0001189,1,DC_SEV,PROD_002052,SUP_00015,321,2024-12-05,0.9153
GR-2024-00001463,PO-2024-0001174,1,DC_VLC,PROD_003395,SUP_00004,202,2024-12-06,0.9588
GR-2024-00001464,PO-2024-0001180,1,DC_MAD,PROD_003240,SUP_00017,541,2024-12-06,1.2177
GR-2024-00001465,PO-2024-0001180,2,DC_MAD,PROD_000369,SUP_00017,287,2024-12-06,0.5698
GR-2024-00001466,PO-2024-0001191,1,DC_SEV,PROD_000936,SUP_00007,386,2024-12-06,1.3093
GR-2024-00001467,PO-2024-0001164,1,DC_SEV,PROD_001987,SUP_00014,374,2024-12-07,4.2351
GR-2024-00001468,PO-2024-0001197,1,DC_VLC,PROD_000271,SUP_00019,99,2024-12-07,1.2244
GR-2024-00001469,PO-2024-0001197,2,DC_VLC,PROD_002365,SUP_00019,208,2024-12-07,6.634
GR-2024-00001470,PO-2024-0001187,1,DC_ZGZ,PROD_002374,SUP_00017,320,2024-12-08,1.5279
GR-2024-00001471,PO-2024-0001194,1,DC_MAD,PROD_000768,SUP_00016,229,2024-12-08,0.7967
GR-2024-00001472,PO-2024-0001192,1,DC_BCN,PROD_000738,SUP_00016,300,2024-12-09,2.5234
GR-2024-00001473,PO-2024-0001195,1,DC_BCN,PROD_002936,SUP_00016,98,2024-12-09,2.3584
GR-2024-00001474,PO-2024-0001198,1,DC_ZGZ,PROD_003013,SUP_00016,345,2024-12-09,0.337
GR-2024-00001475,PO-2024-0001201,1,DC_ZGZ,PROD_000552,SUP_00015,206,2024-12-09,0.9069
GR-2024-00001476,PO-2024-0001203,1,DC_MAD,PROD_002064,SUP_00007,383,2024-12-09,1.3241
GR-2024-00001477,PO-2024-0001181,1,DC_MAD,PROD_000094,SUP_00004,255,2024-12-10,1.1108
GR-2024-00001478,PO-2024-0001196,1,DC_BCN,PROD_000761,SUP_00016,149,2024-12-10,0.8256
GR-2024-00001479,PO-2024-0001183,1,DC_MAD,PROD_001125,SUP_00014,344,2024-12-11,1.4341
GR-2024-00001480,PO-2024-0001204,1,DC_BCN,PROD_002006,SUP_00015,125,2024-12-11,1.2863
GR-2024-00001481,PO-2024-0001185,1,DC_ZGZ,PROD_003367,SUP_00004,221,2024-12-12,0.9009
GR-2024-00001482,PO-2024-0001193,1,DC_BCN,PROD_003319,SUP_00004,144,2024-12-12,0.9413
GR-2024-00001483,PO-2024-0001199,1,DC_ZGZ,PROD_000792,SUP_00017,380,2024-12-12,0.7116
GR-2024-00001484,PO-2024-0001202,1,DC_ZGZ,PROD_001207,SUP_00017,220,2024-12-13,2.2956
GR-2024-00001485,PO-2024-0001211,1,DC_BCN,PROD_002282,SUP_00007,263,2024-12-13,1.5818
GR-2024-00001486,PO-2024-0001214,1,DC_BCN,PROD_001548,SUP_00019,86,2024-12-13,1.4626
GR-2024-00001487,PO-2024-0001208,1,DC_SEV,PROD_003116,SUP_00016,310,2024-12-14,0.6867
GR-2024-00001488,PO-2024-0001215,1,DC_BCN,PROD_001766,SUP_00007,177,2024-12-14,0.7981
GR-2024-00001489,PO-2024-0001200,1,DC_MAD,PROD_003351,SUP_00004,403,2024-12-15,0.9872
GR-2024-00001490,PO-2024-0001206,1,DC_MAD,PROD_003584,SUP_00017,354,2024-12-15,2.1275
GR-2024-00001491,PO-2024-0001212,1,DC_BCN,PROD_002834,SUP_00016,137,2024-12-15,3.6813
GR-2024-00001492,PO-2024-0001218,1,DC_SEV,PROD_001031,SUP_00015,299,2024-12-16,1.1043
GR-2024-00001493,PO-2024-0001205,1,DC_MAD,PROD_003362,SUP_00004,479,2024-12-17,17.0517
GR-2024-00001494,PO-2024-0001207,1,DC_MAD,PROD_000578,SUP_00014,409,2024-12-17,2.4994
GR-2024-00001495,PO-2024-0001217,1,DC_BCN,PROD_003181,SUP_00016,122,2024-12-17,2.1295
GR-2024-00001496,PO-2024-0001225,1,DC_BCN,PROD_000878,SUP_00015,377,2024-12-17,1.366
GR-2024-00001497,PO-2024-0001209,1,DC_BCN,PROD_002102,SUP_00014,162,2024-12-18,2.141
GR-2024-00001498,PO-2024-0001213,1,DC_BCN,PROD_002828,SUP_00017,140,2024-12-18,2.8464
GR-2024-00001499,PO-2024-0001219,1,DC_SEV,PROD_002846,SUP_00016,235,2024-12-18,2.1351
GR-2024-00001500,PO-2024-0001210,1,DC_SEV,PROD_000201,SUP_00014,420,2024-12-19,5.4971
GR-2024-00001501,PO-2024-0001222,1,DC_ZGZ,PROD_002069,SUP_00016,263,2024-12-19,1.1431
GR-2024-00001502,PO-2024-0001226,1,DC_BCN,PROD_000416,SUP_00016,158,2024-12-19,1.3317
GR-2024-00001503,PO-2024-0001221,1,DC_BCN,PROD_002444,SUP_00017,151,2024-12-20,2.2658
GR-2024-00001504,PO-2024-0001228,1,DC_SEV,PROD_001363,SUP_00007,279,2024-12-20,0.9699
GR-2024-00001505,PO-2024-0001229,1,DC_BCN,PROD_000461,SUP_00015,112,2024-12-20,1.2274
GR-2024-00001506,PO-2024-0001216,1,DC_BCN,PROD_003711,SUP_00004,149,2024-12-21,0.7415
GR-2024-00001507,PO-2024-0001230,1,DC_MAD,PROD_002404,SUP_00016,463,2024-12-21,2.8428
GR-2024-00001508,PO-2024-0001224,1,DC_ZGZ,PROD_001541,SUP_00017,314,2024-12-22,0.9349
GR-2024-00001509,PO-2024-0001220,1,DC_SEV,PROD_001318,SUP_00017,209,2024-12-23,0.9045
GR-2024-00001510,PO-2024-0001223,1,DC_ZGZ,PROD_003459,SUP_00004,175,2024-12-23,0.9891
GR-2024-00001511,PO-2024-0001231,1,DC_SEV,PROD_002945,SUP_00016,230,2024-12-23,0.9212
GR-2024-00001512,PO-2024-0001231,2,DC_SEV,PROD_003244,SUP_00016,310,2024-12-23,1.8279
GR-2024-00001513,PO-2024-0001234,1,DC_BCN,PROD_001843,SUP_00007,113,2024-12-23,4.3986
GR-2024-00001514,PO-2024-0001236,1,DC_BCN,PROD_001329,SUP_00015,114,2024-12-23,2.2196
GR-2024-00001515,PO-2024-0001238,1,DC_BCN,PROD_000498,SUP_00019,192,2024-12-23,1.7457
GR-2024-00001516,PO-2024-0001232,1,DC_BCN,PROD_000731,SUP_00016,267,2024-12-24,2.6141
GR-2024-00001517,PO-2024-0001233,1,DC_BCN,PROD_000753,SUP_00016,173,2024-12-24,1.4833
GR-2024-00001518,PO-2024-0001233,2,DC_BCN,PROD_001484,SUP_00016,282,2024-12-24,0.8284
GR-2024-00001519,PO-2024-0001227,1,DC_BCN,PROD_002040,SUP_00014,250,2024-12-26,5.3732
GR-2024-00001520,PO-2024-0001237,1,DC_BCN,PROD_001884,SUP_00016,168,2024-12-26,0.784
GR-2024-00001521,PO-2024-0001237,2,DC_BCN,PROD_003165,SUP_00016,252,2024-12-26,2.574
GR-2024-00001522,PO-2024-0001239,1,DC_VLC,PROD_002533,SUP_00016,334,2024-12-26,0.7895
GR-2024-00001523,PO-2024-0001243,1,DC_VLC,PROD_000955,SUP_00015,202,2024-12-27,1.058
GR-2024-00001524,PO-2024-0001240,1,DC_SEV,PROD_000525,SUP_00016,316,2024-12-28,0.3459
GR-2024-00001525,PO-2024-0001241,1,DC_VLC,PROD_000865,SUP_00007,150,2024-12-28,0.5448
GR-2024-00001526,PO-2024-0001244,1,DC_SEV,PROD_001086,SUP_00007,311,2024-12-28,4.1109
GR-2024-00001527,PO-2024-0001245,1,DC_ZGZ,PROD_000307,SUP_00007,229,2024-12-28,3.5397
GR-2024-00001528,PO-2024-0001248,1,DC_MAD,PROD_000409,SUP_00015,478,2024-12-28,1.0505
GR-2024-00001529,PO-2024-0001235,1,DC_BCN,PROD_001736,SUP_00014,166,2024-12-29,1.9158
GR-2024-00001530,PO-2024-0001255,1,DC_MAD,PROD_002368,SUP_00019,202,2024-12-29,3.7691
GR-2024-00001531,PO-2024-0001253,1,DC_ZGZ,PROD_000409,SUP_00015,157,2024-12-30,0.9424
GR-2024-00001532,PO-2024-0001261,1,DC_BCN,PROD_002388,SUP_00019,193,2024-12-30,2.3553
