invoice_id,sale_id,delivery_id,customer_id,invoice_date,subtotal_net,tax_breakdown,tax_amount,total_gross,due_date,payment_days,payment_status,payment_date
FAC-2024-0000001,SO-2024-0000001,ALB-2024-0000001,CUST_008D610461E3,2024-01-03,47.4,"{'4%': 0.33, '10%': 1.23, '21%': 5.63}",7.19,54.59,2024-01-03,0,paid,2024-01-03
FAC-2024-0000002,SO-2024-0000002,,CUST_655243FF5011,2024-01-01,61.04,"{'4%': 0.31, '10%': 3.78, '21%': 3.23}",7.32,68.36,2024-01-01,0,paid,2024-01-01
FAC-2024-0000003,SO-2024-0000003,,CUST_25E98D7248E2,2024-01-01,60.8,"{'4%': 0.0, '10%': 5.32, '21%': 1.6}",6.92,67.72,2024-01-01,0,paid,2024-01-02
FAC-2024-0000004,SO-2024-0000004,ALB-2024-0000002,CUST_A66F39669FA7,2024-01-03,31.97,"{'4%': 0.22, '10%': 1.53, '21%': 2.37}",4.12,36.09,2024-01-03,0,paid,2024-01-04
FAC-2024-0000005,SO-2024-0000005,ALB-2024-0000003,CUST_B86623D4526B,2024-01-05,74.91,"{'4%': 0.14, '10%': 3.66, '21%': 7.29}",11.09,86.0,2024-01-20,15,pending,
FAC-2024-0000006,SO-2024-0000006,,CUST_9D9D1BF645F6,2024-01-02,29.39,"{'4%': 0.47, '10%': 1.52, '21%': 0.54}",2.53,31.92,2024-01-02,0,paid,2024-01-02
FAC-2024-0000007,SO-2024-0000007,,CUST_624FBAE1E137,2024-01-02,57.99,"{'4%': 1.0, '10%': 2.08, '21%': 2.58}",5.66,63.65,2024-01-02,0,paid,2024-01-02
FAC-2024-0000008,SO-2024-0000008,,CUST_25E98D7248E2,2024-01-03,67.0,"{'4%': 0.05, '10%': 5.75, '21%': 1.75}",7.55,74.55,2024-01-03,0,paid,2024-01-04
FAC-2024-0000009,SO-2024-0000009,ALB-2024-0000004,CUST_A2119FD34579,2024-01-06,78.66,"{'4%': 0.98, '10%': 3.3, '21%': 4.45}",8.73,87.39,2024-01-06,0,paid,2024-01-07
FAC-2024-0000010,SO-2024-0000010,ALB-2024-0000005,CUST_49A2F7E8F8E5,2024-01-06,31.89,"{'4%': 0.13, '10%': 0.78, '21%': 4.35}",5.26,37.15,2024-01-06,0,paid,2024-01-06
FAC-2024-0000011,SO-2024-0000011,ALB-2024-0000006,CUST_80BB6EC01269,2024-01-04,46.92,"{'4%': 0.05, '10%': 1.66, '21%': 6.12}",7.83,54.75,2024-01-19,15,pending,
FAC-2024-0000012,SO-2024-0000012,,CUST_8E038E969227,2024-01-03,57.13,"{'4%': 0.34, '10%': 3.11, '21%': 3.67}",7.12,64.25,2024-01-03,0,paid,2024-01-04
FAC-2024-0000013,SO-2024-0000013,,CUST_CC393B5AE288,2024-01-03,94.7,"{'4%': 1.11, '10%': 5.66, '21%': 2.19}",8.96,103.66,2024-01-03,0,paid,2024-01-03
FAC-2024-0000014,SO-2024-0000014,ALB-2024-0000007,CUST_DD920DB977A9,2024-01-05,29.27,"{'4%': 0.51, '10%': 1.43, '21%': 0.48}",2.42,31.69,2024-01-05,0,paid,2024-01-05
FAC-2024-0000015,SO-2024-0000015,ALB-2024-0000008,CUST_C60161FA01BA,2024-01-05,13.83,"{'4%': 0.0, '10%': 0.36, '21%': 2.15}",2.51,16.34,2024-01-05,0,paid,2024-01-06
FAC-2024-0000016,SO-2024-0000016,,CUST_DD46475287AA,2024-01-04,24.91,"{'4%': 0.09, '10%': 2.27, '21%': 0.0}",2.36,27.27,2024-01-04,0,paid,2024-01-04
FAC-2024-0000017,SO-2024-0000017,,CUST_6DAA8861FE18,2024-01-04,15.08,"{'4%': 0.06, '10%': 0.54, '21%': 1.73}",2.33,17.41,2024-01-04,0,paid,2024-01-04
FAC-2024-0000018,SO-2024-0000018,ALB-2024-0000009,CUST_AE5E72EB7474,2024-01-06,42.71,"{'4%': 0.21, '10%': 0.75, '21%': 6.26}",7.22,49.93,2024-01-06,0,paid,2024-01-06
FAC-2024-0000019,SO-2024-0000019,,CUST_80BB6EC01269,2024-01-04,53.69,"{'4%': 1.55, '10%': 0.0, '21%': 3.12}",4.67,58.36,2024-01-19,15,pending,
FAC-2024-0000020,SO-2024-0000020,ALB-2024-0000010,CUST_8962929C93B3,2024-01-08,29.05,"{'4%': 0.38, '10%': 1.71, '21%': 0.52}",2.61,31.66,2024-01-23,15,pending,
FAC-2024-0000021,SO-2024-0000021,,CUST_1A57C5F8E2F8,2024-01-04,49.81,"{'4%': 0.08, '10%': 0.65, '21%': 8.68}",9.41,59.22,2024-01-04,0,paid,2024-01-04
FAC-2024-0000022,SO-2024-0000022,,CUST_5C623A3C563E,2024-01-05,72.53,"{'4%': 0.75, '10%': 2.35, '21%': 6.38}",9.48,82.01,2024-01-05,0,paid,2024-01-05
FAC-2024-0000023,SO-2024-0000023,ALB-2024-0000011,CUST_623225074181,2024-01-10,85.36,"{'4%': 0.41, '10%': 5.79, '21%': 3.61}",9.81,95.17,2024-01-10,0,paid,2024-01-10
FAC-2024-0000024,SO-2024-0000024,ALB-2024-0000012,CUST_585A7BFDCC12,2024-01-06,62.08,"{'4%': 0.84, '10%': 1.14, '21%': 6.21}",8.19,70.27,2024-01-06,0,paid,2024-01-06
FAC-2024-0000025,SO-2024-0000025,,CUST_9A3A6E3C4532,2024-01-05,32.75,"{'4%': 0.17, '10%': 0.3, '21%': 5.38}",5.85,38.6,2024-01-05,0,paid,2024-01-06
FAC-2024-0000026,SO-2024-0000026,,CUST_4758A6499CDC,2024-01-05,161.07,"{'4%': 1.23, '10%': 9.37, '21%': 7.69}",18.29,179.36,2024-01-05,0,paid,2024-01-06
FAC-2024-0000027,SO-2024-0000027,ALB-2024-0000013,CUST_8962929C93B3,2024-01-09,39.69,"{'4%': 0.64, '10%': 1.05, '21%': 2.76}",4.45,44.14,2024-01-24,15,pending,
FAC-2024-0000028,SO-2024-0000028,ALB-2024-0000014,CUST_C60161FA01BA,2024-01-09,24.76,"{'4%': 0.27, '10%': 1.81, '21%': 0.0}",2.08,26.84,2024-01-09,0,paid,2024-01-09
FAC-2024-0000029,SO-2024-0000029,ALB-2024-0000015,CUST_9F6ABD54DA04,2024-01-07,80.56,"{'4%': 1.86, '10%': 0.95, '21%': 5.15}",7.96,88.52,2024-01-07,0,paid,2024-01-08
FAC-2024-0000030,SO-2024-0000030,ALB-2024-0000016,CUST_42D951976E75,2024-01-06,21.48,"{'4%': 0.57, '10%': 0.59, '21%': 0.28}",1.44,22.92,2024-01-06,0,paid,2024-01-06
FAC-2024-0000031,SO-2024-0000031,ALB-2024-0000017,CUST_92CA6DE59332,2024-01-08,136.63,"{'4%': 4.4, '10%': 0.31, '21%': 4.97}",9.68,146.31,2024-01-08,0,paid,2024-01-09
FAC-2024-0000032,SO-2024-0000032,ALB-2024-0000018,CUST_A2119FD34579,2024-01-08,68.01,"{'4%': 0.68, '10%': 3.37, '21%': 3.67}",7.72,75.73,2024-01-08,0,paid,2024-01-09
FAC-2024-0000033,SO-2024-0000033,,CUST_58F0AAF78C67,2024-01-07,86.38,"{'4%': 0.05, '10%': 4.78, '21%': 7.84}",12.67,99.05,2024-01-07,0,paid,2024-01-07
FAC-2024-0000034,SO-2024-0000034,ALB-2024-0000019,CUST_1C0FAC7E937C,2024-01-10,147.17,"{'4%': 1.18, '10%': 7.11, '21%': 9.75}",18.04,165.21,2024-01-10,0,paid,2024-01-11
FAC-2024-0000035,SO-2024-0000035,,CUST_55FA458F1F19,2024-01-08,31.06,"{'4%': 0.57, '10%': 0.62, '21%': 2.21}",3.4,34.46,2024-01-08,0,paid,2024-01-08
FAC-2024-0000036,SO-2024-0000036,ALB-2024-0000020,CUST_A66F39669FA7,2024-01-12,37.82,"{'4%': 0.0, '10%': 1.49, '21%': 4.81}",6.3,44.12,2024-01-12,0,paid,2024-01-12
FAC-2024-0000037,SO-2024-0000037,,CUST_501B5EE68495,2024-01-08,15.12,"{'4%': 0.0, '10%': 1.07, '21%': 0.93}",2.0,17.12,2024-01-23,15,pending,
FAC-2024-0000038,SO-2024-0000038,ALB-2024-0000021,CUST_9A6C52171C88,2024-01-09,26.98,"{'4%': 0.0, '10%': 0.81, '21%': 3.97}",4.78,31.76,2024-01-09,0,paid,2024-01-10
FAC-2024-0000039,SO-2024-0000039,ALB-2024-0000022,CUST_DD920DB977A9,2024-01-09,43.32,"{'4%': 0.0, '10%': 3.16, '21%': 2.46}",5.62,48.94,2024-01-09,0,paid,2024-01-09
FAC-2024-0000040,SO-2024-0000040,ALB-2024-0000023,CUST_98159D713084,2024-01-13,97.56,"{'4%': 0.72, '10%': 6.14, '21%': 3.83}",10.69,108.25,2024-01-13,0,paid,2024-01-14
FAC-2024-0000041,SO-2024-0000041,ALB-2024-0000024,CUST_EFFA3040413C,2024-01-10,22.64,"{'4%': 0.03, '10%': 0.43, '21%': 3.66}",4.12,26.76,2024-01-10,0,paid,2024-01-10
FAC-2024-0000042,SO-2024-0000042,,CUST_774F7316CE64,2024-01-09,73.97,"{'4%': 0.89, '10%': 2.42, '21%': 5.76}",9.07,83.04,2024-01-09,0,paid,2024-01-09
FAC-2024-0000043,SO-2024-0000043,ALB-2024-0000025,CUST_ABF3FEC21BBE,2024-01-12,17.78,"{'4%': 0.47, '10%': 0.0, '21%': 1.24}",1.71,19.49,2024-01-27,15,pending,
FAC-2024-0000044,SO-2024-0000044,,CUST_413530A900AD,2024-01-10,16.89,"{'4%': 0.07, '10%': 0.71, '21%': 1.68}",2.46,19.35,2024-01-10,0,paid,2024-01-10
FAC-2024-0000045,SO-2024-0000045,ALB-2024-0000026,CUST_55FA458F1F19,2024-01-11,21.49,"{'4%': 0.0, '10%': 2.15, '21%': 0.0}",2.15,23.64,2024-01-11,0,paid,2024-01-11
FAC-2024-0000046,SO-2024-0000046,ALB-2024-0000027,CUST_49A2F7E8F8E5,2024-01-13,25.97,"{'4%': 0.14, '10%': 0.39, '21%': 3.91}",4.44,30.41,2024-01-13,0,paid,2024-01-13
FAC-2024-0000047,SO-2024-0000047,ALB-2024-0000028,CUST_04AA5CA0C428,2024-01-11,108.52,"{'4%': 1.37, '10%': 5.31, '21%': 4.45}",11.13,119.65,2024-02-10,30,pending,
FAC-2024-0000048,SO-2024-0000048,,CUST_70E704D9145E,2024-01-10,46.12,"{'4%': 0.29, '10%': 0.78, '21%': 6.54}",7.61,53.73,2024-01-10,0,paid,2024-01-11
FAC-2024-0000049,SO-2024-0000049,ALB-2024-0000029,CUST_501B5EE68495,2024-01-14,17.06,"{'4%': 0.05, '10%': 0.0, '21%': 3.3}",3.35,20.41,2024-01-29,15,pending,
FAC-2024-0000050,SO-2024-0000050,ALB-2024-0000030,CUST_4BB0B27C4026,2024-01-15,22.2,"{'4%': 0.6, '10%': 0.71, '21%': 0.0}",1.31,23.51,2024-01-15,0,paid,2024-01-16
FAC-2024-0000051,SO-2024-0000051,ALB-2024-0000031,CUST_E8DD1712FB16,2024-01-13,31.66,"{'4%': 0.0, '10%': 1.61, '21%': 3.27}",4.88,36.54,2024-01-13,0,paid,2024-01-14
FAC-2024-0000052,SO-2024-0000052,ALB-2024-0000032,CUST_E709329FC417,2024-01-12,25.12,"{'4%': 0.11, '10%': 1.66, '21%': 1.19}",2.96,28.08,2024-01-12,0,paid,2024-01-13
FAC-2024-0000053,SO-2024-0000053,ALB-2024-0000033,CUST_64DEE82C7D7B,2024-01-17,123.69,"{'4%': 4.13, '10%': 0.8, '21%': 2.64}",7.57,131.26,2024-01-17,0,paid,2024-01-17
FAC-2024-0000054,SO-2024-0000054,ALB-2024-0000034,CUST_5EFED8DDBBC0,2024-01-14,71.86,"{'4%': 0.75, '10%': 1.98, '21%': 7.02}",9.75,81.61,2024-01-29,15,pending,
FAC-2024-0000055,SO-2024-0000055,ALB-2024-0000035,CUST_89EC98CBAA52,2024-01-15,29.25,"{'4%': 0.28, '10%': 0.44, '21%': 3.78}",4.5,33.75,2024-01-15,0,paid,2024-01-16
FAC-2024-0000056,SO-2024-0000056,ALB-2024-0000036,CUST_C60161FA01BA,2024-01-15,17.79,"{'4%': 0.11, '10%': 1.39, '21%': 0.23}",1.73,19.52,2024-01-15,0,paid,2024-01-16
FAC-2024-0000057,SO-2024-0000057,,CUST_008D610461E3,2024-01-13,62.22,"{'4%': 2.42, '10%': 0.18, '21%': 0.0}",2.6,64.82,2024-01-13,0,paid,2024-01-13
FAC-2024-0000058,SO-2024-0000058,ALB-2024-0000037,CUST_6DAA8861FE18,2024-01-15,12.04,"{'4%': 0.18, '10%': 0.37, '21%': 0.81}",1.36,13.4,2024-01-15,0,paid,2024-01-15
FAC-2024-0000059,SO-2024-0000059,ALB-2024-0000038,CUST_E8DD1712FB16,2024-01-15,20.61,"{'4%': 0.0, '10%': 1.68, '21%': 0.8}",2.48,23.09,2024-01-15,0,paid,2024-01-16
FAC-2024-0000060,SO-2024-0000060,ALB-2024-0000039,CUST_A9AB1777E8CB,2024-01-16,17.39,"{'4%': 0.21, '10%': 0.25, '21%': 2.01}",2.47,19.86,2024-01-16,0,paid,2024-01-16
FAC-2024-0000061,SO-2024-0000061,ALB-2024-0000040,CUST_AE5E72EB7474,2024-01-16,40.06,"{'4%': 0.55, '10%': 1.02, '21%': 3.39}",4.96,45.02,2024-01-16,0,paid,2024-01-16
FAC-2024-0000062,SO-2024-0000062,,CUST_F4E7A4540937,2024-01-13,49.35,"{'4%': 0.56, '10%': 0.72, '21%': 5.94}",7.22,56.57,2024-01-28,15,pending,
FAC-2024-0000063,SO-2024-0000063,ALB-2024-0000041,CUST_6FFFB2DC6C34,2024-01-15,48.56,"{'4%': 0.0, '10%': 2.97, '21%': 3.96}",6.93,55.49,2024-01-15,0,paid,2024-01-15
FAC-2024-0000064,SO-2024-0000064,ALB-2024-0000042,CUST_D37445712959,2024-01-17,59.95,"{'4%': 0.31, '10%': 4.04, '21%': 2.48}",6.83,66.78,2024-01-17,0,paid,2024-01-18
FAC-2024-0000065,SO-2024-0000065,ALB-2024-0000043,CUST_AB0B15F0EA19,2024-01-15,57.78,"{'4%': 0.43, '10%': 4.14, '21%': 1.17}",5.74,63.52,2024-01-15,0,paid,2024-01-16
FAC-2024-0000066,SO-2024-0000066,ALB-2024-0000044,CUST_95D8FF37D19C,2024-01-19,82.69,"{'4%': 0.42, '10%': 6.54, '21%': 1.44}",8.4,91.09,2024-01-19,0,paid,2024-01-19
FAC-2024-0000067,SO-2024-0000067,ALB-2024-0000045,CUST_5EFED8DDBBC0,2024-01-17,81.73,"{'4%': 1.07, '10%': 0.88, '21%': 9.71}",11.66,93.39,2024-02-01,15,pending,
FAC-2024-0000068,SO-2024-0000068,ALB-2024-0000046,CUST_14F9FA207403,2024-01-18,98.64,"{'4%': 0.99, '10%': 4.51, '21%': 6.06}",11.56,110.2,2024-01-18,0,paid,2024-01-19
FAC-2024-0000069,SO-2024-0000069,ALB-2024-0000047,CUST_7DE36694C343,2024-01-17,23.13,"{'4%': 0.18, '10%': 0.91, '21%': 1.98}",3.07,26.2,2024-01-17,0,paid,2024-01-18
FAC-2024-0000070,SO-2024-0000070,ALB-2024-0000048,CUST_93D551A3AC26,2024-01-18,84.91,"{'4%': 0.4, '10%': 0.5, '21%': 14.66}",15.56,100.47,2024-02-02,15,pending,
FAC-2024-0000071,SO-2024-0000071,ALB-2024-0000049,CUST_0A32373AEDF8,2024-01-18,79.49,"{'4%': 0.4, '10%': 2.71, '21%': 8.89}",12.0,91.49,2024-01-18,0,paid,2024-01-19
FAC-2024-0000072,SO-2024-0000072,ALB-2024-0000050,CUST_6DAA8861FE18,2024-01-20,16.76,"{'4%': 0.0, '10%': 0.0, '21%': 3.52}",3.52,20.28,2024-01-20,0,paid,2024-01-20
FAC-2024-0000073,SO-2024-0000073,,CUST_B3EE5A104129,2024-01-16,32.26,"{'4%': 0.68, '10%': 0.0, '21%': 3.19}",3.87,36.13,2024-01-16,0,paid,2024-01-17
FAC-2024-0000074,SO-2024-0000074,ALB-2024-0000051,CUST_99181497D658,2024-01-18,46.3,"{'4%': 0.09, '10%': 2.44, '21%': 4.14}",6.67,52.97,2024-01-18,0,paid,2024-01-18
FAC-2024-0000075,SO-2024-0000075,,CUST_80BB6EC01269,2024-01-16,42.31,"{'4%': 0.83, '10%': 0.75, '21%': 2.95}",4.53,46.84,2024-01-31,15,pending,
FAC-2024-0000076,SO-2024-0000076,ALB-2024-0000052,CUST_DD920DB977A9,2024-01-19,28.23,"{'4%': 0.46, '10%': 1.01, '21%': 1.41}",2.88,31.11,2024-01-19,0,paid,2024-01-19
FAC-2024-0000077,SO-2024-0000077,,CUST_BE05965BEFDF,2024-01-17,45.19,"{'4%': 0.62, '10%': 2.37, '21%': 1.27}",4.26,49.45,2024-01-17,0,paid,2024-01-18
FAC-2024-0000078,SO-2024-0000078,ALB-2024-0000053,CUST_A2119FD34579,2024-01-18,78.09,"{'4%': 0.65, '10%': 5.08, '21%': 2.34}",8.07,86.16,2024-01-18,0,paid,2024-01-18
FAC-2024-0000079,SO-2024-0000079,,CUST_284C27D415B6,2024-01-17,77.1,"{'4%': 0.46, '10%': 4.97, '21%': 3.32}",8.75,85.85,2024-01-17,0,paid,2024-01-18
FAC-2024-0000080,SO-2024-0000080,ALB-2024-0000054,CUST_668C0B95017C,2024-01-19,61.9,"{'4%': 0.3, '10%': 3.35, '21%': 4.37}",8.02,69.92,2024-01-19,0,paid,2024-01-20
FAC-2024-0000081,SO-2024-0000081,,CUST_4A94CC351E4F,2024-01-17,39.33,"{'4%': 0.32, '10%': 2.74, '21%': 0.85}",3.91,43.24,2024-02-01,15,pending,
FAC-2024-0000082,SO-2024-0000082,,CUST_CC393B5AE288,2024-01-17,104.39,"{'4%': 1.82, '10%': 3.81, '21%': 4.37}",10.0,114.39,2024-01-17,0,paid,2024-01-17
FAC-2024-0000083,SO-2024-0000083,ALB-2024-0000055,CUST_1CDC62C965B2,2024-01-20,81.89,"{'4%': 0.69, '10%': 4.4, '21%': 4.36}",9.45,91.34,2024-01-20,0,paid,2024-01-20
FAC-2024-0000084,SO-2024-0000084,,CUST_E709329FC417,2024-01-17,29.18,"{'4%': 0.0, '10%': 1.67, '21%': 2.62}",4.29,33.47,2024-01-17,0,paid,2024-01-17
FAC-2024-0000085,SO-2024-0000085,,CUST_D3636F81CF4F,2024-01-18,29.87,"{'4%': 0.61, '10%': 0.0, '21%': 3.08}",3.69,33.56,2024-01-18,0,paid,2024-01-19
FAC-2024-0000086,SO-2024-0000086,,CUST_8E038E969227,2024-01-18,53.43,"{'4%': 0.09, '10%': 3.49, '21%': 3.43}",7.01,60.44,2024-01-18,0,paid,2024-01-18
FAC-2024-0000087,SO-2024-0000087,ALB-2024-0000056,CUST_0E61171B1B80,2024-01-20,34.32,"{'4%': 0.0, '10%': 3.43, '21%': 0.0}",3.43,37.75,2024-01-20,0,paid,2024-01-20
FAC-2024-0000088,SO-2024-0000088,ALB-2024-0000057,CUST_008D610461E3,2024-01-22,55.57,"{'4%': 0.2, '10%': 1.61, '21%': 7.22}",9.03,64.6,2024-01-22,0,paid,2024-01-23
FAC-2024-0000089,SO-2024-0000089,ALB-2024-0000058,CUST_9C100F6B40D0,2024-01-23,25.48,"{'4%': 0.27, '10%': 0.18, '21%': 3.57}",4.02,29.5,2024-01-23,0,paid,2024-01-23
FAC-2024-0000090,SO-2024-0000090,ALB-2024-0000059,CUST_5C0BA757CB10,2024-01-23,50.79,"{'4%': 0.27, '10%': 0.9, '21%': 7.35}",8.52,59.31,2024-01-23,0,paid,2024-01-23
FAC-2024-0000091,SO-2024-0000091,,CUST_42D951976E75,2024-01-19,35.83,"{'4%': 0.0, '10%': 3.17, '21%': 0.86}",4.03,39.86,2024-01-19,0,paid,2024-01-19
FAC-2024-0000092,SO-2024-0000092,ALB-2024-0000060,CUST_585A7BFDCC12,2024-01-23,53.15,"{'4%': 0.83, '10%': 1.31, '21%': 4.06}",6.2,59.35,2024-01-23,0,paid,2024-01-23
FAC-2024-0000093,SO-2024-0000093,,CUST_4D29345512F7,2024-01-20,55.9,"{'4%': 0.17, '10%': 2.26, '21%': 6.1}",8.53,64.43,2024-01-20,0,paid,2024-01-21
FAC-2024-0000094,SO-2024-0000094,ALB-2024-0000061,CUST_F6D2AEC76A82,2024-01-24,20.17,"{'4%': 0.08, '10%': 1.42, '21%': 0.85}",2.35,22.52,2024-01-24,0,paid,2024-01-25
FAC-2024-0000095,SO-2024-0000095,ALB-2024-0000062,CUST_9A6C52171C88,2024-01-22,49.92,"{'4%': 1.11, '10%': 0.63, '21%': 3.34}",5.08,55.0,2024-01-22,0,paid,2024-01-22
FAC-2024-0000096,SO-2024-0000096,,CUST_623225074181,2024-01-21,63.11,"{'4%': 0.96, '10%': 1.58, '21%': 4.88}",7.42,70.53,2024-01-21,0,paid,2024-01-22
FAC-2024-0000097,SO-2024-0000097,,CUST_4D29345512F7,2024-01-22,55.92,"{'4%': 0.83, '10%': 1.37, '21%': 4.48}",6.68,62.6,2024-01-22,0,paid,2024-01-22
FAC-2024-0000098,SO-2024-0000098,ALB-2024-0000063,CUST_707DFDB1429E,2024-01-28,49.77,"{'4%': 0.18, '10%': 2.41, '21%': 4.44}",7.03,56.8,2024-01-28,0,paid,2024-01-28
FAC-2024-0000099,SO-2024-0000099,,CUST_A48ED0421DFA,2024-01-23,67.28,"{'4%': 0.92, '10%': 2.53, '21%': 3.99}",7.44,74.72,2024-01-23,0,paid,2024-01-24
FAC-2024-0000100,SO-2024-0000100,ALB-2024-0000064,CUST_5C0BA757CB10,2024-01-25,59.67,"{'4%': 0.41, '10%': 1.17, '21%': 7.95}",9.53,69.2,2024-01-25,0,paid,2024-01-25
FAC-2024-0000101,SO-2024-0000101,,CUST_9DF29E825AAE,2024-01-23,93.99,"{'4%': 0.12, '10%': 8.31, '21%': 1.64}",10.07,104.06,2024-01-23,0,paid,2024-01-23
FAC-2024-0000102,SO-2024-0000102,ALB-2024-0000065,CUST_FE89D9CB3540,2024-01-26,57.54,"{'4%': 0.55, '10%': 3.37, '21%': 2.13}",6.05,63.59,2024-01-26,0,paid,2024-01-27
FAC-2024-0000103,SO-2024-0000103,,CUST_BE05965BEFDF,2024-01-24,38.04,"{'4%': 0.0, '10%': 3.27, '21%': 1.13}",4.4,42.44,2024-01-24,0,paid,2024-01-24
FAC-2024-0000104,SO-2024-0000104,ALB-2024-0000066,CUST_8962929C93B3,2024-01-28,37.17,"{'4%': 0.04, '10%': 3.25, '21%': 0.77}",4.06,41.23,2024-02-12,15,pending,
FAC-2024-0000105,SO-2024-0000105,ALB-2024-0000067,CUST_6FFFB2DC6C34,2024-01-27,49.68,"{'4%': 0.52, '10%': 2.18, '21%': 3.12}",5.82,55.5,2024-01-27,0,paid,2024-01-27
FAC-2024-0000106,SO-2024-0000106,,CUST_623225074181,2024-01-25,93.74,"{'4%': 1.12, '10%': 4.43, '21%': 4.48}",10.03,103.77,2024-01-25,0,paid,2024-01-26
FAC-2024-0000107,SO-2024-0000107,,CUST_49A2F7E8F8E5,2024-01-25,21.59,"{'4%': 0.26, '10%': 1.06, '21%': 0.96}",2.28,23.87,2024-01-25,0,paid,2024-01-26
FAC-2024-0000108,SO-2024-0000108,,CUST_04AA5CA0C428,2024-01-25,109.44,"{'4%': 1.82, '10%': 4.03, '21%': 4.96}",10.81,120.25,2024-02-24,30,pending,
FAC-2024-0000109,SO-2024-0000109,,CUST_A48ED0421DFA,2024-01-25,63.97,"{'4%': 0.91, '10%': 3.28, '21%': 1.75}",5.94,69.91,2024-01-25,0,paid,2024-01-25
FAC-2024-0000110,SO-2024-0000110,,CUST_32735373BF4D,2024-01-25,88.86,"{'4%': 1.23, '10%': 3.43, '21%': 5.03}",9.69,98.55,2024-01-25,0,paid,2024-01-26
FAC-2024-0000111,SO-2024-0000111,ALB-2024-0000068,CUST_7A1036A2C52B,2024-01-29,114.9,"{'4%': 0.26, '10%': 2.45, '21%': 17.6}",20.31,135.21,2024-01-29,0,paid,2024-01-29
FAC-2024-0000112,SO-2024-0000112,ALB-2024-0000069,CUST_25E98D7248E2,2024-01-29,43.91,"{'4%': 0.58, '10%': 1.9, '21%': 2.18}",4.66,48.57,2024-01-29,0,paid,2024-01-30
FAC-2024-0000113,SO-2024-0000113,,CUST_D3636F81CF4F,2024-01-26,24.72,"{'4%': 0.51, '10%': 1.2, '21%': 0.0}",1.71,26.43,2024-01-26,0,paid,2024-01-26
FAC-2024-0000114,SO-2024-0000114,,CUST_585A7BFDCC12,2024-01-26,43.11,"{'4%': 0.74, '10%': 0.55, '21%': 4.03}",5.32,48.43,2024-01-26,0,paid,2024-01-27
FAC-2024-0000115,SO-2024-0000115,ALB-2024-0000070,CUST_45F52E2FBF77,2024-01-29,34.64,"{'4%': 1.01, '10%': 0.57, '21%': 0.8}",2.38,37.02,2024-02-13,15,pending,
FAC-2024-0000116,SO-2024-0000116,ALB-2024-0000071,CUST_FD03C9525185,2024-01-29,20.44,"{'4%': 0.07, '10%': 0.3, '21%': 3.29}",3.66,24.1,2024-01-29,0,paid,2024-01-30
FAC-2024-0000117,SO-2024-0000117,,CUST_4EFCE10B1A47,2024-01-26,177.55,"{'4%': 1.36, '10%': 10.0, '21%': 9.14}",20.5,198.05,2024-02-10,15,pending,
FAC-2024-0000118,SO-2024-0000118,ALB-2024-0000072,CUST_B241519894D8,2024-01-27,41.78,"{'4%': 0.27, '10%': 3.5, '21%': 0.0}",3.77,45.55,2024-01-27,0,paid,2024-01-27
FAC-2024-0000119,SO-2024-0000119,,CUST_E6B3CB323E35,2024-01-27,75.12,"{'4%': 0.32, '10%': 4.71, '21%': 4.2}",9.23,84.35,2024-01-27,0,paid,2024-01-28
FAC-2024-0000120,SO-2024-0000120,,CUST_5C623A3C563E,2024-01-27,55.97,"{'4%': 1.13, '10%': 1.09, '21%': 3.55}",5.77,61.74,2024-01-27,0,paid,2024-01-28
FAC-2024-0000121,SO-2024-0000121,ALB-2024-0000073,CUST_585A7BFDCC12,2024-01-30,39.61,"{'4%': 0.43, '10%': 0.5, '21%': 5.0}",5.93,45.54,2024-01-30,0,paid,2024-01-30
FAC-2024-0000122,SO-2024-0000122,ALB-2024-0000074,CUST_966BFCD6BDCA,2024-01-29,67.75,"{'4%': 2.11, '10%': 1.15, '21%': 0.75}",4.01,71.76,2024-01-29,0,paid,2024-01-29
FAC-2024-0000123,SO-2024-0000123,ALB-2024-0000075,CUST_FBE9DBC080FD,2024-01-28,14.26,"{'4%': 0.0, '10%': 0.0, '21%': 2.99}",2.99,17.25,2024-01-28,0,paid,2024-01-29
FAC-2024-0000124,SO-2024-0000124,,CUST_284C27D415B6,2024-01-27,72.61,"{'4%': 0.27, '10%': 6.15, '21%': 0.93}",7.35,79.96,2024-01-27,0,paid,2024-01-28
FAC-2024-0000125,SO-2024-0000125,ALB-2024-0000076,CUST_4D29345512F7,2024-01-29,51.33,"{'4%': 1.86, '10%': 0.0, '21%': 1.01}",2.87,54.2,2024-01-29,0,paid,2024-01-30
FAC-2024-0000126,SO-2024-0000126,,CUST_58F0AAF78C67,2024-01-27,59.27,"{'4%': 0.0, '10%': 4.46, '21%': 3.08}",7.54,66.81,2024-01-27,0,paid,2024-01-28
FAC-2024-0000127,SO-2024-0000127,ALB-2024-0000077,CUST_EFFA3040413C,2024-01-29,34.68,"{'4%': 0.94, '10%': 1.11, '21%': 0.0}",2.05,36.73,2024-01-29,0,paid,2024-01-30
FAC-2024-0000128,SO-2024-0000128,,CUST_E709329FC417,2024-01-27,18.94,"{'4%': 0.04, '10%': 1.45, '21%': 0.74}",2.23,21.17,2024-01-27,0,paid,2024-01-27
FAC-2024-0000129,SO-2024-0000129,,CUST_B27B68C690B2,2024-01-27,58.32,"{'4%': 0.14, '10%': 3.74, '21%': 3.65}",7.53,65.85,2024-01-27,0,paid,2024-01-28
FAC-2024-0000130,SO-2024-0000130,ALB-2024-0000078,CUST_9D9D1BF645F6,2024-01-29,51.17,"{'4%': 1.27, '10%': 0.66, '21%': 2.69}",4.62,55.79,2024-01-29,0,paid,2024-01-29
FAC-2024-0000131,SO-2024-0000131,,CUST_A3010E5D8C6A,2024-01-28,121.48,"{'4%': 1.22, '10%': 6.29, '21%': 5.89}",13.4,134.88,2024-01-28,0,paid,2024-01-28
FAC-2024-0000132,SO-2024-0000132,,CUST_D3636F81CF4F,2024-01-29,27.65,"{'4%': 0.34, '10%': 0.61, '21%': 2.72}",3.67,31.32,2024-01-29,0,paid,2024-01-29
FAC-2024-0000133,SO-2024-0000133,ALB-2024-0000079,CUST_95D8FF37D19C,2024-02-03,110.16,"{'4%': 0.59, '10%': 5.04, '21%': 9.45}",15.08,125.24,2024-02-03,0,paid,2024-02-04
FAC-2024-0000134,SO-2024-0000134,,CUST_A9E2952E6ABB,2024-01-29,25.85,"{'4%': 0.13, '10%': 2.2, '21%': 0.13}",2.46,28.31,2024-01-29,0,paid,2024-01-30
FAC-2024-0000135,SO-2024-0000135,,CUST_66C18255DA61,2024-01-29,30.82,"{'4%': 0.76, '10%': 0.41, '21%': 1.61}",2.78,33.6,2024-01-29,0,paid,2024-01-30
FAC-2024-0000136,SO-2024-0000136,ALB-2024-0000080,CUST_12B2940C3503,2024-01-31,33.48,"{'4%': 0.0, '10%': 1.87, '21%': 3.09}",4.96,38.44,2024-01-31,0,paid,2024-01-31
FAC-2024-0000137,SO-2024-0000137,ALB-2024-0000081,CUST_9EA931227592,2024-01-31,11.86,"{'4%': 0.37, '10%': 0.0, '21%': 0.55}",0.92,12.78,2024-01-31,0,paid,2024-01-31
FAC-2024-0000138,SO-2024-0000138,,CUST_34871A9C672A,2024-01-29,14.26,"{'4%': 0.57, '10%': 0.0, '21%': 0.0}",0.57,14.83,2024-01-29,0,paid,2024-01-30
FAC-2024-0000139,SO-2024-0000139,ALB-2024-0000082,CUST_E709329FC417,2024-02-01,21.31,"{'4%': 0.7, '10%': 0.0, '21%': 0.79}",1.49,22.8,2024-02-01,0,paid,2024-02-02
FAC-2024-0000140,SO-2024-0000140,ALB-2024-0000083,CUST_AD23DC322C97,2024-02-03,119.0,"{'4%': 0.71, '10%': 5.04, '21%': 10.67}",16.42,135.42,2024-03-04,30,pending,
FAC-2024-0000141,SO-2024-0000141,,CUST_0F25A55990E7,2024-01-30,75.32,"{'4%': 0.51, '10%': 2.84, '21%': 7.16}",10.51,85.83,2024-01-30,0,paid,2024-01-31
FAC-2024-0000142,SO-2024-0000142,,CUST_501B5EE68495,2024-01-30,17.44,"{'4%': 0.19, '10%': 0.49, '21%': 1.67}",2.35,19.79,2024-02-14,15,pending,
FAC-2024-0000143,SO-2024-0000143,,CUST_25E98D7248E2,2024-01-31,58.44,"{'4%': 0.91, '10%': 2.13, '21%': 3.04}",6.08,64.52,2024-01-31,0,paid,2024-02-01
FAC-2024-0000144,SO-2024-0000144,ALB-2024-0000084,CUST_DD46475287AA,2024-02-05,24.19,"{'4%': 0.1, '10%': 0.24, '21%': 4.07}",4.41,28.6,2024-02-05,0,paid,2024-02-06
FAC-2024-0000145,SO-2024-0000145,ALB-2024-0000085,CUST_A9AB1777E8CB,2024-02-02,13.36,"{'4%': 0.0, '10%': 0.44, '21%': 1.89}",2.33,15.69,2024-02-02,0,paid,2024-02-02
FAC-2024-0000146,SO-2024-0000146,,CUST_A2119FD34579,2024-01-31,71.56,"{'4%': 0.21, '10%': 4.59, '21%': 4.32}",9.12,80.68,2024-01-31,0,paid,2024-01-31
FAC-2024-0000147,SO-2024-0000147,ALB-2024-0000086,CUST_45F52E2FBF77,2024-02-03,24.72,"{'4%': 0.33, '10%': 0.0, '21%': 3.45}",3.78,28.5,2024-02-18,15,pending,
FAC-2024-0000148,SO-2024-0000148,ALB-2024-0000087,CUST_FD03C9525185,2024-02-03,10.75,"{'4%': 0.0, '10%': 0.81, '21%': 0.56}",1.37,12.12,2024-02-03,0,paid,2024-02-03
FAC-2024-0000149,SO-2024-0000149,,CUST_4758A6499CDC,2024-01-31,121.43,"{'4%': 0.8, '10%': 4.13, '21%': 12.62}",17.55,138.98,2024-01-31,0,paid,2024-02-01
FAC-2024-0000150,SO-2024-0000150,ALB-2024-0000088,CUST_80BB6EC01269,2024-02-03,37.05,"{'4%': 0.48, '10%': 1.02, '21%': 3.11}",4.61,41.66,2024-02-18,15,pending,
FAC-2024-0000151,SO-2024-0000151,,CUST_92CF1F33242D,2024-01-31,68.02,"{'4%': 0.76, '10%': 3.65, '21%': 2.64}",7.05,75.07,2024-02-15,15,pending,
FAC-2024-0000152,SO-2024-0000152,ALB-2024-0000089,CUST_F6D2AEC76A82,2024-02-03,22.92,"{'4%': 0.57, '10%': 0.33, '21%': 1.13}",2.03,24.95,2024-02-03,0,paid,2024-02-03
FAC-2024-0000153,SO-2024-0000153,ALB-2024-0000090,CUST_CA6C09697101,2024-02-04,130.63,"{'4%': 1.48, '10%': 6.79, '21%': 5.43}",13.7,144.33,2024-02-19,15,pending,
FAC-2024-0000154,SO-2024-0000154,,CUST_1036D9A09007,2024-01-31,68.41,"{'4%': 1.68, '10%': 2.41, '21%': 0.49}",4.58,72.99,2024-01-31,0,paid,2024-01-31
FAC-2024-0000155,SO-2024-0000155,ALB-2024-0000091,CUST_42D951976E75,2024-02-03,24.41,"{'4%': 0.16, '10%': 1.59, '21%': 0.96}",2.71,27.12,2024-02-03,0,paid,2024-02-03
FAC-2024-0000156,SO-2024-0000156,,CUST_30B1310C0C00,2024-02-01,115.96,"{'4%': 1.48, '10%': 4.2, '21%': 7.78}",13.46,129.42,2024-02-01,0,paid,2024-02-01
FAC-2024-0000157,SO-2024-0000157,,CUST_A48ED0421DFA,2024-02-01,62.66,"{'4%': 0.15, '10%': 4.72, '21%': 2.48}",7.35,70.01,2024-02-01,0,paid,2024-02-01
FAC-2024-0000158,SO-2024-0000158,,CUST_592A7BA109D0,2024-02-01,74.44,"{'4%': 1.31, '10%': 1.98, '21%': 4.6}",7.89,82.33,2024-02-01,0,paid,2024-02-01
FAC-2024-0000159,SO-2024-0000159,ALB-2024-0000092,CUST_34871A9C672A,2024-02-06,30.51,"{'4%': 0.14, '10%': 2.48, '21%': 0.48}",3.1,33.61,2024-02-06,0,paid,2024-02-06
FAC-2024-0000160,SO-2024-0000160,,CUST_E709329FC417,2024-02-01,17.51,"{'4%': 0.59, '10%': 0.0, '21%': 0.59}",1.18,18.69,2024-02-01,0,paid,2024-02-02
FAC-2024-0000161,SO-2024-0000161,ALB-2024-0000093,CUST_0E61171B1B80,2024-02-04,41.54,"{'4%': 1.66, '10%': 0.0, '21%': 0.0}",1.66,43.2,2024-02-04,0,paid,2024-02-04
FAC-2024-0000162,SO-2024-0000162,ALB-2024-0000094,CUST_6DAA8861FE18,2024-02-04,22.23,"{'4%': 0.56, '10%': 0.81, '21%': 0.0}",1.37,23.6,2024-02-04,0,paid,2024-02-05
FAC-2024-0000163,SO-2024-0000163,ALB-2024-0000095,CUST_95D8FF37D19C,2024-02-07,99.07,"{'4%': 0.82, '10%': 4.83, '21%': 6.36}",12.01,111.08,2024-02-07,0,paid,2024-02-07
FAC-2024-0000164,SO-2024-0000164,ALB-2024-0000096,CUST_E8DD1712FB16,2024-02-08,17.02,"{'4%': 0.05, '10%': 0.29, '21%': 2.71}",3.05,20.07,2024-02-08,0,paid,2024-02-08
FAC-2024-0000165,SO-2024-0000165,ALB-2024-0000097,CUST_9C2EEA4E3617,2024-02-03,47.73,"{'4%': 0.36, '10%': 2.06, '21%': 3.82}",6.24,53.97,2024-02-03,0,paid,2024-02-03
FAC-2024-0000166,SO-2024-0000166,ALB-2024-0000098,CUST_A9AB1777E8CB,2024-02-05,21.85,"{'4%': 0.16, '10%': 1.78, '21%': 0.0}",1.94,23.79,2024-02-05,0,paid,2024-02-05
FAC-2024-0000167,SO-2024-0000167,ALB-2024-0000099,CUST_C7745543FC3C,2024-02-05,174.15,"{'4%': 0.7, '10%': 10.21, '21%': 11.44}",22.35,196.5,2024-02-05,0,paid,2024-02-06
FAC-2024-0000168,SO-2024-0000168,ALB-2024-0000100,CUST_C4F97630A8A7,2024-02-05,39.45,"{'4%': 0.6, '10%': 1.56, '21%': 1.83}",3.99,43.44,2024-02-05,0,paid,2024-02-05
FAC-2024-0000169,SO-2024-0000169,,CUST_EADA4970ED9A,2024-02-02,87.21,"{'4%': 1.25, '10%': 4.46, '21%': 2.39}",8.1,95.31,2024-02-17,15,pending,
FAC-2024-0000170,SO-2024-0000170,,CUST_92CF1F33242D,2024-02-02,50.21,"{'4%': 0.13, '10%': 3.66, '21%': 2.18}",5.97,56.18,2024-02-17,15,pending,
FAC-2024-0000171,SO-2024-0000171,ALB-2024-0000101,CUST_E709329FC417,2024-02-03,27.55,"{'4%': 0.0, '10%': 1.78, '21%': 2.06}",3.84,31.39,2024-02-03,0,paid,2024-02-03
FAC-2024-0000172,SO-2024-0000172,ALB-2024-0000102,CUST_6DAA8861FE18,2024-02-05,39.72,"{'4%': 0.09, '10%': 3.59, '21%': 0.33}",4.01,43.73,2024-02-05,0,paid,2024-02-05
FAC-2024-0000173,SO-2024-0000173,ALB-2024-0000103,CUST_E8DD1712FB16,2024-02-07,26.88,"{'4%': 0.29, '10%': 1.38, '21%': 1.21}",2.88,29.76,2024-02-07,0,paid,2024-02-07
FAC-2024-0000174,SO-2024-0000174,ALB-2024-0000104,CUST_92CA6DE59332,2024-02-05,81.45,"{'4%': 1.04, '10%': 3.12, '21%': 5.09}",9.25,90.7,2024-02-05,0,paid,2024-02-05
FAC-2024-0000175,SO-2024-0000175,ALB-2024-0000105,CUST_07F8F3EA0184,2024-02-04,25.33,"{'4%': 0.0, '10%': 2.09, '21%': 0.94}",3.03,28.36,2024-02-04,0,paid,2024-02-05
FAC-2024-0000176,SO-2024-0000176,ALB-2024-0000106,CUST_B27B68C690B2,2024-02-05,44.56,"{'4%': 0.87, '10%': 0.47, '21%': 3.82}",5.16,49.72,2024-02-05,0,paid,2024-02-05
FAC-2024-0000177,SO-2024-0000177,ALB-2024-0000107,CUST_4BB0B27C4026,2024-02-09,26.5,"{'4%': 0.32, '10%': 1.72, '21%': 0.3}",2.34,28.84,2024-02-09,0,paid,2024-02-09
FAC-2024-0000178,SO-2024-0000178,ALB-2024-0000108,CUST_FBE9DBC080FD,2024-02-06,13.49,"{'4%': 0.19, '10%': 0.25, '21%': 1.32}",1.76,15.25,2024-02-06,0,paid,2024-02-07
FAC-2024-0000179,SO-2024-0000179,,CUST_98159D713084,2024-02-05,93.4,"{'4%': 1.22, '10%': 5.04, '21%': 2.64}",8.9,102.3,2024-02-05,0,paid,2024-02-06
FAC-2024-0000180,SO-2024-0000180,ALB-2024-0000109,CUST_5C0BA757CB10,2024-02-08,85.44,"{'4%': 2.05, '10%': 1.51, '21%': 4.0}",7.56,93.0,2024-02-08,0,paid,2024-02-08
FAC-2024-0000181,SO-2024-0000181,ALB-2024-0000110,CUST_ABF3FEC21BBE,2024-02-08,11.42,"{'4%': 0.0, '10%': 1.14, '21%': 0.0}",1.14,12.56,2024-02-23,15,pending,
FAC-2024-0000182,SO-2024-0000182,,CUST_255B7E3D5EE4,2024-02-06,131.18,"{'4%': 2.01, '10%': 7.28, '21%': 1.69}",10.98,142.16,2024-02-06,0,paid,2024-02-06
FAC-2024-0000183,SO-2024-0000183,,CUST_C1D7F3025D16,2024-02-06,36.45,"{'4%': 0.06, '10%': 1.31, '21%': 4.62}",5.99,42.44,2024-03-07,30,pending,
FAC-2024-0000184,SO-2024-0000184,,CUST_55FA458F1F19,2024-02-07,31.25,"{'4%': 0.0, '10%': 1.67, '21%': 3.06}",4.73,35.98,2024-02-07,0,paid,2024-02-07
FAC-2024-0000185,SO-2024-0000185,,CUST_D854DFCAF0B7,2024-02-07,62.75,"{'4%': 0.79, '10%': 4.01, '21%': 0.58}",5.38,68.13,2024-02-22,15,pending,
FAC-2024-0000186,SO-2024-0000186,ALB-2024-0000111,CUST_A9AB1777E8CB,2024-02-13,15.63,"{'4%': 0.63, '10%': 0.0, '21%': 0.0}",0.63,16.26,2024-02-13,0,paid,2024-02-13
FAC-2024-0000187,SO-2024-0000187,ALB-2024-0000112,CUST_FBE9DBC080FD,2024-02-10,14.22,"{'4%': 0.03, '10%': 0.0, '21%': 2.8}",2.83,17.05,2024-02-10,0,paid,2024-02-10
FAC-2024-0000188,SO-2024-0000188,ALB-2024-0000113,CUST_04AA5CA0C428,2024-02-10,95.51,"{'4%': 1.23, '10%': 4.92, '21%': 3.26}",9.41,104.92,2024-03-11,30,pending,
FAC-2024-0000189,SO-2024-0000189,ALB-2024-0000114,CUST_C0D7095FFA81,2024-02-11,66.21,"{'4%': 0.17, '10%': 3.09, '21%': 6.52}",9.78,75.99,2024-02-11,0,paid,2024-02-11
FAC-2024-0000190,SO-2024-0000190,ALB-2024-0000115,CUST_EFFA3040413C,2024-02-10,32.66,"{'4%': 0.95, '10%': 0.0, '21%': 1.85}",2.8,35.46,2024-02-10,0,paid,2024-02-10
FAC-2024-0000191,SO-2024-0000191,,CUST_562819DD3E8C,2024-02-07,46.98,"{'4%': 0.49, '10%': 2.1, '21%': 2.9}",5.49,52.47,2024-03-08,30,pending,
FAC-2024-0000192,SO-2024-0000192,,CUST_513A986F9025,2024-02-08,69.59,"{'4%': 0.29, '10%': 3.17, '21%': 6.41}",9.87,79.46,2024-02-08,0,paid,2024-02-08
FAC-2024-0000193,SO-2024-0000193,ALB-2024-0000116,CUST_E8DD1712FB16,2024-02-11,33.64,"{'4%': 0.0, '10%': 1.45, '21%': 4.03}",5.48,39.12,2024-02-11,0,paid,2024-02-12
FAC-2024-0000194,SO-2024-0000194,,CUST_9C2EEA4E3617,2024-02-08,42.82,"{'4%': 0.38, '10%': 2.36, '21%': 2.03}",4.77,47.59,2024-02-08,0,paid,2024-02-08
FAC-2024-0000195,SO-2024-0000195,ALB-2024-0000117,CUST_AE5E72EB7474,2024-02-12,26.47,"{'4%': 0.04, '10%': 0.46, '21%': 4.36}",4.86,31.33,2024-02-12,0,paid,2024-02-13
FAC-2024-0000196,SO-2024-0000196,ALB-2024-0000118,CUST_9A3A6E3C4532,2024-02-11,14.11,"{'4%': 0.0, '10%': 1.41, '21%': 0.0}",1.41,15.52,2024-02-11,0,paid,2024-02-11
FAC-2024-0000197,SO-2024-0000197,ALB-2024-0000119,CUST_9A6C52171C88,2024-02-11,26.62,"{'4%': 0.46, '10%': 0.42, '21%': 2.32}",3.2,29.82,2024-02-11,0,paid,2024-02-12
FAC-2024-0000198,SO-2024-0000198,ALB-2024-0000120,CUST_0E61171B1B80,2024-02-11,13.04,"{'4%': 0.0, '10%': 0.44, '21%': 1.82}",2.26,15.3,2024-02-11,0,paid,2024-02-11
FAC-2024-0000199,SO-2024-0000199,,CUST_42D951976E75,2024-02-08,20.54,"{'4%': 0.64, '10%': 0.0, '21%': 0.97}",1.61,22.15,2024-02-08,0,paid,2024-02-09
FAC-2024-0000200,SO-2024-0000200,ALB-2024-0000121,CUST_655243FF5011,2024-02-11,66.3,"{'4%': 0.1, '10%': 2.91, '21%': 7.27}",10.28,76.58,2024-02-11,0,paid,2024-02-11
FAC-2024-0000201,SO-2024-0000201,,CUST_5C623A3C563E,2024-02-09,51.17,"{'4%': 0.03, '10%': 3.63, '21%': 2.95}",6.61,57.78,2024-02-09,0,paid,2024-02-09
FAC-2024-0000202,SO-2024-0000202,ALB-2024-0000122,CUST_49A2F7E8F8E5,2024-02-12,60.4,"{'4%': 2.42, '10%': 0.0, '21%': 0.0}",2.42,62.82,2024-02-12,0,paid,2024-02-12
FAC-2024-0000203,SO-2024-0000203,ALB-2024-0000123,CUST_45F52E2FBF77,2024-02-12,23.41,"{'4%': 0.18, '10%': 0.67, '21%': 2.55}",3.4,26.81,2024-02-27,15,pending,
FAC-2024-0000204,SO-2024-0000204,ALB-2024-0000124,CUST_EFFA3040413C,2024-02-11,39.87,"{'4%': 0.0, '10%': 0.0, '21%': 8.37}",8.37,48.24,2024-02-11,0,paid,2024-02-11
FAC-2024-0000205,SO-2024-0000205,ALB-2024-0000125,CUST_9E5DC5ACC354,2024-02-13,66.38,"{'4%': 0.86, '10%': 0.43, '21%': 8.53}",9.82,76.2,2024-02-13,0,paid,2024-02-13
FAC-2024-0000206,SO-2024-0000206,ALB-2024-0000126,CUST_9A6C52171C88,2024-02-10,32.07,"{'4%': 0.3, '10%': 0.47, '21%': 4.18}",4.95,37.02,2024-02-10,0,paid,2024-02-10
FAC-2024-0000207,SO-2024-0000207,ALB-2024-0000127,CUST_C60161FA01BA,2024-02-11,12.81,"{'4%': 0.0, '10%': 0.0, '21%': 2.69}",2.69,15.5,2024-02-11,0,paid,2024-02-11
FAC-2024-0000208,SO-2024-0000208,ALB-2024-0000128,CUST_1A57C5F8E2F8,2024-02-11,53.65,"{'4%': 0.53, '10%': 3.11, '21%': 1.93}",5.57,59.22,2024-02-11,0,paid,2024-02-12
FAC-2024-0000209,SO-2024-0000209,,CUST_562819DD3E8C,2024-02-09,41.59,"{'4%': 0.58, '10%': 1.37, '21%': 2.83}",4.78,46.37,2024-03-10,30,pending,
FAC-2024-0000210,SO-2024-0000210,ALB-2024-0000129,CUST_42D951976E75,2024-02-12,22.36,"{'4%': 0.0, '10%': 0.0, '21%': 4.7}",4.7,27.06,2024-02-12,0,paid,2024-02-12
FAC-2024-0000211,SO-2024-0000211,,CUST_AB0B15F0EA19,2024-02-09,44.65,"{'4%': 0.36, '10%': 0.61, '21%': 6.21}",7.18,51.83,2024-02-09,0,paid,2024-02-09
FAC-2024-0000212,SO-2024-0000212,ALB-2024-0000130,CUST_40497D106C60,2024-02-13,49.8,"{'4%': 0.34, '10%': 1.68, '21%': 5.17}",7.19,56.99,2024-02-13,0,paid,2024-02-14
FAC-2024-0000213,SO-2024-0000213,ALB-2024-0000131,CUST_4758A6499CDC,2024-02-12,147.44,"{'4%': 0.91, '10%': 9.79, '21%': 5.62}",16.32,163.76,2024-02-12,0,paid,2024-02-12
FAC-2024-0000214,SO-2024-0000214,,CUST_58F0AAF78C67,2024-02-10,72.53,"{'4%': 0.52, '10%': 3.1, '21%': 5.98}",9.6,82.13,2024-02-10,0,paid,2024-02-10
FAC-2024-0000215,SO-2024-0000215,ALB-2024-0000132,CUST_8962929C93B3,2024-02-12,63.12,"{'4%': 0.2, '10%': 4.78, '21%': 2.15}",7.13,70.25,2024-02-27,15,pending,
FAC-2024-0000216,SO-2024-0000216,ALB-2024-0000133,CUST_9EA931227592,2024-02-17,13.18,"{'4%': 0.0, '10%': 1.32, '21%': 0.0}",1.32,14.5,2024-02-17,0,paid,2024-02-17
FAC-2024-0000217,SO-2024-0000217,,CUST_1036D9A09007,2024-02-10,48.47,"{'4%': 1.21, '10%': 1.22, '21%': 1.23}",3.66,52.13,2024-02-10,0,paid,2024-02-11
FAC-2024-0000218,SO-2024-0000218,ALB-2024-0000134,CUST_0A32373AEDF8,2024-02-12,94.36,"{'4%': 2.45, '10%': 0.98, '21%': 4.9}",8.33,102.69,2024-02-12,0,paid,2024-02-13
FAC-2024-0000219,SO-2024-0000219,,CUST_5C623A3C563E,2024-02-11,63.48,"{'4%': 0.48, '10%': 2.64, '21%': 5.29}",8.41,71.89,2024-02-11,0,paid,2024-02-12
FAC-2024-0000220,SO-2024-0000220,,CUST_A48ED0421DFA,2024-02-11,74.52,"{'4%': 1.94, '10%': 2.15, '21%': 0.94}",5.03,79.55,2024-02-11,0,paid,2024-02-11
FAC-2024-0000221,SO-2024-0000221,,CUST_562819DD3E8C,2024-02-11,49.14,"{'4%': 1.12, '10%': 1.78, '21%': 0.68}",3.58,52.72,2024-03-12,30,pending,
FAC-2024-0000222,SO-2024-0000222,ALB-2024-0000135,CUST_E8DD1712FB16,2024-02-16,18.82,"{'4%': 0.0, '10%': 0.19, '21%': 3.55}",3.74,22.56,2024-02-16,0,paid,2024-02-17
FAC-2024-0000223,SO-2024-0000223,,CUST_284C27D415B6,2024-02-12,79.58,"{'4%': 0.76, '10%': 3.11, '21%': 6.21}",10.08,89.66,2024-02-12,0,paid,2024-02-13
FAC-2024-0000224,SO-2024-0000224,,CUST_07F8F3EA0184,2024-02-12,18.9,"{'4%': 0.04, '10%': 0.49, '21%': 2.75}",3.28,22.18,2024-02-12,0,paid,2024-02-12
FAC-2024-0000225,SO-2024-0000225,ALB-2024-0000136,CUST_6DAA8861FE18,2024-02-15,12.53,"{'4%': 0.06, '10%': 0.93, '21%': 0.37}",1.36,13.89,2024-02-15,0,paid,2024-02-15
FAC-2024-0000226,SO-2024-0000226,ALB-2024-0000137,CUST_1857BAC7E2B9,2024-02-17,140.88,"{'4%': 0.33, '10%': 13.26, '21%': 0.0}",13.59,154.47,2024-02-17,0,paid,2024-02-18
FAC-2024-0000227,SO-2024-0000227,ALB-2024-0000138,CUST_4D29345512F7,2024-02-15,36.46,"{'4%': 0.16, '10%': 2.68, '21%': 1.18}",4.02,40.48,2024-02-15,0,paid,2024-02-15
FAC-2024-0000228,SO-2024-0000228,,CUST_EADA4970ED9A,2024-02-13,104.47,"{'4%': 1.5, '10%': 6.39, '21%': 0.65}",8.54,113.01,2024-02-28,15,pending,
FAC-2024-0000229,SO-2024-0000229,ALB-2024-0000139,CUST_9A3A6E3C4532,2024-02-14,23.68,"{'4%': 0.01, '10%': 0.31, '21%': 4.25}",4.57,28.25,2024-02-14,0,paid,2024-02-14
FAC-2024-0000230,SO-2024-0000230,,CUST_FFE3BF337A15,2024-02-13,35.24,"{'4%': 0.49, '10%': 1.76, '21%': 1.15}",3.4,38.64,2024-02-13,0,paid,2024-02-14
FAC-2024-0000231,SO-2024-0000231,ALB-2024-0000140,CUST_F96DBED63DA0,2024-02-15,33.71,"{'4%': 0.18, '10%': 1.78, '21%': 2.38}",4.34,38.05,2024-02-15,0,paid,2024-02-15
FAC-2024-0000232,SO-2024-0000232,,CUST_BF3182BBAD84,2024-02-13,155.46,"{'4%': 1.23, '10%': 7.58, '21%': 10.25}",19.06,174.52,2024-02-13,0,paid,2024-02-14
FAC-2024-0000233,SO-2024-0000233,,CUST_89EC98CBAA52,2024-02-13,48.57,"{'4%': 0.56, '10%': 1.46, '21%': 4.18}",6.2,54.77,2024-02-13,0,paid,2024-02-13
FAC-2024-0000234,SO-2024-0000234,ALB-2024-0000141,CUST_9F6ABD54DA04,2024-02-17,55.81,"{'4%': 0.39, '10%': 1.99, '21%': 5.52}",7.9,63.71,2024-02-17,0,paid,2024-02-17
FAC-2024-0000235,SO-2024-0000235,ALB-2024-0000142,CUST_E709329FC417,2024-02-16,31.52,"{'4%': 0.8, '10%': 0.38, '21%': 1.62}",2.8,34.32,2024-02-16,0,paid,2024-02-17
FAC-2024-0000236,SO-2024-0000236,ALB-2024-0000143,CUST_C1D7F3025D16,2024-02-14,48.96,"{'4%': 0.38, '10%': 0.53, '21%': 7.19}",8.1,57.06,2024-03-15,30,pending,
FAC-2024-0000237,SO-2024-0000237,ALB-2024-0000144,CUST_655243FF5011,2024-02-16,56.62,"{'4%': 0.78, '10%': 2.01, '21%': 3.56}",6.35,62.97,2024-02-16,0,paid,2024-02-16
FAC-2024-0000238,SO-2024-0000238,ALB-2024-0000145,CUST_40497D106C60,2024-02-18,61.24,"{'4%': 0.2, '10%': 2.77, '21%': 6.01}",8.98,70.22,2024-02-18,0,paid,2024-02-19
FAC-2024-0000239,SO-2024-0000239,ALB-2024-0000146,CUST_CB3CA3925731,2024-02-17,93.44,"{'4%': 0.85, '10%': 1.54, '21%': 11.91}",14.3,107.74,2024-02-17,0,paid,2024-02-18
FAC-2024-0000240,SO-2024-0000240,ALB-2024-0000147,CUST_A87990422EB7,2024-02-15,86.77,"{'4%': 2.27, '10%': 0.36, '21%': 5.56}",8.19,94.96,2024-03-01,15,pending,
FAC-2024-0000241,SO-2024-0000241,ALB-2024-0000148,CUST_D1F1429A4A7C,2024-02-17,45.78,"{'4%': 1.51, '10%': 0.81, '21%': 0.0}",2.32,48.1,2024-03-03,15,pending,
FAC-2024-0000242,SO-2024-0000242,ALB-2024-0000149,CUST_CDCCA9434AA0,2024-02-19,49.53,"{'4%': 0.7, '10%': 1.19, '21%': 4.21}",6.1,55.63,2024-02-19,0,paid,2024-02-19
FAC-2024-0000243,SO-2024-0000243,,CUST_58F0AAF78C67,2024-02-15,88.57,"{'4%': 1.14, '10%': 3.46, '21%': 5.37}",9.97,98.54,2024-02-15,0,paid,2024-02-16
FAC-2024-0000244,SO-2024-0000244,ALB-2024-0000150,CUST_F6D2AEC76A82,2024-02-19,76.46,"{'4%': 0.0, '10%': 7.04, '21%': 1.26}",8.3,84.76,2024-02-19,0,paid,2024-02-19
FAC-2024-0000245,SO-2024-0000245,,CUST_F96DBED63DA0,2024-02-15,40.67,"{'4%': 0.28, '10%': 0.91, '21%': 5.17}",6.36,47.03,2024-02-15,0,paid,2024-02-15
FAC-2024-0000246,SO-2024-0000246,ALB-2024-0000151,CUST_002C74DE5F70,2024-02-19,61.32,"{'4%': 0.54, '10%': 0.9, '21%': 8.17}",9.61,70.93,2024-03-05,15,pending,
FAC-2024-0000247,SO-2024-0000247,ALB-2024-0000152,CUST_64DEE82C7D7B,2024-02-21,55.88,"{'4%': 0.74, '10%': 3.65, '21%': 0.17}",4.56,60.44,2024-02-21,0,paid,2024-02-21
FAC-2024-0000248,SO-2024-0000248,ALB-2024-0000153,CUST_7F29BEC39A37,2024-02-19,55.28,"{'4%': 0.55, '10%': 2.73, '21%': 3.0}",6.28,61.56,2024-02-19,0,paid,2024-02-20
FAC-2024-0000249,SO-2024-0000249,ALB-2024-0000154,CUST_F6D2AEC76A82,2024-02-21,22.15,"{'4%': 0.71, '10%': 0.33, '21%': 0.2}",1.24,23.39,2024-02-21,0,paid,2024-02-21
FAC-2024-0000250,SO-2024-0000250,,CUST_501B5EE68495,2024-02-16,23.04,"{'4%': 0.0, '10%': 2.04, '21%': 0.55}",2.59,25.63,2024-03-02,15,pending,
FAC-2024-0000251,SO-2024-0000251,ALB-2024-0000155,CUST_B27B68C690B2,2024-02-18,71.63,"{'4%': 0.96, '10%': 3.7, '21%': 2.23}",6.89,78.52,2024-02-18,0,paid,2024-02-18
FAC-2024-0000252,SO-2024-0000252,ALB-2024-0000156,CUST_8A0B36D8393A,2024-02-19,131.54,"{'4%': 1.61, '10%': 6.32, '21%': 5.9}",13.83,145.37,2024-03-05,15,pending,
FAC-2024-0000253,SO-2024-0000253,ALB-2024-0000157,CUST_DD46475287AA,2024-02-18,25.33,"{'4%': 0.16, '10%': 1.04, '21%': 2.32}",3.52,28.85,2024-02-18,0,paid,2024-02-18
FAC-2024-0000254,SO-2024-0000254,ALB-2024-0000158,CUST_966BFCD6BDCA,2024-02-21,45.52,"{'4%': 0.91, '10%': 1.8, '21%': 1.04}",3.75,49.27,2024-02-21,0,paid,2024-02-21
FAC-2024-0000255,SO-2024-0000255,ALB-2024-0000159,CUST_AE5E72EB7474,2024-02-21,34.87,"{'4%': 0.85, '10%': 0.59, '21%': 1.64}",3.08,37.95,2024-02-21,0,paid,2024-02-21
FAC-2024-0000256,SO-2024-0000256,ALB-2024-0000160,CUST_93D551A3AC26,2024-02-21,82.35,"{'4%': 1.63, '10%': 0.51, '21%': 7.65}",9.79,92.14,2024-03-07,15,pending,
FAC-2024-0000257,SO-2024-0000257,ALB-2024-0000161,CUST_5EFED8DDBBC0,2024-02-21,100.81,"{'4%': 0.07, '10%': 4.83, '21%': 10.66}",15.56,116.37,2024-03-07,15,pending,
FAC-2024-0000258,SO-2024-0000258,ALB-2024-0000162,CUST_B86623D4526B,2024-02-21,85.74,"{'4%': 1.68, '10%': 1.84, '21%': 5.32}",8.84,94.58,2024-03-07,15,pending,
FAC-2024-0000259,SO-2024-0000259,,CUST_A3010E5D8C6A,2024-02-17,107.02,"{'4%': 0.5, '10%': 7.95, '21%': 3.16}",11.61,118.63,2024-02-17,0,paid,2024-02-18
FAC-2024-0000260,SO-2024-0000260,ALB-2024-0000163,CUST_624FBAE1E137,2024-02-19,48.18,"{'4%': 0.56, '10%': 0.54, '21%': 6.05}",7.15,55.33,2024-02-19,0,paid,2024-02-20
FAC-2024-0000261,SO-2024-0000261,,CUST_774F7316CE64,2024-02-17,88.81,"{'4%': 0.63, '10%': 3.45, '21%': 8.1}",12.18,100.99,2024-02-17,0,paid,2024-02-17
FAC-2024-0000262,SO-2024-0000262,ALB-2024-0000164,CUST_1036D9A09007,2024-02-20,33.19,"{'4%': 0.14, '10%': 2.17, '21%': 1.65}",3.96,37.15,2024-02-20,0,paid,2024-02-20
FAC-2024-0000263,SO-2024-0000263,ALB-2024-0000165,CUST_002C74DE5F70,2024-02-23,96.63,"{'4%': 0.68, '10%': 3.13, '21%': 10.15}",13.96,110.59,2024-03-09,15,pending,
FAC-2024-0000264,SO-2024-0000264,,CUST_774F7316CE64,2024-02-18,114.84,"{'4%': 0.32, '10%': 9.72, '21%': 2.03}",12.07,126.91,2024-02-18,0,paid,2024-02-18
FAC-2024-0000265,SO-2024-0000265,,CUST_BF3182BBAD84,2024-02-19,145.98,"{'4%': 3.29, '10%': 5.33, '21%': 2.16}",10.78,156.76,2024-02-19,0,paid,2024-02-19
FAC-2024-0000266,SO-2024-0000266,ALB-2024-0000166,CUST_BE1590CE77E9,2024-02-23,166.4,"{'4%': 0.8, '10%': 11.74, '21%': 6.08}",18.62,185.02,2024-02-23,0,paid,2024-02-23
FAC-2024-0000267,SO-2024-0000267,,CUST_7A1036A2C52B,2024-02-19,124.3,"{'4%': 0.17, '10%': 7.35, '21%': 9.76}",17.28,141.58,2024-02-19,0,paid,2024-02-19
FAC-2024-0000268,SO-2024-0000268,,CUST_90CEE9A53368,2024-02-19,45.77,"{'4%': 0.85, '10%': 0.95, '21%': 3.13}",4.93,50.7,2024-02-19,0,paid,2024-02-20
FAC-2024-0000269,SO-2024-0000269,,CUST_EFFA3040413C,2024-02-20,28.2,"{'4%': 0.05, '10%': 1.17, '21%': 3.19}",4.41,32.61,2024-02-20,0,paid,2024-02-20
FAC-2024-0000270,SO-2024-0000270,ALB-2024-0000167,CUST_B86623D4526B,2024-02-23,77.93,"{'4%': 0.56, '10%': 1.67, '21%': 9.9}",12.13,90.06,2024-03-09,15,pending,
FAC-2024-0000271,SO-2024-0000271,ALB-2024-0000168,CUST_90CEE9A53368,2024-02-21,43.93,"{'4%': 0.0, '10%': 1.57, '21%': 5.94}",7.51,51.44,2024-02-21,0,paid,2024-02-21
FAC-2024-0000272,SO-2024-0000272,,CUST_55FA458F1F19,2024-02-21,22.62,"{'4%': 0.0, '10%': 0.0, '21%': 4.75}",4.75,27.37,2024-02-21,0,paid,2024-02-22
FAC-2024-0000273,SO-2024-0000273,ALB-2024-0000169,CUST_A66F39669FA7,2024-02-24,30.57,"{'4%': 0.04, '10%': 2.12, '21%': 1.73}",3.89,34.46,2024-02-24,0,paid,2024-02-24
FAC-2024-0000274,SO-2024-0000274,ALB-2024-0000170,CUST_FD03C9525185,2024-03-01,13.65,"{'4%': 0.33, '10%': 0.54, '21%': 0.0}",0.87,14.52,2024-03-01,0,paid,2024-03-02
FAC-2024-0000275,SO-2024-0000275,ALB-2024-0000171,CUST_002C74DE5F70,2024-02-26,76.81,"{'4%': 1.73, '10%': 2.38, '21%': 2.07}",6.18,82.99,2024-03-12,15,pending,
FAC-2024-0000276,SO-2024-0000276,ALB-2024-0000172,CUST_0E61171B1B80,2024-02-24,12.64,"{'4%': 0.22, '10%': 0.07, '21%': 1.35}",1.64,14.28,2024-02-24,0,paid,2024-02-25
FAC-2024-0000277,SO-2024-0000277,ALB-2024-0000173,CUST_655243FF5011,2024-02-24,56.28,"{'4%': 0.4, '10%': 1.32, '21%': 6.94}",8.66,64.94,2024-02-24,0,paid,2024-02-25
FAC-2024-0000278,SO-2024-0000278,ALB-2024-0000174,CUST_623225074181,2024-02-28,89.43,"{'4%': 1.84, '10%': 1.96, '21%': 5.03}",8.83,98.26,2024-02-28,0,paid,2024-02-29
FAC-2024-0000279,SO-2024-0000279,,CUST_9A3A6E3C4532,2024-02-22,14.45,"{'4%': 0.03, '10%': 0.21, '21%': 2.44}",2.68,17.13,2024-02-22,0,paid,2024-02-23
FAC-2024-0000280,SO-2024-0000280,ALB-2024-0000175,CUST_1CDC62C965B2,2024-02-25,105.49,"{'4%': 2.19, '10%': 2.36, '21%': 5.68}",10.23,115.72,2024-02-25,0,paid,2024-02-25
FAC-2024-0000281,SO-2024-0000281,,CUST_1A57C5F8E2F8,2024-02-22,72.52,"{'4%': 1.98, '10%': 1.3, '21%': 2.1}",5.38,77.9,2024-02-22,0,paid,2024-02-23
FAC-2024-0000282,SO-2024-0000282,ALB-2024-0000176,CUST_707DFDB1429E,2024-02-27,50.03,"{'4%': 0.0, '10%': 3.08, '21%': 4.04}",7.12,57.15,2024-02-27,0,paid,2024-02-28
FAC-2024-0000283,SO-2024-0000283,ALB-2024-0000177,CUST_07F8F3EA0184,2024-02-25,26.52,"{'4%': 0.0, '10%': 0.46, '21%': 4.61}",5.07,31.59,2024-02-25,0,paid,2024-02-25
FAC-2024-0000284,SO-2024-0000284,ALB-2024-0000178,CUST_51B11B2EDEDB,2024-02-25,22.48,"{'4%': 0.0, '10%': 0.0, '21%': 4.72}",4.72,27.2,2024-02-25,0,paid,2024-02-25
FAC-2024-0000285,SO-2024-0000285,,CUST_4EFCE10B1A47,2024-02-23,115.24,"{'4%': 2.06, '10%': 3.56, '21%': 5.91}",11.53,126.77,2024-03-09,15,pending,
FAC-2024-0000286,SO-2024-0000286,ALB-2024-0000179,CUST_5C0BA757CB10,2024-02-27,47.36,"{'4%': 0.31, '10%': 0.98, '21%': 6.25}",7.54,54.9,2024-02-27,0,paid,2024-02-28
FAC-2024-0000287,SO-2024-0000287,ALB-2024-0000180,CUST_E709329FC417,2024-02-25,24.05,"{'4%': 0.0, '10%': 2.41, '21%': 0.0}",2.41,26.46,2024-02-25,0,paid,2024-02-26
FAC-2024-0000288,SO-2024-0000288,ALB-2024-0000181,CUST_92CA6DE59332,2024-02-27,71.7,"{'4%': 0.28, '10%': 1.99, '21%': 9.44}",11.71,83.41,2024-02-27,0,paid,2024-02-28
FAC-2024-0000289,SO-2024-0000289,,CUST_07F8F3EA0184,2024-02-24,14.79,"{'4%': 0.0, '10%': 0.0, '21%': 3.11}",3.11,17.9,2024-02-24,0,paid,2024-02-25
FAC-2024-0000290,SO-2024-0000290,ALB-2024-0000182,CUST_8962929C93B3,2024-02-27,32.0,"{'4%': 0.32, '10%': 1.74, '21%': 1.39}",3.45,35.45,2024-03-13,15,pending,
FAC-2024-0000291,SO-2024-0000291,ALB-2024-0000183,CUST_B3EE5A104129,2024-03-01,34.88,"{'4%': 0.42, '10%': 2.44, '21%': 0.0}",2.86,37.74,2024-03-01,0,paid,2024-03-01
FAC-2024-0000292,SO-2024-0000292,ALB-2024-0000184,CUST_1DAD52C21221,2024-02-28,70.32,"{'4%': 1.04, '10%': 2.76, '21%': 3.52}",7.32,77.64,2024-02-28,0,paid,2024-02-28
FAC-2024-0000293,SO-2024-0000293,ALB-2024-0000185,CUST_45F52E2FBF77,2024-02-26,27.21,"{'4%': 0.0, '10%': 0.75, '21%': 4.15}",4.9,32.11,2024-03-12,15,pending,
FAC-2024-0000294,SO-2024-0000294,ALB-2024-0000186,CUST_FBA6CDBCC653,2024-02-29,82.72,"{'4%': 1.23, '10%': 2.58, '21%': 5.5}",9.31,92.03,2024-03-15,15,pending,
FAC-2024-0000295,SO-2024-0000295,ALB-2024-0000187,CUST_0F25A55990E7,2024-02-28,74.35,"{'4%': 0.31, '10%': 4.67, '21%': 4.19}",9.17,83.52,2024-02-28,0,paid,2024-02-28
FAC-2024-0000296,SO-2024-0000296,ALB-2024-0000188,CUST_95D8FF37D19C,2024-03-01,76.02,"{'4%': 0.0, '10%': 1.28, '21%': 13.28}",14.56,90.58,2024-03-01,0,paid,2024-03-02
FAC-2024-0000297,SO-2024-0000297,ALB-2024-0000189,CUST_FBE9DBC080FD,2024-02-27,11.47,"{'4%': 0.13, '10%': 0.4, '21%': 0.88}",1.41,12.88,2024-02-27,0,paid,2024-02-28
FAC-2024-0000298,SO-2024-0000298,ALB-2024-0000190,CUST_FD03C9525185,2024-02-29,18.22,"{'4%': 0.0, '10%': 0.0, '21%': 3.83}",3.83,22.05,2024-02-29,0,paid,2024-02-29
FAC-2024-0000299,SO-2024-0000299,,CUST_9D9D1BF645F6,2024-02-26,36.81,"{'4%': 0.0, '10%': 2.57, '21%': 2.34}",4.91,41.72,2024-02-26,0,paid,2024-02-27
FAC-2024-0000300,SO-2024-0000300,,CUST_32735373BF4D,2024-02-26,88.86,"{'4%': 0.33, '10%': 6.39, '21%': 3.53}",10.25,99.11,2024-02-26,0,paid,2024-02-26
FAC-2024-0000301,SO-2024-0000301,ALB-2024-0000191,CUST_D37445712959,2024-03-01,57.77,"{'4%': 0.18, '10%': 3.47, '21%': 3.86}",7.51,65.28,2024-03-01,0,paid,2024-03-01
FAC-2024-0000302,SO-2024-0000302,,CUST_B3EE5A104129,2024-02-27,60.01,"{'4%': 0.49, '10%': 4.79, '21%': 0.0}",5.28,65.29,2024-02-27,0,paid,2024-02-27
FAC-2024-0000303,SO-2024-0000303,,CUST_04AA5CA0C428,2024-02-27,114.32,"{'4%': 1.13, '10%': 5.23, '21%': 7.11}",13.47,127.79,2024-03-28,30,pending,
FAC-2024-0000304,SO-2024-0000304,ALB-2024-0000192,CUST_9A3A6E3C4532,2024-03-01,15.13,"{'4%': 0.08, '10%': 0.0, '21%': 2.77}",2.85,17.98,2024-03-01,0,paid,2024-03-01
FAC-2024-0000305,SO-2024-0000305,,CUST_9D9D1BF645F6,2024-02-27,34.73,"{'4%': 0.1, '10%': 2.73, '21%': 1.03}",3.86,38.59,2024-02-27,0,paid,2024-02-27
FAC-2024-0000306,SO-2024-0000306,ALB-2024-0000193,CUST_002C74DE5F70,2024-03-03,50.34,"{'4%': 0.71, '10%': 1.08, '21%': 4.57}",6.36,56.7,2024-03-18,15,pending,
FAC-2024-0000307,SO-2024-0000307,ALB-2024-0000194,CUST_40497D106C60,2024-03-01,48.17,"{'4%': 0.3, '10%': 3.68, '21%': 0.82}",4.8,52.97,2024-03-01,0,paid,2024-03-02
FAC-2024-0000308,SO-2024-0000308,ALB-2024-0000195,CUST_4FA0F6F7F0CC,2024-03-03,60.7,"{'4%': 0.83, '10%': 2.04, '21%': 4.13}",7.0,67.7,2024-03-18,15,pending,
FAC-2024-0000309,SO-2024-0000309,ALB-2024-0000196,CUST_FBE9DBC080FD,2024-03-02,12.32,"{'4%': 0.05, '10%': 0.65, '21%': 0.96}",1.66,13.98,2024-03-02,0,paid,2024-03-02
FAC-2024-0000310,SO-2024-0000310,ALB-2024-0000197,CUST_668C0B95017C,2024-02-29,35.71,"{'4%': 0.57, '10%': 1.06, '21%': 2.31}",3.94,39.65,2024-02-29,0,paid,2024-02-29
FAC-2024-0000311,SO-2024-0000311,,CUST_70E704D9145E,2024-02-28,44.32,"{'4%': 0.82, '10%': 0.58, '21%': 3.76}",5.16,49.48,2024-02-28,0,paid,2024-02-28
FAC-2024-0000312,SO-2024-0000312,ALB-2024-0000198,CUST_D7F3C2EFEECB,2024-03-01,27.11,"{'4%': 0.25, '10%': 1.67, '21%': 0.87}",2.79,29.9,2024-03-01,0,paid,2024-03-01
FAC-2024-0000313,SO-2024-0000313,ALB-2024-0000199,CUST_1CDC62C965B2,2024-03-03,91.54,"{'4%': 1.16, '10%': 2.96, '21%': 6.91}",11.03,102.57,2024-03-03,0,paid,2024-03-04
FAC-2024-0000314,SO-2024-0000314,ALB-2024-0000200,CUST_9F6ABD54DA04,2024-03-01,54.53,"{'4%': 0.08, '10%': 4.47, '21%': 1.67}",6.22,60.75,2024-03-01,0,paid,2024-03-01
FAC-2024-0000315,SO-2024-0000315,ALB-2024-0000201,CUST_F96DBED63DA0,2024-03-03,35.14,"{'4%': 0.94, '10%': 0.57, '21%': 1.25}",2.76,37.9,2024-03-03,0,paid,2024-03-04
FAC-2024-0000316,SO-2024-0000316,ALB-2024-0000202,CUST_7DE36694C343,2024-03-04,14.95,"{'4%': 0.05, '10%': 0.62, '21%': 1.56}",2.23,17.18,2024-03-04,0,paid,2024-03-04
FAC-2024-0000317,SO-2024-0000317,ALB-2024-0000203,CUST_49A2F7E8F8E5,2024-03-04,24.28,"{'4%': 0.0, '10%': 1.62, '21%': 1.69}",3.31,27.59,2024-03-04,0,paid,2024-03-04
FAC-2024-0000318,SO-2024-0000318,ALB-2024-0000204,CUST_93D551A3AC26,2024-03-05,78.46,"{'4%': 0.79, '10%': 1.47, '21%': 9.22}",11.48,89.94,2024-03-20,15,pending,
FAC-2024-0000319,SO-2024-0000319,ALB-2024-0000205,CUST_501B5EE68495,2024-03-05,18.92,"{'4%': 0.0, '10%': 0.0, '21%': 3.97}",3.97,22.89,2024-03-20,15,pending,
FAC-2024-0000320,SO-2024-0000320,ALB-2024-0000206,CUST_6FFFB2DC6C34,2024-03-04,69.2,"{'4%': 0.61, '10%': 3.86, '21%': 3.2}",7.67,76.87,2024-03-04,0,paid,2024-03-04
FAC-2024-0000321,SO-2024-0000321,ALB-2024-0000207,CUST_6DAA8861FE18,2024-03-06,15.08,"{'4%': 0.0, '10%': 0.61, '21%': 1.89}",2.5,17.58,2024-03-06,0,paid,2024-03-06
FAC-2024-0000322,SO-2024-0000322,,CUST_B3EE5A104129,2024-03-02,29.05,"{'4%': 0.57, '10%': 0.65, '21%': 1.76}",2.98,32.03,2024-03-02,0,paid,2024-03-02
FAC-2024-0000323,SO-2024-0000323,,CUST_7A1036A2C52B,2024-03-02,128.54,"{'4%': 0.44, '10%': 8.39, '21%': 7.06}",15.89,144.43,2024-03-02,0,paid,2024-03-03
FAC-2024-0000324,SO-2024-0000324,ALB-2024-0000208,CUST_774F7316CE64,2024-03-04,73.14,"{'4%': 0.86, '10%': 0.79, '21%': 9.17}",10.82,83.96,2024-03-04,0,paid,2024-03-04
FAC-2024-0000325,SO-2024-0000325,ALB-2024-0000209,CUST_ABF3FEC21BBE,2024-03-07,16.43,"{'4%': 0.17, '10%': 0.74, '21%': 1.01}",1.92,18.35,2024-03-22,15,pending,
FAC-2024-0000326,SO-2024-0000326,ALB-2024-0000210,CUST_9C100F6B40D0,2024-03-07,41.58,"{'4%': 0.63, '10%': 0.19, '21%': 5.03}",5.85,47.43,2024-03-07,0,paid,2024-03-07
FAC-2024-0000327,SO-2024-0000327,,CUST_49A2F7E8F8E5,2024-03-03,59.97,"{'4%': 1.97, '10%': 0.48, '21%': 1.26}",3.71,63.68,2024-03-03,0,paid,2024-03-03
FAC-2024-0000328,SO-2024-0000328,,CUST_284C27D415B6,2024-03-03,112.27,"{'4%': 0.37, '10%': 9.5, '21%': 1.69}",11.56,123.83,2024-03-03,0,paid,2024-03-04
FAC-2024-0000329,SO-2024-0000329,ALB-2024-0000211,CUST_6FFFB2DC6C34,2024-03-06,51.78,"{'4%': 0.97, '10%': 1.73, '21%': 2.14}",4.84,56.62,2024-03-06,0,paid,2024-03-07
FAC-2024-0000330,SO-2024-0000330,ALB-2024-0000212,CUST_25E98D7248E2,2024-03-07,65.55,"{'4%': 1.09, '10%': 1.28, '21%': 5.34}",7.71,73.26,2024-03-07,0,paid,2024-03-08
FAC-2024-0000331,SO-2024-0000331,ALB-2024-0000213,CUST_C4F97630A8A7,2024-03-06,43.06,"{'4%': 1.19, '10%': 0.19, '21%': 2.38}",3.76,46.82,2024-03-06,0,paid,2024-03-07
FAC-2024-0000332,SO-2024-0000332,,CUST_D7F3C2EFEECB,2024-03-04,20.7,"{'4%': 0.1, '10%': 0.89, '21%': 1.93}",2.92,23.62,2024-03-04,0,paid,2024-03-05
FAC-2024-0000333,SO-2024-0000333,ALB-2024-0000214,CUST_9F6ABD54DA04,2024-03-06,62.37,"{'4%': 0.28, '10%': 0.58, '21%': 10.43}",11.29,73.66,2024-03-06,0,paid,2024-03-06
FAC-2024-0000334,SO-2024-0000334,ALB-2024-0000215,CUST_42D951976E75,2024-03-06,30.3,"{'4%': 0.78, '10%': 0.36, '21%': 1.53}",2.67,32.97,2024-03-06,0,paid,2024-03-07
FAC-2024-0000335,SO-2024-0000335,,CUST_A9E2952E6ABB,2024-03-05,45.21,"{'4%': 0.58, '10%': 1.44, '21%': 3.4}",5.42,50.63,2024-03-05,0,paid,2024-03-05
FAC-2024-0000336,SO-2024-0000336,ALB-2024-0000216,CUST_C4F97630A8A7,2024-03-08,43.93,"{'4%': 0.43, '10%': 2.15, '21%': 2.47}",5.05,48.98,2024-03-08,0,paid,2024-03-08
FAC-2024-0000337,SO-2024-0000337,,CUST_80BB6EC01269,2024-03-05,45.09,"{'4%': 0.36, '10%': 3.09, '21%': 1.08}",4.53,49.62,2024-03-20,15,pending,
FAC-2024-0000338,SO-2024-0000338,ALB-2024-0000217,CUST_51B11B2EDEDB,2024-03-08,21.24,"{'4%': 0.0, '10%': 2.0, '21%': 0.26}",2.26,23.5,2024-03-08,0,paid,2024-03-09
FAC-2024-0000339,SO-2024-0000339,ALB-2024-0000218,CUST_668C0B95017C,2024-03-08,52.38,"{'4%': 0.9, '10%': 0.72, '21%': 4.75}",6.37,58.75,2024-03-08,0,paid,2024-03-08
FAC-2024-0000340,SO-2024-0000340,,CUST_592A7BA109D0,2024-03-05,72.48,"{'4%': 0.68, '10%': 2.94, '21%': 5.46}",9.08,81.56,2024-03-05,0,paid,2024-03-06
FAC-2024-0000341,SO-2024-0000341,ALB-2024-0000219,CUST_34871A9C672A,2024-03-10,20.13,"{'4%': 0.19, '10%': 0.78, '21%': 1.58}",2.55,22.68,2024-03-10,0,paid,2024-03-11
FAC-2024-0000342,SO-2024-0000342,,CUST_9DF29E825AAE,2024-03-05,50.69,"{'4%': 0.43, '10%': 2.1, '21%': 3.97}",6.5,57.19,2024-03-05,0,paid,2024-03-05
FAC-2024-0000343,SO-2024-0000343,ALB-2024-0000220,CUST_655243FF5011,2024-03-08,64.24,"{'4%': 0.31, '10%': 3.24, '21%': 5.06}",8.61,72.85,2024-03-08,0,paid,2024-03-09
FAC-2024-0000344,SO-2024-0000344,ALB-2024-0000221,CUST_9C100F6B40D0,2024-03-10,27.74,"{'4%': 0.0, '10%': 0.9, '21%': 3.94}",4.84,32.58,2024-03-10,0,paid,2024-03-10
FAC-2024-0000345,SO-2024-0000345,ALB-2024-0000222,CUST_99181497D658,2024-03-10,55.61,"{'4%': 0.42, '10%': 2.55, '21%': 4.1}",7.07,62.68,2024-03-10,0,paid,2024-03-11
FAC-2024-0000346,SO-2024-0000346,ALB-2024-0000223,CUST_C5A1AD05B912,2024-03-08,55.55,"{'4%': 0.41, '10%': 1.99, '21%': 5.34}",7.74,63.29,2024-03-08,0,paid,2024-03-08
FAC-2024-0000347,SO-2024-0000347,,CUST_A87990422EB7,2024-03-06,82.22,"{'4%': 1.94, '10%': 0.52, '21%': 6.0}",8.46,90.68,2024-03-21,15,pending,
FAC-2024-0000348,SO-2024-0000348,ALB-2024-0000224,CUST_002C74DE5F70,2024-03-11,81.49,"{'4%': 0.55, '10%': 2.86, '21%': 8.21}",11.62,93.11,2024-03-26,15,pending,
FAC-2024-0000349,SO-2024-0000349,ALB-2024-0000225,CUST_D37445712959,2024-03-08,46.26,"{'4%': 0.37, '10%': 1.8, '21%': 4.0}",6.17,52.43,2024-03-08,0,paid,2024-03-08
FAC-2024-0000350,SO-2024-0000350,ALB-2024-0000226,CUST_34871A9C672A,2024-03-11,20.37,"{'4%': 0.32, '10%': 0.42, '21%': 1.73}",2.47,22.84,2024-03-11,0,paid,2024-03-11
FAC-2024-0000351,SO-2024-0000351,ALB-2024-0000227,CUST_FB8FD8B48EAD,2024-03-09,44.71,"{'4%': 0.42, '10%': 3.02, '21%': 0.87}",4.31,49.02,2024-03-24,15,pending,
FAC-2024-0000352,SO-2024-0000352,,CUST_008D610461E3,2024-03-07,50.56,"{'4%': 0.86, '10%': 1.14, '21%': 3.72}",5.72,56.28,2024-03-07,0,paid,2024-03-07
FAC-2024-0000353,SO-2024-0000353,ALB-2024-0000228,CUST_655243FF5011,2024-03-10,60.18,"{'4%': 0.34, '10%': 3.25, '21%': 4.03}",7.62,67.8,2024-03-10,0,paid,2024-03-11
FAC-2024-0000354,SO-2024-0000354,ALB-2024-0000229,CUST_5C623A3C563E,2024-03-09,53.97,"{'4%': 0.25, '10%': 1.31, '21%': 7.26}",8.82,62.79,2024-03-09,0,paid,2024-03-10
FAC-2024-0000355,SO-2024-0000355,ALB-2024-0000230,CUST_7F29BEC39A37,2024-03-10,116.33,"{'4%': 3.75, '10%': 2.13, '21%': 0.29}",6.17,122.5,2024-03-10,0,paid,2024-03-10
FAC-2024-0000356,SO-2024-0000356,,CUST_9A3A6E3C4532,2024-03-07,16.3,"{'4%': 0.0, '10%': 0.99, '21%': 1.35}",2.34,18.64,2024-03-07,0,paid,2024-03-07
FAC-2024-0000357,SO-2024-0000357,ALB-2024-0000231,CUST_D37445712959,2024-03-10,67.89,"{'4%': 0.0, '10%': 3.6, '21%': 6.7}",10.3,78.19,2024-03-10,0,paid,2024-03-11
FAC-2024-0000358,SO-2024-0000358,ALB-2024-0000232,CUST_AB0B15F0EA19,2024-03-08,52.2,"{'4%': 0.24, '10%': 1.05, '21%': 7.49}",8.78,60.98,2024-03-08,0,paid,2024-03-08
FAC-2024-0000359,SO-2024-0000359,ALB-2024-0000233,CUST_25E98D7248E2,2024-03-11,56.37,"{'4%': 0.66, '10%': 3.02, '21%': 2.03}",5.71,62.08,2024-03-11,0,paid,2024-03-12
FAC-2024-0000360,SO-2024-0000360,ALB-2024-0000234,CUST_A9AB1777E8CB,2024-03-10,17.11,"{'4%': 0.07, '10%': 0.57, '21%': 2.03}",2.67,19.78,2024-03-10,0,paid,2024-03-10
FAC-2024-0000361,SO-2024-0000361,ALB-2024-0000235,CUST_9A3A6E3C4532,2024-03-11,17.25,"{'4%': 0.0, '10%': 1.61, '21%': 0.23}",1.84,19.09,2024-03-11,0,paid,2024-03-11
FAC-2024-0000362,SO-2024-0000362,ALB-2024-0000236,CUST_9EA931227592,2024-03-10,11.16,"{'4%': 0.0, '10%': 0.0, '21%': 2.34}",2.34,13.5,2024-03-10,0,paid,2024-03-11
FAC-2024-0000363,SO-2024-0000363,ALB-2024-0000237,CUST_9A6C52171C88,2024-03-10,30.07,"{'4%': 0.6, '10%': 0.95, '21%': 1.18}",2.73,32.8,2024-03-10,0,paid,2024-03-10
FAC-2024-0000364,SO-2024-0000364,,CUST_4D71B41B3143,2024-03-09,21.87,"{'4%': 0.25, '10%': 0.77, '21%': 1.67}",2.69,24.56,2024-03-09,0,paid,2024-03-10
FAC-2024-0000365,SO-2024-0000365,ALB-2024-0000238,CUST_84410299436A,2024-03-11,119.58,"{'4%': 0.64, '10%': 7.1, '21%': 6.83}",14.57,134.15,2024-03-11,0,paid,2024-03-11
FAC-2024-0000366,SO-2024-0000366,ALB-2024-0000239,CUST_5C623A3C563E,2024-03-10,64.36,"{'4%': 0.93, '10%': 1.68, '21%': 5.11}",7.72,72.08,2024-03-10,0,paid,2024-03-11
FAC-2024-0000367,SO-2024-0000367,ALB-2024-0000240,CUST_9C2EEA4E3617,2024-03-12,56.82,"{'4%': 0.22, '10%': 3.48, '21%': 3.49}",7.19,64.01,2024-03-12,0,paid,2024-03-12
FAC-2024-0000368,SO-2024-0000368,ALB-2024-0000241,CUST_284C27D415B6,2024-03-11,121.41,"{'4%': 1.41, '10%': 3.78, '21%': 10.15}",15.34,136.75,2024-03-11,0,paid,2024-03-12
FAC-2024-0000369,SO-2024-0000369,,CUST_98159D713084,2024-03-09,95.24,"{'4%': 2.77, '10%': 2.28, '21%': 0.66}",5.71,100.95,2024-03-09,0,paid,2024-03-09
FAC-2024-0000370,SO-2024-0000370,ALB-2024-0000242,CUST_EADA4970ED9A,2024-03-12,118.12,"{'4%': 1.07, '10%': 6.92, '21%': 4.64}",12.63,130.75,2024-03-27,15,pending,
FAC-2024-0000371,SO-2024-0000371,ALB-2024-0000243,CUST_FD03C9525185,2024-03-13,30.02,"{'4%': 0.84, '10%': 0.47, '21%': 0.9}",2.21,32.23,2024-03-13,0,paid,2024-03-13
FAC-2024-0000372,SO-2024-0000372,ALB-2024-0000244,CUST_93D551A3AC26,2024-03-12,79.08,"{'4%': 1.56, '10%': 0.89, '21%': 6.53}",8.98,88.06,2024-03-27,15,pending,
FAC-2024-0000373,SO-2024-0000373,,CUST_FFE3BF337A15,2024-03-09,31.87,"{'4%': 0.9, '10%': 0.79, '21%': 0.3}",1.99,33.86,2024-03-09,0,paid,2024-03-09
FAC-2024-0000374,SO-2024-0000374,ALB-2024-0000245,CUST_BF3182BBAD84,2024-03-10,136.61,"{'4%': 1.92, '10%': 7.23, '21%': 3.43}",12.58,149.19,2024-03-10,0,paid,2024-03-11
FAC-2024-0000375,SO-2024-0000375,ALB-2024-0000246,CUST_C60161FA01BA,2024-03-13,17.15,"{'4%': 0.0, '10%': 0.48, '21%': 2.6}",3.08,20.23,2024-03-13,0,paid,2024-03-13
FAC-2024-0000376,SO-2024-0000376,ALB-2024-0000247,CUST_6FFFB2DC6C34,2024-03-13,45.48,"{'4%': 0.64, '10%': 1.12, '21%': 3.85}",5.61,51.09,2024-03-13,0,paid,2024-03-14
FAC-2024-0000377,SO-2024-0000377,,CUST_FB8FD8B48EAD,2024-03-09,41.11,"{'4%': 0.48, '10%': 1.23, '21%': 3.54}",5.25,46.36,2024-03-24,15,pending,
FAC-2024-0000378,SO-2024-0000378,,CUST_C1D7F3025D16,2024-03-09,40.28,"{'4%': 0.03, '10%': 2.06, '21%': 3.96}",6.05,46.33,2024-04-08,30,pending,
FAC-2024-0000379,SO-2024-0000379,ALB-2024-0000248,CUST_DD46475287AA,2024-03-13,36.56,"{'4%': 0.49, '10%': 0.0, '21%': 5.1}",5.59,42.15,2024-03-13,0,paid,2024-03-14
FAC-2024-0000380,SO-2024-0000380,ALB-2024-0000249,CUST_6DAA8861FE18,2024-03-12,15.04,"{'4%': 0.35, '10%': 0.62, '21%': 0.0}",0.97,16.01,2024-03-12,0,paid,2024-03-13
FAC-2024-0000381,SO-2024-0000381,,CUST_9C2EEA4E3617,2024-03-10,52.38,"{'4%': 0.55, '10%': 2.73, '21%': 2.37}",5.65,58.03,2024-03-10,0,paid,2024-03-10
FAC-2024-0000382,SO-2024-0000382,ALB-2024-0000250,CUST_A48ED0421DFA,2024-03-12,72.56,"{'4%': 1.88, '10%': 2.49, '21%': 0.13}",4.5,77.06,2024-03-12,0,paid,2024-03-13
FAC-2024-0000383,SO-2024-0000383,ALB-2024-0000251,CUST_7DE36694C343,2024-03-15,20.6,"{'4%': 0.43, '10%': 0.5, '21%': 1.02}",1.95,22.55,2024-03-15,0,paid,2024-03-16
FAC-2024-0000384,SO-2024-0000384,ALB-2024-0000252,CUST_0F25A55990E7,2024-03-12,90.1,"{'4%': 0.38, '10%': 5.2, '21%': 6.0}",11.58,101.68,2024-03-12,0,paid,2024-03-12
FAC-2024-0000385,SO-2024-0000385,,CUST_4A94CC351E4F,2024-03-11,33.35,"{'4%': 0.38, '10%': 0.33, '21%': 4.32}",5.03,38.38,2024-03-26,15,pending,
FAC-2024-0000386,SO-2024-0000386,,CUST_25E98D7248E2,2024-03-12,55.83,"{'4%': 0.2, '10%': 3.34, '21%': 3.67}",7.21,63.04,2024-03-12,0,paid,2024-03-13
FAC-2024-0000387,SO-2024-0000387,,CUST_B3EE5A104129,2024-03-12,52.49,"{'4%': 1.79, '10%': 0.52, '21%': 0.5}",2.81,55.3,2024-03-12,0,paid,2024-03-12
FAC-2024-0000388,SO-2024-0000388,,CUST_A87990422EB7,2024-03-12,83.85,"{'4%': 1.21, '10%': 1.43, '21%': 8.23}",10.87,94.72,2024-03-27,15,pending,
FAC-2024-0000389,SO-2024-0000389,ALB-2024-0000253,CUST_0E61171B1B80,2024-03-15,19.21,"{'4%': 0.25, '10%': 0.86, '21%': 0.9}",2.01,21.22,2024-03-15,0,paid,2024-03-16
FAC-2024-0000390,SO-2024-0000390,ALB-2024-0000254,CUST_008D610461E3,2024-03-14,50.29,"{'4%': 0.15, '10%': 4.4, '21%': 0.52}",5.07,55.36,2024-03-14,0,paid,2024-03-15
FAC-2024-0000391,SO-2024-0000391,,CUST_EFFA3040413C,2024-03-13,35.28,"{'4%': 0.0, '10%': 2.13, '21%': 2.93}",5.06,40.34,2024-03-13,0,paid,2024-03-13
FAC-2024-0000392,SO-2024-0000392,ALB-2024-0000255,CUST_C1D7F3025D16,2024-03-16,42.41,"{'4%': 0.13, '10%': 2.42, '21%': 3.12}",5.67,48.08,2024-04-15,30,pending,
FAC-2024-0000393,SO-2024-0000393,ALB-2024-0000256,CUST_697C87FA841A,2024-03-18,20.61,"{'4%': 0.0, '10%': 0.0, '21%': 4.33}",4.33,24.94,2024-03-18,0,paid,2024-03-19
FAC-2024-0000394,SO-2024-0000394,ALB-2024-0000257,CUST_B86623D4526B,2024-03-17,62.09,"{'4%': 0.36, '10%': 2.27, '21%': 6.38}",9.01,71.1,2024-04-01,15,pending,
FAC-2024-0000395,SO-2024-0000395,,CUST_42D951976E75,2024-03-14,24.47,"{'4%': 0.0, '10%': 0.2, '21%': 4.72}",4.92,29.39,2024-03-14,0,paid,2024-03-14
FAC-2024-0000396,SO-2024-0000396,,CUST_92CF1F33242D,2024-03-15,45.73,"{'4%': 0.7, '10%': 1.75, '21%': 2.25}",4.7,50.43,2024-03-30,15,pending,
FAC-2024-0000397,SO-2024-0000397,ALB-2024-0000258,CUST_9EA931227592,2024-03-20,69.49,"{'4%': 0.1, '10%': 6.71, '21%': 0.0}",6.81,76.3,2024-03-20,0,paid,2024-03-20
FAC-2024-0000398,SO-2024-0000398,ALB-2024-0000259,CUST_9A6C52171C88,2024-03-17,37.42,"{'4%': 0.0, '10%': 0.51, '21%': 6.78}",7.29,44.71,2024-03-17,0,paid,2024-03-18
FAC-2024-0000399,SO-2024-0000399,ALB-2024-0000260,CUST_42D951976E75,2024-03-18,27.7,"{'4%': 0.11, '10%': 2.43, '21%': 0.13}",2.67,30.37,2024-03-18,0,paid,2024-03-18
FAC-2024-0000400,SO-2024-0000400,,CUST_B3EE5A104129,2024-03-16,28.02,"{'4%': 0.18, '10%': 0.8, '21%': 3.27}",4.25,32.27,2024-03-16,0,paid,2024-03-17
FAC-2024-0000401,SO-2024-0000401,,CUST_A9E2952E6ABB,2024-03-16,33.35,"{'4%': 0.31, '10%': 2.56, '21%': 0.0}",2.87,36.22,2024-03-16,0,paid,2024-03-16
FAC-2024-0000402,SO-2024-0000402,ALB-2024-0000261,CUST_70E704D9145E,2024-03-17,55.0,"{'4%': 0.68, '10%': 3.55, '21%': 0.54}",4.77,59.77,2024-03-17,0,paid,2024-03-17
FAC-2024-0000403,SO-2024-0000403,ALB-2024-0000262,CUST_F6D2AEC76A82,2024-03-23,26.09,"{'4%': 0.07, '10%': 1.77, '21%': 1.38}",3.22,29.31,2024-03-23,0,paid,2024-03-24
FAC-2024-0000404,SO-2024-0000404,ALB-2024-0000263,CUST_592A7BA109D0,2024-03-20,117.23,"{'4%': 0.5, '10%': 6.89, '21%': 7.52}",14.91,132.14,2024-03-20,0,paid,2024-03-20
FAC-2024-0000405,SO-2024-0000405,,CUST_7A1036A2C52B,2024-03-16,103.94,"{'4%': 1.76, '10%': 4.86, '21%': 2.36}",8.98,112.92,2024-03-16,0,paid,2024-03-17
FAC-2024-0000406,SO-2024-0000406,ALB-2024-0000264,CUST_AB0B15F0EA19,2024-03-17,46.97,"{'4%': 0.73, '10%': 0.99, '21%': 3.99}",5.71,52.68,2024-03-17,0,paid,2024-03-17
FAC-2024-0000407,SO-2024-0000407,ALB-2024-0000265,CUST_DD920DB977A9,2024-03-19,30.63,"{'4%': 0.15, '10%': 1.97, '21%': 1.51}",3.63,34.26,2024-03-19,0,paid,2024-03-19
FAC-2024-0000408,SO-2024-0000408,ALB-2024-0000266,CUST_FB8FD8B48EAD,2024-03-19,34.05,"{'4%': 0.16, '10%': 0.41, '21%': 5.46}",6.03,40.08,2024-04-03,15,pending,
FAC-2024-0000409,SO-2024-0000409,,CUST_E6B3CB323E35,2024-03-18,69.46,"{'4%': 2.78, '10%': 0.0, '21%': 0.0}",2.78,72.24,2024-03-18,0,paid,2024-03-18
FAC-2024-0000410,SO-2024-0000410,,CUST_84410299436A,2024-03-18,154.27,"{'4%': 4.74, '10%': 2.58, '21%': 2.1}",9.42,163.69,2024-03-18,0,paid,2024-03-19
FAC-2024-0000411,SO-2024-0000411,ALB-2024-0000267,CUST_C5A1AD05B912,2024-03-20,38.36,"{'4%': 0.24, '10%': 2.09, '21%': 2.42}",4.75,43.11,2024-03-20,0,paid,2024-03-21
FAC-2024-0000412,SO-2024-0000412,ALB-2024-0000268,CUST_6FFFB2DC6C34,2024-03-21,43.21,"{'4%': 0.32, '10%': 1.53, '21%': 4.18}",6.03,49.24,2024-03-21,0,paid,2024-03-22
FAC-2024-0000413,SO-2024-0000413,ALB-2024-0000269,CUST_707DFDB1429E,2024-03-23,37.73,"{'4%': 0.07, '10%': 1.45, '21%': 4.51}",6.03,43.76,2024-03-23,0,paid,2024-03-24
FAC-2024-0000414,SO-2024-0000414,ALB-2024-0000270,CUST_A87990422EB7,2024-03-21,62.32,"{'4%': 0.12, '10%': 5.07, '21%': 1.83}",7.02,69.34,2024-04-05,15,pending,
FAC-2024-0000415,SO-2024-0000415,ALB-2024-0000271,CUST_4A94CC351E4F,2024-03-25,42.98,"{'4%': 0.55, '10%': 0.97, '21%': 4.11}",5.63,48.61,2024-04-09,15,pending,
FAC-2024-0000416,SO-2024-0000416,,CUST_592A7BA109D0,2024-03-19,72.15,"{'4%': 0.2, '10%': 4.5, '21%': 4.65}",9.35,81.5,2024-03-19,0,paid,2024-03-20
FAC-2024-0000417,SO-2024-0000417,ALB-2024-0000272,CUST_C60161FA01BA,2024-03-22,21.56,"{'4%': 0.31, '10%': 0.35, '21%': 2.15}",2.81,24.37,2024-03-22,0,paid,2024-03-22
FAC-2024-0000418,SO-2024-0000418,ALB-2024-0000273,CUST_7DE36694C343,2024-03-23,15.98,"{'4%': 0.32, '10%': 0.48, '21%': 0.7}",1.5,17.48,2024-03-23,0,paid,2024-03-23
FAC-2024-0000419,SO-2024-0000419,ALB-2024-0000274,CUST_FBE9DBC080FD,2024-03-23,14.17,"{'4%': 0.0, '10%': 0.18, '21%': 2.59}",2.77,16.94,2024-03-23,0,paid,2024-03-23
FAC-2024-0000420,SO-2024-0000420,ALB-2024-0000275,CUST_CB3CA3925731,2024-03-24,78.02,"{'4%': 1.29, '10%': 3.0, '21%': 3.34}",7.63,85.65,2024-03-24,0,paid,2024-03-24
FAC-2024-0000421,SO-2024-0000421,,CUST_668C0B95017C,2024-03-20,52.21,"{'4%': 0.37, '10%': 2.05, '21%': 4.74}",7.16,59.37,2024-03-20,0,paid,2024-03-20
FAC-2024-0000422,SO-2024-0000422,ALB-2024-0000276,CUST_9C2EEA4E3617,2024-03-23,51.63,"{'4%': 0.18, '10%': 1.41, '21%': 6.94}",8.53,60.16,2024-03-23,0,paid,2024-03-24
FAC-2024-0000423,SO-2024-0000423,,CUST_35AD43E4F668,2024-03-21,34.26,"{'4%': 0.23, '10%': 1.87, '21%': 2.04}",4.14,38.4,2024-03-21,0,paid,2024-03-22
FAC-2024-0000424,SO-2024-0000424,,CUST_42D951976E75,2024-03-21,27.29,"{'4%': 0.0, '10%': 1.79, '21%': 1.98}",3.77,31.06,2024-03-21,0,paid,2024-03-21
FAC-2024-0000425,SO-2024-0000425,ALB-2024-0000277,CUST_9C100F6B40D0,2024-03-25,36.5,"{'4%': 0.22, '10%': 1.17, '21%': 4.07}",5.46,41.96,2024-03-25,0,paid,2024-03-25
FAC-2024-0000426,SO-2024-0000426,ALB-2024-0000278,CUST_58F0AAF78C67,2024-03-27,82.96,"{'4%': 0.56, '10%': 5.91, '21%': 2.09}",8.56,91.52,2024-03-27,0,paid,2024-03-27
FAC-2024-0000427,SO-2024-0000427,,CUST_70E704D9145E,2024-03-22,67.25,"{'4%': 2.54, '10%': 0.0, '21%': 0.8}",3.34,70.59,2024-03-22,0,paid,2024-03-22
FAC-2024-0000428,SO-2024-0000428,ALB-2024-0000279,CUST_D7F3C2EFEECB,2024-03-24,27.2,"{'4%': 0.52, '10%': 0.57, '21%': 1.79}",2.88,30.08,2024-03-24,0,paid,2024-03-24
FAC-2024-0000429,SO-2024-0000429,ALB-2024-0000280,CUST_B27B68C690B2,2024-03-23,57.22,"{'4%': 0.38, '10%': 4.25, '21%': 1.09}",5.72,62.94,2024-03-23,0,paid,2024-03-23
FAC-2024-0000430,SO-2024-0000430,ALB-2024-0000281,CUST_9C2EEA4E3617,2024-03-25,59.33,"{'4%': 0.68, '10%': 4.23, '21%': 0.0}",4.91,64.24,2024-03-25,0,paid,2024-03-25
FAC-2024-0000431,SO-2024-0000431,ALB-2024-0000282,CUST_45F52E2FBF77,2024-03-25,31.51,"{'4%': 0.19, '10%': 1.61, '21%': 2.24}",4.04,35.55,2024-04-09,15,pending,
FAC-2024-0000432,SO-2024-0000432,ALB-2024-0000283,CUST_707DFDB1429E,2024-03-25,57.69,"{'4%': 0.0, '10%': 4.87, '21%': 1.88}",6.75,64.44,2024-03-25,0,paid,2024-03-25
FAC-2024-0000433,SO-2024-0000433,,CUST_4EFCE10B1A47,2024-03-23,126.57,"{'4%': 0.23, '10%': 9.77, '21%': 4.84}",14.84,141.41,2024-04-07,15,pending,
FAC-2024-0000434,SO-2024-0000434,ALB-2024-0000284,CUST_A383DB2C6AC8,2024-03-26,24.97,"{'4%': 0.38, '10%': 1.54, '21%': 0.0}",1.92,26.89,2024-03-26,0,paid,2024-03-27
FAC-2024-0000435,SO-2024-0000435,ALB-2024-0000285,CUST_12B2940C3503,2024-03-25,35.37,"{'4%': 0.61, '10%': 0.89, '21%': 2.37}",3.87,39.24,2024-03-25,0,paid,2024-03-25
FAC-2024-0000436,SO-2024-0000436,ALB-2024-0000286,CUST_501B5EE68495,2024-03-27,20.75,"{'4%': 0.0, '10%': 0.14, '21%': 4.06}",4.2,24.95,2024-04-11,15,pending,
FAC-2024-0000437,SO-2024-0000437,ALB-2024-0000287,CUST_E709329FC417,2024-03-24,23.32,"{'4%': 0.08, '10%': 0.19, '21%': 4.08}",4.35,27.67,2024-03-24,0,paid,2024-03-24
FAC-2024-0000438,SO-2024-0000438,,CUST_9DF29E825AAE,2024-03-23,58.55,"{'4%': 0.34, '10%': 4.0, '21%': 2.11}",6.45,65.0,2024-03-23,0,paid,2024-03-24
FAC-2024-0000439,SO-2024-0000439,,CUST_66C18255DA61,2024-03-24,30.02,"{'4%': 0.44, '10%': 0.45, '21%': 3.03}",3.92,33.94,2024-03-24,0,paid,2024-03-25
FAC-2024-0000440,SO-2024-0000440,ALB-2024-0000288,CUST_9EA931227592,2024-03-28,12.55,"{'4%': 0.0, '10%': 1.26, '21%': 0.0}",1.26,13.81,2024-03-28,0,paid,2024-03-29
FAC-2024-0000441,SO-2024-0000441,ALB-2024-0000289,CUST_FD03C9525185,2024-03-30,8.46,"{'4%': 0.12, '10%': 0.39, '21%': 0.35}",0.86,9.32,2024-03-30,0,paid,2024-03-31
FAC-2024-0000442,SO-2024-0000442,ALB-2024-0000290,CUST_89EC98CBAA52,2024-03-28,46.21,"{'4%': 0.12, '10%': 1.45, '21%': 6.04}",7.61,53.82,2024-03-28,0,paid,2024-03-29
FAC-2024-0000443,SO-2024-0000443,ALB-2024-0000291,CUST_624FBAE1E137,2024-03-28,54.53,"{'4%': 2.18, '10%': 0.0, '21%': 0.0}",2.18,56.71,2024-03-28,0,paid,2024-03-28
FAC-2024-0000444,SO-2024-0000444,ALB-2024-0000292,CUST_9F6ABD54DA04,2024-03-27,53.05,"{'4%': 0.0, '10%': 1.9, '21%': 7.16}",9.06,62.11,2024-03-27,0,paid,2024-03-27
FAC-2024-0000445,SO-2024-0000445,ALB-2024-0000293,CUST_84410299436A,2024-03-28,98.33,"{'4%': 0.93, '10%': 5.1, '21%': 5.06}",11.09,109.42,2024-03-28,0,paid,2024-03-29
FAC-2024-0000446,SO-2024-0000446,ALB-2024-0000294,CUST_CDCCA9434AA0,2024-03-29,56.33,"{'4%': 1.07, '10%': 1.46, '21%': 3.15}",5.68,62.01,2024-03-29,0,paid,2024-03-29
FAC-2024-0000447,SO-2024-0000447,ALB-2024-0000295,CUST_585A7BFDCC12,2024-03-28,45.25,"{'4%': 1.08, '10%': 1.28, '21%': 1.15}",3.51,48.76,2024-03-28,0,paid,2024-03-28
FAC-2024-0000448,SO-2024-0000448,ALB-2024-0000296,CUST_58F0AAF78C67,2024-04-01,93.81,"{'4%': 0.0, '10%': 2.49, '21%': 14.48}",16.97,110.78,2024-04-01,0,paid,2024-04-01
FAC-2024-0000449,SO-2024-0000449,ALB-2024-0000297,CUST_B86623D4526B,2024-03-30,50.05,"{'4%': 0.18, '10%': 1.37, '21%': 6.71}",8.26,58.31,2024-04-14,15,pending,
FAC-2024-0000450,SO-2024-0000450,ALB-2024-0000298,CUST_F96DBED63DA0,2024-03-28,51.81,"{'4%': 0.0, '10%': 4.86, '21%': 0.68}",5.54,57.35,2024-03-28,0,paid,2024-03-28
FAC-2024-0000451,SO-2024-0000451,ALB-2024-0000299,CUST_30B1310C0C00,2024-03-29,145.76,"{'4%': 0.58, '10%': 10.17, '21%': 6.19}",16.94,162.7,2024-03-29,0,paid,2024-03-29
FAC-2024-0000452,SO-2024-0000452,,CUST_A149F920264C,2024-03-27,80.59,"{'4%': 0.95, '10%': 4.15, '21%': 3.2}",8.3,88.89,2024-03-27,0,paid,2024-03-28
FAC-2024-0000453,SO-2024-0000453,ALB-2024-0000300,CUST_04AA5CA0C428,2024-03-30,132.67,"{'4%': 0.42, '10%': 6.75, '21%': 11.51}",18.68,151.35,2024-04-29,30,pending,
FAC-2024-0000454,SO-2024-0000454,,CUST_70E704D9145E,2024-03-27,52.27,"{'4%': 0.28, '10%': 0.48, '21%': 8.53}",9.29,61.56,2024-03-27,0,paid,2024-03-27
FAC-2024-0000455,SO-2024-0000455,,CUST_89EC98CBAA52,2024-03-27,47.61,"{'4%': 0.26, '10%': 1.15, '21%': 6.2}",7.61,55.22,2024-03-27,0,paid,2024-03-28
FAC-2024-0000456,SO-2024-0000456,,CUST_90CEE9A53368,2024-03-27,59.78,"{'4%': 0.56, '10%': 2.13, '21%': 5.12}",7.81,67.59,2024-03-27,0,paid,2024-03-28
FAC-2024-0000457,SO-2024-0000457,,CUST_C1D7F3025D16,2024-03-27,147.42,"{'4%': 4.83, '10%': 1.97, '21%': 1.44}",8.24,155.66,2024-04-26,30,pending,
FAC-2024-0000458,SO-2024-0000458,,CUST_655243FF5011,2024-03-28,62.95,"{'4%': 0.21, '10%': 2.58, '21%': 6.71}",9.5,72.45,2024-03-28,0,paid,2024-03-28
FAC-2024-0000459,SO-2024-0000459,ALB-2024-0000301,CUST_A66F39669FA7,2024-03-31,34.62,"{'4%': 0.97, '10%': 0.71, '21%': 0.67}",2.35,36.97,2024-03-31,0,paid,2024-03-31
FAC-2024-0000460,SO-2024-0000460,,CUST_623225074181,2024-03-28,101.94,"{'4%': 0.56, '10%': 3.61, '21%': 10.87}",15.04,116.98,2024-03-28,0,paid,2024-03-29
FAC-2024-0000461,SO-2024-0000461,ALB-2024-0000302,CUST_707DFDB1429E,2024-03-30,48.79,"{'4%': 0.51, '10%': 2.73, '21%': 1.83}",5.07,53.86,2024-03-30,0,paid,2024-03-31
FAC-2024-0000462,SO-2024-0000462,ALB-2024-0000303,CUST_07F8F3EA0184,2024-03-29,52.65,"{'4%': 1.9, '10%': 0.0, '21%': 1.09}",2.99,55.64,2024-03-29,0,paid,2024-03-29
FAC-2024-0000463,SO-2024-0000463,,CUST_F96DBED63DA0,2024-03-28,35.19,"{'4%': 0.2, '10%': 1.75, '21%': 2.65}",4.6,39.79,2024-03-28,0,paid,2024-03-29
FAC-2024-0000464,SO-2024-0000464,ALB-2024-0000304,CUST_E709329FC417,2024-03-30,213.69,"{'4%': 0.0, '10%': 21.29, '21%': 0.17}",21.46,235.15,2024-03-30,0,paid,2024-03-30
FAC-2024-0000465,SO-2024-0000465,,CUST_DD46475287AA,2024-03-29,33.7,"{'4%': 0.12, '10%': 1.03, '21%': 4.29}",5.44,39.14,2024-03-29,0,paid,2024-03-29
FAC-2024-0000466,SO-2024-0000466,ALB-2024-0000305,CUST_4BB0B27C4026,2024-04-02,21.31,"{'4%': 0.0, '10%': 1.38, '21%': 1.59}",2.97,24.28,2024-04-02,0,paid,2024-04-03
FAC-2024-0000467,SO-2024-0000467,,CUST_E6B3CB323E35,2024-03-29,85.14,"{'4%': 1.14, '10%': 3.83, '21%': 3.85}",8.82,93.96,2024-03-29,0,paid,2024-03-30
FAC-2024-0000468,SO-2024-0000468,ALB-2024-0000306,CUST_A66F39669FA7,2024-04-02,32.38,"{'4%': 0.0, '10%': 2.19, '21%': 2.2}",4.39,36.77,2024-04-02,0,paid,2024-04-02
FAC-2024-0000469,SO-2024-0000469,ALB-2024-0000307,CUST_C4F97630A8A7,2024-04-01,44.82,"{'4%': 0.27, '10%': 2.32, '21%': 3.16}",5.75,50.57,2024-04-01,0,paid,2024-04-02
FAC-2024-0000470,SO-2024-0000470,,CUST_CC393B5AE288,2024-03-29,131.38,"{'4%': 1.57, '10%': 7.06, '21%': 4.5}",13.13,144.51,2024-03-29,0,paid,2024-03-29
FAC-2024-0000471,SO-2024-0000471,ALB-2024-0000308,CUST_624FBAE1E137,2024-04-01,61.09,"{'4%': 0.68, '10%': 2.77, '21%': 3.46}",6.91,68.0,2024-04-01,0,paid,2024-04-02
FAC-2024-0000472,SO-2024-0000472,ALB-2024-0000309,CUST_F157018267C4,2024-04-02,115.23,"{'4%': 1.03, '10%': 4.28, '21%': 9.81}",15.12,130.35,2024-04-02,0,paid,2024-04-02
FAC-2024-0000473,SO-2024-0000473,ALB-2024-0000310,CUST_A48ED0421DFA,2024-04-03,81.9,"{'4%': 0.84, '10%': 3.92, '21%': 4.55}",9.31,91.21,2024-04-03,0,paid,2024-04-03
FAC-2024-0000474,SO-2024-0000474,ALB-2024-0000311,CUST_07F8F3EA0184,2024-03-31,31.33,"{'4%': 0.51, '10%': 0.88, '21%': 2.05}",3.44,34.77,2024-03-31,0,paid,2024-03-31
FAC-2024-0000475,SO-2024-0000475,,CUST_BF3182BBAD84,2024-03-30,110.02,"{'4%': 0.63, '10%': 6.06, '21%': 7.07}",13.76,123.78,2024-03-30,0,paid,2024-03-31
FAC-2024-0000476,SO-2024-0000476,,CUST_1A57C5F8E2F8,2024-03-30,58.05,"{'4%': 1.25, '10%': 1.89, '21%': 1.68}",4.82,62.87,2024-03-30,0,paid,2024-03-30
FAC-2024-0000477,SO-2024-0000477,ALB-2024-0000312,CUST_9F6ABD54DA04,2024-04-03,52.94,"{'4%': 0.0, '10%': 0.0, '21%': 11.12}",11.12,64.06,2024-04-03,0,paid,2024-04-03
FAC-2024-0000478,SO-2024-0000478,ALB-2024-0000313,CUST_A2119FD34579,2024-04-03,73.86,"{'4%': 0.45, '10%': 4.01, '21%': 4.72}",9.18,83.04,2024-04-03,0,paid,2024-04-04
FAC-2024-0000479,SO-2024-0000479,ALB-2024-0000314,CUST_C0D7095FFA81,2024-04-02,63.63,"{'4%': 0.62, '10%': 2.78, '21%': 4.27}",7.67,71.3,2024-04-02,0,paid,2024-04-02
FAC-2024-0000480,SO-2024-0000480,ALB-2024-0000315,CUST_008D610461E3,2024-04-04,65.18,"{'4%': 0.24, '10%': 2.98, '21%': 6.16}",9.38,74.56,2024-04-04,0,paid,2024-04-05
FAC-2024-0000481,SO-2024-0000481,ALB-2024-0000316,CUST_98159D713084,2024-04-04,111.7,"{'4%': 1.52, '10%': 5.5, '21%': 3.94}",10.96,122.66,2024-04-04,0,paid,2024-04-05
FAC-2024-0000482,SO-2024-0000482,ALB-2024-0000317,CUST_07F8F3EA0184,2024-04-03,29.29,"{'4%': 0.0, '10%': 2.93, '21%': 0.0}",2.93,32.22,2024-04-03,0,paid,2024-04-04
FAC-2024-0000483,SO-2024-0000483,,CUST_4758A6499CDC,2024-04-01,139.79,"{'4%': 1.73, '10%': 7.88, '21%': 3.73}",13.34,153.13,2024-04-01,0,paid,2024-04-02
FAC-2024-0000484,SO-2024-0000484,,CUST_A3010E5D8C6A,2024-04-01,100.98,"{'4%': 0.24, '10%': 8.59, '21%': 1.89}",10.72,111.7,2024-04-01,0,paid,2024-04-01
FAC-2024-0000485,SO-2024-0000485,ALB-2024-0000318,CUST_9E5DC5ACC354,2024-04-03,62.04,"{'4%': 1.64, '10%': 1.28, '21%': 1.72}",4.64,66.68,2024-04-03,0,paid,2024-04-03
FAC-2024-0000486,SO-2024-0000486,ALB-2024-0000319,CUST_9A6C52171C88,2024-04-04,35.1,"{'4%': 0.19, '10%': 0.77, '21%': 4.78}",5.74,40.84,2024-04-04,0,paid,2024-04-05
FAC-2024-0000487,SO-2024-0000487,,CUST_BF3182BBAD84,2024-04-01,152.97,"{'4%': 3.43, '10%': 6.71, '21%': 0.0}",10.14,163.11,2024-04-01,0,paid,2024-04-02
FAC-2024-0000488,SO-2024-0000488,ALB-2024-0000320,CUST_C4F97630A8A7,2024-04-05,75.45,"{'4%': 0.0, '10%': 5.85, '21%': 3.55}",9.4,84.85,2024-04-05,0,paid,2024-04-06
FAC-2024-0000489,SO-2024-0000489,ALB-2024-0000321,CUST_80BB6EC01269,2024-04-05,56.19,"{'4%': 0.21, '10%': 2.56, '21%': 5.35}",8.12,64.31,2024-04-20,15,pending,
FAC-2024-0000490,SO-2024-0000490,,CUST_501B5EE68495,2024-04-02,18.87,"{'4%': 0.0, '10%': 1.24, '21%': 1.35}",2.59,21.46,2024-04-17,15,pending,
FAC-2024-0000491,SO-2024-0000491,ALB-2024-0000322,CUST_B86623D4526B,2024-04-06,63.14,"{'4%': 0.13, '10%': 1.18, '21%': 10.1}",11.41,74.55,2024-04-21,15,pending,
FAC-2024-0000492,SO-2024-0000492,ALB-2024-0000323,CUST_DD920DB977A9,2024-04-04,22.01,"{'4%': 0.44, '10%': 0.23, '21%': 1.82}",2.49,24.5,2024-04-04,0,paid,2024-04-05
FAC-2024-0000493,SO-2024-0000493,ALB-2024-0000324,CUST_D37445712959,2024-04-06,72.31,"{'4%': 1.39, '10%': 1.92, '21%': 3.86}",7.17,79.48,2024-04-06,0,paid,2024-04-06
FAC-2024-0000494,SO-2024-0000494,,CUST_84410299436A,2024-04-03,86.37,"{'4%': 0.55, '10%': 3.59, '21%': 7.7}",11.84,98.21,2024-04-03,0,paid,2024-04-03
FAC-2024-0000495,SO-2024-0000495,ALB-2024-0000325,CUST_FD03C9525185,2024-04-07,15.74,"{'4%': 0.0, '10%': 0.0, '21%': 3.31}",3.31,19.05,2024-04-07,0,paid,2024-04-08
FAC-2024-0000496,SO-2024-0000496,ALB-2024-0000326,CUST_FBA6CDBCC653,2024-04-06,88.39,"{'4%': 1.01, '10%': 3.54, '21%': 5.85}",10.4,98.79,2024-04-21,15,pending,
FAC-2024-0000497,SO-2024-0000497,ALB-2024-0000327,CUST_F96DBED63DA0,2024-04-04,36.15,"{'4%': 0.53, '10%': 0.56, '21%': 3.63}",4.72,40.87,2024-04-04,0,paid,2024-04-04
FAC-2024-0000498,SO-2024-0000498,ALB-2024-0000328,CUST_255B7E3D5EE4,2024-04-07,86.87,"{'4%': 0.36, '10%': 6.62, '21%': 2.45}",9.43,96.3,2024-04-07,0,paid,2024-04-07
FAC-2024-0000499,SO-2024-0000499,,CUST_32735373BF4D,2024-04-03,112.7,"{'4%': 0.93, '10%': 7.38, '21%': 3.28}",11.59,124.29,2024-04-03,0,paid,2024-04-04
FAC-2024-0000500,SO-2024-0000500,ALB-2024-0000329,CUST_D7F3C2EFEECB,2024-04-06,30.32,"{'4%': 0.77, '10%': 0.72, '21%': 0.8}",2.29,32.61,2024-04-06,0,paid,2024-04-07
FAC-2024-0000501,SO-2024-0000501,ALB-2024-0000330,CUST_FE89D9CB3540,2024-04-05,61.61,"{'4%': 0.0, '10%': 5.01, '21%': 2.42}",7.43,69.04,2024-04-05,0,paid,2024-04-06
FAC-2024-0000502,SO-2024-0000502,ALB-2024-0000331,CUST_C1D7F3025D16,2024-04-05,52.32,"{'4%': 1.01, '10%': 0.88, '21%': 3.82}",5.71,58.03,2024-05-05,30,pending,
FAC-2024-0000503,SO-2024-0000503,ALB-2024-0000332,CUST_AB7FCD5F4822,2024-04-06,17.12,"{'4%': 0.03, '10%': 1.65, '21%': 0.0}",1.68,18.8,2024-04-06,0,paid,2024-04-07
FAC-2024-0000504,SO-2024-0000504,,CUST_98159D713084,2024-04-04,85.95,"{'4%': 0.0, '10%': 6.28, '21%': 4.86}",11.14,97.09,2024-04-04,0,paid,2024-04-05
FAC-2024-0000505,SO-2024-0000505,ALB-2024-0000333,CUST_655243FF5011,2024-04-07,73.33,"{'4%': 0.74, '10%': 4.47, '21%': 2.12}",7.33,80.66,2024-04-07,0,paid,2024-04-07
FAC-2024-0000506,SO-2024-0000506,ALB-2024-0000334,CUST_7F29BEC39A37,2024-04-09,46.35,"{'4%': 0.72, '10%': 0.76, '21%': 4.38}",5.86,52.21,2024-04-09,0,paid,2024-04-09
FAC-2024-0000507,SO-2024-0000507,ALB-2024-0000335,CUST_9C2EEA4E3617,2024-04-07,48.81,"{'4%': 0.25, '10%': 3.83, '21%': 0.9}",4.98,53.79,2024-04-07,0,paid,2024-04-07
FAC-2024-0000508,SO-2024-0000508,ALB-2024-0000336,CUST_51B11B2EDEDB,2024-04-07,12.33,"{'4%': 0.0, '10%': 0.53, '21%': 1.48}",2.01,14.34,2024-04-07,0,paid,2024-04-08
FAC-2024-0000509,SO-2024-0000509,,CUST_66C18255DA61,2024-04-05,29.14,"{'4%': 0.1, '10%': 0.15, '21%': 5.26}",5.51,34.65,2024-04-05,0,paid,2024-04-06
FAC-2024-0000510,SO-2024-0000510,ALB-2024-0000337,CUST_93D551A3AC26,2024-04-09,97.9,"{'4%': 1.94, '10%': 1.17, '21%': 7.93}",11.04,108.94,2024-04-24,15,pending,
FAC-2024-0000511,SO-2024-0000511,ALB-2024-0000338,CUST_501B5EE68495,2024-04-10,24.68,"{'4%': 0.07, '10%': 1.49, '21%': 1.69}",3.25,27.93,2024-04-25,15,pending,
FAC-2024-0000512,SO-2024-0000512,ALB-2024-0000339,CUST_89EC98CBAA52,2024-04-06,37.98,"{'4%': 0.55, '10%': 1.22, '21%': 2.53}",4.3,42.28,2024-04-06,0,paid,2024-04-06
FAC-2024-0000513,SO-2024-0000513,,CUST_562819DD3E8C,2024-04-05,57.63,"{'4%': 0.44, '10%': 2.89, '21%': 3.74}",7.07,64.7,2024-05-05,30,pending,
FAC-2024-0000514,SO-2024-0000514,,CUST_84410299436A,2024-04-06,162.91,"{'4%': 2.71, '10%': 9.15, '21%': 0.76}",12.62,175.53,2024-04-06,0,paid,2024-04-06
FAC-2024-0000515,SO-2024-0000515,ALB-2024-0000340,CUST_585A7BFDCC12,2024-04-07,64.56,"{'4%': 0.69, '10%': 3.28, '21%': 3.04}",7.01,71.57,2024-04-07,0,paid,2024-04-08
FAC-2024-0000516,SO-2024-0000516,,CUST_A48ED0421DFA,2024-04-06,73.53,"{'4%': 0.99, '10%': 3.18, '21%': 3.57}",7.74,81.27,2024-04-06,0,paid,2024-04-06
FAC-2024-0000517,SO-2024-0000517,,CUST_EFFA3040413C,2024-04-06,39.27,"{'4%': 0.0, '10%': 3.93, '21%': 0.0}",3.93,43.2,2024-04-06,0,paid,2024-04-06
FAC-2024-0000518,SO-2024-0000518,ALB-2024-0000341,CUST_F96DBED63DA0,2024-04-09,32.59,"{'4%': 0.25, '10%': 1.21, '21%': 3.01}",4.47,37.06,2024-04-09,0,paid,2024-04-10
FAC-2024-0000519,SO-2024-0000519,,CUST_0E61171B1B80,2024-04-06,15.97,"{'4%': 0.23, '10%': 0.56, '21%': 0.96}",1.75,17.72,2024-04-06,0,paid,2024-04-07
FAC-2024-0000520,SO-2024-0000520,ALB-2024-0000342,CUST_585A7BFDCC12,2024-04-10,47.31,"{'4%': 0.37, '10%': 0.81, '21%': 6.3}",7.48,54.79,2024-04-10,0,paid,2024-04-11
FAC-2024-0000521,SO-2024-0000521,ALB-2024-0000343,CUST_0E61171B1B80,2024-04-11,23.61,"{'4%': 0.0, '10%': 1.37, '21%': 2.08}",3.45,27.06,2024-04-11,0,paid,2024-04-11
FAC-2024-0000522,SO-2024-0000522,ALB-2024-0000344,CUST_AD23DC322C97,2024-04-11,113.77,"{'4%': 0.63, '10%': 4.4, '21%': 11.34}",16.37,130.14,2024-05-11,30,pending,
FAC-2024-0000523,SO-2024-0000523,ALB-2024-0000345,CUST_45F52E2FBF77,2024-04-12,31.94,"{'4%': 0.46, '10%': 1.64, '21%': 0.86}",2.96,34.9,2024-04-27,15,pending,
FAC-2024-0000524,SO-2024-0000524,ALB-2024-0000346,CUST_C0D7095FFA81,2024-04-11,76.69,"{'4%': 1.2, '10%': 3.55, '21%': 2.35}",7.1,83.79,2024-04-11,0,paid,2024-04-11
FAC-2024-0000525,SO-2024-0000525,,CUST_4758A6499CDC,2024-04-09,139.51,"{'4%': 0.75, '10%': 7.33, '21%': 9.94}",18.02,157.53,2024-04-09,0,paid,2024-04-10
FAC-2024-0000526,SO-2024-0000526,ALB-2024-0000347,CUST_5C0BA757CB10,2024-04-13,85.95,"{'4%': 0.69, '10%': 2.25, '21%': 9.69}",12.63,98.58,2024-04-13,0,paid,2024-04-13
FAC-2024-0000527,SO-2024-0000527,,CUST_4A94CC351E4F,2024-04-09,50.95,"{'4%': 1.65, '10%': 0.16, '21%': 1.67}",3.48,54.43,2024-04-24,15,pending,
FAC-2024-0000528,SO-2024-0000528,ALB-2024-0000348,CUST_90CEE9A53368,2024-04-10,70.68,"{'4%': 0.25, '10%': 2.85, '21%': 7.53}",10.63,81.31,2024-04-10,0,paid,2024-04-11
FAC-2024-0000529,SO-2024-0000529,,CUST_655243FF5011,2024-04-10,61.62,"{'4%': 0.73, '10%': 4.34, '21%': 0.0}",5.07,66.69,2024-04-10,0,paid,2024-04-11
FAC-2024-0000530,SO-2024-0000530,,CUST_513A986F9025,2024-04-10,89.66,"{'4%': 0.8, '10%': 4.22, '21%': 5.79}",10.81,100.47,2024-04-10,0,paid,2024-04-11
FAC-2024-0000531,SO-2024-0000531,ALB-2024-0000349,CUST_A66F39669FA7,2024-04-13,33.14,"{'4%': 0.11, '10%': 1.49, '21%': 3.24}",4.84,37.98,2024-04-13,0,paid,2024-04-13
FAC-2024-0000532,SO-2024-0000532,ALB-2024-0000350,CUST_CDCCA9434AA0,2024-04-14,64.13,"{'4%': 1.22, '10%': 2.52, '21%': 1.77}",5.51,69.64,2024-04-14,0,paid,2024-04-15
FAC-2024-0000533,SO-2024-0000533,ALB-2024-0000351,CUST_A9AB1777E8CB,2024-04-12,14.33,"{'4%': 0.0, '10%': 1.08, '21%': 0.75}",1.83,16.16,2024-04-12,0,paid,2024-04-13
FAC-2024-0000534,SO-2024-0000534,,CUST_A48ED0421DFA,2024-04-10,76.53,"{'4%': 0.59, '10%': 3.1, '21%': 6.47}",10.16,86.69,2024-04-10,0,paid,2024-04-11
FAC-2024-0000535,SO-2024-0000535,,CUST_32735373BF4D,2024-04-10,96.99,"{'4%': 0.51, '10%': 6.33, '21%': 4.4}",11.24,108.23,2024-04-10,0,paid,2024-04-11
FAC-2024-0000536,SO-2024-0000536,ALB-2024-0000352,CUST_6FFFB2DC6C34,2024-04-14,58.98,"{'4%': 0.0, '10%': 5.47, '21%': 0.89}",6.36,65.34,2024-04-14,0,paid,2024-04-14
FAC-2024-0000537,SO-2024-0000537,ALB-2024-0000353,CUST_ABF3FEC21BBE,2024-04-15,16.03,"{'4%': 0.2, '10%': 0.0, '21%': 2.33}",2.53,18.56,2024-04-30,15,pending,
FAC-2024-0000538,SO-2024-0000538,ALB-2024-0000354,CUST_0F25A55990E7,2024-04-13,93.32,"{'4%': 1.6, '10%': 4.24, '21%': 2.32}",8.16,101.48,2024-04-13,0,paid,2024-04-14
FAC-2024-0000539,SO-2024-0000539,ALB-2024-0000355,CUST_C60161FA01BA,2024-04-15,16.04,"{'4%': 0.12, '10%': 0.71, '21%': 1.25}",2.08,18.12,2024-04-15,0,paid,2024-04-15
FAC-2024-0000540,SO-2024-0000540,ALB-2024-0000356,CUST_A66F39669FA7,2024-04-15,38.31,"{'4%': 0.62, '10%': 0.48, '21%': 3.79}",4.89,43.2,2024-04-15,0,paid,2024-04-16
FAC-2024-0000541,SO-2024-0000541,ALB-2024-0000357,CUST_7DE36694C343,2024-04-15,18.87,"{'4%': 0.27, '10%': 1.13, '21%': 0.15}",1.55,20.42,2024-04-15,0,paid,2024-04-16
FAC-2024-0000542,SO-2024-0000542,,CUST_623225074181,2024-04-12,106.71,"{'4%': 0.94, '10%': 5.97, '21%': 4.91}",11.82,118.53,2024-04-12,0,paid,2024-04-13
FAC-2024-0000543,SO-2024-0000543,ALB-2024-0000358,CUST_9C2EEA4E3617,2024-04-13,44.82,"{'4%': 0.0, '10%': 4.48, '21%': 0.0}",4.48,49.3,2024-04-13,0,paid,2024-04-14
FAC-2024-0000544,SO-2024-0000544,ALB-2024-0000359,CUST_FBE9DBC080FD,2024-04-15,22.82,"{'4%': 0.05, '10%': 1.03, '21%': 2.34}",3.42,26.24,2024-04-15,0,paid,2024-04-15
FAC-2024-0000545,SO-2024-0000545,,CUST_4758A6499CDC,2024-04-12,150.62,"{'4%': 1.37, '10%': 10.38, '21%': 2.64}",14.39,165.01,2024-04-12,0,paid,2024-04-12
FAC-2024-0000546,SO-2024-0000546,ALB-2024-0000360,CUST_51B11B2EDEDB,2024-04-14,13.81,"{'4%': 0.2, '10%': 0.29, '21%': 1.23}",1.72,15.53,2024-04-14,0,paid,2024-04-15
FAC-2024-0000547,SO-2024-0000547,ALB-2024-0000361,CUST_43477321A8B2,2024-04-15,27.27,"{'4%': 0.2, '10%': 0.26, '21%': 4.11}",4.57,31.84,2024-04-15,0,paid,2024-04-16
FAC-2024-0000548,SO-2024-0000548,ALB-2024-0000362,CUST_A66F39669FA7,2024-04-17,30.21,"{'4%': 0.15, '10%': 1.17, '21%': 3.12}",4.44,34.65,2024-04-17,0,paid,2024-04-18
FAC-2024-0000549,SO-2024-0000549,ALB-2024-0000363,CUST_95D8FF37D19C,2024-04-16,115.13,"{'4%': 1.68, '10%': 6.64, '21%': 1.4}",9.72,124.85,2024-04-16,0,paid,2024-04-17
FAC-2024-0000550,SO-2024-0000550,ALB-2024-0000364,CUST_697C87FA841A,2024-04-17,15.92,"{'4%': 0.2, '10%': 0.6, '21%': 1.04}",1.84,17.76,2024-04-17,0,paid,2024-04-18
FAC-2024-0000551,SO-2024-0000551,ALB-2024-0000365,CUST_707DFDB1429E,2024-04-15,57.1,"{'4%': 0.16, '10%': 3.3, '21%': 4.2}",7.66,64.76,2024-04-15,0,paid,2024-04-16
FAC-2024-0000552,SO-2024-0000552,ALB-2024-0000366,CUST_12B2940C3503,2024-04-16,56.84,"{'4%': 0.07, '10%': 2.74, '21%': 5.81}",8.62,65.46,2024-04-16,0,paid,2024-04-17
FAC-2024-0000553,SO-2024-0000553,ALB-2024-0000367,CUST_93D551A3AC26,2024-04-17,179.73,"{'4%': 4.49, '10%': 2.32, '21%': 9.31}",16.12,195.85,2024-05-02,15,pending,
FAC-2024-0000554,SO-2024-0000554,ALB-2024-0000368,CUST_002C74DE5F70,2024-04-18,79.3,"{'4%': 0.53, '10%': 2.74, '21%': 8.11}",11.38,90.68,2024-05-03,15,pending,
FAC-2024-0000555,SO-2024-0000555,ALB-2024-0000369,CUST_FB8FD8B48EAD,2024-04-16,46.42,"{'4%': 1.13, '10%': 0.16, '21%': 3.48}",4.77,51.19,2024-05-01,15,pending,
FAC-2024-0000556,SO-2024-0000556,ALB-2024-0000370,CUST_CDCCA9434AA0,2024-04-16,57.42,"{'4%': 0.44, '10%': 2.89, '21%': 3.69}",7.02,64.44,2024-04-16,0,paid,2024-04-16
FAC-2024-0000557,SO-2024-0000557,ALB-2024-0000371,CUST_9E5DC5ACC354,2024-04-19,92.26,"{'4%': 2.54, '10%': 1.15, '21%': 3.65}",7.34,99.6,2024-04-19,0,paid,2024-04-19
FAC-2024-0000558,SO-2024-0000558,,CUST_D7F3C2EFEECB,2024-04-15,25.51,"{'4%': 0.14, '10%': 1.38, '21%': 1.75}",3.27,28.78,2024-04-15,0,paid,2024-04-15
FAC-2024-0000559,SO-2024-0000559,ALB-2024-0000372,CUST_ABF3FEC21BBE,2024-04-18,15.82,"{'4%': 0.15, '10%': 0.26, '21%': 2.0}",2.41,18.23,2024-05-03,15,pending,
FAC-2024-0000560,SO-2024-0000560,,CUST_BE05965BEFDF,2024-04-16,51.33,"{'4%': 1.68, '10%': 0.58, '21%': 0.71}",2.97,54.3,2024-04-16,0,paid,2024-04-17
FAC-2024-0000561,SO-2024-0000561,,CUST_45F52E2FBF77,2024-04-16,55.48,"{'4%': 0.04, '10%': 4.72, '21%': 1.54}",6.3,61.78,2024-05-01,15,pending,
FAC-2024-0000562,SO-2024-0000562,,CUST_F4E7A4540937,2024-04-16,47.64,"{'4%': 0.16, '10%': 0.91, '21%': 7.25}",8.32,55.96,2024-05-01,15,pending,
FAC-2024-0000563,SO-2024-0000563,ALB-2024-0000373,CUST_93D551A3AC26,2024-04-19,74.51,"{'4%': 0.33, '10%': 1.66, '21%': 10.45}",12.44,86.95,2024-05-04,15,pending,
FAC-2024-0000564,SO-2024-0000564,ALB-2024-0000374,CUST_CA6C09697101,2024-04-20,117.17,"{'4%': 1.34, '10%': 5.26, '21%': 6.55}",13.15,130.32,2024-05-05,15,pending,
FAC-2024-0000565,SO-2024-0000565,ALB-2024-0000375,CUST_42D951976E75,2024-04-18,25.49,"{'4%': 0.13, '10%': 0.2, '21%': 4.27}",4.6,30.09,2024-04-18,0,paid,2024-04-18
FAC-2024-0000566,SO-2024-0000566,ALB-2024-0000376,CUST_697C87FA841A,2024-04-19,11.01,"{'4%': 0.05, '10%': 0.0, '21%': 2.04}",2.09,13.1,2024-04-19,0,paid,2024-04-20
FAC-2024-0000567,SO-2024-0000567,ALB-2024-0000377,CUST_9C2EEA4E3617,2024-04-20,52.19,"{'4%': 0.89, '10%': 0.8, '21%': 4.61}",6.3,58.49,2024-04-20,0,paid,2024-04-20
FAC-2024-0000568,SO-2024-0000568,,CUST_A2119FD34579,2024-04-17,75.91,"{'4%': 0.82, '10%': 2.94, '21%': 5.48}",9.24,85.15,2024-04-17,0,paid,2024-04-18
FAC-2024-0000569,SO-2024-0000569,ALB-2024-0000378,CUST_C4F97630A8A7,2024-04-21,42.73,"{'4%': 0.39, '10%': 2.31, '21%': 2.11}",4.81,47.54,2024-04-21,0,paid,2024-04-21
FAC-2024-0000570,SO-2024-0000570,,CUST_A48ED0421DFA,2024-04-17,79.28,"{'4%': 0.24, '10%': 6.37, '21%': 2.03}",8.64,87.92,2024-04-17,0,paid,2024-04-17
FAC-2024-0000571,SO-2024-0000571,ALB-2024-0000379,CUST_592A7BA109D0,2024-04-20,59.04,"{'4%': 0.15, '10%': 0.46, '21%': 10.66}",11.27,70.31,2024-04-20,0,paid,2024-04-20
FAC-2024-0000572,SO-2024-0000572,ALB-2024-0000380,CUST_0A32373AEDF8,2024-04-21,116.05,"{'4%': 0.93, '10%': 5.59, '21%': 7.73}",14.25,130.3,2024-04-21,0,paid,2024-04-21
FAC-2024-0000573,SO-2024-0000573,ALB-2024-0000381,CUST_6DAA8861FE18,2024-04-21,11.13,"{'4%': 0.0, '10%': 0.48, '21%': 1.34}",1.82,12.95,2024-04-21,0,paid,2024-04-21
FAC-2024-0000574,SO-2024-0000574,,CUST_D3636F81CF4F,2024-04-18,34.31,"{'4%': 0.0, '10%': 3.29, '21%': 0.3}",3.59,37.9,2024-04-18,0,paid,2024-04-19
FAC-2024-0000575,SO-2024-0000575,ALB-2024-0000382,CUST_585A7BFDCC12,2024-04-21,48.73,"{'4%': 0.38, '10%': 2.23, '21%': 3.58}",6.19,54.92,2024-04-21,0,paid,2024-04-22
FAC-2024-0000576,SO-2024-0000576,ALB-2024-0000383,CUST_49A2F7E8F8E5,2024-04-21,38.37,"{'4%': 0.0, '10%': 2.9, '21%': 1.98}",4.88,43.25,2024-04-21,0,paid,2024-04-22
FAC-2024-0000577,SO-2024-0000577,ALB-2024-0000384,CUST_8962929C93B3,2024-04-22,34.34,"{'4%': 0.71, '10%': 0.78, '21%': 1.87}",3.36,37.7,2024-05-07,15,pending,
FAC-2024-0000578,SO-2024-0000578,ALB-2024-0000385,CUST_90CEE9A53368,2024-04-21,42.59,"{'4%': 1.12, '10%': 0.38, '21%': 2.26}",3.76,46.35,2024-04-21,0,paid,2024-04-21
FAC-2024-0000579,SO-2024-0000579,ALB-2024-0000386,CUST_FB8FD8B48EAD,2024-04-21,37.89,"{'4%': 0.37, '10%': 0.13, '21%': 5.75}",6.25,44.14,2024-05-06,15,pending,
FAC-2024-0000580,SO-2024-0000580,ALB-2024-0000387,CUST_513A986F9025,2024-04-21,72.38,"{'4%': 0.08, '10%': 5.29, '21%': 3.69}",9.06,81.44,2024-04-21,0,paid,2024-04-21
FAC-2024-0000581,SO-2024-0000581,ALB-2024-0000388,CUST_80BB6EC01269,2024-04-21,50.05,"{'4%': 0.23, '10%': 1.32, '21%': 6.56}",8.11,58.16,2024-05-06,15,pending,
FAC-2024-0000582,SO-2024-0000582,,CUST_255B7E3D5EE4,2024-04-19,115.34,"{'4%': 0.74, '10%': 9.55, '21%': 0.29}",10.58,125.92,2024-04-19,0,paid,2024-04-19
FAC-2024-0000583,SO-2024-0000583,,CUST_BF3182BBAD84,2024-04-19,114.4,"{'4%': 2.0, '10%': 4.58, '21%': 3.94}",10.52,124.92,2024-04-19,0,paid,2024-04-19
FAC-2024-0000584,SO-2024-0000584,ALB-2024-0000389,CUST_D7F3C2EFEECB,2024-04-22,33.66,"{'4%': 0.0, '10%': 1.2, '21%': 4.56}",5.76,39.42,2024-04-22,0,paid,2024-04-22
FAC-2024-0000585,SO-2024-0000585,ALB-2024-0000390,CUST_D37445712959,2024-04-24,50.02,"{'4%': 0.0, '10%': 3.98, '21%': 2.15}",6.13,56.15,2024-04-24,0,paid,2024-04-24
FAC-2024-0000586,SO-2024-0000586,ALB-2024-0000391,CUST_9F6ABD54DA04,2024-04-22,50.72,"{'4%': 1.62, '10%': 0.0, '21%': 2.14}",3.76,54.48,2024-04-22,0,paid,2024-04-23
FAC-2024-0000587,SO-2024-0000587,,CUST_562819DD3E8C,2024-04-19,80.72,"{'4%': 0.0, '10%': 6.01, '21%': 4.32}",10.33,91.05,2024-05-19,30,pending,
FAC-2024-0000588,SO-2024-0000588,ALB-2024-0000392,CUST_623225074181,2024-04-24,90.0,"{'4%': 0.31, '10%': 5.95, '21%': 4.79}",11.05,101.05,2024-04-24,0,paid,2024-04-25
FAC-2024-0000589,SO-2024-0000589,,CUST_45F52E2FBF77,2024-04-20,25.9,"{'4%': 0.56, '10%': 0.37, '21%': 1.75}",2.68,28.58,2024-05-05,15,pending,
FAC-2024-0000590,SO-2024-0000590,ALB-2024-0000393,CUST_C4F97630A8A7,2024-04-23,44.07,"{'4%': 0.11, '10%': 0.9, '21%': 6.77}",7.78,51.85,2024-04-23,0,paid,2024-04-24
FAC-2024-0000591,SO-2024-0000591,,CUST_A48ED0421DFA,2024-04-20,55.93,"{'4%': 1.15, '10%': 1.63, '21%': 2.29}",5.07,61.0,2024-04-20,0,paid,2024-04-20
FAC-2024-0000592,SO-2024-0000592,ALB-2024-0000394,CUST_A383DB2C6AC8,2024-04-23,26.88,"{'4%': 0.12, '10%': 2.4, '21%': 0.0}",2.52,29.4,2024-04-23,0,paid,2024-04-24
FAC-2024-0000593,SO-2024-0000593,ALB-2024-0000395,CUST_255B7E3D5EE4,2024-04-21,85.44,"{'4%': 0.74, '10%': 3.87, '21%': 5.91}",10.52,95.96,2024-04-21,0,paid,2024-04-21
FAC-2024-0000594,SO-2024-0000594,ALB-2024-0000396,CUST_CA6C09697101,2024-04-22,102.08,"{'4%': 0.79, '10%': 6.73, '21%': 3.15}",10.67,112.75,2024-05-07,15,pending,
FAC-2024-0000595,SO-2024-0000595,ALB-2024-0000397,CUST_C60161FA01BA,2024-04-23,20.89,"{'4%': 0.0, '10%': 1.09, '21%': 2.1}",3.19,24.08,2024-04-23,0,paid,2024-04-24
FAC-2024-0000596,SO-2024-0000596,ALB-2024-0000398,CUST_8A0B36D8393A,2024-04-25,103.7,"{'4%': 0.01, '10%': 6.28, '21%': 8.53}",14.82,118.52,2024-05-10,15,pending,
FAC-2024-0000597,SO-2024-0000597,,CUST_008D610461E3,2024-04-22,55.47,"{'4%': 0.62, '10%': 1.39, '21%': 5.47}",7.48,62.95,2024-04-22,0,paid,2024-04-22
FAC-2024-0000598,SO-2024-0000598,ALB-2024-0000399,CUST_7DE36694C343,2024-04-26,13.78,"{'4%': 0.37, '10%': 0.0, '21%': 0.96}",1.33,15.11,2024-04-26,0,paid,2024-04-27
FAC-2024-0000599,SO-2024-0000599,ALB-2024-0000400,CUST_99181497D658,2024-04-25,59.54,"{'4%': 0.81, '10%': 0.42, '21%': 7.38}",8.61,68.15,2024-04-25,0,paid,2024-04-26
FAC-2024-0000600,SO-2024-0000600,ALB-2024-0000401,CUST_92CA6DE59332,2024-04-26,50.27,"{'4%': 0.94, '10%': 0.69, '21%': 4.17}",5.8,56.07,2024-04-26,0,paid,2024-04-27
FAC-2024-0000601,SO-2024-0000601,,CUST_4EFCE10B1A47,2024-04-22,147.55,"{'4%': 1.22, '10%': 9.08, '21%': 5.5}",15.8,163.35,2024-05-07,15,pending,
FAC-2024-0000602,SO-2024-0000602,ALB-2024-0000402,CUST_9EA931227592,2024-04-24,18.75,"{'4%': 0.0, '10%': 1.88, '21%': 0.0}",1.88,20.63,2024-04-24,0,paid,2024-04-24
FAC-2024-0000603,SO-2024-0000603,,CUST_AB0B15F0EA19,2024-04-22,40.93,"{'4%': 0.12, '10%': 1.23, '21%': 5.39}",6.74,47.67,2024-04-22,0,paid,2024-04-22
FAC-2024-0000604,SO-2024-0000604,,CUST_4D71B41B3143,2024-04-23,26.23,"{'4%': 0.09, '10%': 1.21, '21%': 2.49}",3.79,30.02,2024-04-23,0,paid,2024-04-24
FAC-2024-0000605,SO-2024-0000605,ALB-2024-0000403,CUST_6DAA8861FE18,2024-04-25,12.88,"{'4%': 0.48, '10%': 0.09, '21%': 0.0}",0.57,13.45,2024-04-25,0,paid,2024-04-26
FAC-2024-0000606,SO-2024-0000606,ALB-2024-0000404,CUST_7DE36694C343,2024-04-26,20.34,"{'4%': 0.0, '10%': 1.64, '21%': 0.83}",2.47,22.81,2024-04-26,0,paid,2024-04-27
FAC-2024-0000607,SO-2024-0000607,ALB-2024-0000405,CUST_FD03C9525185,2024-04-28,21.55,"{'4%': 0.32, '10%': 1.36, '21%': 0.0}",1.68,23.23,2024-04-28,0,paid,2024-04-29
FAC-2024-0000608,SO-2024-0000608,ALB-2024-0000406,CUST_51B11B2EDEDB,2024-04-27,14.16,"{'4%': 0.38, '10%': 0.41, '21%': 0.13}",0.92,15.08,2024-04-27,0,paid,2024-04-28
FAC-2024-0000609,SO-2024-0000609,ALB-2024-0000407,CUST_EFFA3040413C,2024-04-26,28.5,"{'4%': 0.35, '10%': 0.0, '21%': 4.15}",4.5,33.0,2024-04-26,0,paid,2024-04-26
FAC-2024-0000610,SO-2024-0000610,ALB-2024-0000408,CUST_D37445712959,2024-04-27,51.78,"{'4%': 0.51, '10%': 2.02, '21%': 3.94}",6.47,58.25,2024-04-27,0,paid,2024-04-27
FAC-2024-0000611,SO-2024-0000611,,CUST_42D951976E75,2024-04-23,24.55,"{'4%': 0.58, '10%': 0.18, '21%': 1.73}",2.49,27.04,2024-04-23,0,paid,2024-04-23
FAC-2024-0000612,SO-2024-0000612,,CUST_008D610461E3,2024-04-24,52.48,"{'4%': 1.07, '10%': 1.55, '21%': 2.17}",4.79,57.27,2024-04-24,0,paid,2024-04-25
FAC-2024-0000613,SO-2024-0000613,ALB-2024-0000409,CUST_655243FF5011,2024-04-27,63.09,"{'4%': 0.18, '10%': 4.97, '21%': 1.84}",6.99,70.08,2024-04-27,0,paid,2024-04-27
FAC-2024-0000614,SO-2024-0000614,ALB-2024-0000410,CUST_623225074181,2024-04-28,91.72,"{'4%': 0.8, '10%': 3.97, '21%': 6.72}",11.49,103.21,2024-04-28,0,paid,2024-04-29
FAC-2024-0000615,SO-2024-0000615,,CUST_9D9D1BF645F6,2024-04-24,36.21,"{'4%': 0.0, '10%': 3.37, '21%': 0.53}",3.9,40.11,2024-04-24,0,paid,2024-04-24
FAC-2024-0000616,SO-2024-0000616,ALB-2024-0000411,CUST_255B7E3D5EE4,2024-04-26,105.08,"{'4%': 0.34, '10%': 4.03, '21%': 11.8}",16.17,121.25,2024-04-26,0,paid,2024-04-27
FAC-2024-0000617,SO-2024-0000617,ALB-2024-0000412,CUST_D37445712959,2024-04-27,69.94,"{'4%': 0.0, '10%': 5.6, '21%': 2.94}",8.54,78.48,2024-04-27,0,paid,2024-04-27
FAC-2024-0000618,SO-2024-0000618,ALB-2024-0000413,CUST_42D951976E75,2024-04-30,31.57,"{'4%': 0.64, '10%': 0.73, '21%': 1.72}",3.09,34.66,2024-04-30,0,paid,2024-04-30
FAC-2024-0000619,SO-2024-0000619,ALB-2024-0000414,CUST_FD03C9525185,2024-04-29,12.56,"{'4%': 0.0, '10%': 0.35, '21%': 1.91}",2.26,14.82,2024-04-29,0,paid,2024-04-29
FAC-2024-0000620,SO-2024-0000620,ALB-2024-0000415,CUST_FBA6CDBCC653,2024-04-27,89.95,"{'4%': 0.42, '10%': 2.39, '21%': 11.66}",14.47,104.42,2024-05-12,15,pending,
FAC-2024-0000621,SO-2024-0000621,,CUST_9D9D1BF645F6,2024-04-25,22.55,"{'4%': 0.07, '10%': 1.23, '21%': 1.78}",3.08,25.63,2024-04-25,0,paid,2024-04-25
FAC-2024-0000622,SO-2024-0000622,,CUST_008D610461E3,2024-04-26,63.72,"{'4%': 0.22, '10%': 2.63, '21%': 6.7}",9.55,73.27,2024-04-26,0,paid,2024-04-27
FAC-2024-0000623,SO-2024-0000623,ALB-2024-0000416,CUST_25E98D7248E2,2024-04-28,66.7,"{'4%': 1.77, '10%': 2.23, '21%': 0.0}",4.0,70.7,2024-04-28,0,paid,2024-04-29
FAC-2024-0000624,SO-2024-0000624,ALB-2024-0000417,CUST_D3636F81CF4F,2024-04-29,31.07,"{'4%': 0.02, '10%': 2.24, '21%': 1.71}",3.97,35.04,2024-04-29,0,paid,2024-04-29
FAC-2024-0000625,SO-2024-0000625,ALB-2024-0000418,CUST_A383DB2C6AC8,2024-04-29,8.26,"{'4%': 0.0, '10%': 0.0, '21%': 1.73}",1.73,9.99,2024-04-29,0,paid,2024-04-30
FAC-2024-0000626,SO-2024-0000626,ALB-2024-0000419,CUST_255B7E3D5EE4,2024-04-27,90.69,"{'4%': 0.61, '10%': 3.27, '21%': 8.98}",12.86,103.55,2024-04-27,0,paid,2024-04-27
FAC-2024-0000627,SO-2024-0000627,ALB-2024-0000420,CUST_34871A9C672A,2024-04-30,22.58,"{'4%': 0.82, '10%': 0.22, '21%': 0.0}",1.04,23.62,2024-04-30,0,paid,2024-05-01
FAC-2024-0000628,SO-2024-0000628,ALB-2024-0000421,CUST_0E61171B1B80,2024-04-28,22.53,"{'4%': 0.65, '10%': 0.44, '21%': 0.38}",1.47,24.0,2024-04-28,0,paid,2024-04-29
FAC-2024-0000629,SO-2024-0000629,ALB-2024-0000422,CUST_513A986F9025,2024-04-28,95.08,"{'4%': 0.92, '10%': 7.05, '21%': 0.35}",8.32,103.4,2024-04-28,0,paid,2024-04-28
FAC-2024-0000630,SO-2024-0000630,ALB-2024-0000423,CUST_1857BAC7E2B9,2024-04-30,23.67,"{'4%': 0.08, '10%': 1.51, '21%': 1.36}",2.95,26.62,2024-04-30,0,paid,2024-05-01
FAC-2024-0000631,SO-2024-0000631,,CUST_4D29345512F7,2024-04-27,54.04,"{'4%': 0.62, '10%': 0.38, '21%': 7.31}",8.31,62.35,2024-04-27,0,paid,2024-04-28
FAC-2024-0000632,SO-2024-0000632,,CUST_B241519894D8,2024-04-27,31.73,"{'4%': 0.16, '10%': 0.86, '21%': 4.01}",5.03,36.76,2024-04-27,0,paid,2024-04-27
FAC-2024-0000633,SO-2024-0000633,,CUST_F96DBED63DA0,2024-04-27,32.27,"{'4%': 0.21, '10%': 1.81, '21%': 1.84}",3.86,36.13,2024-04-27,0,paid,2024-04-27
FAC-2024-0000634,SO-2024-0000634,,CUST_CC393B5AE288,2024-04-27,121.53,"{'4%': 0.78, '10%': 8.89, '21%': 2.75}",12.42,133.95,2024-04-27,0,paid,2024-04-28
FAC-2024-0000635,SO-2024-0000635,ALB-2024-0000424,CUST_0A32373AEDF8,2024-04-30,74.93,"{'4%': 0.63, '10%': 3.45, '21%': 5.2}",9.28,84.21,2024-04-30,0,paid,2024-05-01
FAC-2024-0000636,SO-2024-0000636,ALB-2024-0000425,CUST_C1D7F3025D16,2024-04-30,50.13,"{'4%': 1.27, '10%': 0.4, '21%': 3.0}",4.67,54.8,2024-05-30,30,pending,
FAC-2024-0000637,SO-2024-0000637,ALB-2024-0000426,CUST_4FA0F6F7F0CC,2024-05-01,53.11,"{'4%': 1.05, '10%': 1.89, '21%': 1.68}",4.62,57.73,2024-05-16,15,pending,
FAC-2024-0000638,SO-2024-0000638,,CUST_07F8F3EA0184,2024-04-28,55.67,"{'4%': 1.36, '10%': 1.38, '21%': 1.66}",4.4,60.07,2024-04-28,0,paid,2024-04-29
FAC-2024-0000639,SO-2024-0000639,,CUST_32735373BF4D,2024-04-28,98.69,"{'4%': 0.89, '10%': 4.41, '21%': 6.77}",12.07,110.76,2024-04-28,0,paid,2024-04-28
FAC-2024-0000640,SO-2024-0000640,ALB-2024-0000427,CUST_42D951976E75,2024-04-30,31.51,"{'4%': 0.43, '10%': 1.38, '21%': 1.48}",3.29,34.8,2024-04-30,0,paid,2024-05-01
FAC-2024-0000641,SO-2024-0000641,,CUST_25E98D7248E2,2024-04-29,63.26,"{'4%': 0.21, '10%': 2.73, '21%': 6.47}",9.41,72.67,2024-04-29,0,paid,2024-04-30
FAC-2024-0000642,SO-2024-0000642,,CUST_4758A6499CDC,2024-04-30,128.57,"{'4%': 1.63, '10%': 4.62, '21%': 8.74}",14.99,143.56,2024-04-30,0,paid,2024-04-30
FAC-2024-0000643,SO-2024-0000643,,CUST_008D610461E3,2024-05-01,93.12,"{'4%': 3.42, '10%': 0.53, '21%': 0.5}",4.45,97.57,2024-05-01,0,paid,2024-05-01
FAC-2024-0000644,SO-2024-0000644,,CUST_4EFCE10B1A47,2024-05-01,118.39,"{'4%': 1.65, '10%': 4.31, '21%': 7.17}",13.13,131.52,2024-05-16,15,pending,
FAC-2024-0000645,SO-2024-0000645,,CUST_B241519894D8,2024-05-01,26.93,"{'4%': 0.94, '10%': 0.19, '21%': 0.3}",1.43,28.36,2024-05-01,0,paid,2024-05-02
FAC-2024-0000646,SO-2024-0000646,,CUST_FFE3BF337A15,2024-05-01,26.94,"{'4%': 0.35, '10%': 1.29, '21%': 1.12}",2.76,29.7,2024-05-01,0,paid,2024-05-01
FAC-2024-0000647,SO-2024-0000647,,CUST_F96DBED63DA0,2024-05-01,28.72,"{'4%': 0.06, '10%': 0.95, '21%': 3.73}",4.74,33.46,2024-05-01,0,paid,2024-05-02
FAC-2024-0000648,SO-2024-0000648,ALB-2024-0000428,CUST_D37445712959,2024-05-04,56.77,"{'4%': 0.72, '10%': 1.64, '21%': 4.71}",7.07,63.84,2024-05-04,0,paid,2024-05-05
FAC-2024-0000649,SO-2024-0000649,ALB-2024-0000429,CUST_25E98D7248E2,2024-05-03,48.34,"{'4%': 0.81, '10%': 2.1, '21%': 1.48}",4.39,52.73,2024-05-03,0,paid,2024-05-03
FAC-2024-0000650,SO-2024-0000650,,CUST_B3EE5A104129,2024-05-02,27.2,"{'4%': 0.2, '10%': 2.23, '21%': 0.0}",2.43,29.63,2024-05-02,0,paid,2024-05-03
FAC-2024-0000651,SO-2024-0000651,,CUST_51B11B2EDEDB,2024-05-02,14.43,"{'4%': 0.24, '10%': 0.43, '21%': 0.89}",1.56,15.99,2024-05-02,0,paid,2024-05-03
FAC-2024-0000652,SO-2024-0000652,,CUST_9A6C52171C88,2024-05-02,65.23,"{'4%': 0.32, '10%': 3.67, '21%': 4.3}",8.29,73.52,2024-05-02,0,paid,2024-05-03
FAC-2024-0000653,SO-2024-0000653,,CUST_CC393B5AE288,2024-05-02,129.25,"{'4%': 3.6, '10%': 3.23, '21%': 1.46}",8.29,137.54,2024-05-02,0,paid,2024-05-02
FAC-2024-0000654,SO-2024-0000654,ALB-2024-0000430,CUST_FB8FD8B48EAD,2024-05-03,32.08,"{'4%': 0.39, '10%': 1.22, '21%': 2.11}",3.72,35.8,2024-05-18,15,pending,
FAC-2024-0000655,SO-2024-0000655,,CUST_B27B68C690B2,2024-05-02,44.6,"{'4%': 0.31, '10%': 0.83, '21%': 6.0}",7.14,51.74,2024-05-02,0,paid,2024-05-02
FAC-2024-0000656,SO-2024-0000656,ALB-2024-0000431,CUST_8A0B36D8393A,2024-05-05,152.63,"{'4%': 2.38, '10%': 6.71, '21%': 5.44}",14.53,167.16,2024-05-20,15,pending,
FAC-2024-0000657,SO-2024-0000657,ALB-2024-0000432,CUST_623225074181,2024-05-09,98.07,"{'4%': 1.25, '10%': 4.06, '21%': 5.53}",10.84,108.91,2024-05-09,0,paid,2024-05-09
FAC-2024-0000658,SO-2024-0000658,ALB-2024-0000433,CUST_585A7BFDCC12,2024-05-06,72.77,"{'4%': 0.04, '10%': 1.17, '21%': 12.63}",13.84,86.61,2024-05-06,0,paid,2024-05-06
FAC-2024-0000659,SO-2024-0000659,,CUST_FFE3BF337A15,2024-05-03,27.39,"{'4%': 0.17, '10%': 1.91, '21%': 0.87}",2.95,30.34,2024-05-03,0,paid,2024-05-03
FAC-2024-0000660,SO-2024-0000660,,CUST_4A94CC351E4F,2024-05-03,43.53,"{'4%': 0.17, '10%': 3.43, '21%': 1.06}",4.66,48.19,2024-05-18,15,pending,
FAC-2024-0000661,SO-2024-0000661,,CUST_592A7BA109D0,2024-05-03,67.0,"{'4%': 1.07, '10%': 2.96, '21%': 2.26}",6.29,73.29,2024-05-03,0,paid,2024-05-04
FAC-2024-0000662,SO-2024-0000662,ALB-2024-0000434,CUST_E709329FC417,2024-05-04,27.02,"{'4%': 0.28, '10%': 0.2, '21%': 3.78}",4.26,31.28,2024-05-04,0,paid,2024-05-04
FAC-2024-0000663,SO-2024-0000663,ALB-2024-0000435,CUST_562819DD3E8C,2024-05-05,58.76,"{'4%': 1.2, '10%': 0.87, '21%': 4.18}",6.25,65.01,2024-06-04,30,pending,
FAC-2024-0000664,SO-2024-0000664,ALB-2024-0000436,CUST_4D71B41B3143,2024-05-08,33.94,"{'4%': 0.19, '10%': 1.69, '21%': 2.55}",4.43,38.37,2024-05-08,0,paid,2024-05-08
FAC-2024-0000665,SO-2024-0000665,ALB-2024-0000437,CUST_7DE36694C343,2024-05-10,21.44,"{'4%': 0.0, '10%': 1.4, '21%': 1.56}",2.96,24.4,2024-05-10,0,paid,2024-05-10
FAC-2024-0000666,SO-2024-0000666,ALB-2024-0000438,CUST_99181497D658,2024-05-07,50.44,"{'4%': 0.27, '10%': 1.71, '21%': 5.58}",7.56,58.0,2024-05-07,0,paid,2024-05-07
FAC-2024-0000667,SO-2024-0000667,,CUST_D854DFCAF0B7,2024-05-04,92.15,"{'4%': 1.12, '10%': 5.86, '21%': 1.16}",8.14,100.29,2024-05-19,15,pending,
FAC-2024-0000668,SO-2024-0000668,ALB-2024-0000439,CUST_697C87FA841A,2024-05-06,11.11,"{'4%': 0.23, '10%': 0.0, '21%': 1.11}",1.34,12.45,2024-05-06,0,paid,2024-05-06
FAC-2024-0000669,SO-2024-0000669,ALB-2024-0000440,CUST_9C2EEA4E3617,2024-05-05,58.91,"{'4%': 0.0, '10%': 4.28, '21%': 3.39}",7.67,66.58,2024-05-05,0,paid,2024-05-05
FAC-2024-0000670,SO-2024-0000670,,CUST_0F25A55990E7,2024-05-04,100.11,"{'4%': 0.67, '10%': 8.19, '21%': 0.32}",9.18,109.29,2024-05-04,0,paid,2024-05-04
FAC-2024-0000671,SO-2024-0000671,ALB-2024-0000441,CUST_F6D2AEC76A82,2024-05-08,22.88,"{'4%': 0.73, '10%': 0.0, '21%': 0.99}",1.72,24.6,2024-05-08,0,paid,2024-05-09
FAC-2024-0000672,SO-2024-0000672,ALB-2024-0000442,CUST_5EFED8DDBBC0,2024-05-08,74.47,"{'4%': 0.37, '10%': 1.1, '21%': 11.38}",12.85,87.32,2024-05-23,15,pending,
FAC-2024-0000673,SO-2024-0000673,,CUST_255B7E3D5EE4,2024-05-04,105.55,"{'4%': 0.0, '10%': 3.12, '21%': 15.6}",18.72,124.27,2024-05-04,0,paid,2024-05-04
FAC-2024-0000674,SO-2024-0000674,,CUST_BF3182BBAD84,2024-05-04,115.16,"{'4%': 1.58, '10%': 5.85, '21%': 3.6}",11.03,126.19,2024-05-04,0,paid,2024-05-05
FAC-2024-0000675,SO-2024-0000675,,CUST_774F7316CE64,2024-05-04,94.48,"{'4%': 0.14, '10%': 5.73, '21%': 7.05}",12.92,107.4,2024-05-04,0,paid,2024-05-04
FAC-2024-0000676,SO-2024-0000676,,CUST_B27B68C690B2,2024-05-04,88.49,"{'4%': 0.07, '10%': 6.45, '21%': 4.66}",11.18,99.67,2024-05-04,0,paid,2024-05-04
FAC-2024-0000677,SO-2024-0000677,ALB-2024-0000443,CUST_978613281726,2024-05-07,72.65,"{'4%': 1.45, '10%': 2.35, '21%': 2.7}",6.5,79.15,2024-05-07,0,paid,2024-05-07
FAC-2024-0000678,SO-2024-0000678,ALB-2024-0000444,CUST_9C100F6B40D0,2024-05-10,32.99,"{'4%': 0.22, '10%': 0.36, '21%': 5.01}",5.59,38.58,2024-05-10,0,paid,2024-05-10
FAC-2024-0000679,SO-2024-0000679,,CUST_FBE9DBC080FD,2024-05-06,24.64,"{'4%': 0.37, '10%': 1.54, '21%': 0.0}",1.91,26.55,2024-05-06,0,paid,2024-05-07
FAC-2024-0000680,SO-2024-0000680,ALB-2024-0000445,CUST_1857BAC7E2B9,2024-05-10,50.62,"{'4%': 0.0, '10%': 4.0, '21%': 2.23}",6.23,56.85,2024-05-10,0,paid,2024-05-10
FAC-2024-0000681,SO-2024-0000681,ALB-2024-0000446,CUST_6A745FA5E0AA,2024-05-08,46.91,"{'4%': 1.33, '10%': 1.1, '21%': 0.56}",2.99,49.9,2024-05-08,0,paid,2024-05-09
FAC-2024-0000682,SO-2024-0000682,ALB-2024-0000447,CUST_9E5DC5ACC354,2024-05-10,55.12,"{'4%': 0.35, '10%': 1.49, '21%': 6.63}",8.47,63.59,2024-05-10,0,paid,2024-05-10
FAC-2024-0000683,SO-2024-0000683,ALB-2024-0000448,CUST_25E98D7248E2,2024-05-08,66.68,"{'4%': 0.68, '10%': 4.19, '21%': 1.67}",6.54,73.22,2024-05-08,0,paid,2024-05-08
FAC-2024-0000684,SO-2024-0000684,,CUST_A2119FD34579,2024-05-07,76.71,"{'4%': 1.06, '10%': 2.27, '21%': 5.77}",9.1,85.81,2024-05-07,0,paid,2024-05-08
FAC-2024-0000685,SO-2024-0000685,ALB-2024-0000449,CUST_C4F97630A8A7,2024-05-11,42.44,"{'4%': 0.0, '10%': 2.4, '21%': 3.88}",6.28,48.72,2024-05-11,0,paid,2024-05-12
FAC-2024-0000686,SO-2024-0000686,ALB-2024-0000450,CUST_A87990422EB7,2024-05-09,83.95,"{'4%': 0.0, '10%': 6.05, '21%': 4.92}",10.97,94.92,2024-05-24,15,pending,
FAC-2024-0000687,SO-2024-0000687,ALB-2024-0000451,CUST_0E61171B1B80,2024-05-09,23.34,"{'4%': 0.0, '10%': 2.09, '21%': 0.52}",2.61,25.95,2024-05-09,0,paid,2024-05-09
FAC-2024-0000688,SO-2024-0000688,,CUST_5C623A3C563E,2024-05-08,52.11,"{'4%': 0.7, '10%': 0.16, '21%': 6.95}",7.81,59.92,2024-05-08,0,paid,2024-05-09
FAC-2024-0000689,SO-2024-0000689,ALB-2024-0000452,CUST_58F0AAF78C67,2024-05-13,77.9,"{'4%': 0.37, '10%': 4.42, '21%': 5.16}",9.95,87.85,2024-05-13,0,paid,2024-05-13
FAC-2024-0000690,SO-2024-0000690,,CUST_F4E7A4540937,2024-05-08,59.83,"{'4%': 1.18, '10%': 0.45, '21%': 5.43}",7.06,66.89,2024-05-23,15,pending,
FAC-2024-0000691,SO-2024-0000691,ALB-2024-0000453,CUST_EFFA3040413C,2024-05-09,35.26,"{'4%': 1.05, '10%': 0.11, '21%': 1.67}",2.83,38.09,2024-05-09,0,paid,2024-05-09
FAC-2024-0000692,SO-2024-0000692,ALB-2024-0000454,CUST_C1D7F3025D16,2024-05-10,97.59,"{'4%': 0.26, '10%': 5.18, '21%': 8.23}",13.67,111.26,2024-06-09,30,pending,
FAC-2024-0000693,SO-2024-0000693,,CUST_284C27D415B6,2024-05-09,130.05,"{'4%': 1.42, '10%': 6.28, '21%': 6.66}",14.36,144.41,2024-05-09,0,paid,2024-05-09
FAC-2024-0000694,SO-2024-0000694,,CUST_4D29345512F7,2024-05-09,44.41,"{'4%': 0.88, '10%': 0.9, '21%': 2.82}",4.6,49.01,2024-05-09,0,paid,2024-05-10
FAC-2024-0000695,SO-2024-0000695,ALB-2024-0000455,CUST_B86623D4526B,2024-05-13,80.57,"{'4%': 0.22, '10%': 2.82, '21%': 9.83}",12.87,93.44,2024-05-28,15,pending,
FAC-2024-0000696,SO-2024-0000696,,CUST_8E038E969227,2024-05-09,78.54,"{'4%': 0.65, '10%': 2.77, '21%': 7.27}",10.69,89.23,2024-05-09,0,paid,2024-05-10
FAC-2024-0000697,SO-2024-0000697,ALB-2024-0000456,CUST_80BB6EC01269,2024-05-11,48.75,"{'4%': 1.12, '10%': 0.96, '21%': 2.34}",4.42,53.17,2024-05-26,15,pending,
FAC-2024-0000698,SO-2024-0000698,,CUST_255B7E3D5EE4,2024-05-10,126.97,"{'4%': 1.68, '10%': 7.23, '21%': 2.68}",11.59,138.56,2024-05-10,0,paid,2024-05-11
FAC-2024-0000699,SO-2024-0000699,ALB-2024-0000457,CUST_9A6C52171C88,2024-05-11,38.08,"{'4%': 1.52, '10%': 0.0, '21%': 0.0}",1.52,39.6,2024-05-11,0,paid,2024-05-12
FAC-2024-0000700,SO-2024-0000700,,CUST_624FBAE1E137,2024-05-10,56.08,"{'4%': 0.07, '10%': 2.3, '21%': 6.57}",8.94,65.02,2024-05-10,0,paid,2024-05-11
FAC-2024-0000701,SO-2024-0000701,,CUST_1A57C5F8E2F8,2024-05-10,40.53,"{'4%': 0.13, '10%': 2.71, '21%': 2.11}",4.95,45.48,2024-05-10,0,paid,2024-05-10
FAC-2024-0000702,SO-2024-0000702,ALB-2024-0000458,CUST_562819DD3E8C,2024-05-11,63.2,"{'4%': 1.26, '10%': 0.75, '21%': 5.08}",7.09,70.29,2024-06-10,30,pending,
FAC-2024-0000703,SO-2024-0000703,ALB-2024-0000459,CUST_8A0B36D8393A,2024-05-15,146.04,"{'4%': 1.4, '10%': 9.35, '21%': 3.68}",14.43,160.47,2024-05-30,15,pending,
FAC-2024-0000704,SO-2024-0000704,,CUST_655243FF5011,2024-05-11,73.07,"{'4%': 0.93, '10%': 4.3, '21%': 1.42}",6.65,79.72,2024-05-11,0,paid,2024-05-12
FAC-2024-0000705,SO-2024-0000705,ALB-2024-0000460,CUST_25E98D7248E2,2024-05-13,49.9,"{'4%': 0.58, '10%': 0.0, '21%': 7.41}",7.99,57.89,2024-05-13,0,paid,2024-05-14
FAC-2024-0000706,SO-2024-0000706,ALB-2024-0000461,CUST_A66F39669FA7,2024-05-15,30.18,"{'4%': 0.08, '10%': 1.06, '21%': 3.68}",4.82,35.0,2024-05-15,0,paid,2024-05-16
FAC-2024-0000707,SO-2024-0000707,ALB-2024-0000462,CUST_84410299436A,2024-05-14,151.55,"{'4%': 1.2, '10%': 10.35, '21%': 3.79}",15.34,166.89,2024-05-14,0,paid,2024-05-14
FAC-2024-0000708,SO-2024-0000708,,CUST_E8DD1712FB16,2024-05-11,45.35,"{'4%': 0.09, '10%': 4.24, '21%': 0.17}",4.5,49.85,2024-05-11,0,paid,2024-05-11
FAC-2024-0000709,SO-2024-0000709,ALB-2024-0000463,CUST_49A2F7E8F8E5,2024-05-12,24.6,"{'4%': 0.08, '10%': 0.72, '21%': 3.26}",4.06,28.66,2024-05-12,0,paid,2024-05-12
FAC-2024-0000710,SO-2024-0000710,,CUST_07F8F3EA0184,2024-05-11,26.63,"{'4%': 0.29, '10%': 1.46, '21%': 0.99}",2.74,29.37,2024-05-11,0,paid,2024-05-11
FAC-2024-0000711,SO-2024-0000711,ALB-2024-0000464,CUST_12B2940C3503,2024-05-14,42.51,"{'4%': 0.38, '10%': 0.68, '21%': 5.49}",6.55,49.06,2024-05-14,0,paid,2024-05-14
FAC-2024-0000712,SO-2024-0000712,ALB-2024-0000465,CUST_C60161FA01BA,2024-05-14,21.3,"{'4%': 0.15, '10%': 0.73, '21%': 2.15}",3.03,24.33,2024-05-14,0,paid,2024-05-15
FAC-2024-0000713,SO-2024-0000713,,CUST_1A57C5F8E2F8,2024-05-11,60.75,"{'4%': 1.48, '10%': 0.38, '21%': 4.17}",6.03,66.78,2024-05-11,0,paid,2024-05-11
FAC-2024-0000714,SO-2024-0000714,ALB-2024-0000466,CUST_D37445712959,2024-05-15,63.15,"{'4%': 0.55, '10%': 3.85, '21%': 2.27}",6.67,69.82,2024-05-15,0,paid,2024-05-16
FAC-2024-0000715,SO-2024-0000715,ALB-2024-0000467,CUST_624FBAE1E137,2024-05-15,44.17,"{'4%': 0.71, '10%': 1.18, '21%': 3.1}",4.99,49.16,2024-05-15,0,paid,2024-05-15
FAC-2024-0000716,SO-2024-0000716,ALB-2024-0000468,CUST_14F9FA207403,2024-05-14,104.56,"{'4%': 1.4, '10%': 5.38, '21%': 3.34}",10.12,114.68,2024-05-14,0,paid,2024-05-15
FAC-2024-0000717,SO-2024-0000717,,CUST_49A2F7E8F8E5,2024-05-13,22.09,"{'4%': 0.2, '10%': 0.48, '21%': 2.6}",3.28,25.37,2024-05-13,0,paid,2024-05-13
FAC-2024-0000718,SO-2024-0000718,ALB-2024-0000469,CUST_707DFDB1429E,2024-05-16,36.43,"{'4%': 0.7, '10%': 1.9, '21%': 0.0}",2.6,39.03,2024-05-16,0,paid,2024-05-17
FAC-2024-0000719,SO-2024-0000719,ALB-2024-0000470,CUST_5EFED8DDBBC0,2024-05-17,83.02,"{'4%': 0.26, '10%': 0.28, '21%': 15.48}",16.02,99.04,2024-06-01,15,pending,
FAC-2024-0000720,SO-2024-0000720,,CUST_98159D713084,2024-05-14,107.02,"{'4%': 0.64, '10%': 5.99, '21%': 6.51}",13.14,120.16,2024-05-14,0,paid,2024-05-15
FAC-2024-0000721,SO-2024-0000721,ALB-2024-0000471,CUST_EFFA3040413C,2024-05-16,29.7,"{'4%': 0.88, '10%': 0.15, '21%': 1.32}",2.35,32.05,2024-05-16,0,paid,2024-05-16
FAC-2024-0000722,SO-2024-0000722,ALB-2024-0000472,CUST_14F9FA207403,2024-05-17,93.91,"{'4%': 1.67, '10%': 3.37, '21%': 3.85}",8.89,102.8,2024-05-17,0,paid,2024-05-17
FAC-2024-0000723,SO-2024-0000723,ALB-2024-0000473,CUST_AB0B15F0EA19,2024-05-16,60.32,"{'4%': 1.1, '10%': 1.84, '21%': 3.04}",5.98,66.3,2024-05-16,0,paid,2024-05-17
FAC-2024-0000724,SO-2024-0000724,ALB-2024-0000474,CUST_C1D7F3025D16,2024-05-17,57.58,"{'4%': 0.6, '10%': 2.39, '21%': 3.94}",6.93,64.51,2024-06-16,30,pending,
FAC-2024-0000725,SO-2024-0000725,,CUST_668C0B95017C,2024-05-15,68.5,"{'4%': 1.28, '10%': 1.65, '21%': 4.21}",7.14,75.64,2024-05-15,0,paid,2024-05-15
FAC-2024-0000726,SO-2024-0000726,,CUST_1036D9A09007,2024-05-15,38.18,"{'4%': 0.44, '10%': 1.62, '21%': 2.28}",4.34,42.52,2024-05-15,0,paid,2024-05-15
FAC-2024-0000727,SO-2024-0000727,,CUST_34871A9C672A,2024-05-15,24.59,"{'4%': 0.24, '10%': 1.67, '21%': 0.42}",2.33,26.92,2024-05-15,0,paid,2024-05-16
FAC-2024-0000728,SO-2024-0000728,ALB-2024-0000475,CUST_978613281726,2024-05-19,86.6,"{'4%': 1.44, '10%': 2.22, '21%': 5.98}",9.64,96.24,2024-05-19,0,paid,2024-05-19
FAC-2024-0000729,SO-2024-0000729,ALB-2024-0000476,CUST_B244B7E58481,2024-05-19,38.1,"{'4%': 0.06, '10%': 2.33, '21%': 2.79}",5.18,43.28,2024-05-19,0,paid,2024-05-20
FAC-2024-0000730,SO-2024-0000730,,CUST_6DAA8861FE18,2024-05-16,10.85,"{'4%': 0.0, '10%': 1.0, '21%': 0.17}",1.17,12.02,2024-05-16,0,paid,2024-05-17
FAC-2024-0000731,SO-2024-0000731,,CUST_623225074181,2024-05-16,85.57,"{'4%': 0.47, '10%': 6.28, '21%': 2.3}",9.05,94.62,2024-05-16,0,paid,2024-05-17
FAC-2024-0000732,SO-2024-0000732,ALB-2024-0000477,CUST_1857BAC7E2B9,2024-05-18,26.82,"{'4%': 0.0, '10%': 2.68, '21%': 0.0}",2.68,29.5,2024-05-18,0,paid,2024-05-19
FAC-2024-0000733,SO-2024-0000733,,CUST_45F52E2FBF77,2024-05-16,34.25,"{'4%': 0.39, '10%': 1.23, '21%': 2.59}",4.21,38.46,2024-05-31,15,pending,
FAC-2024-0000734,SO-2024-0000734,ALB-2024-0000478,CUST_707DFDB1429E,2024-05-19,40.97,"{'4%': 0.41, '10%': 2.73, '21%': 0.71}",3.85,44.82,2024-05-19,0,paid,2024-05-20
FAC-2024-0000735,SO-2024-0000735,ALB-2024-0000479,CUST_D7F3C2EFEECB,2024-05-19,19.65,"{'4%': 0.3, '10%': 0.0, '21%': 2.56}",2.86,22.51,2024-05-19,0,paid,2024-05-20
FAC-2024-0000736,SO-2024-0000736,ALB-2024-0000480,CUST_562819DD3E8C,2024-05-17,44.84,"{'4%': 0.06, '10%': 1.58, '21%': 5.8}",7.44,52.28,2024-06-16,30,pending,
FAC-2024-0000737,SO-2024-0000737,,CUST_D854DFCAF0B7,2024-05-17,77.71,"{'4%': 1.92, '10%': 1.53, '21%': 3.04}",6.49,84.2,2024-06-01,15,pending,
FAC-2024-0000738,SO-2024-0000738,ALB-2024-0000481,CUST_697C87FA841A,2024-05-19,15.62,"{'4%': 0.0, '10%': 1.56, '21%': 0.0}",1.56,17.18,2024-05-19,0,paid,2024-05-20
FAC-2024-0000739,SO-2024-0000739,ALB-2024-0000482,CUST_7F29BEC39A37,2024-05-21,57.79,"{'4%': 0.88, '10%': 1.78, '21%': 3.79}",6.45,64.24,2024-05-21,0,paid,2024-05-22
FAC-2024-0000740,SO-2024-0000740,ALB-2024-0000483,CUST_9C2EEA4E3617,2024-05-19,59.34,"{'4%': 0.5, '10%': 1.86, '21%': 5.92}",8.28,67.62,2024-05-19,0,paid,2024-05-19
FAC-2024-0000741,SO-2024-0000741,,CUST_49A2F7E8F8E5,2024-05-17,22.56,"{'4%': 0.08, '10%': 1.02, '21%': 2.16}",3.26,25.82,2024-05-17,0,paid,2024-05-17
FAC-2024-0000742,SO-2024-0000742,ALB-2024-0000484,CUST_FBA6CDBCC653,2024-05-19,74.64,"{'4%': 0.12, '10%': 4.02, '21%': 6.58}",10.72,85.36,2024-06-03,15,pending,
FAC-2024-0000743,SO-2024-0000743,ALB-2024-0000485,CUST_51B11B2EDEDB,2024-05-21,13.5,"{'4%': 0.12, '10%': 0.87, '21%': 0.35}",1.34,14.84,2024-05-21,0,paid,2024-05-21
FAC-2024-0000744,SO-2024-0000744,ALB-2024-0000486,CUST_25E98D7248E2,2024-05-21,56.12,"{'4%': 0.39, '10%': 1.08, '21%': 7.47}",8.94,65.06,2024-05-21,0,paid,2024-05-22
FAC-2024-0000745,SO-2024-0000745,ALB-2024-0000487,CUST_7DE36694C343,2024-05-22,15.51,"{'4%': 0.0, '10%': 0.32, '21%': 2.59}",2.91,18.42,2024-05-22,0,paid,2024-05-23
FAC-2024-0000746,SO-2024-0000746,ALB-2024-0000488,CUST_A2119FD34579,2024-05-21,89.27,"{'4%': 0.76, '10%': 5.41, '21%': 3.38}",9.55,98.82,2024-05-21,0,paid,2024-05-22
FAC-2024-0000747,SO-2024-0000747,ALB-2024-0000489,CUST_A383DB2C6AC8,2024-05-22,8.65,"{'4%': 0.0, '10%': 0.27, '21%': 1.25}",1.52,10.17,2024-05-22,0,paid,2024-05-23
FAC-2024-0000748,SO-2024-0000748,ALB-2024-0000490,CUST_8962929C93B3,2024-05-21,31.86,"{'4%': 0.52, '10%': 1.36, '21%': 1.1}",2.98,34.84,2024-06-05,15,pending,
FAC-2024-0000749,SO-2024-0000749,ALB-2024-0000491,CUST_6FFFB2DC6C34,2024-05-21,76.15,"{'4%': 1.6, '10%': 3.18, '21%': 0.89}",5.67,81.82,2024-05-21,0,paid,2024-05-21
FAC-2024-0000750,SO-2024-0000750,ALB-2024-0000492,CUST_9F6ABD54DA04,2024-05-20,42.25,"{'4%': 0.12, '10%': 1.49, '21%': 5.1}",6.71,48.96,2024-05-20,0,paid,2024-05-20
FAC-2024-0000751,SO-2024-0000751,ALB-2024-0000493,CUST_90CEE9A53368,2024-05-21,66.43,"{'4%': 0.22, '10%': 3.39, '21%': 5.71}",9.32,75.75,2024-05-21,0,paid,2024-05-22
FAC-2024-0000752,SO-2024-0000752,ALB-2024-0000494,CUST_FB8FD8B48EAD,2024-05-20,58.51,"{'4%': 0.0, '10%': 4.35, '21%': 3.16}",7.51,66.02,2024-06-04,15,pending,
FAC-2024-0000753,SO-2024-0000753,ALB-2024-0000495,CUST_0E61171B1B80,2024-05-19,18.47,"{'4%': 0.59, '10%': 0.0, '21%': 0.77}",1.36,19.83,2024-05-19,0,paid,2024-05-20
FAC-2024-0000754,SO-2024-0000754,ALB-2024-0000496,CUST_42D951976E75,2024-05-19,26.64,"{'4%': 0.22, '10%': 0.88, '21%': 2.6}",3.7,30.34,2024-05-19,0,paid,2024-05-19
FAC-2024-0000755,SO-2024-0000755,,CUST_501B5EE68495,2024-05-20,19.54,"{'4%': 0.08, '10%': 0.67, '21%': 2.27}",3.02,22.56,2024-06-04,15,pending,
FAC-2024-0000756,SO-2024-0000756,ALB-2024-0000497,CUST_32735373BF4D,2024-05-23,101.4,"{'4%': 0.14, '10%': 7.09, '21%': 5.69}",12.92,114.32,2024-05-23,0,paid,2024-05-23
FAC-2024-0000757,SO-2024-0000757,ALB-2024-0000498,CUST_42D951976E75,2024-05-21,31.94,"{'4%': 0.0, '10%': 2.93, '21%': 0.56}",3.49,35.43,2024-05-21,0,paid,2024-05-22
FAC-2024-0000758,SO-2024-0000758,,CUST_6DAA8861FE18,2024-05-21,9.11,"{'4%': 0.13, '10%': 0.48, '21%': 0.21}",0.82,9.93,2024-05-21,0,paid,2024-05-21
FAC-2024-0000759,SO-2024-0000759,ALB-2024-0000499,CUST_E8DD1712FB16,2024-05-24,26.39,"{'4%': 0.0, '10%': 2.5, '21%': 0.29}",2.79,29.18,2024-05-24,0,paid,2024-05-24
FAC-2024-0000760,SO-2024-0000760,ALB-2024-0000500,CUST_93D551A3AC26,2024-05-23,75.04,"{'4%': 1.13, '10%': 1.83, '21%': 5.97}",8.93,83.97,2024-06-07,15,pending,
FAC-2024-0000761,SO-2024-0000761,,CUST_1A57C5F8E2F8,2024-05-21,58.82,"{'4%': 1.14, '10%': 2.7, '21%': 0.71}",4.55,63.37,2024-05-21,0,paid,2024-05-21
FAC-2024-0000762,SO-2024-0000762,,CUST_30B1310C0C00,2024-05-22,126.25,"{'4%': 0.13, '10%': 10.73, '21%': 3.29}",14.15,140.4,2024-05-22,0,paid,2024-05-23
FAC-2024-0000763,SO-2024-0000763,,CUST_E8DD1712FB16,2024-05-22,18.5,"{'4%': 0.43, '10%': 0.0, '21%': 1.63}",2.06,20.56,2024-05-22,0,paid,2024-05-22
FAC-2024-0000764,SO-2024-0000764,ALB-2024-0000501,CUST_04AA5CA0C428,2024-05-25,90.65,"{'4%': 0.49, '10%': 4.16, '21%': 7.73}",12.38,103.03,2024-06-24,30,pending,
FAC-2024-0000765,SO-2024-0000765,,CUST_8E038E969227,2024-05-22,81.62,"{'4%': 0.09, '10%': 5.08, '21%': 6.02}",11.19,92.81,2024-05-22,0,paid,2024-05-22
FAC-2024-0000766,SO-2024-0000766,,CUST_90CEE9A53368,2024-05-22,82.35,"{'4%': 0.08, '10%': 7.32, '21%': 1.5}",8.9,91.25,2024-05-22,0,paid,2024-05-22
FAC-2024-0000767,SO-2024-0000767,ALB-2024-0000502,CUST_655243FF5011,2024-05-27,69.45,"{'4%': 0.09, '10%': 4.23, '21%': 5.24}",9.56,79.01,2024-05-27,0,paid,2024-05-27
FAC-2024-0000768,SO-2024-0000768,,CUST_4D71B41B3143,2024-05-23,22.58,"{'4%': 0.46, '10%': 0.3, '21%': 1.72}",2.48,25.06,2024-05-23,0,paid,2024-05-23
FAC-2024-0000769,SO-2024-0000769,ALB-2024-0000503,CUST_966BFCD6BDCA,2024-05-25,53.88,"{'4%': 0.81, '10%': 1.47, '21%': 4.0}",6.28,60.16,2024-05-25,0,paid,2024-05-25
FAC-2024-0000770,SO-2024-0000770,ALB-2024-0000504,CUST_DD920DB977A9,2024-05-24,28.55,"{'4%': 0.24, '10%': 0.8, '21%': 3.07}",4.11,32.66,2024-05-24,0,paid,2024-05-24
FAC-2024-0000771,SO-2024-0000771,ALB-2024-0000505,CUST_6FFFB2DC6C34,2024-05-26,57.55,"{'4%': 0.03, '10%': 3.83, '21%': 3.86}",7.72,65.27,2024-05-26,0,paid,2024-05-27
FAC-2024-0000772,SO-2024-0000772,ALB-2024-0000506,CUST_B27B68C690B2,2024-05-25,71.26,"{'4%': 1.71, '10%': 1.88, '21%': 2.03}",5.62,76.88,2024-05-25,0,paid,2024-05-26
FAC-2024-0000773,SO-2024-0000773,,CUST_655243FF5011,2024-05-24,60.86,"{'4%': 0.13, '10%': 3.93, '21%': 3.87}",7.93,68.79,2024-05-24,0,paid,2024-05-24
FAC-2024-0000774,SO-2024-0000774,ALB-2024-0000507,CUST_6DAA8861FE18,2024-05-27,10.34,"{'4%': 0.26, '10%': 0.22, '21%': 0.37}",0.85,11.19,2024-05-27,0,paid,2024-05-28
FAC-2024-0000775,SO-2024-0000775,ALB-2024-0000508,CUST_A9AB1777E8CB,2024-05-28,16.58,"{'4%': 0.0, '10%': 0.88, '21%': 1.63}",2.51,19.09,2024-05-28,0,paid,2024-05-28
FAC-2024-0000776,SO-2024-0000776,ALB-2024-0000509,CUST_AE5E72EB7474,2024-05-28,35.9,"{'4%': 0.43, '10%': 0.66, '21%': 3.89}",4.98,40.88,2024-05-28,0,paid,2024-05-29
FAC-2024-0000777,SO-2024-0000777,ALB-2024-0000510,CUST_51B11B2EDEDB,2024-05-26,48.36,"{'4%': 0.0, '10%': 4.84, '21%': 0.0}",4.84,53.2,2024-05-26,0,paid,2024-05-26
FAC-2024-0000778,SO-2024-0000778,,CUST_66C18255DA61,2024-05-24,29.49,"{'4%': 0.07, '10%': 1.83, '21%': 1.97}",3.87,33.36,2024-05-24,0,paid,2024-05-24
FAC-2024-0000779,SO-2024-0000779,ALB-2024-0000511,CUST_12B2940C3503,2024-05-28,39.62,"{'4%': 0.65, '10%': 1.47, '21%': 1.84}",3.96,43.58,2024-05-28,0,paid,2024-05-28
FAC-2024-0000780,SO-2024-0000780,ALB-2024-0000512,CUST_B86623D4526B,2024-05-26,75.44,"{'4%': 0.66, '10%': 0.91, '21%': 10.5}",12.07,87.51,2024-06-10,15,pending,
FAC-2024-0000781,SO-2024-0000781,ALB-2024-0000513,CUST_90CEE9A53368,2024-05-27,62.89,"{'4%': 0.92, '10%': 1.0, '21%': 6.3}",8.22,71.11,2024-05-27,0,paid,2024-05-27
FAC-2024-0000782,SO-2024-0000782,ALB-2024-0000514,CUST_0E61171B1B80,2024-05-27,19.92,"{'4%': 0.21, '10%': 0.63, '21%': 1.73}",2.57,22.49,2024-05-27,0,paid,2024-05-27
FAC-2024-0000783,SO-2024-0000783,ALB-2024-0000515,CUST_8A0B36D8393A,2024-05-28,105.79,"{'4%': 1.97, '10%': 3.34, '21%': 4.83}",10.14,115.93,2024-06-12,15,pending,
FAC-2024-0000784,SO-2024-0000784,,CUST_45F52E2FBF77,2024-05-25,24.84,"{'4%': 0.19, '10%': 0.0, '21%': 4.19}",4.38,29.22,2024-06-09,15,pending,
FAC-2024-0000785,SO-2024-0000785,,CUST_51B11B2EDEDB,2024-05-25,13.33,"{'4%': 0.07, '10%': 0.61, '21%': 1.15}",1.83,15.16,2024-05-25,0,paid,2024-05-26
FAC-2024-0000786,SO-2024-0000786,ALB-2024-0000516,CUST_9D9D1BF645F6,2024-05-28,38.49,"{'4%': 0.0, '10%': 1.99, '21%': 3.9}",5.89,44.38,2024-05-28,0,paid,2024-05-28
FAC-2024-0000787,SO-2024-0000787,ALB-2024-0000517,CUST_5EFED8DDBBC0,2024-05-29,98.35,"{'4%': 1.0, '10%': 4.84, '21%': 5.23}",11.07,109.42,2024-06-13,15,pending,
FAC-2024-0000788,SO-2024-0000788,ALB-2024-0000518,CUST_9A6C52171C88,2024-05-26,34.71,"{'4%': 0.0, '10%': 0.0, '21%': 7.29}",7.29,42.0,2024-05-26,0,paid,2024-05-27
FAC-2024-0000789,SO-2024-0000789,,CUST_35AD43E4F668,2024-05-25,46.08,"{'4%': 0.81, '10%': 0.16, '21%': 5.1}",6.07,52.15,2024-05-25,0,paid,2024-05-25
FAC-2024-0000790,SO-2024-0000790,,CUST_F4E7A4540937,2024-05-27,40.56,"{'4%': 0.4, '10%': 1.66, '21%': 2.96}",5.02,45.58,2024-06-11,15,pending,
FAC-2024-0000791,SO-2024-0000791,ALB-2024-0000519,CUST_B86623D4526B,2024-06-01,59.58,"{'4%': 1.56, '10%': 0.0, '21%': 4.31}",5.87,65.45,2024-06-16,15,pending,
FAC-2024-0000792,SO-2024-0000792,,CUST_1A57C5F8E2F8,2024-05-27,48.74,"{'4%': 0.6, '10%': 2.35, '21%': 2.18}",5.13,53.87,2024-05-27,0,paid,2024-05-27
FAC-2024-0000793,SO-2024-0000793,ALB-2024-0000520,CUST_AB7FCD5F4822,2024-05-30,22.51,"{'4%': 0.31, '10%': 0.36, '21%': 2.34}",3.01,25.52,2024-05-30,0,paid,2024-05-30
FAC-2024-0000794,SO-2024-0000794,,CUST_BE05965BEFDF,2024-05-28,35.47,"{'4%': 0.25, '10%': 1.74, '21%': 2.46}",4.45,39.92,2024-05-28,0,paid,2024-05-29
FAC-2024-0000795,SO-2024-0000795,,CUST_45F52E2FBF77,2024-05-28,33.36,"{'4%': 0.53, '10%': 0.88, '21%': 2.36}",3.77,37.13,2024-06-12,15,pending,
FAC-2024-0000796,SO-2024-0000796,ALB-2024-0000521,CUST_12B2940C3503,2024-05-31,47.29,"{'4%': 1.69, '10%': 0.0, '21%': 1.04}",2.73,50.02,2024-05-31,0,paid,2024-05-31
FAC-2024-0000797,SO-2024-0000797,,CUST_B241519894D8,2024-05-28,24.18,"{'4%': 0.61, '10%': 0.89, '21%': 0.0}",1.5,25.68,2024-05-28,0,paid,2024-05-29
FAC-2024-0000798,SO-2024-0000798,ALB-2024-0000522,CUST_D7F3C2EFEECB,2024-06-04,20.58,"{'4%': 0.06, '10%': 1.2, '21%': 1.51}",2.77,23.35,2024-06-04,0,paid,2024-06-05
FAC-2024-0000799,SO-2024-0000799,ALB-2024-0000523,CUST_002C74DE5F70,2024-05-31,135.48,"{'4%': 3.9, '10%': 2.07, '21%': 3.63}",9.6,145.08,2024-06-15,15,pending,
FAC-2024-0000800,SO-2024-0000800,,CUST_623225074181,2024-05-29,60.64,"{'4%': 0.14, '10%': 3.07, '21%': 5.54}",8.75,69.39,2024-05-29,0,paid,2024-05-29
FAC-2024-0000801,SO-2024-0000801,,CUST_98159D713084,2024-05-29,140.42,"{'4%': 5.4, '10%': 0.53, '21%': 0.0}",5.93,146.35,2024-05-29,0,paid,2024-05-29
FAC-2024-0000802,SO-2024-0000802,,CUST_EADA4970ED9A,2024-05-29,80.2,"{'4%': 1.37, '10%': 3.79, '21%': 1.71}",6.87,87.07,2024-06-13,15,pending,
FAC-2024-0000803,SO-2024-0000803,,CUST_A383DB2C6AC8,2024-05-29,11.52,"{'4%': 0.0, '10%': 0.63, '21%': 1.1}",1.73,13.25,2024-05-29,0,paid,2024-05-29
FAC-2024-0000804,SO-2024-0000804,ALB-2024-0000524,CUST_5C0BA757CB10,2024-06-01,95.05,"{'4%': 3.8, '10%': 0.0, '21%': 0.0}",3.8,98.85,2024-06-01,0,paid,2024-06-02
FAC-2024-0000805,SO-2024-0000805,,CUST_A3010E5D8C6A,2024-05-29,99.86,"{'4%': 1.47, '10%': 3.63, '21%': 5.62}",10.72,110.58,2024-05-29,0,paid,2024-05-30
FAC-2024-0000806,SO-2024-0000806,ALB-2024-0000525,CUST_89EC98CBAA52,2024-05-30,32.66,"{'4%': 0.05, '10%': 0.74, '21%': 5.04}",5.83,38.49,2024-05-30,0,paid,2024-05-30
FAC-2024-0000807,SO-2024-0000807,ALB-2024-0000526,CUST_34871A9C672A,2024-06-04,15.78,"{'4%': 0.0, '10%': 0.11, '21%': 3.07}",3.18,18.96,2024-06-04,0,paid,2024-06-05
FAC-2024-0000808,SO-2024-0000808,ALB-2024-0000527,CUST_697C87FA841A,2024-06-02,50.45,"{'4%': 0.0, '10%': 5.05, '21%': 0.0}",5.05,55.5,2024-06-02,0,paid,2024-06-02
FAC-2024-0000809,SO-2024-0000809,,CUST_4EFCE10B1A47,2024-05-30,155.82,"{'4%': 2.8, '10%': 6.19, '21%': 5.01}",14.0,169.82,2024-06-14,15,pending,
FAC-2024-0000810,SO-2024-0000810,,CUST_92CF1F33242D,2024-05-30,59.94,"{'4%': 1.51, '10%': 1.84, '21%': 0.77}",4.12,64.06,2024-06-14,15,pending,
FAC-2024-0000811,SO-2024-0000811,ALB-2024-0000528,CUST_F6D2AEC76A82,2024-06-03,21.45,"{'4%': 0.31, '10%': 0.76, '21%': 1.3}",2.37,23.82,2024-06-03,0,paid,2024-06-04
FAC-2024-0000812,SO-2024-0000812,,CUST_8E038E969227,2024-05-30,74.59,"{'4%': 0.05, '10%': 5.83, '21%': 3.15}",9.03,83.62,2024-05-30,0,paid,2024-05-31
FAC-2024-0000813,SO-2024-0000813,ALB-2024-0000529,CUST_3D131E2C2E7D,2024-06-02,98.25,"{'4%': 0.97, '10%': 6.58, '21%': 1.71}",9.26,107.51,2024-06-02,0,paid,2024-06-03
FAC-2024-0000814,SO-2024-0000814,ALB-2024-0000530,CUST_0E61171B1B80,2024-06-01,12.86,"{'4%': 0.0, '10%': 0.6, '21%': 1.44}",2.04,14.9,2024-06-01,0,paid,2024-06-01
FAC-2024-0000815,SO-2024-0000815,,CUST_A9E2952E6ABB,2024-05-31,28.36,"{'4%': 0.1, '10%': 1.99, '21%': 1.25}",3.34,31.7,2024-05-31,0,paid,2024-05-31
FAC-2024-0000816,SO-2024-0000816,ALB-2024-0000531,CUST_A383DB2C6AC8,2024-06-03,13.45,"{'4%': 0.28, '10%': 0.0, '21%': 1.36}",1.64,15.09,2024-06-03,0,paid,2024-06-03
FAC-2024-0000817,SO-2024-0000817,ALB-2024-0000532,CUST_FFE3BF337A15,2024-06-03,27.31,"{'4%': 0.36, '10%': 1.62, '21%': 0.47}",2.45,29.76,2024-06-03,0,paid,2024-06-03
FAC-2024-0000818,SO-2024-0000818,ALB-2024-0000533,CUST_D37445712959,2024-06-02,70.77,"{'4%': 1.48, '10%': 3.34, '21%': 0.07}",4.89,75.66,2024-06-02,0,paid,2024-06-03
FAC-2024-0000819,SO-2024-0000819,ALB-2024-0000534,CUST_E709329FC417,2024-06-02,16.43,"{'4%': 0.1, '10%': 0.0, '21%': 2.93}",3.03,19.46,2024-06-02,0,paid,2024-06-03
FAC-2024-0000820,SO-2024-0000820,ALB-2024-0000535,CUST_9A3A6E3C4532,2024-06-04,14.96,"{'4%': 0.0, '10%': 0.0, '21%': 3.14}",3.14,18.1,2024-06-04,0,paid,2024-06-05
FAC-2024-0000821,SO-2024-0000821,ALB-2024-0000536,CUST_80BB6EC01269,2024-06-02,62.73,"{'4%': 0.0, '10%': 6.27, '21%': 0.0}",6.27,69.0,2024-06-17,15,pending,
FAC-2024-0000822,SO-2024-0000822,,CUST_51B11B2EDEDB,2024-06-01,29.27,"{'4%': 0.81, '10%': 0.45, '21%': 0.95}",2.21,31.48,2024-06-01,0,paid,2024-06-01
FAC-2024-0000823,SO-2024-0000823,,CUST_4EFCE10B1A47,2024-06-01,119.44,"{'4%': 1.67, '10%': 5.91, '21%': 3.91}",11.49,130.93,2024-06-16,15,pending,
FAC-2024-0000824,SO-2024-0000824,ALB-2024-0000537,CUST_1C0FAC7E937C,2024-06-04,135.85,"{'4%': 0.51, '10%': 8.94, '21%': 7.1}",16.55,152.4,2024-06-04,0,paid,2024-06-05
FAC-2024-0000825,SO-2024-0000825,ALB-2024-0000538,CUST_9EA931227592,2024-06-07,10.56,"{'4%': 0.27, '10%': 0.0, '21%': 0.83}",1.1,11.66,2024-06-07,0,paid,2024-06-07
FAC-2024-0000826,SO-2024-0000826,,CUST_D7F3C2EFEECB,2024-06-01,53.76,"{'4%': 0.0, '10%': 0.07, '21%': 11.14}",11.21,64.97,2024-06-01,0,paid,2024-06-02
FAC-2024-0000827,SO-2024-0000827,ALB-2024-0000539,CUST_002C74DE5F70,2024-06-06,53.15,"{'4%': 0.22, '10%': 1.56, '21%': 6.72}",8.5,61.65,2024-06-21,15,pending,
FAC-2024-0000828,SO-2024-0000828,ALB-2024-0000540,CUST_1CDC62C965B2,2024-06-05,144.11,"{'4%': 0.45, '10%': 7.33, '21%': 12.53}",20.31,164.42,2024-06-05,0,paid,2024-06-05
FAC-2024-0000829,SO-2024-0000829,,CUST_9DF29E825AAE,2024-06-01,49.78,"{'4%': 0.29, '10%': 3.45, '21%': 1.68}",5.42,55.2,2024-06-01,0,paid,2024-06-02
FAC-2024-0000830,SO-2024-0000830,ALB-2024-0000541,CUST_90CEE9A53368,2024-06-05,48.59,"{'4%': 0.68, '10%': 1.12, '21%': 4.28}",6.08,54.67,2024-06-05,0,paid,2024-06-06
FAC-2024-0000831,SO-2024-0000831,ALB-2024-0000542,CUST_4FA0F6F7F0CC,2024-06-07,52.73,"{'4%': 0.09, '10%': 4.96, '21%': 0.17}",5.22,57.95,2024-06-22,15,pending,
FAC-2024-0000832,SO-2024-0000832,,CUST_9A3A6E3C4532,2024-06-02,17.43,"{'4%': 0.15, '10%': 0.33, '21%': 2.21}",2.69,20.12,2024-06-02,0,paid,2024-06-03
FAC-2024-0000833,SO-2024-0000833,ALB-2024-0000543,CUST_1CDC62C965B2,2024-06-04,149.07,"{'4%': 1.9, '10%': 6.26, '21%': 8.17}",16.33,165.4,2024-06-04,0,paid,2024-06-04
FAC-2024-0000834,SO-2024-0000834,ALB-2024-0000544,CUST_92CA6DE59332,2024-06-07,44.54,"{'4%': 0.64, '10%': 1.22, '21%': 3.45}",5.31,49.85,2024-06-07,0,paid,2024-06-07
FAC-2024-0000835,SO-2024-0000835,,CUST_EADA4970ED9A,2024-06-03,128.74,"{'4%': 1.92, '10%': 6.08, '21%': 4.19}",12.19,140.93,2024-06-18,15,pending,
FAC-2024-0000836,SO-2024-0000836,,CUST_80BB6EC01269,2024-06-03,41.61,"{'4%': 0.63, '10%': 1.4, '21%': 2.51}",4.54,46.15,2024-06-18,15,pending,
FAC-2024-0000837,SO-2024-0000837,ALB-2024-0000545,CUST_A9AB1777E8CB,2024-06-06,15.05,"{'4%': 0.09, '10%': 0.89, '21%': 0.83}",1.81,16.86,2024-06-06,0,paid,2024-06-07
FAC-2024-0000838,SO-2024-0000838,ALB-2024-0000546,CUST_12B2940C3503,2024-06-09,68.36,"{'4%': 0.22, '10%': 5.35, '21%': 1.98}",7.55,75.91,2024-06-09,0,paid,2024-06-09
FAC-2024-0000839,SO-2024-0000839,ALB-2024-0000547,CUST_6FFFB2DC6C34,2024-06-06,43.73,"{'4%': 0.0, '10%': 3.71, '21%': 1.38}",5.09,48.82,2024-06-06,0,paid,2024-06-06
FAC-2024-0000840,SO-2024-0000840,,CUST_655243FF5011,2024-06-05,59.23,"{'4%': 0.18, '10%': 4.58, '21%': 1.86}",6.62,65.85,2024-06-05,0,paid,2024-06-05
FAC-2024-0000841,SO-2024-0000841,ALB-2024-0000548,CUST_5C0BA757CB10,2024-06-07,88.9,"{'4%': 0.08, '10%': 1.31, '21%': 15.5}",16.89,105.79,2024-06-07,0,paid,2024-06-08
FAC-2024-0000842,SO-2024-0000842,ALB-2024-0000549,CUST_592A7BA109D0,2024-06-08,64.65,"{'4%': 0.56, '10%': 2.03, '21%': 6.37}",8.96,73.61,2024-06-08,0,paid,2024-06-09
FAC-2024-0000843,SO-2024-0000843,,CUST_9DF29E825AAE,2024-06-05,59.31,"{'4%': 0.7, '10%': 3.22, '21%': 2.01}",5.93,65.24,2024-06-05,0,paid,2024-06-05
FAC-2024-0000844,SO-2024-0000844,ALB-2024-0000550,CUST_DD46475287AA,2024-06-09,52.43,"{'4%': 0.5, '10%': 3.93, '21%': 0.14}",4.57,57.0,2024-06-09,0,paid,2024-06-10
FAC-2024-0000845,SO-2024-0000845,ALB-2024-0000551,CUST_7DE36694C343,2024-06-10,19.03,"{'4%': 0.04, '10%': 1.26, '21%': 1.13}",2.43,21.46,2024-06-10,0,paid,2024-06-10
FAC-2024-0000846,SO-2024-0000846,,CUST_284C27D415B6,2024-06-06,104.35,"{'4%': 1.29, '10%': 4.5, '21%': 5.71}",11.5,115.85,2024-06-06,0,paid,2024-06-07
FAC-2024-0000847,SO-2024-0000847,,CUST_04AA5CA0C428,2024-06-06,106.08,"{'4%': 0.89, '10%': 4.59, '21%': 7.99}",13.47,119.55,2024-07-06,30,pending,
FAC-2024-0000848,SO-2024-0000848,,CUST_FFE3BF337A15,2024-06-06,48.82,"{'4%': 0.0, '10%': 4.56, '21%': 0.68}",5.24,54.06,2024-06-06,0,paid,2024-06-07
FAC-2024-0000849,SO-2024-0000849,,CUST_774F7316CE64,2024-06-06,101.94,"{'4%': 0.82, '10%': 6.98, '21%': 2.47}",10.27,112.21,2024-06-06,0,paid,2024-06-06
FAC-2024-0000850,SO-2024-0000850,ALB-2024-0000552,CUST_ABF3FEC21BBE,2024-06-09,14.84,"{'4%': 0.0, '10%': 0.83, '21%': 1.37}",2.2,17.04,2024-06-24,15,pending,
FAC-2024-0000851,SO-2024-0000851,,CUST_45F52E2FBF77,2024-06-07,28.29,"{'4%': 0.04, '10%': 0.68, '21%': 4.32}",5.04,33.33,2024-06-22,15,pending,
FAC-2024-0000852,SO-2024-0000852,,CUST_A9E2952E6ABB,2024-06-07,32.52,"{'4%': 0.14, '10%': 2.91, '21%': 0.0}",3.05,35.57,2024-06-07,0,paid,2024-06-07
FAC-2024-0000853,SO-2024-0000853,ALB-2024-0000553,CUST_04AA5CA0C428,2024-06-10,100.02,"{'4%': 0.32, '10%': 4.86, '21%': 9.12}",14.3,114.32,2024-07-10,30,pending,
FAC-2024-0000854,SO-2024-0000854,ALB-2024-0000554,CUST_EADA4970ED9A,2024-06-11,80.67,"{'4%': 0.5, '10%': 6.56, '21%': 0.51}",7.57,88.24,2024-06-26,15,pending,
FAC-2024-0000855,SO-2024-0000855,ALB-2024-0000555,CUST_07F8F3EA0184,2024-06-10,30.0,"{'4%': 0.18, '10%': 0.69, '21%': 3.9}",4.77,34.77,2024-06-10,0,paid,2024-06-11
FAC-2024-0000856,SO-2024-0000856,,CUST_FFE3BF337A15,2024-06-07,32.46,"{'4%': 0.32, '10%': 1.86, '21%': 1.25}",3.43,35.89,2024-06-07,0,paid,2024-06-07
FAC-2024-0000857,SO-2024-0000857,ALB-2024-0000556,CUST_6DAA8861FE18,2024-06-10,14.07,"{'4%': 0.13, '10%': 0.45, '21%': 1.34}",1.92,15.99,2024-06-10,0,paid,2024-06-11
FAC-2024-0000858,SO-2024-0000858,ALB-2024-0000557,CUST_7DE36694C343,2024-06-10,22.09,"{'4%': 0.0, '10%': 1.09, '21%': 2.34}",3.43,25.52,2024-06-10,0,paid,2024-06-10
FAC-2024-0000859,SO-2024-0000859,,CUST_A9E2952E6ABB,2024-06-08,66.75,"{'4%': 2.33, '10%': 0.56, '21%': 0.62}",3.51,70.26,2024-06-08,0,paid,2024-06-09
FAC-2024-0000860,SO-2024-0000860,ALB-2024-0000558,CUST_A383DB2C6AC8,2024-06-12,19.64,"{'4%': 0.0, '10%': 1.2, '21%': 1.6}",2.8,22.44,2024-06-12,0,paid,2024-06-12
FAC-2024-0000861,SO-2024-0000861,ALB-2024-0000559,CUST_255B7E3D5EE4,2024-06-09,99.7,"{'4%': 0.92, '10%': 6.01, '21%': 3.52}",10.45,110.15,2024-06-09,0,paid,2024-06-10
FAC-2024-0000862,SO-2024-0000862,,CUST_7A1036A2C52B,2024-06-08,107.44,"{'4%': 0.38, '10%': 7.67, '21%': 4.49}",12.54,119.98,2024-06-08,0,paid,2024-06-08
FAC-2024-0000863,SO-2024-0000863,ALB-2024-0000560,CUST_0E61171B1B80,2024-06-13,19.01,"{'4%': 0.65, '10%': 0.0, '21%': 0.59}",1.24,20.25,2024-06-13,0,paid,2024-06-14
FAC-2024-0000864,SO-2024-0000864,ALB-2024-0000561,CUST_FE89D9CB3540,2024-06-10,47.5,"{'4%': 0.7, '10%': 1.86, '21%': 2.39}",4.95,52.45,2024-06-10,0,paid,2024-06-10
FAC-2024-0000865,SO-2024-0000865,,CUST_9A3A6E3C4532,2024-06-09,17.96,"{'4%': 0.05, '10%': 1.67, '21%': 0.0}",1.72,19.68,2024-06-09,0,paid,2024-06-09
FAC-2024-0000866,SO-2024-0000866,ALB-2024-0000562,CUST_EFFA3040413C,2024-06-12,30.56,"{'4%': 0.07, '10%': 1.61, '21%': 2.65}",4.33,34.89,2024-06-12,0,paid,2024-06-13
FAC-2024-0000867,SO-2024-0000867,ALB-2024-0000563,CUST_BF3182BBAD84,2024-06-13,152.81,"{'4%': 3.92, '10%': 5.42, '21%': 0.15}",9.49,162.3,2024-06-13,0,paid,2024-06-14
FAC-2024-0000868,SO-2024-0000868,ALB-2024-0000564,CUST_C0D7095FFA81,2024-06-13,56.73,"{'4%': 0.33, '10%': 4.35, '21%': 1.03}",5.71,62.44,2024-06-13,0,paid,2024-06-13
FAC-2024-0000869,SO-2024-0000869,ALB-2024-0000565,CUST_92CF1F33242D,2024-06-14,67.74,"{'4%': 0.51, '10%': 2.21, '21%': 6.9}",9.62,77.36,2024-06-29,15,pending,
FAC-2024-0000870,SO-2024-0000870,,CUST_89EC98CBAA52,2024-06-11,46.95,"{'4%': 0.62, '10%': 0.64, '21%': 5.27}",6.53,53.48,2024-06-11,0,paid,2024-06-11
FAC-2024-0000871,SO-2024-0000871,ALB-2024-0000566,CUST_30B1310C0C00,2024-06-17,128.98,"{'4%': 1.91, '10%': 5.85, '21%': 4.74}",12.5,141.48,2024-06-17,0,paid,2024-06-18
FAC-2024-0000872,SO-2024-0000872,ALB-2024-0000567,CUST_9C100F6B40D0,2024-06-15,43.63,"{'4%': 0.0, '10%': 2.21, '21%': 4.53}",6.74,50.37,2024-06-15,0,paid,2024-06-15
FAC-2024-0000873,SO-2024-0000873,,CUST_A149F920264C,2024-06-13,103.48,"{'4%': 1.36, '10%': 5.38, '21%': 3.3}",10.04,113.52,2024-06-13,0,paid,2024-06-13
FAC-2024-0000874,SO-2024-0000874,ALB-2024-0000568,CUST_FBE9DBC080FD,2024-06-15,12.56,"{'4%': 0.0, '10%': 0.1, '21%': 2.44}",2.54,15.1,2024-06-15,0,paid,2024-06-15
FAC-2024-0000875,SO-2024-0000875,,CUST_98159D713084,2024-06-13,97.93,"{'4%': 0.0, '10%': 6.29, '21%': 7.37}",13.66,111.59,2024-06-13,0,paid,2024-06-13
FAC-2024-0000876,SO-2024-0000876,,CUST_CC393B5AE288,2024-06-13,113.32,"{'4%': 0.32, '10%': 9.22, '21%': 2.78}",12.32,125.64,2024-06-13,0,paid,2024-06-13
FAC-2024-0000877,SO-2024-0000877,ALB-2024-0000569,CUST_002C74DE5F70,2024-06-17,55.84,"{'4%': 0.04, '10%': 1.77, '21%': 7.83}",9.64,65.48,2024-07-02,15,pending,
FAC-2024-0000878,SO-2024-0000878,ALB-2024-0000570,CUST_ABF3FEC21BBE,2024-06-16,15.54,"{'4%': 0.0, '10%': 0.11, '21%': 3.03}",3.14,18.68,2024-07-01,15,pending,
FAC-2024-0000879,SO-2024-0000879,,CUST_DD46475287AA,2024-06-14,30.31,"{'4%': 0.4, '10%': 1.06, '21%': 2.03}",3.49,33.8,2024-06-14,0,paid,2024-06-15
FAC-2024-0000880,SO-2024-0000880,ALB-2024-0000571,CUST_585A7BFDCC12,2024-06-17,56.13,"{'4%': 0.08, '10%': 1.69, '21%': 7.8}",9.57,65.7,2024-06-17,0,paid,2024-06-18
FAC-2024-0000881,SO-2024-0000881,ALB-2024-0000572,CUST_49A2F7E8F8E5,2024-06-17,24.78,"{'4%': 0.36, '10%': 0.91, '21%': 1.41}",2.68,27.46,2024-06-17,0,paid,2024-06-17
FAC-2024-0000882,SO-2024-0000882,,CUST_CC393B5AE288,2024-06-14,127.02,"{'4%': 1.12, '10%': 7.81, '21%': 4.4}",13.33,140.35,2024-06-14,0,paid,2024-06-15
FAC-2024-0000883,SO-2024-0000883,,CUST_B27B68C690B2,2024-06-14,54.11,"{'4%': 0.3, '10%': 2.81, '21%': 3.88}",6.99,61.1,2024-06-14,0,paid,2024-06-15
FAC-2024-0000884,SO-2024-0000884,ALB-2024-0000573,CUST_ABF3FEC21BBE,2024-06-19,13.66,"{'4%': 0.0, '10%': 0.87, '21%': 1.04}",1.91,15.57,2024-07-04,15,pending,
FAC-2024-0000885,SO-2024-0000885,ALB-2024-0000574,CUST_8A0B36D8393A,2024-06-19,114.31,"{'4%': 2.32, '10%': 3.65, '21%': 4.18}",10.15,124.46,2024-07-04,15,pending,
FAC-2024-0000886,SO-2024-0000886,,CUST_008D610461E3,2024-06-15,73.21,"{'4%': 0.52, '10%': 0.98, '21%': 10.59}",12.09,85.3,2024-06-15,0,paid,2024-06-15
FAC-2024-0000887,SO-2024-0000887,ALB-2024-0000575,CUST_585A7BFDCC12,2024-06-18,54.8,"{'4%': 0.37, '10%': 0.89, '21%': 7.69}",8.95,63.75,2024-06-18,0,paid,2024-06-19
FAC-2024-0000888,SO-2024-0000888,ALB-2024-0000576,CUST_7F29BEC39A37,2024-06-18,44.49,"{'4%': 0.49, '10%': 1.74, '21%': 3.14}",5.37,49.86,2024-06-18,0,paid,2024-06-19
FAC-2024-0000889,SO-2024-0000889,ALB-2024-0000577,CUST_E8DD1712FB16,2024-06-17,26.66,"{'4%': 0.26, '10%': 1.1, '21%': 1.9}",3.26,29.92,2024-06-17,0,paid,2024-06-18
FAC-2024-0000890,SO-2024-0000890,ALB-2024-0000578,CUST_A41780A8A23D,2024-06-21,83.65,"{'4%': 1.0, '10%': 5.86, '21%': 0.0}",6.86,90.51,2024-06-21,0,paid,2024-06-21
FAC-2024-0000891,SO-2024-0000891,ALB-2024-0000579,CUST_5EFED8DDBBC0,2024-06-19,99.74,"{'4%': 0.48, '10%': 2.36, '21%': 13.5}",16.34,116.08,2024-07-04,15,pending,
FAC-2024-0000892,SO-2024-0000892,ALB-2024-0000580,CUST_1CDC62C965B2,2024-06-18,122.1,"{'4%': 1.69, '10%': 6.37, '21%': 3.39}",11.45,133.55,2024-06-18,0,paid,2024-06-19
FAC-2024-0000893,SO-2024-0000893,ALB-2024-0000581,CUST_34871A9C672A,2024-06-20,42.47,"{'4%': 0.0, '10%': 4.25, '21%': 0.0}",4.25,46.72,2024-06-20,0,paid,2024-06-21
FAC-2024-0000894,SO-2024-0000894,,CUST_562819DD3E8C,2024-06-15,48.49,"{'4%': 1.59, '10%': 0.38, '21%': 1.04}",3.01,51.5,2024-07-15,30,pending,
FAC-2024-0000895,SO-2024-0000895,,CUST_D854DFCAF0B7,2024-06-17,95.38,"{'4%': 2.3, '10%': 3.25, '21%': 1.15}",6.7,102.08,2024-07-02,15,pending,
FAC-2024-0000896,SO-2024-0000896,ALB-2024-0000582,CUST_C4F97630A8A7,2024-06-20,43.86,"{'4%': 0.83, '10%': 1.27, '21%': 2.17}",4.27,48.13,2024-06-20,0,paid,2024-06-21
FAC-2024-0000897,SO-2024-0000897,,CUST_9A3A6E3C4532,2024-06-17,24.07,"{'4%': 0.0, '10%': 0.0, '21%': 5.05}",5.05,29.12,2024-06-17,0,paid,2024-06-18
FAC-2024-0000898,SO-2024-0000898,,CUST_1A57C5F8E2F8,2024-06-17,40.2,"{'4%': 0.49, '10%': 0.71, '21%': 4.4}",5.6,45.8,2024-06-17,0,paid,2024-06-17
FAC-2024-0000899,SO-2024-0000899,,CUST_008D610461E3,2024-06-18,62.37,"{'4%': 0.87, '10%': 1.33, '21%': 5.75}",7.95,70.32,2024-06-18,0,paid,2024-06-19
FAC-2024-0000900,SO-2024-0000900,ALB-2024-0000583,CUST_95D8FF37D19C,2024-06-23,103.2,"{'4%': 0.52, '10%': 6.39, '21%': 5.54}",12.45,115.65,2024-06-23,0,paid,2024-06-24
FAC-2024-0000901,SO-2024-0000901,ALB-2024-0000584,CUST_623225074181,2024-06-23,97.74,"{'4%': 0.29, '10%': 4.79, '21%': 8.91}",13.99,111.73,2024-06-23,0,paid,2024-06-24
FAC-2024-0000902,SO-2024-0000902,ALB-2024-0000585,CUST_978613281726,2024-06-20,70.73,"{'4%': 0.67, '10%': 2.44, '21%': 6.24}",9.35,80.08,2024-06-20,0,paid,2024-06-20
FAC-2024-0000903,SO-2024-0000903,ALB-2024-0000586,CUST_655243FF5011,2024-06-22,53.24,"{'4%': 0.21, '10%': 3.41, '21%': 2.94}",6.56,59.8,2024-06-22,0,paid,2024-06-23
FAC-2024-0000904,SO-2024-0000904,,CUST_4D71B41B3143,2024-06-19,26.55,"{'4%': 0.25, '10%': 0.9, '21%': 2.36}",3.51,30.06,2024-06-19,0,paid,2024-06-20
FAC-2024-0000905,SO-2024-0000905,ALB-2024-0000587,CUST_4BB0B27C4026,2024-06-23,23.92,"{'4%': 0.29, '10%': 1.54, '21%': 0.27}",2.1,26.02,2024-06-23,0,paid,2024-06-23
FAC-2024-0000906,SO-2024-0000906,ALB-2024-0000588,CUST_9C100F6B40D0,2024-06-21,26.84,"{'4%': 0.08, '10%': 0.51, '21%': 4.13}",4.72,31.56,2024-06-21,0,paid,2024-06-21
FAC-2024-0000907,SO-2024-0000907,ALB-2024-0000589,CUST_45F52E2FBF77,2024-06-21,33.13,"{'4%': 0.0, '10%': 0.0, '21%': 6.96}",6.96,40.09,2024-07-06,15,pending,
FAC-2024-0000908,SO-2024-0000908,,CUST_66C18255DA61,2024-06-19,35.5,"{'4%': 0.41, '10%': 1.42, '21%': 2.33}",4.16,39.66,2024-06-19,0,paid,2024-06-20
FAC-2024-0000909,SO-2024-0000909,,CUST_9A6C52171C88,2024-06-19,41.09,"{'4%': 0.71, '10%': 1.4, '21%': 1.96}",4.07,45.16,2024-06-19,0,paid,2024-06-19
FAC-2024-0000910,SO-2024-0000910,ALB-2024-0000590,CUST_7DE36694C343,2024-06-23,13.46,"{'4%': 0.0, '10%': 0.47, '21%': 1.83}",2.3,15.76,2024-06-23,0,paid,2024-06-24
FAC-2024-0000911,SO-2024-0000911,,CUST_58F0AAF78C67,2024-06-20,69.86,"{'4%': 0.45, '10%': 2.27, '21%': 7.51}",10.23,80.09,2024-06-20,0,paid,2024-06-20
FAC-2024-0000912,SO-2024-0000912,ALB-2024-0000591,CUST_9EA931227592,2024-06-23,11.69,"{'4%': 0.13, '10%': 0.83, '21%': 0.0}",0.96,12.65,2024-06-23,0,paid,2024-06-24
FAC-2024-0000913,SO-2024-0000913,,CUST_45F52E2FBF77,2024-06-21,31.61,"{'4%': 0.24, '10%': 0.22, '21%': 4.9}",5.36,36.97,2024-07-06,15,pending,
FAC-2024-0000914,SO-2024-0000914,ALB-2024-0000592,CUST_F4E7A4540937,2024-06-22,51.2,"{'4%': 0.24, '10%': 0.18, '21%': 9.14}",9.56,60.76,2024-07-07,15,pending,
FAC-2024-0000915,SO-2024-0000915,,CUST_92CF1F33242D,2024-06-21,39.6,"{'4%': 0.92, '10%': 1.5, '21%': 0.33}",2.75,42.35,2024-07-06,15,pending,
FAC-2024-0000916,SO-2024-0000916,ALB-2024-0000593,CUST_EFFA3040413C,2024-06-23,32.63,"{'4%': 0.1, '10%': 0.68, '21%': 4.88}",5.66,38.29,2024-06-23,0,paid,2024-06-24
FAC-2024-0000917,SO-2024-0000917,ALB-2024-0000594,CUST_5EFED8DDBBC0,2024-06-24,69.72,"{'4%': 0.68, '10%': 2.1, '21%': 6.65}",9.43,79.15,2024-07-09,15,pending,
FAC-2024-0000918,SO-2024-0000918,,CUST_A3010E5D8C6A,2024-06-21,90.85,"{'4%': 0.7, '10%': 6.32, '21%': 2.1}",9.12,99.97,2024-06-21,0,paid,2024-06-21
FAC-2024-0000919,SO-2024-0000919,ALB-2024-0000595,CUST_9A6C52171C88,2024-06-25,84.27,"{'4%': 0.0, '10%': 6.06, '21%': 4.97}",11.03,95.3,2024-06-25,0,paid,2024-06-26
FAC-2024-0000920,SO-2024-0000920,ALB-2024-0000596,CUST_89EC98CBAA52,2024-06-22,31.08,"{'4%': 0.04, '10%': 1.26, '21%': 3.68}",4.98,36.06,2024-06-22,0,paid,2024-06-22
FAC-2024-0000921,SO-2024-0000921,,CUST_624FBAE1E137,2024-06-21,56.26,"{'4%': 0.45, '10%': 2.57, '21%': 4.05}",7.07,63.33,2024-06-21,0,paid,2024-06-22
FAC-2024-0000922,SO-2024-0000922,ALB-2024-0000597,CUST_34871A9C672A,2024-06-27,14.75,"{'4%': 0.0, '10%': 0.0, '21%': 3.1}",3.1,17.85,2024-06-27,0,paid,2024-06-27
FAC-2024-0000923,SO-2024-0000923,ALB-2024-0000598,CUST_A9AB1777E8CB,2024-06-25,13.8,"{'4%': 0.0, '10%': 1.07, '21%': 0.65}",1.72,15.52,2024-06-25,0,paid,2024-06-25
FAC-2024-0000924,SO-2024-0000924,ALB-2024-0000599,CUST_A2119FD34579,2024-06-25,61.4,"{'4%': 1.0, '10%': 3.64, '21%': 0.0}",4.64,66.04,2024-06-25,0,paid,2024-06-26
FAC-2024-0000925,SO-2024-0000925,ALB-2024-0000600,CUST_A9E2952E6ABB,2024-06-23,30.19,"{'4%': 0.36, '10%': 1.34, '21%': 1.65}",3.35,33.54,2024-06-23,0,paid,2024-06-24
FAC-2024-0000926,SO-2024-0000926,ALB-2024-0000601,CUST_FD03C9525185,2024-06-27,10.28,"{'4%': 0.0, '10%': 1.03, '21%': 0.0}",1.03,11.31,2024-06-27,0,paid,2024-06-27
FAC-2024-0000927,SO-2024-0000927,ALB-2024-0000602,CUST_A87990422EB7,2024-06-25,51.05,"{'4%': 0.13, '10%': 2.14, '21%': 5.54}",7.81,58.86,2024-07-10,15,pending,
FAC-2024-0000928,SO-2024-0000928,,CUST_CC393B5AE288,2024-06-22,113.11,"{'4%': 0.61, '10%': 7.93, '21%': 3.89}",12.43,125.54,2024-06-22,0,paid,2024-06-22
FAC-2024-0000929,SO-2024-0000929,ALB-2024-0000603,CUST_D7F3C2EFEECB,2024-06-24,21.0,"{'4%': 0.38, '10%': 0.18, '21%': 2.06}",2.62,23.62,2024-06-24,0,paid,2024-06-25
FAC-2024-0000930,SO-2024-0000930,,CUST_E709329FC417,2024-06-22,26.83,"{'4%': 0.06, '10%': 1.98, '21%': 1.18}",3.22,30.05,2024-06-22,0,paid,2024-06-22
FAC-2024-0000931,SO-2024-0000931,ALB-2024-0000604,CUST_42D951976E75,2024-06-25,29.11,"{'4%': 0.12, '10%': 0.4, '21%': 4.63}",5.15,34.26,2024-06-25,0,paid,2024-06-26
FAC-2024-0000932,SO-2024-0000932,,CUST_B3EE5A104129,2024-06-23,29.45,"{'4%': 0.07, '10%': 2.0, '21%': 1.61}",3.68,33.13,2024-06-23,0,paid,2024-06-23
FAC-2024-0000933,SO-2024-0000933,ALB-2024-0000605,CUST_A383DB2C6AC8,2024-06-27,9.16,"{'4%': 0.0, '10%': 0.37, '21%': 1.15}",1.52,10.68,2024-06-27,0,paid,2024-06-28
FAC-2024-0000934,SO-2024-0000934,ALB-2024-0000606,CUST_AD23DC322C97,2024-06-28,97.22,"{'4%': 1.38, '10%': 2.38, '21%': 8.19}",11.95,109.17,2024-07-28,30,pending,
FAC-2024-0000935,SO-2024-0000935,ALB-2024-0000607,CUST_F96DBED63DA0,2024-06-26,44.35,"{'4%': 0.18, '10%': 1.29, '21%': 5.67}",7.14,51.49,2024-06-26,0,paid,2024-06-26
FAC-2024-0000936,SO-2024-0000936,,CUST_90CEE9A53368,2024-06-24,55.01,"{'4%': 0.59, '10%': 1.29, '21%': 5.75}",7.63,62.64,2024-06-24,0,paid,2024-06-24
FAC-2024-0000937,SO-2024-0000937,ALB-2024-0000608,CUST_A66F39669FA7,2024-06-27,22.47,"{'4%': 0.38, '10%': 0.94, '21%': 0.75}",2.07,24.54,2024-06-27,0,paid,2024-06-27
FAC-2024-0000938,SO-2024-0000938,ALB-2024-0000609,CUST_697C87FA841A,2024-06-27,12.4,"{'4%': 0.0, '10%': 0.0, '21%': 2.6}",2.6,15.0,2024-06-27,0,paid,2024-06-27
FAC-2024-0000939,SO-2024-0000939,ALB-2024-0000610,CUST_92CA6DE59332,2024-06-27,63.65,"{'4%': 0.48, '10%': 2.91, '21%': 4.73}",8.12,71.77,2024-06-27,0,paid,2024-06-27
FAC-2024-0000940,SO-2024-0000940,,CUST_A3010E5D8C6A,2024-06-25,104.11,"{'4%': 1.55, '10%': 3.15, '21%': 7.11}",11.81,115.92,2024-06-25,0,paid,2024-06-26
FAC-2024-0000941,SO-2024-0000941,,CUST_4D71B41B3143,2024-06-26,23.87,"{'4%': 0.07, '10%': 1.19, '21%': 2.18}",3.44,27.31,2024-06-26,0,paid,2024-06-27
FAC-2024-0000942,SO-2024-0000942,ALB-2024-0000611,CUST_73B61BEAF6AC,2024-06-30,67.88,"{'4%': 1.73, '10%': 2.46, '21%': 0.0}",4.19,72.07,2024-06-30,0,paid,2024-06-30
FAC-2024-0000943,SO-2024-0000943,ALB-2024-0000612,CUST_A9E2952E6ABB,2024-06-28,34.61,"{'4%': 0.03, '10%': 2.74, '21%': 1.34}",4.11,38.72,2024-06-28,0,paid,2024-06-29
FAC-2024-0000944,SO-2024-0000944,ALB-2024-0000613,CUST_9A3A6E3C4532,2024-06-28,17.73,"{'4%': 0.2, '10%': 0.47, '21%': 1.7}",2.37,20.1,2024-06-28,0,paid,2024-06-29
FAC-2024-0000945,SO-2024-0000945,ALB-2024-0000614,CUST_51B11B2EDEDB,2024-06-30,13.98,"{'4%': 0.08, '10%': 0.0, '21%': 2.53}",2.61,16.59,2024-06-30,0,paid,2024-06-30
FAC-2024-0000946,SO-2024-0000946,ALB-2024-0000615,CUST_C5A1AD05B912,2024-06-29,43.41,"{'4%': 0.47, '10%': 0.93, '21%': 4.7}",6.1,49.51,2024-06-29,0,paid,2024-06-30
FAC-2024-0000947,SO-2024-0000947,ALB-2024-0000616,CUST_F6D2AEC76A82,2024-07-02,20.49,"{'4%': 0.0, '10%': 1.73, '21%': 0.68}",2.41,22.9,2024-07-02,0,paid,2024-07-02
FAC-2024-0000948,SO-2024-0000948,,CUST_FFE3BF337A15,2024-06-27,34.33,"{'4%': 0.43, '10%': 2.23, '21%': 0.29}",2.95,37.28,2024-06-27,0,paid,2024-06-27
FAC-2024-0000949,SO-2024-0000949,ALB-2024-0000617,CUST_6FFFB2DC6C34,2024-06-30,60.22,"{'4%': 0.29, '10%': 5.2, '21%': 0.19}",5.68,65.9,2024-06-30,0,paid,2024-06-30
FAC-2024-0000950,SO-2024-0000950,ALB-2024-0000618,CUST_FB8FD8B48EAD,2024-06-30,41.01,"{'4%': 0.7, '10%': 1.7, '21%': 1.38}",3.78,44.79,2024-07-15,15,pending,
FAC-2024-0000951,SO-2024-0000951,ALB-2024-0000619,CUST_30B1310C0C00,2024-07-04,110.43,"{'4%': 1.21, '10%': 6.37, '21%': 3.48}",11.06,121.49,2024-07-04,0,paid,2024-07-04
FAC-2024-0000952,SO-2024-0000952,ALB-2024-0000620,CUST_25E98D7248E2,2024-06-29,87.56,"{'4%': 0.22, '10%': 7.34, '21%': 1.8}",9.36,96.92,2024-06-29,0,paid,2024-06-30
FAC-2024-0000953,SO-2024-0000953,ALB-2024-0000621,CUST_5C623A3C563E,2024-06-30,56.91,"{'4%': 0.62, '10%': 1.53, '21%': 5.5}",7.65,64.56,2024-06-30,0,paid,2024-06-30
FAC-2024-0000954,SO-2024-0000954,,CUST_A149F920264C,2024-06-28,92.13,"{'4%': 1.91, '10%': 4.13, '21%': 0.66}",6.7,98.83,2024-06-28,0,paid,2024-06-28
FAC-2024-0000955,SO-2024-0000955,ALB-2024-0000622,CUST_58F0AAF78C67,2024-07-02,81.63,"{'4%': 1.42, '10%': 4.43, '21%': 0.39}",6.24,87.87,2024-07-02,0,paid,2024-07-02
FAC-2024-0000956,SO-2024-0000956,ALB-2024-0000623,CUST_EFFA3040413C,2024-07-01,28.71,"{'4%': 0.35, '10%': 0.59, '21%': 2.95}",3.89,32.6,2024-07-01,0,paid,2024-07-02
FAC-2024-0000957,SO-2024-0000957,ALB-2024-0000624,CUST_93D551A3AC26,2024-06-30,87.15,"{'4%': 1.69, '10%': 2.58, '21%': 4.01}",8.28,95.43,2024-07-15,15,pending,
FAC-2024-0000958,SO-2024-0000958,ALB-2024-0000625,CUST_501B5EE68495,2024-07-04,22.01,"{'4%': 0.49, '10%': 0.64, '21%': 0.73}",1.86,23.87,2024-07-19,15,pending,
FAC-2024-0000959,SO-2024-0000959,,CUST_A3010E5D8C6A,2024-06-28,126.02,"{'4%': 3.28, '10%': 4.0, '21%': 0.83}",8.11,134.13,2024-06-28,0,paid,2024-06-28
FAC-2024-0000960,SO-2024-0000960,ALB-2024-0000626,CUST_BE1590CE77E9,2024-07-02,156.64,"{'4%': 0.92, '10%': 11.09, '21%': 4.75}",16.76,173.4,2024-07-02,0,paid,2024-07-02
FAC-2024-0000961,SO-2024-0000961,ALB-2024-0000627,CUST_978613281726,2024-07-01,69.1,"{'4%': 1.05, '10%': 1.8, '21%': 5.25}",8.1,77.2,2024-07-01,0,paid,2024-07-01
FAC-2024-0000962,SO-2024-0000962,ALB-2024-0000628,CUST_FE89D9CB3540,2024-07-01,59.45,"{'4%': 2.16, '10%': 0.48, '21%': 0.14}",2.78,62.23,2024-07-01,0,paid,2024-07-02
FAC-2024-0000963,SO-2024-0000963,,CUST_4D71B41B3143,2024-06-29,25.18,"{'4%': 0.47, '10%': 0.77, '21%': 1.18}",2.42,27.6,2024-06-29,0,paid,2024-06-29
FAC-2024-0000964,SO-2024-0000964,ALB-2024-0000629,CUST_1DAD52C21221,2024-07-01,105.89,"{'4%': 3.06, '10%': 2.47, '21%': 0.97}",6.5,112.39,2024-07-01,0,paid,2024-07-02
FAC-2024-0000965,SO-2024-0000965,ALB-2024-0000630,CUST_9C2EEA4E3617,2024-07-01,49.95,"{'4%': 0.34, '10%': 3.62, '21%': 1.08}",5.04,54.99,2024-07-01,0,paid,2024-07-01
FAC-2024-0000966,SO-2024-0000966,ALB-2024-0000631,CUST_BE05965BEFDF,2024-07-01,42.58,"{'4%': 0.78, '10%': 1.37, '21%': 1.97}",4.12,46.7,2024-07-01,0,paid,2024-07-02
FAC-2024-0000967,SO-2024-0000967,,CUST_98159D713084,2024-06-29,129.44,"{'4%': 3.66, '10%': 3.79, '21%': 0.0}",7.45,136.89,2024-06-29,0,paid,2024-06-29
FAC-2024-0000968,SO-2024-0000968,ALB-2024-0000632,CUST_80BB6EC01269,2024-07-02,47.12,"{'4%': 0.09, '10%': 0.66, '21%': 8.02}",8.77,55.89,2024-07-17,15,pending,
FAC-2024-0000969,SO-2024-0000969,ALB-2024-0000633,CUST_9E2A0F79A8A7,2024-07-01,103.77,"{'4%': 3.04, '10%': 1.49, '21%': 2.69}",7.22,110.99,2024-07-01,0,paid,2024-07-02
FAC-2024-0000970,SO-2024-0000970,ALB-2024-0000634,CUST_624FBAE1E137,2024-07-02,65.11,"{'4%': 0.21, '10%': 1.72, '21%': 8.95}",10.88,75.99,2024-07-02,0,paid,2024-07-03
FAC-2024-0000971,SO-2024-0000971,,CUST_34871A9C672A,2024-06-29,19.1,"{'4%': 0.45, '10%': 0.7, '21%': 0.15}",1.3,20.4,2024-06-29,0,paid,2024-06-30
FAC-2024-0000972,SO-2024-0000972,,CUST_9DF29E825AAE,2024-06-29,57.25,"{'4%': 1.23, '10%': 1.77, '21%': 1.84}",4.84,62.09,2024-06-29,0,paid,2024-06-30
FAC-2024-0000973,SO-2024-0000973,ALB-2024-0000635,CUST_FB8FD8B48EAD,2024-06-30,57.04,"{'4%': 1.57, '10%': 0.0, '21%': 3.74}",5.31,62.35,2024-07-15,15,pending,
FAC-2024-0000974,SO-2024-0000974,ALB-2024-0000636,CUST_697C87FA841A,2024-07-06,21.25,"{'4%': 0.0, '10%': 1.79, '21%': 0.7}",2.49,23.74,2024-07-06,0,paid,2024-07-06
FAC-2024-0000975,SO-2024-0000975,ALB-2024-0000637,CUST_EADA4970ED9A,2024-07-04,96.34,"{'4%': 0.8, '10%': 6.32, '21%': 2.78}",9.9,106.24,2024-07-19,15,pending,
FAC-2024-0000976,SO-2024-0000976,ALB-2024-0000638,CUST_774F7316CE64,2024-07-03,73.29,"{'4%': 0.0, '10%': 4.61, '21%': 5.71}",10.32,83.61,2024-07-03,0,paid,2024-07-04
FAC-2024-0000977,SO-2024-0000977,,CUST_D854DFCAF0B7,2024-07-02,78.44,"{'4%': 1.58, '10%': 0.83, '21%': 6.46}",8.87,87.31,2024-07-17,15,pending,
FAC-2024-0000978,SO-2024-0000978,,CUST_BE05965BEFDF,2024-07-02,36.32,"{'4%': 0.87, '10%': 1.27, '21%': 0.38}",2.52,38.84,2024-07-02,0,paid,2024-07-02
FAC-2024-0000979,SO-2024-0000979,ALB-2024-0000639,CUST_07F8F3EA0184,2024-07-05,37.1,"{'4%': 0.16, '10%': 2.51, '21%': 1.66}",4.33,41.43,2024-07-05,0,paid,2024-07-05
FAC-2024-0000980,SO-2024-0000980,,CUST_668C0B95017C,2024-07-02,78.4,"{'4%': 1.04, '10%': 0.36, '21%': 10.23}",11.63,90.03,2024-07-02,0,paid,2024-07-02
FAC-2024-0000981,SO-2024-0000981,,CUST_92CF1F33242D,2024-07-02,36.17,"{'4%': 0.52, '10%': 1.96, '21%': 0.75}",3.23,39.4,2024-07-17,15,pending,
FAC-2024-0000982,SO-2024-0000982,,CUST_EFFA3040413C,2024-07-02,22.54,"{'4%': 0.04, '10%': 0.38, '21%': 3.72}",4.14,26.68,2024-07-02,0,paid,2024-07-02
FAC-2024-0000983,SO-2024-0000983,,CUST_7A1036A2C52B,2024-07-02,125.43,"{'4%': 1.54, '10%': 3.85, '21%': 10.14}",15.53,140.96,2024-07-02,0,paid,2024-07-02
FAC-2024-0000984,SO-2024-0000984,ALB-2024-0000640,CUST_55FA458F1F19,2024-07-06,31.34,"{'4%': 0.39, '10%': 1.43, '21%': 1.52}",3.34,34.68,2024-07-06,0,paid,2024-07-06
FAC-2024-0000985,SO-2024-0000985,ALB-2024-0000641,CUST_697C87FA841A,2024-07-06,9.13,"{'4%': 0.0, '10%': 0.0, '21%': 1.92}",1.92,11.05,2024-07-06,0,paid,2024-07-06
FAC-2024-0000986,SO-2024-0000986,,CUST_EADA4970ED9A,2024-07-03,74.63,"{'4%': 0.24, '10%': 5.86, '21%': 2.09}",8.19,82.82,2024-07-18,15,pending,
FAC-2024-0000987,SO-2024-0000987,ALB-2024-0000642,CUST_D37445712959,2024-07-08,55.17,"{'4%': 0.0, '10%': 2.37, '21%': 6.6}",8.97,64.14,2024-07-08,0,paid,2024-07-08
FAC-2024-0000988,SO-2024-0000988,ALB-2024-0000643,CUST_9F6ABD54DA04,2024-07-05,45.93,"{'4%': 0.0, '10%': 1.32, '21%': 6.86}",8.18,54.11,2024-07-05,0,paid,2024-07-05
FAC-2024-0000989,SO-2024-0000989,ALB-2024-0000644,CUST_A66F39669FA7,2024-07-06,20.1,"{'4%': 0.12, '10%': 0.28, '21%': 3.02}",3.42,23.52,2024-07-06,0,paid,2024-07-07
FAC-2024-0000990,SO-2024-0000990,ALB-2024-0000645,CUST_73B61BEAF6AC,2024-07-06,57.33,"{'4%': 0.75, '10%': 3.86, '21%': 0.0}",4.61,61.94,2024-07-06,0,paid,2024-07-07
FAC-2024-0000991,SO-2024-0000991,ALB-2024-0000646,CUST_A87990422EB7,2024-07-08,79.06,"{'4%': 0.38, '10%': 4.38, '21%': 5.41}",10.17,89.23,2024-07-23,15,pending,
FAC-2024-0000992,SO-2024-0000992,ALB-2024-0000647,CUST_CC393B5AE288,2024-07-05,104.34,"{'4%': 1.01, '10%': 4.51, '21%': 7.14}",12.66,117.0,2024-07-05,0,paid,2024-07-05
FAC-2024-0000993,SO-2024-0000993,ALB-2024-0000648,CUST_C1D7F3025D16,2024-07-06,47.07,"{'4%': 0.36, '10%': 1.14, '21%': 5.61}",7.11,54.18,2024-08-05,30,pending,
FAC-2024-0000994,SO-2024-0000994,ALB-2024-0000649,CUST_AE5E72EB7474,2024-07-09,37.12,"{'4%': 0.3, '10%': 1.37, '21%': 3.35}",5.02,42.14,2024-07-09,0,paid,2024-07-10
FAC-2024-0000995,SO-2024-0000995,ALB-2024-0000650,CUST_FBA6CDBCC653,2024-07-08,83.75,"{'4%': 1.28, '10%': 1.31, '21%': 8.14}",10.73,94.48,2024-07-23,15,pending,
FAC-2024-0000996,SO-2024-0000996,ALB-2024-0000651,CUST_F6D2AEC76A82,2024-07-10,19.32,"{'4%': 0.2, '10%': 0.97, '21%': 0.96}",2.13,21.45,2024-07-10,0,paid,2024-07-11
FAC-2024-0000997,SO-2024-0000997,,CUST_A3010E5D8C6A,2024-07-05,75.76,"{'4%': 1.38, '10%': 2.95, '21%': 2.5}",6.83,82.59,2024-07-05,0,paid,2024-07-05
FAC-2024-0000998,SO-2024-0000998,,CUST_8E038E969227,2024-07-05,65.8,"{'4%': 1.24, '10%': 3.24, '21%': 0.52}",5.0,70.8,2024-07-05,0,paid,2024-07-06
FAC-2024-0000999,SO-2024-0000999,,CUST_BF3182BBAD84,2024-07-05,116.05,"{'4%': 1.14, '10%': 7.5, '21%': 2.64}",11.28,127.33,2024-07-05,0,paid,2024-07-06
FAC-2024-0001000,SO-2024-0001000,ALB-2024-0000652,CUST_0E61171B1B80,2024-07-07,10.93,"{'4%': 0.34, '10%': 0.0, '21%': 0.5}",0.84,11.77,2024-07-07,0,paid,2024-07-07
FAC-2024-0001001,SO-2024-0001001,ALB-2024-0000653,CUST_42D951976E75,2024-07-06,30.8,"{'4%': 0.0, '10%': 1.37, '21%': 3.59}",4.96,35.76,2024-07-06,0,paid,2024-07-06
FAC-2024-0001002,SO-2024-0001002,ALB-2024-0000654,CUST_585A7BFDCC12,2024-07-08,46.4,"{'4%': 0.48, '10%': 1.11, '21%': 4.88}",6.47,52.87,2024-07-08,0,paid,2024-07-08
FAC-2024-0001003,SO-2024-0001003,ALB-2024-0000655,CUST_45F52E2FBF77,2024-07-09,33.58,"{'4%': 0.36, '10%': 1.61, '21%': 1.8}",3.77,37.35,2024-07-24,15,pending,
FAC-2024-0001004,SO-2024-0001004,,CUST_98159D713084,2024-07-06,100.99,"{'4%': 1.52, '10%': 5.69, '21%': 1.29}",8.5,109.49,2024-07-06,0,paid,2024-07-07
FAC-2024-0001005,SO-2024-0001005,ALB-2024-0000656,CUST_58F0AAF78C67,2024-07-10,86.29,"{'4%': 0.42, '10%': 3.95, '21%': 7.6}",11.97,98.26,2024-07-10,0,paid,2024-07-10
FAC-2024-0001006,SO-2024-0001006,ALB-2024-0000657,CUST_668C0B95017C,2024-07-07,52.84,"{'4%': 0.84, '10%': 0.96, '21%': 4.66}",6.46,59.3,2024-07-07,0,paid,2024-07-07
FAC-2024-0001007,SO-2024-0001007,ALB-2024-0000658,CUST_624FBAE1E137,2024-07-09,55.17,"{'4%': 0.11, '10%': 3.26, '21%': 4.16}",7.53,62.7,2024-07-09,0,paid,2024-07-09
FAC-2024-0001008,SO-2024-0001008,,CUST_E709329FC417,2024-07-06,18.51,"{'4%': 0.0, '10%': 0.78, '21%': 2.26}",3.04,21.55,2024-07-06,0,paid,2024-07-07
FAC-2024-0001009,SO-2024-0001009,ALB-2024-0000659,CUST_CDCCA9434AA0,2024-07-11,72.42,"{'4%': 2.21, '10%': 1.73, '21%': 0.0}",3.94,76.36,2024-07-11,0,paid,2024-07-12
FAC-2024-0001010,SO-2024-0001010,,CUST_49A2F7E8F8E5,2024-07-07,27.55,"{'4%': 0.76, '10%': 0.86, '21%': 0.0}",1.62,29.17,2024-07-07,0,paid,2024-07-08
FAC-2024-0001011,SO-2024-0001011,,CUST_592A7BA109D0,2024-07-07,52.94,"{'4%': 0.09, '10%': 2.55, '21%': 5.28}",7.92,60.86,2024-07-07,0,paid,2024-07-07
FAC-2024-0001012,SO-2024-0001012,ALB-2024-0000660,CUST_A2119FD34579,2024-07-11,73.29,"{'4%': 1.5, '10%': 2.99, '21%': 1.24}",5.73,79.02,2024-07-11,0,paid,2024-07-12
FAC-2024-0001013,SO-2024-0001013,ALB-2024-0000661,CUST_9D9D1BF645F6,2024-07-10,29.91,"{'4%': 0.0, '10%': 2.14, '21%': 1.79}",3.93,33.84,2024-07-10,0,paid,2024-07-11
FAC-2024-0001014,SO-2024-0001014,ALB-2024-0000662,CUST_A2119FD34579,2024-07-12,66.89,"{'4%': 1.03, '10%': 3.26, '21%': 1.81}",6.1,72.99,2024-07-12,0,paid,2024-07-13
FAC-2024-0001015,SO-2024-0001015,ALB-2024-0000663,CUST_C60161FA01BA,2024-07-11,12.89,"{'4%': 0.0, '10%': 0.0, '21%': 2.71}",2.71,15.6,2024-07-11,0,paid,2024-07-11
FAC-2024-0001016,SO-2024-0001016,ALB-2024-0000664,CUST_D37445712959,2024-07-12,50.52,"{'4%': 0.0, '10%': 2.67, '21%': 5.01}",7.68,58.2,2024-07-12,0,paid,2024-07-13
FAC-2024-0001017,SO-2024-0001017,,CUST_E6B3CB323E35,2024-07-10,111.5,"{'4%': 0.23, '10%': 2.53, '21%': 16.86}",19.62,131.12,2024-07-10,0,paid,2024-07-10
FAC-2024-0001018,SO-2024-0001018,ALB-2024-0000665,CUST_AE5E72EB7474,2024-07-13,33.99,"{'4%': 0.96, '10%': 0.4, '21%': 1.25}",2.61,36.6,2024-07-13,0,paid,2024-07-13
FAC-2024-0001019,SO-2024-0001019,,CUST_A383DB2C6AC8,2024-07-10,8.98,"{'4%': 0.0, '10%': 0.0, '21%': 1.89}",1.89,10.87,2024-07-10,0,paid,2024-07-10
FAC-2024-0001020,SO-2024-0001020,ALB-2024-0000666,CUST_F6D2AEC76A82,2024-07-15,59.08,"{'4%': 2.28, '10%': 0.21, '21%': 0.0}",2.49,61.57,2024-07-15,0,paid,2024-07-16
FAC-2024-0001021,SO-2024-0001021,,CUST_D7F3C2EFEECB,2024-07-10,17.38,"{'4%': 0.18, '10%': 1.3, '21%': 0.0}",1.48,18.86,2024-07-10,0,paid,2024-07-11
FAC-2024-0001022,SO-2024-0001022,ALB-2024-0000667,CUST_34871A9C672A,2024-07-15,20.16,"{'4%': 0.76, '10%': 0.12, '21%': 0.0}",0.88,21.04,2024-07-15,0,paid,2024-07-15
FAC-2024-0001023,SO-2024-0001023,ALB-2024-0000668,CUST_C1D7F3025D16,2024-07-13,74.44,"{'4%': 1.02, '10%': 3.09, '21%': 3.81}",7.92,82.36,2024-08-12,30,pending,
FAC-2024-0001024,SO-2024-0001024,,CUST_F96DBED63DA0,2024-07-12,33.28,"{'4%': 0.62, '10%': 0.26, '21%': 3.21}",4.09,37.37,2024-07-12,0,paid,2024-07-13
FAC-2024-0001025,SO-2024-0001025,ALB-2024-0000669,CUST_002C74DE5F70,2024-07-16,66.79,"{'4%': 1.35, '10%': 1.52, '21%': 3.76}",6.63,73.42,2024-07-31,15,pending,
FAC-2024-0001026,SO-2024-0001026,,CUST_624FBAE1E137,2024-07-12,55.96,"{'4%': 1.86, '10%': 0.34, '21%': 1.25}",3.45,59.41,2024-07-12,0,paid,2024-07-12
FAC-2024-0001027,SO-2024-0001027,ALB-2024-0000670,CUST_FB8FD8B48EAD,2024-07-13,39.05,"{'4%': 0.31, '10%': 1.6, '21%': 3.21}",5.12,44.17,2024-07-28,15,pending,
FAC-2024-0001028,SO-2024-0001028,ALB-2024-0000671,CUST_C1D7F3025D16,2024-07-15,58.07,"{'4%': 0.16, '10%': 1.93, '21%': 7.31}",9.4,67.47,2024-08-14,30,pending,
FAC-2024-0001029,SO-2024-0001029,,CUST_84410299436A,2024-07-13,128.85,"{'4%': 2.76, '10%': 4.85, '21%': 2.36}",9.97,138.82,2024-07-13,0,paid,2024-07-13
FAC-2024-0001030,SO-2024-0001030,,CUST_9C2EEA4E3617,2024-07-13,41.83,"{'4%': 0.46, '10%': 1.35, '21%': 3.53}",5.34,47.17,2024-07-13,0,paid,2024-07-13
FAC-2024-0001031,SO-2024-0001031,ALB-2024-0000672,CUST_707DFDB1429E,2024-07-16,46.77,"{'4%': 0.23, '10%': 1.49, '21%': 5.48}",7.2,53.97,2024-07-16,0,paid,2024-07-17
FAC-2024-0001032,SO-2024-0001032,ALB-2024-0000673,CUST_4EFCE10B1A47,2024-07-15,160.64,"{'4%': 0.69, '10%': 11.04, '21%': 6.93}",18.66,179.3,2024-07-30,15,pending,
FAC-2024-0001033,SO-2024-0001033,ALB-2024-0000674,CUST_6A745FA5E0AA,2024-07-17,21.68,"{'4%': 0.11, '10%': 0.0, '21%': 3.98}",4.09,25.77,2024-07-17,0,paid,2024-07-17
FAC-2024-0001034,SO-2024-0001034,ALB-2024-0000675,CUST_9EA931227592,2024-07-17,9.09,"{'4%': 0.0, '10%': 0.0, '21%': 1.91}",1.91,11.0,2024-07-17,0,paid,2024-07-17
FAC-2024-0001035,SO-2024-0001035,,CUST_A3010E5D8C6A,2024-07-13,137.88,"{'4%': 0.69, '10%': 10.58, '21%': 3.12}",14.39,152.27,2024-07-13,0,paid,2024-07-14
FAC-2024-0001036,SO-2024-0001036,ALB-2024-0000676,CUST_A87990422EB7,2024-07-16,97.35,"{'4%': 1.85, '10%': 1.79, '21%': 6.98}",10.62,107.97,2024-07-31,15,pending,
FAC-2024-0001037,SO-2024-0001037,ALB-2024-0000677,CUST_4A94CC351E4F,2024-07-18,38.52,"{'4%': 0.71, '10%': 1.42, '21%': 1.36}",3.49,42.01,2024-08-02,15,pending,
FAC-2024-0001038,SO-2024-0001038,,CUST_CC393B5AE288,2024-07-13,122.98,"{'4%': 1.97, '10%': 1.57, '21%': 12.18}",15.72,138.7,2024-07-13,0,paid,2024-07-13
FAC-2024-0001039,SO-2024-0001039,,CUST_FB8FD8B48EAD,2024-07-13,39.07,"{'4%': 0.08, '10%': 1.19, '21%': 5.31}",6.58,45.65,2024-07-28,15,pending,
FAC-2024-0001040,SO-2024-0001040,ALB-2024-0000678,CUST_D37445712959,2024-07-17,57.14,"{'4%': 0.59, '10%': 3.64, '21%': 1.28}",5.51,62.65,2024-07-17,0,paid,2024-07-17
FAC-2024-0001041,SO-2024-0001041,,CUST_E8DD1712FB16,2024-07-15,19.29,"{'4%': 0.03, '10%': 1.03, '21%': 1.71}",2.77,22.06,2024-07-15,0,paid,2024-07-16
FAC-2024-0001042,SO-2024-0001042,ALB-2024-0000679,CUST_BE05965BEFDF,2024-07-17,35.92,"{'4%': 0.71, '10%': 1.83, '21%': 0.0}",2.54,38.46,2024-07-17,0,paid,2024-07-17
FAC-2024-0001043,SO-2024-0001043,ALB-2024-0000680,CUST_707DFDB1429E,2024-07-18,51.65,"{'4%': 0.05, '10%': 2.72, '21%': 4.88}",7.65,59.3,2024-07-18,0,paid,2024-07-19
FAC-2024-0001044,SO-2024-0001044,ALB-2024-0000681,CUST_1A57C5F8E2F8,2024-07-18,53.62,"{'4%': 0.56, '10%': 2.96, '21%': 2.1}",5.62,59.24,2024-07-18,0,paid,2024-07-19
FAC-2024-0001045,SO-2024-0001045,ALB-2024-0000682,CUST_6DAA8861FE18,2024-07-18,11.41,"{'4%': 0.1, '10%': 0.18, '21%': 1.52}",1.8,13.21,2024-07-18,0,paid,2024-07-18
FAC-2024-0001046,SO-2024-0001046,ALB-2024-0000683,CUST_04AA5CA0C428,2024-07-17,137.31,"{'4%': 2.15, '10%': 4.27, '21%': 8.56}",14.98,152.29,2024-08-16,30,pending,
FAC-2024-0001047,SO-2024-0001047,ALB-2024-0000684,CUST_58F0AAF78C67,2024-07-22,78.59,"{'4%': 0.62, '10%': 2.45, '21%': 8.12}",11.19,89.78,2024-07-22,0,paid,2024-07-22
FAC-2024-0001048,SO-2024-0001048,ALB-2024-0000685,CUST_EDAF1B780EDE,2024-07-20,183.19,"{'4%': 1.01, '10%': 6.9, '21%': 18.7}",26.61,209.8,2024-08-19,30,pending,
FAC-2024-0001049,SO-2024-0001049,ALB-2024-0000686,CUST_89EC98CBAA52,2024-07-17,38.56,"{'4%': 0.24, '10%': 1.87, '21%': 2.89}",5.0,43.56,2024-07-17,0,paid,2024-07-18
FAC-2024-0001050,SO-2024-0001050,,CUST_D3636F81CF4F,2024-07-17,31.56,"{'4%': 0.19, '10%': 2.04, '21%': 1.34}",3.57,35.13,2024-07-17,0,paid,2024-07-17
FAC-2024-0001051,SO-2024-0001051,ALB-2024-0000687,CUST_E8DD1712FB16,2024-07-20,26.36,"{'4%': 0.68, '10%': 0.0, '21%': 1.96}",2.64,29.0,2024-07-20,0,paid,2024-07-21
FAC-2024-0001052,SO-2024-0001052,ALB-2024-0000688,CUST_04AA5CA0C428,2024-07-20,125.37,"{'4%': 0.93, '10%': 4.67, '21%': 11.61}",17.21,142.58,2024-08-19,30,pending,
FAC-2024-0001053,SO-2024-0001053,ALB-2024-0000689,CUST_C5A1AD05B912,2024-07-20,49.99,"{'4%': 0.55, '10%': 1.92, '21%': 3.6}",6.07,56.06,2024-07-20,0,paid,2024-07-21
FAC-2024-0001054,SO-2024-0001054,ALB-2024-0000690,CUST_D7F3C2EFEECB,2024-07-19,19.6,"{'4%': 0.04, '10%': 0.45, '21%': 2.95}",3.44,23.04,2024-07-19,0,paid,2024-07-19
FAC-2024-0001055,SO-2024-0001055,,CUST_562819DD3E8C,2024-07-17,62.33,"{'4%': 0.87, '10%': 3.11, '21%': 1.98}",5.96,68.29,2024-08-16,30,pending,
FAC-2024-0001056,SO-2024-0001056,,CUST_E6B3CB323E35,2024-07-18,102.38,"{'4%': 0.34, '10%': 6.68, '21%': 5.7}",12.72,115.1,2024-07-18,0,paid,2024-07-18
FAC-2024-0001057,SO-2024-0001057,,CUST_D3636F81CF4F,2024-07-18,30.66,"{'4%': 0.33, '10%': 1.82, '21%': 0.9}",3.05,33.71,2024-07-18,0,paid,2024-07-18
FAC-2024-0001058,SO-2024-0001058,ALB-2024-0000691,CUST_84410299436A,2024-07-20,87.77,"{'4%': 0.49, '10%': 6.24, '21%': 2.77}",9.5,97.27,2024-07-20,0,paid,2024-07-21
FAC-2024-0001059,SO-2024-0001059,,CUST_66C18255DA61,2024-07-18,47.35,"{'4%': 1.89, '10%': 0.0, '21%': 0.0}",1.89,49.24,2024-07-18,0,paid,2024-07-18
FAC-2024-0001060,SO-2024-0001060,ALB-2024-0000692,CUST_A87990422EB7,2024-07-23,74.67,"{'4%': 1.08, '10%': 3.5, '21%': 2.67}",7.25,81.92,2024-08-07,15,pending,
FAC-2024-0001061,SO-2024-0001061,ALB-2024-0000693,CUST_A9AB1777E8CB,2024-07-21,14.69,"{'4%': 0.06, '10%': 1.15, '21%': 0.37}",1.58,16.27,2024-07-21,0,paid,2024-07-22
FAC-2024-0001062,SO-2024-0001062,,CUST_F4E7A4540937,2024-07-19,46.2,"{'4%': 0.09, '10%': 2.45, '21%': 4.11}",6.65,52.85,2024-08-03,15,pending,
FAC-2024-0001063,SO-2024-0001063,,CUST_4A94CC351E4F,2024-07-19,63.27,"{'4%': 1.18, '10%': 2.38, '21%': 2.08}",5.64,68.91,2024-08-03,15,pending,
FAC-2024-0001064,SO-2024-0001064,ALB-2024-0000694,CUST_30B1310C0C00,2024-07-22,119.83,"{'4%': 1.27, '10%': 7.52, '21%': 2.71}",11.5,131.33,2024-07-22,0,paid,2024-07-22
FAC-2024-0001065,SO-2024-0001065,,CUST_008D610461E3,2024-07-20,60.36,"{'4%': 0.45, '10%': 2.0, '21%': 6.1}",8.55,68.91,2024-07-20,0,paid,2024-07-20
FAC-2024-0001066,SO-2024-0001066,,CUST_E6B3CB323E35,2024-07-20,70.58,"{'4%': 0.79, '10%': 4.3, '21%': 1.61}",6.7,77.28,2024-07-20,0,paid,2024-07-20
FAC-2024-0001067,SO-2024-0001067,ALB-2024-0000695,CUST_513A986F9025,2024-07-22,77.67,"{'4%': 0.24, '10%': 2.41, '21%': 9.99}",12.64,90.31,2024-07-22,0,paid,2024-07-22
FAC-2024-0001068,SO-2024-0001068,ALB-2024-0000696,CUST_D3636F81CF4F,2024-07-23,27.97,"{'4%': 0.36, '10%': 0.84, '21%': 2.22}",3.42,31.39,2024-07-23,0,paid,2024-07-23
FAC-2024-0001069,SO-2024-0001069,ALB-2024-0000697,CUST_BE05965BEFDF,2024-07-22,41.08,"{'4%': 0.57, '10%': 2.13, '21%': 1.18}",3.88,44.96,2024-07-22,0,paid,2024-07-22
FAC-2024-0001070,SO-2024-0001070,,CUST_EADA4970ED9A,2024-07-20,114.78,"{'4%': 0.8, '10%': 7.04, '21%': 5.14}",12.98,127.76,2024-08-04,15,pending,
FAC-2024-0001071,SO-2024-0001071,ALB-2024-0000698,CUST_FD03C9525185,2024-07-25,16.27,"{'4%': 0.12, '10%': 0.46, '21%': 1.82}",2.4,18.67,2024-07-25,0,paid,2024-07-26
FAC-2024-0001072,SO-2024-0001072,ALB-2024-0000699,CUST_C5A1AD05B912,2024-07-22,37.33,"{'4%': 1.02, '10%': 0.52, '21%': 1.38}",2.92,40.25,2024-07-22,0,paid,2024-07-22
FAC-2024-0001073,SO-2024-0001073,,CUST_9D9D1BF645F6,2024-07-20,30.79,"{'4%': 0.0, '10%': 2.42, '21%': 1.39}",3.81,34.6,2024-07-20,0,paid,2024-07-21
FAC-2024-0001074,SO-2024-0001074,ALB-2024-0000700,CUST_A87990422EB7,2024-07-21,97.15,"{'4%': 1.06, '10%': 3.12, '21%': 8.28}",12.46,109.61,2024-08-05,15,pending,
FAC-2024-0001075,SO-2024-0001075,,CUST_F96DBED63DA0,2024-07-20,30.95,"{'4%': 0.4, '10%': 1.14, '21%': 2.01}",3.55,34.5,2024-07-20,0,paid,2024-07-20
FAC-2024-0001076,SO-2024-0001076,ALB-2024-0000701,CUST_D7F3C2EFEECB,2024-07-23,27.9,"{'4%': 0.0, '10%': 0.0, '21%': 5.86}",5.86,33.76,2024-07-23,0,paid,2024-07-24
FAC-2024-0001077,SO-2024-0001077,ALB-2024-0000702,CUST_0E61171B1B80,2024-07-21,15.62,"{'4%': 0.0, '10%': 0.55, '21%': 2.13}",2.68,18.3,2024-07-21,0,paid,2024-07-22
FAC-2024-0001078,SO-2024-0001078,,CUST_55FA458F1F19,2024-07-21,26.31,"{'4%': 0.93, '10%': 0.0, '21%': 0.65}",1.58,27.89,2024-07-21,0,paid,2024-07-22
FAC-2024-0001079,SO-2024-0001079,ALB-2024-0000703,CUST_6DAA8861FE18,2024-07-26,11.29,"{'4%': 0.0, '10%': 0.76, '21%': 0.78}",1.54,12.83,2024-07-26,0,paid,2024-07-26
FAC-2024-0001080,SO-2024-0001080,,CUST_284C27D415B6,2024-07-22,105.99,"{'4%': 0.6, '10%': 6.1, '21%': 6.32}",13.02,119.01,2024-07-22,0,paid,2024-07-22
FAC-2024-0001081,SO-2024-0001081,ALB-2024-0000704,CUST_585A7BFDCC12,2024-07-25,47.79,"{'4%': 0.2, '10%': 3.93, '21%': 0.74}",4.87,52.66,2024-07-25,0,paid,2024-07-25
FAC-2024-0001082,SO-2024-0001082,ALB-2024-0000705,CUST_58F0AAF78C67,2024-07-27,62.66,"{'4%': 0.04, '10%': 5.14, '21%': 2.14}",7.32,69.98,2024-07-27,0,paid,2024-07-28
FAC-2024-0001083,SO-2024-0001083,ALB-2024-0000706,CUST_501B5EE68495,2024-07-27,21.93,"{'4%': 0.15, '10%': 0.63, '21%': 2.52}",3.3,25.23,2024-08-11,15,pending,
FAC-2024-0001084,SO-2024-0001084,ALB-2024-0000707,CUST_AD23DC322C97,2024-07-27,96.26,"{'4%': 1.08, '10%': 1.48, '21%': 11.45}",14.01,110.27,2024-08-26,30,pending,
FAC-2024-0001085,SO-2024-0001085,,CUST_F4E7A4540937,2024-07-24,46.52,"{'4%': 0.04, '10%': 2.15, '21%': 5.05}",7.24,53.76,2024-08-08,15,pending,
FAC-2024-0001086,SO-2024-0001086,,CUST_92CF1F33242D,2024-07-24,42.92,"{'4%': 0.7, '10%': 0.99, '21%': 3.27}",4.96,47.88,2024-08-08,15,pending,
FAC-2024-0001087,SO-2024-0001087,ALB-2024-0000708,CUST_9DF29E825AAE,2024-07-27,124.07,"{'4%': 0.36, '10%': 10.91, '21%': 1.26}",12.53,136.6,2024-07-27,0,paid,2024-07-28
FAC-2024-0001088,SO-2024-0001088,,CUST_B27B68C690B2,2024-07-24,63.86,"{'4%': 1.32, '10%': 3.09, '21%': 0.0}",4.41,68.27,2024-07-24,0,paid,2024-07-25
FAC-2024-0001089,SO-2024-0001089,ALB-2024-0000709,CUST_F157018267C4,2024-07-28,122.07,"{'4%': 0.55, '10%': 5.65, '21%': 10.92}",17.12,139.19,2024-07-28,0,paid,2024-07-28
FAC-2024-0001090,SO-2024-0001090,ALB-2024-0000710,CUST_585A7BFDCC12,2024-07-26,57.14,"{'4%': 0.0, '10%': 0.81, '21%': 10.3}",11.11,68.25,2024-07-26,0,paid,2024-07-27
FAC-2024-0001091,SO-2024-0001091,ALB-2024-0000711,CUST_04AA5CA0C428,2024-07-26,128.83,"{'4%': 1.24, '10%': 7.01, '21%': 5.83}",14.08,142.91,2024-08-25,30,pending,
FAC-2024-0001092,SO-2024-0001092,ALB-2024-0000712,CUST_FD03C9525185,2024-07-30,12.8,"{'4%': 0.35, '10%': 0.0, '21%': 0.84}",1.19,13.99,2024-07-30,0,paid,2024-07-31
FAC-2024-0001093,SO-2024-0001093,,CUST_501B5EE68495,2024-07-25,22.86,"{'4%': 0.48, '10%': 0.89, '21%': 0.4}",1.77,24.63,2024-08-09,15,pending,
FAC-2024-0001094,SO-2024-0001094,ALB-2024-0000713,CUST_C1D7F3025D16,2024-07-27,55.83,"{'4%': 0.44, '10%': 3.37, '21%': 2.32}",6.13,61.96,2024-08-26,30,pending,
FAC-2024-0001095,SO-2024-0001095,ALB-2024-0000714,CUST_9C2EEA4E3617,2024-07-28,45.96,"{'4%': 0.62, '10%': 1.83, '21%': 2.58}",5.03,50.99,2024-07-28,0,paid,2024-07-28
FAC-2024-0001096,SO-2024-0001096,ALB-2024-0000715,CUST_EDAF1B780EDE,2024-07-29,183.47,"{'4%': 1.02, '10%': 5.8, '21%': 21.0}",27.82,211.29,2024-08-28,30,pending,
FAC-2024-0001097,SO-2024-0001097,ALB-2024-0000716,CUST_93D551A3AC26,2024-07-28,93.81,"{'4%': 1.51, '10%': 2.04, '21%': 7.49}",11.04,104.85,2024-08-12,15,pending,
FAC-2024-0001098,SO-2024-0001098,ALB-2024-0000717,CUST_9EA931227592,2024-07-28,10.26,"{'4%': 0.0, '10%': 0.24, '21%': 1.65}",1.89,12.15,2024-07-28,0,paid,2024-07-29
FAC-2024-0001099,SO-2024-0001099,,CUST_A87990422EB7,2024-07-26,87.07,"{'4%': 0.62, '10%': 3.65, '21%': 7.34}",11.61,98.68,2024-08-10,15,pending,
FAC-2024-0001100,SO-2024-0001100,ALB-2024-0000718,CUST_9E5DC5ACC354,2024-07-29,53.39,"{'4%': 0.71, '10%': 1.4, '21%': 4.52}",6.63,60.02,2024-07-29,0,paid,2024-07-30
FAC-2024-0001101,SO-2024-0001101,,CUST_BF3182BBAD84,2024-07-26,167.61,"{'4%': 0.23, '10%': 13.87, '21%': 4.86}",18.96,186.57,2024-07-26,0,paid,2024-07-27
FAC-2024-0001102,SO-2024-0001102,ALB-2024-0000719,CUST_592A7BA109D0,2024-07-28,81.09,"{'4%': 1.8, '10%': 0.67, '21%': 6.2}",8.67,89.76,2024-07-28,0,paid,2024-07-28
FAC-2024-0001103,SO-2024-0001103,ALB-2024-0000720,CUST_DD920DB977A9,2024-07-28,26.05,"{'4%': 0.01, '10%': 0.76, '21%': 3.8}",4.57,30.62,2024-07-28,0,paid,2024-07-28
FAC-2024-0001104,SO-2024-0001104,ALB-2024-0000721,CUST_C1D7F3025D16,2024-07-27,40.55,"{'4%': 0.45, '10%': 1.11, '21%': 3.81}",5.37,45.92,2024-08-26,30,pending,
FAC-2024-0001105,SO-2024-0001105,,CUST_008D610461E3,2024-07-27,54.37,"{'4%': 0.0, '10%': 3.62, '21%': 3.83}",7.45,61.82,2024-07-27,0,paid,2024-07-28
FAC-2024-0001106,SO-2024-0001106,,CUST_4D71B41B3143,2024-07-27,22.95,"{'4%': 0.41, '10%': 0.16, '21%': 2.32}",2.89,25.84,2024-07-27,0,paid,2024-07-28
FAC-2024-0001107,SO-2024-0001107,ALB-2024-0000722,CUST_45F52E2FBF77,2024-07-30,28.29,"{'4%': 0.3, '10%': 0.92, '21%': 2.44}",3.66,31.95,2024-08-14,15,pending,
FAC-2024-0001108,SO-2024-0001108,ALB-2024-0000723,CUST_9A3A6E3C4532,2024-07-29,14.14,"{'4%': 0.31, '10%': 0.33, '21%': 0.62}",1.26,15.4,2024-07-29,0,paid,2024-07-29
FAC-2024-0001109,SO-2024-0001109,ALB-2024-0000724,CUST_F6D2AEC76A82,2024-07-31,23.49,"{'4%': 0.08, '10%': 0.43, '21%': 3.64}",4.15,27.64,2024-07-31,0,paid,2024-08-01
FAC-2024-0001110,SO-2024-0001110,,CUST_EFFA3040413C,2024-07-27,25.98,"{'4%': 0.53, '10%': 0.0, '21%': 2.67}",3.2,29.18,2024-07-27,0,paid,2024-07-27
FAC-2024-0001111,SO-2024-0001111,,CUST_32735373BF4D,2024-07-27,82.84,"{'4%': 0.02, '10%': 5.97, '21%': 4.74}",10.73,93.57,2024-07-27,0,paid,2024-07-27
FAC-2024-0001112,SO-2024-0001112,ALB-2024-0000725,CUST_AB0B15F0EA19,2024-07-29,47.19,"{'4%': 0.14, '10%': 2.7, '21%': 3.47}",6.31,53.5,2024-07-29,0,paid,2024-07-30
FAC-2024-0001113,SO-2024-0001113,,CUST_C1D7F3025D16,2024-07-27,36.51,"{'4%': 0.22, '10%': 1.09, '21%': 4.21}",5.52,42.03,2024-08-26,30,pending,
FAC-2024-0001114,SO-2024-0001114,,CUST_513A986F9025,2024-07-28,67.21,"{'4%': 0.72, '10%': 4.46, '21%': 0.95}",6.13,73.34,2024-07-28,0,paid,2024-07-28
FAC-2024-0001115,SO-2024-0001115,ALB-2024-0000726,CUST_585A7BFDCC12,2024-07-30,51.01,"{'4%': 0.48, '10%': 0.63, '21%': 6.87}",7.98,58.99,2024-07-30,0,paid,2024-07-30
FAC-2024-0001116,SO-2024-0001116,ALB-2024-0000727,CUST_EFFA3040413C,2024-07-29,23.97,"{'4%': 0.45, '10%': 0.46, '21%': 1.72}",2.63,26.6,2024-07-29,0,paid,2024-07-29
FAC-2024-0001117,SO-2024-0001117,,CUST_45F52E2FBF77,2024-07-29,30.96,"{'4%': 0.25, '10%': 0.48, '21%': 4.21}",4.94,35.9,2024-08-13,15,pending,
FAC-2024-0001118,SO-2024-0001118,,CUST_F4E7A4540937,2024-07-29,56.35,"{'4%': 1.11, '10%': 0.79, '21%': 4.35}",6.25,62.6,2024-08-13,15,pending,
FAC-2024-0001119,SO-2024-0001119,,CUST_4A94CC351E4F,2024-07-29,45.99,"{'4%': 0.66, '10%': 2.6, '21%': 0.71}",3.97,49.96,2024-08-13,15,pending,
FAC-2024-0001120,SO-2024-0001120,ALB-2024-0000728,CUST_0E61171B1B80,2024-07-30,12.9,"{'4%': 0.0, '10%': 0.46, '21%': 1.73}",2.19,15.09,2024-07-30,0,paid,2024-07-30
FAC-2024-0001121,SO-2024-0001121,ALB-2024-0000729,CUST_1857BAC7E2B9,2024-08-03,45.45,"{'4%': 0.0, '10%': 0.18, '21%': 9.16}",9.34,54.79,2024-08-03,0,paid,2024-08-03
FAC-2024-0001122,SO-2024-0001122,ALB-2024-0000730,CUST_FBA6CDBCC653,2024-08-02,90.91,"{'4%': 1.45, '10%': 4.74, '21%': 1.51}",7.7,98.61,2024-08-17,15,pending,
FAC-2024-0001123,SO-2024-0001123,ALB-2024-0000731,CUST_D854DFCAF0B7,2024-08-02,79.24,"{'4%': 0.63, '10%': 3.18, '21%': 6.64}",10.45,89.69,2024-08-17,15,pending,
FAC-2024-0001124,SO-2024-0001124,,CUST_BE05965BEFDF,2024-07-31,39.06,"{'4%': 0.86, '10%': 1.04, '21%': 1.49}",3.39,42.45,2024-07-31,0,paid,2024-08-01
FAC-2024-0001125,SO-2024-0001125,ALB-2024-0000732,CUST_45F52E2FBF77,2024-08-01,50.75,"{'4%': 0.03, '10%': 0.72, '21%': 8.98}",9.73,60.48,2024-08-16,15,pending,
FAC-2024-0001126,SO-2024-0001126,ALB-2024-0000733,CUST_12B2940C3503,2024-08-03,34.28,"{'4%': 0.63, '10%': 0.99, '21%': 1.81}",3.43,37.71,2024-08-03,0,paid,2024-08-04
FAC-2024-0001127,SO-2024-0001127,,CUST_EFFA3040413C,2024-07-31,20.5,"{'4%': 0.29, '10%': 0.0, '21%': 2.76}",3.05,23.55,2024-07-31,0,paid,2024-07-31
FAC-2024-0001128,SO-2024-0001128,ALB-2024-0000734,CUST_5F322ABE1585,2024-08-03,41.87,"{'4%': 0.0, '10%': 0.87, '21%': 6.97}",7.84,49.71,2024-08-18,15,pending,
FAC-2024-0001129,SO-2024-0001129,,CUST_45F52E2FBF77,2024-08-01,21.42,"{'4%': 0.24, '10%': 0.14, '21%': 2.96}",3.34,24.76,2024-08-16,15,pending,
FAC-2024-0001130,SO-2024-0001130,,CUST_F4E7A4540937,2024-08-01,68.35,"{'4%': 0.51, '10%': 3.57, '21%': 4.18}",8.26,76.61,2024-08-16,15,pending,
FAC-2024-0001131,SO-2024-0001131,,CUST_EFFA3040413C,2024-08-01,25.38,"{'4%': 0.47, '10%': 0.65, '21%': 1.51}",2.63,28.01,2024-08-01,0,paid,2024-08-02
FAC-2024-0001132,SO-2024-0001132,,CUST_A87990422EB7,2024-08-01,99.94,"{'4%': 0.0, '10%': 7.14, '21%': 5.99}",13.13,113.07,2024-08-16,15,pending,
FAC-2024-0001133,SO-2024-0001133,,CUST_32735373BF4D,2024-08-01,98.83,"{'4%': 0.52, '10%': 5.27, '21%': 6.93}",12.72,111.55,2024-08-01,0,paid,2024-08-01
FAC-2024-0001134,SO-2024-0001134,ALB-2024-0000735,CUST_9A6C52171C88,2024-08-05,27.03,"{'4%': 0.14, '10%': 0.0, '21%': 4.96}",5.1,32.13,2024-08-05,0,paid,2024-08-05
FAC-2024-0001135,SO-2024-0001135,ALB-2024-0000736,CUST_C60161FA01BA,2024-08-06,19.85,"{'4%': 0.0, '10%': 1.12, '21%': 1.82}",2.94,22.79,2024-08-06,0,paid,2024-08-06
FAC-2024-0001136,SO-2024-0001136,ALB-2024-0000737,CUST_A9AB1777E8CB,2024-08-06,41.5,"{'4%': 1.66, '10%': 0.0, '21%': 0.0}",1.66,43.16,2024-08-06,0,paid,2024-08-07
FAC-2024-0001137,SO-2024-0001137,,CUST_284C27D415B6,2024-08-03,71.34,"{'4%': 0.73, '10%': 2.95, '21%': 4.97}",8.65,79.99,2024-08-03,0,paid,2024-08-04
FAC-2024-0001138,SO-2024-0001138,,CUST_EADA4970ED9A,2024-08-03,69.84,"{'4%': 0.0, '10%': 5.91, '21%': 2.25}",8.16,78.0,2024-08-18,15,pending,
FAC-2024-0001139,SO-2024-0001139,ALB-2024-0000738,CUST_F6D2AEC76A82,2024-08-06,18.44,"{'4%': 0.0, '10%': 1.6, '21%': 0.51}",2.11,20.55,2024-08-06,0,paid,2024-08-06
FAC-2024-0001140,SO-2024-0001140,ALB-2024-0000739,CUST_89EC98CBAA52,2024-08-06,52.58,"{'4%': 0.45, '10%': 1.87, '21%': 4.72}",7.04,59.62,2024-08-06,0,paid,2024-08-06
FAC-2024-0001141,SO-2024-0001141,ALB-2024-0000740,CUST_A149F920264C,2024-08-07,125.49,"{'4%': 3.07, '10%': 3.33, '21%': 3.23}",9.63,135.12,2024-08-07,0,paid,2024-08-07
FAC-2024-0001142,SO-2024-0001142,ALB-2024-0000741,CUST_C7745543FC3C,2024-08-07,163.8,"{'4%': 1.28, '10%': 11.58, '21%': 3.34}",16.2,180.0,2024-08-07,0,paid,2024-08-07
FAC-2024-0001143,SO-2024-0001143,ALB-2024-0000742,CUST_5C0BA757CB10,2024-08-08,66.17,"{'4%': 0.52, '10%': 1.67, '21%': 7.68}",9.87,76.04,2024-08-08,0,paid,2024-08-09
FAC-2024-0001144,SO-2024-0001144,ALB-2024-0000743,CUST_1CDC62C965B2,2024-08-07,86.77,"{'4%': 0.47, '10%': 4.51, '21%': 6.31}",11.29,98.06,2024-08-07,0,paid,2024-08-08
FAC-2024-0001145,SO-2024-0001145,ALB-2024-0000744,CUST_9DF29E825AAE,2024-08-05,69.95,"{'4%': 1.32, '10%': 2.75, '21%': 2.01}",6.08,76.03,2024-08-05,0,paid,2024-08-06
FAC-2024-0001146,SO-2024-0001146,,CUST_284C27D415B6,2024-08-05,112.81,"{'4%': 1.91, '10%': 3.87, '21%': 5.55}",11.33,124.14,2024-08-05,0,paid,2024-08-06
FAC-2024-0001147,SO-2024-0001147,ALB-2024-0000745,CUST_51B11B2EDEDB,2024-08-07,14.89,"{'4%': 0.35, '10%': 0.6, '21%': 0.0}",0.95,15.84,2024-08-07,0,paid,2024-08-07
FAC-2024-0001148,SO-2024-0001148,ALB-2024-0000746,CUST_B86623D4526B,2024-08-07,58.35,"{'4%': 0.54, '10%': 2.69, '21%': 3.79}",7.02,65.37,2024-08-22,15,pending,
FAC-2024-0001149,SO-2024-0001149,,CUST_4A94CC351E4F,2024-08-05,40.18,"{'4%': 0.1, '10%': 3.19, '21%': 1.2}",4.49,44.67,2024-08-20,15,pending,
FAC-2024-0001150,SO-2024-0001150,,CUST_7A1036A2C52B,2024-08-05,90.5,"{'4%': 0.54, '10%': 6.27, '21%': 3.0}",9.81,100.31,2024-08-05,0,paid,2024-08-06
FAC-2024-0001151,SO-2024-0001151,ALB-2024-0000747,CUST_AB0B15F0EA19,2024-08-07,47.05,"{'4%': 0.61, '10%': 2.03, '21%': 2.43}",5.07,52.12,2024-08-07,0,paid,2024-08-08
FAC-2024-0001152,SO-2024-0001152,ALB-2024-0000748,CUST_9C2EEA4E3617,2024-08-07,47.77,"{'4%': 0.0, '10%': 1.78, '21%': 6.3}",8.08,55.85,2024-08-07,0,paid,2024-08-08
FAC-2024-0001153,SO-2024-0001153,,CUST_B241519894D8,2024-08-06,27.1,"{'4%': 0.45, '10%': 0.77, '21%': 1.73}",2.95,30.05,2024-08-06,0,paid,2024-08-06
FAC-2024-0001154,SO-2024-0001154,,CUST_CC393B5AE288,2024-08-06,122.59,"{'4%': 0.76, '10%': 8.73, '21%': 3.4}",12.89,135.48,2024-08-06,0,paid,2024-08-07
FAC-2024-0001155,SO-2024-0001155,,CUST_70E704D9145E,2024-08-07,51.22,"{'4%': 1.26, '10%': 0.09, '21%': 3.93}",5.28,56.5,2024-08-07,0,paid,2024-08-08
FAC-2024-0001156,SO-2024-0001156,,CUST_92CF1F33242D,2024-08-07,34.02,"{'4%': 0.46, '10%': 1.83, '21%': 0.87}",3.16,37.18,2024-08-22,15,pending,
FAC-2024-0001157,SO-2024-0001157,ALB-2024-0000749,CUST_6A745FA5E0AA,2024-08-10,30.44,"{'4%': 0.38, '10%': 2.1, '21%': 0.0}",2.48,32.92,2024-08-10,0,paid,2024-08-10
FAC-2024-0001158,SO-2024-0001158,,CUST_1036D9A09007,2024-08-07,35.12,"{'4%': 0.08, '10%': 2.38, '21%': 1.98}",4.44,39.56,2024-08-07,0,paid,2024-08-07
FAC-2024-0001159,SO-2024-0001159,ALB-2024-0000750,CUST_D37445712959,2024-08-11,46.63,"{'4%': 0.27, '10%': 3.63, '21%': 0.74}",4.64,51.27,2024-08-11,0,paid,2024-08-12
FAC-2024-0001160,SO-2024-0001160,ALB-2024-0000751,CUST_1857BAC7E2B9,2024-08-11,21.05,"{'4%': 0.35, '10%': 1.08, '21%': 0.3}",1.73,22.78,2024-08-11,0,paid,2024-08-12
FAC-2024-0001161,SO-2024-0001161,ALB-2024-0000752,CUST_07F8F3EA0184,2024-08-10,29.22,"{'4%': 0.0, '10%': 0.96, '21%': 4.11}",5.07,34.29,2024-08-10,0,paid,2024-08-11
FAC-2024-0001162,SO-2024-0001162,,CUST_92CF1F33242D,2024-08-08,28.66,"{'4%': 0.82, '10%': 0.81, '21%': 0.0}",1.63,30.29,2024-08-23,15,pending,
FAC-2024-0001163,SO-2024-0001163,,CUST_90CEE9A53368,2024-08-08,65.57,"{'4%': 0.97, '10%': 3.53, '21%': 1.25}",5.75,71.32,2024-08-08,0,paid,2024-08-08
FAC-2024-0001164,SO-2024-0001164,ALB-2024-0000753,CUST_B27B68C690B2,2024-08-09,63.69,"{'4%': 1.05, '10%': 2.55, '21%': 2.52}",6.12,69.81,2024-08-09,0,paid,2024-08-10
FAC-2024-0001165,SO-2024-0001165,ALB-2024-0000754,CUST_4D71B41B3143,2024-08-11,27.78,"{'4%': 0.0, '10%': 2.78, '21%': 0.0}",2.78,30.56,2024-08-11,0,paid,2024-08-12
FAC-2024-0001166,SO-2024-0001166,ALB-2024-0000755,CUST_9A3A6E3C4532,2024-08-10,12.65,"{'4%': 0.12, '10%': 0.89, '21%': 0.15}",1.16,13.81,2024-08-10,0,paid,2024-08-10
FAC-2024-0001167,SO-2024-0001167,,CUST_592A7BA109D0,2024-08-09,64.96,"{'4%': 0.55, '10%': 1.15, '21%': 8.32}",10.02,74.98,2024-08-09,0,paid,2024-08-10
FAC-2024-0001168,SO-2024-0001168,,CUST_D7F3C2EFEECB,2024-08-09,20.11,"{'4%': 0.12, '10%': 0.32, '21%': 2.94}",3.38,23.49,2024-08-09,0,paid,2024-08-10
FAC-2024-0001169,SO-2024-0001169,,CUST_562819DD3E8C,2024-08-09,55.88,"{'4%': 0.98, '10%': 1.02, '21%': 4.48}",6.48,62.36,2024-09-08,30,pending,
FAC-2024-0001170,SO-2024-0001170,ALB-2024-0000756,CUST_655243FF5011,2024-08-14,69.16,"{'4%': 0.19, '10%': 3.15, '21%': 6.89}",10.23,79.39,2024-08-14,0,paid,2024-08-14
FAC-2024-0001171,SO-2024-0001171,ALB-2024-0000757,CUST_707DFDB1429E,2024-08-12,51.23,"{'4%': 0.08, '10%': 1.74, '21%': 6.7}",8.52,59.75,2024-08-12,0,paid,2024-08-13
FAC-2024-0001172,SO-2024-0001172,ALB-2024-0000758,CUST_4758A6499CDC,2024-08-13,135.12,"{'4%': 2.32, '10%': 5.58, '21%': 4.47}",12.37,147.49,2024-08-13,0,paid,2024-08-14
FAC-2024-0001173,SO-2024-0001173,,CUST_92CF1F33242D,2024-08-10,40.21,"{'4%': 0.52, '10%': 2.59, '21%': 0.25}",3.36,43.57,2024-08-25,15,pending,
FAC-2024-0001174,SO-2024-0001174,ALB-2024-0000759,CUST_6A745FA5E0AA,2024-08-12,32.35,"{'4%': 0.07, '10%': 1.41, '21%': 3.47}",4.95,37.3,2024-08-12,0,paid,2024-08-13
FAC-2024-0001175,SO-2024-0001175,,CUST_7A1036A2C52B,2024-08-10,81.53,"{'4%': 0.33, '10%': 5.37, '21%': 4.14}",9.84,91.37,2024-08-10,0,paid,2024-08-10
FAC-2024-0001176,SO-2024-0001176,ALB-2024-0000760,CUST_AB0B15F0EA19,2024-08-11,48.09,"{'4%': 0.28, '10%': 0.75, '21%': 7.04}",8.07,56.16,2024-08-11,0,paid,2024-08-12
FAC-2024-0001177,SO-2024-0001177,ALB-2024-0000761,CUST_F157018267C4,2024-08-16,108.65,"{'4%': 1.66, '10%': 4.78, '21%': 4.08}",10.52,119.17,2024-08-16,0,paid,2024-08-16
FAC-2024-0001178,SO-2024-0001178,ALB-2024-0000762,CUST_12B2940C3503,2024-08-16,39.38,"{'4%': 0.69, '10%': 1.05, '21%': 2.43}",4.17,43.55,2024-08-16,0,paid,2024-08-16
FAC-2024-0001179,SO-2024-0001179,,CUST_255B7E3D5EE4,2024-08-12,91.64,"{'4%': 1.24, '10%': 5.45, '21%': 1.3}",7.99,99.63,2024-08-12,0,paid,2024-08-13
FAC-2024-0001180,SO-2024-0001180,ALB-2024-0000763,CUST_4A94CC351E4F,2024-08-17,55.11,"{'4%': 1.55, '10%': 1.56, '21%': 0.15}",3.26,58.37,2024-09-01,15,pending,
FAC-2024-0001181,SO-2024-0001181,,CUST_008D610461E3,2024-08-13,48.89,"{'4%': 0.22, '10%': 2.23, '21%': 4.46}",6.91,55.8,2024-08-13,0,paid,2024-08-14
FAC-2024-0001182,SO-2024-0001182,,CUST_32735373BF4D,2024-08-13,92.2,"{'4%': 1.79, '10%': 4.74, '21%': 0.0}",6.53,98.73,2024-08-13,0,paid,2024-08-14
FAC-2024-0001183,SO-2024-0001183,ALB-2024-0000764,CUST_D7F3C2EFEECB,2024-08-16,22.55,"{'4%': 0.0, '10%': 1.16, '21%': 2.29}",3.45,26.0,2024-08-16,0,paid,2024-08-16
FAC-2024-0001184,SO-2024-0001184,ALB-2024-0000765,CUST_4D71B41B3143,2024-08-16,60.91,"{'4%': 2.4, '10%': 0.08, '21%': 0.0}",2.48,63.39,2024-08-16,0,paid,2024-08-16
FAC-2024-0001185,SO-2024-0001185,ALB-2024-0000766,CUST_7DE36694C343,2024-08-17,21.34,"{'4%': 0.0, '10%': 1.76, '21%': 0.78}",2.54,23.88,2024-08-17,0,paid,2024-08-18
FAC-2024-0001186,SO-2024-0001186,,CUST_9C2EEA4E3617,2024-08-14,46.94,"{'4%': 0.67, '10%': 2.31, '21%': 1.51}",4.49,51.43,2024-08-14,0,paid,2024-08-15
FAC-2024-0001187,SO-2024-0001187,ALB-2024-0000767,CUST_D4D32E4BEBC4,2024-08-18,75.78,"{'4%': 1.85, '10%': 2.64, '21%': 0.68}",5.17,80.95,2024-09-02,15,pending,
FAC-2024-0001188,SO-2024-0001188,ALB-2024-0000768,CUST_F4E7A4540937,2024-08-15,38.87,"{'4%': 0.2, '10%': 1.75, '21%': 3.44}",5.39,44.26,2024-08-30,15,pending,
FAC-2024-0001189,SO-2024-0001189,ALB-2024-0000769,CUST_1C0FAC7E937C,2024-08-19,163.28,"{'4%': 0.96, '10%': 12.59, '21%': 2.81}",16.36,179.64,2024-08-19,0,paid,2024-08-20
FAC-2024-0001190,SO-2024-0001190,ALB-2024-0000770,CUST_5F322ABE1585,2024-08-17,57.46,"{'4%': 0.77, '10%': 3.3, '21%': 1.12}",5.19,62.65,2024-09-01,15,pending,
FAC-2024-0001191,SO-2024-0001191,ALB-2024-0000771,CUST_C1D7F3025D16,2024-08-15,42.48,"{'4%': 1.59, '10%': 0.27, '21%': 0.0}",1.86,44.34,2024-09-14,30,pending,
FAC-2024-0001192,SO-2024-0001192,ALB-2024-0000772,CUST_413530A900AD,2024-08-18,26.27,"{'4%': 0.8, '10%': 0.29, '21%': 0.73}",1.82,28.09,2024-08-18,0,paid,2024-08-19
FAC-2024-0001193,SO-2024-0001193,ALB-2024-0000773,CUST_9C100F6B40D0,2024-08-18,36.49,"{'4%': 0.84, '10%': 0.59, '21%': 2.0}",3.43,39.92,2024-08-18,0,paid,2024-08-19
FAC-2024-0001194,SO-2024-0001194,,CUST_A149F920264C,2024-08-15,97.59,"{'4%': 1.07, '10%': 6.7, '21%': 0.81}",8.58,106.17,2024-08-15,0,paid,2024-08-16
FAC-2024-0001195,SO-2024-0001195,ALB-2024-0000774,CUST_A9AB1777E8CB,2024-08-18,21.78,"{'4%': 0.0, '10%': 2.04, '21%': 0.3}",2.34,24.12,2024-08-18,0,paid,2024-08-19
FAC-2024-0001196,SO-2024-0001196,ALB-2024-0000775,CUST_C0D7095FFA81,2024-08-18,76.01,"{'4%': 2.57, '10%': 0.98, '21%': 0.43}",3.98,79.99,2024-08-18,0,paid,2024-08-19
FAC-2024-0001197,SO-2024-0001197,ALB-2024-0000776,CUST_93D551A3AC26,2024-08-19,82.74,"{'4%': 0.75, '10%': 1.68, '21%': 9.9}",12.33,95.07,2024-09-03,15,pending,
FAC-2024-0001198,SO-2024-0001198,,CUST_CC393B5AE288,2024-08-15,112.66,"{'4%': 0.6, '10%': 9.15, '21%': 1.27}",11.02,123.68,2024-08-15,0,paid,2024-08-16
FAC-2024-0001199,SO-2024-0001199,ALB-2024-0000777,CUST_FB8FD8B48EAD,2024-08-18,41.45,"{'4%': 0.0, '10%': 4.15, '21%': 0.0}",4.15,45.6,2024-09-02,15,pending,
FAC-2024-0001200,SO-2024-0001200,,CUST_E6B3CB323E35,2024-08-16,89.92,"{'4%': 0.59, '10%': 5.7, '21%': 3.83}",10.12,100.04,2024-08-16,0,paid,2024-08-16
FAC-2024-0001201,SO-2024-0001201,ALB-2024-0000778,CUST_E8DD1712FB16,2024-08-19,16.34,"{'4%': 0.0, '10%': 0.0, '21%': 3.43}",3.43,19.77,2024-08-19,0,paid,2024-08-19
FAC-2024-0001202,SO-2024-0001202,,CUST_A9E2952E6ABB,2024-08-16,36.15,"{'4%': 0.42, '10%': 2.57, '21%': 0.0}",2.99,39.14,2024-08-16,0,paid,2024-08-16
FAC-2024-0001203,SO-2024-0001203,,CUST_58F0AAF78C67,2024-08-16,86.36,"{'4%': 0.36, '10%': 5.1, '21%': 5.51}",10.97,97.33,2024-08-16,0,paid,2024-08-17
FAC-2024-0001204,SO-2024-0001204,ALB-2024-0000779,CUST_668C0B95017C,2024-08-18,38.68,"{'4%': 0.93, '10%': 0.0, '21%': 3.22}",4.15,42.83,2024-08-18,0,paid,2024-08-19
FAC-2024-0001205,SO-2024-0001205,ALB-2024-0000780,CUST_5C0BA757CB10,2024-08-18,59.04,"{'4%': 0.0, '10%': 1.75, '21%': 8.71}",10.46,69.5,2024-08-18,0,paid,2024-08-19
FAC-2024-0001206,SO-2024-0001206,ALB-2024-0000781,CUST_12B2940C3503,2024-08-18,37.27,"{'4%': 0.22, '10%': 0.93, '21%': 4.71}",5.86,43.13,2024-08-18,0,paid,2024-08-18
FAC-2024-0001207,SO-2024-0001207,,CUST_592A7BA109D0,2024-08-16,67.52,"{'4%': 1.41, '10%': 1.15, '21%': 4.34}",6.9,74.42,2024-08-16,0,paid,2024-08-17
FAC-2024-0001208,SO-2024-0001208,ALB-2024-0000782,CUST_9F6ABD54DA04,2024-08-21,44.56,"{'4%': 0.29, '10%': 2.4, '21%': 2.8}",5.49,50.05,2024-08-21,0,paid,2024-08-22
FAC-2024-0001209,SO-2024-0001209,,CUST_B3EE5A104129,2024-08-17,28.42,"{'4%': 0.52, '10%': 0.44, '21%': 2.34}",3.3,31.72,2024-08-17,0,paid,2024-08-17
FAC-2024-0001210,SO-2024-0001210,ALB-2024-0000783,CUST_707DFDB1429E,2024-08-21,49.36,"{'4%': 0.76, '10%': 2.11, '21%': 1.94}",4.81,54.17,2024-08-21,0,paid,2024-08-22
FAC-2024-0001211,SO-2024-0001211,,CUST_70E704D9145E,2024-08-17,46.48,"{'4%': 0.43, '10%': 1.35, '21%': 4.65}",6.43,52.91,2024-08-17,0,paid,2024-08-17
FAC-2024-0001212,SO-2024-0001212,ALB-2024-0000784,CUST_5C0BA757CB10,2024-08-21,72.02,"{'4%': 0.0, '10%': 0.4, '21%': 14.28}",14.68,86.7,2024-08-21,0,paid,2024-08-22
FAC-2024-0001213,SO-2024-0001213,ALB-2024-0000785,CUST_12B2940C3503,2024-08-21,54.72,"{'4%': 0.0, '10%': 4.5, '21%': 2.04}",6.54,61.26,2024-08-21,0,paid,2024-08-21
FAC-2024-0001214,SO-2024-0001214,,CUST_B241519894D8,2024-08-17,15.75,"{'4%': 0.09, '10%': 0.22, '21%': 2.38}",2.69,18.44,2024-08-17,0,paid,2024-08-18
FAC-2024-0001215,SO-2024-0001215,ALB-2024-0000786,CUST_002C74DE5F70,2024-08-22,50.7,"{'4%': 0.27, '10%': 1.89, '21%': 5.24}",7.4,58.1,2024-09-06,15,pending,
FAC-2024-0001216,SO-2024-0001216,,CUST_0E61171B1B80,2024-08-17,14.17,"{'4%': 0.0, '10%': 0.57, '21%': 1.78}",2.35,16.52,2024-08-17,0,paid,2024-08-17
FAC-2024-0001217,SO-2024-0001217,,CUST_C1D7F3025D16,2024-08-17,36.96,"{'4%': 0.46, '10%': 2.36, '21%': 0.39}",3.21,40.17,2024-09-16,30,pending,
FAC-2024-0001218,SO-2024-0001218,ALB-2024-0000787,CUST_655243FF5011,2024-08-22,66.93,"{'4%': 1.14, '10%': 2.36, '21%': 3.11}",6.61,73.54,2024-08-22,0,paid,2024-08-23
FAC-2024-0001219,SO-2024-0001219,ALB-2024-0000788,CUST_99181497D658,2024-08-20,68.16,"{'4%': 0.12, '10%': 1.33, '21%': 10.91}",12.36,80.52,2024-08-20,0,paid,2024-08-21
FAC-2024-0001220,SO-2024-0001220,ALB-2024-0000789,CUST_9C2EEA4E3617,2024-08-21,50.76,"{'4%': 1.16, '10%': 0.85, '21%': 2.81}",4.82,55.58,2024-08-21,0,paid,2024-08-22
FAC-2024-0001221,SO-2024-0001221,ALB-2024-0000790,CUST_3D131E2C2E7D,2024-08-22,110.12,"{'4%': 0.93, '10%': 8.27, '21%': 0.84}",10.04,120.16,2024-08-22,0,paid,2024-08-22
FAC-2024-0001222,SO-2024-0001222,,CUST_7A1036A2C52B,2024-08-19,96.3,"{'4%': 1.0, '10%': 2.73, '21%': 9.24}",12.97,109.27,2024-08-19,0,paid,2024-08-19
FAC-2024-0001223,SO-2024-0001223,ALB-2024-0000791,CUST_B244B7E58481,2024-08-22,38.39,"{'4%': 0.95, '10%': 0.58, '21%': 1.84}",3.37,41.76,2024-08-22,0,paid,2024-08-23
FAC-2024-0001224,SO-2024-0001224,ALB-2024-0000792,CUST_AD23DC322C97,2024-08-25,102.07,"{'4%': 0.92, '10%': 1.18, '21%': 14.14}",16.24,118.31,2024-09-24,30,pending,
FAC-2024-0001225,SO-2024-0001225,ALB-2024-0000793,CUST_A9AB1777E8CB,2024-08-23,11.59,"{'4%': 0.0, '10%': 0.0, '21%': 2.43}",2.43,14.02,2024-08-23,0,paid,2024-08-24
FAC-2024-0001226,SO-2024-0001226,ALB-2024-0000794,CUST_B86623D4526B,2024-08-24,89.29,"{'4%': 0.23, '10%': 6.31, '21%': 4.3}",10.84,100.13,2024-09-08,15,pending,
FAC-2024-0001227,SO-2024-0001227,ALB-2024-0000795,CUST_624FBAE1E137,2024-08-23,43.89,"{'4%': 0.58, '10%': 1.75, '21%': 2.49}",4.82,48.71,2024-08-23,0,paid,2024-08-24
FAC-2024-0001228,SO-2024-0001228,ALB-2024-0000796,CUST_1CDC62C965B2,2024-08-22,105.89,"{'4%': 0.78, '10%': 6.09, '21%': 5.35}",12.22,118.11,2024-08-22,0,paid,2024-08-22
FAC-2024-0001229,SO-2024-0001229,ALB-2024-0000797,CUST_ABF3FEC21BBE,2024-08-23,19.57,"{'4%': 0.0, '10%': 0.22, '21%': 3.65}",3.87,23.44,2024-09-07,15,pending,
FAC-2024-0001230,SO-2024-0001230,ALB-2024-0000798,CUST_30B1310C0C00,2024-08-24,121.21,"{'4%': 1.46, '10%': 6.29, '21%': 4.6}",12.35,133.56,2024-08-24,0,paid,2024-08-25
FAC-2024-0001231,SO-2024-0001231,ALB-2024-0000799,CUST_4FA0F6F7F0CC,2024-08-26,50.7,"{'4%': 0.5, '10%': 1.71, '21%': 4.44}",6.65,57.35,2024-09-10,15,pending,
FAC-2024-0001232,SO-2024-0001232,ALB-2024-0000800,CUST_8962929C93B3,2024-08-25,22.47,"{'4%': 0.05, '10%': 0.99, '21%': 2.37}",3.41,25.88,2024-09-09,15,pending,
FAC-2024-0001233,SO-2024-0001233,,CUST_501B5EE68495,2024-08-21,21.59,"{'4%': 0.17, '10%': 0.86, '21%': 1.83}",2.86,24.45,2024-09-05,15,pending,
FAC-2024-0001234,SO-2024-0001234,ALB-2024-0000801,CUST_6FFFB2DC6C34,2024-08-24,41.84,"{'4%': 0.0, '10%': 2.88, '21%': 2.73}",5.61,47.45,2024-08-24,0,paid,2024-08-24
FAC-2024-0001235,SO-2024-0001235,,CUST_774F7316CE64,2024-08-21,66.08,"{'4%': 0.0, '10%': 6.61, '21%': 0.0}",6.61,72.69,2024-08-21,0,paid,2024-08-21
FAC-2024-0001236,SO-2024-0001236,ALB-2024-0000802,CUST_FE89D9CB3540,2024-08-24,55.88,"{'4%': 1.94, '10%': 0.45, '21%': 0.63}",3.02,58.9,2024-08-24,0,paid,2024-08-24
FAC-2024-0001237,SO-2024-0001237,,CUST_DD46475287AA,2024-08-22,19.26,"{'4%': 0.19, '10%': 0.35, '21%': 2.33}",2.87,22.13,2024-08-22,0,paid,2024-08-23
FAC-2024-0001238,SO-2024-0001238,ALB-2024-0000803,CUST_70E704D9145E,2024-08-25,56.46,"{'4%': 0.47, '10%': 3.33, '21%': 2.4}",6.2,62.66,2024-08-25,0,paid,2024-08-25
FAC-2024-0001239,SO-2024-0001239,ALB-2024-0000804,CUST_3D131E2C2E7D,2024-08-25,79.35,"{'4%': 1.72, '10%': 1.92, '21%': 3.63}",7.27,86.62,2024-08-25,0,paid,2024-08-25
FAC-2024-0001240,SO-2024-0001240,ALB-2024-0000805,CUST_64DEE82C7D7B,2024-08-28,50.49,"{'4%': 0.07, '10%': 1.43, '21%': 7.26}",8.76,59.25,2024-08-28,0,paid,2024-08-28
FAC-2024-0001241,SO-2024-0001241,ALB-2024-0000806,CUST_95D8FF37D19C,2024-08-27,115.27,"{'4%': 2.3, '10%': 4.73, '21%': 2.2}",9.23,124.5,2024-08-27,0,paid,2024-08-28
FAC-2024-0001242,SO-2024-0001242,,CUST_623225074181,2024-08-23,89.6,"{'4%': 0.48, '10%': 5.82, '21%': 4.1}",10.4,100.0,2024-08-23,0,paid,2024-08-23
FAC-2024-0001243,SO-2024-0001243,,CUST_9C2EEA4E3617,2024-08-23,51.97,"{'4%': 0.45, '10%': 2.1, '21%': 4.12}",6.67,58.64,2024-08-23,0,paid,2024-08-24
FAC-2024-0001244,SO-2024-0001244,,CUST_284C27D415B6,2024-08-23,110.22,"{'4%': 1.43, '10%': 2.59, '21%': 10.2}",14.22,124.44,2024-08-23,0,paid,2024-08-24
FAC-2024-0001245,SO-2024-0001245,ALB-2024-0000807,CUST_C4F97630A8A7,2024-08-26,46.72,"{'4%': 0.0, '10%': 2.61, '21%': 4.34}",6.95,53.67,2024-08-26,0,paid,2024-08-26
FAC-2024-0001246,SO-2024-0001246,ALB-2024-0000808,CUST_CB3CA3925731,2024-08-25,69.66,"{'4%': 0.62, '10%': 2.14, '21%': 6.88}",9.64,79.3,2024-08-25,0,paid,2024-08-25
FAC-2024-0001247,SO-2024-0001247,,CUST_9A3A6E3C4532,2024-08-23,17.52,"{'4%': 0.18, '10%': 1.24, '21%': 0.14}",1.56,19.08,2024-08-23,0,paid,2024-08-23
FAC-2024-0001248,SO-2024-0001248,,CUST_4758A6499CDC,2024-08-23,122.21,"{'4%': 0.41, '10%': 9.15, '21%': 4.31}",13.87,136.08,2024-08-23,0,paid,2024-08-24
FAC-2024-0001249,SO-2024-0001249,ALB-2024-0000809,CUST_A383DB2C6AC8,2024-08-26,16.59,"{'4%': 0.1, '10%': 1.02, '21%': 0.84}",1.96,18.55,2024-08-26,0,paid,2024-08-26
FAC-2024-0001250,SO-2024-0001250,,CUST_FFE3BF337A15,2024-08-23,31.07,"{'4%': 0.87, '10%': 0.38, '21%': 1.13}",2.38,33.45,2024-08-23,0,paid,2024-08-24
FAC-2024-0001251,SO-2024-0001251,ALB-2024-0000810,CUST_A87990422EB7,2024-08-25,89.5,"{'4%': 0.04, '10%': 6.5, '21%': 4.96}",11.5,101.0,2024-09-09,15,pending,
FAC-2024-0001252,SO-2024-0001252,,CUST_DD920DB977A9,2024-08-23,25.8,"{'4%': 0.12, '10%': 0.53, '21%': 3.65}",4.3,30.1,2024-08-23,0,paid,2024-08-24
FAC-2024-0001253,SO-2024-0001253,,CUST_1036D9A09007,2024-08-23,34.18,"{'4%': 0.17, '10%': 2.19, '21%': 1.68}",4.04,38.22,2024-08-23,0,paid,2024-08-23
FAC-2024-0001254,SO-2024-0001254,ALB-2024-0000811,CUST_002C74DE5F70,2024-08-28,75.19,"{'4%': 0.77, '10%': 4.22, '21%': 2.89}",7.88,83.07,2024-09-12,15,pending,
FAC-2024-0001255,SO-2024-0001255,ALB-2024-0000812,CUST_ABF3FEC21BBE,2024-08-27,14.49,"{'4%': 0.0, '10%': 0.13, '21%': 2.78}",2.91,17.4,2024-09-11,15,pending,
FAC-2024-0001256,SO-2024-0001256,ALB-2024-0000813,CUST_6DAA8861FE18,2024-08-28,12.7,"{'4%': 0.32, '10%': 0.46, '21%': 0.0}",0.78,13.48,2024-08-28,0,paid,2024-08-28
FAC-2024-0001257,SO-2024-0001257,,CUST_FBE9DBC080FD,2024-08-24,24.27,"{'4%': 0.0, '10%': 1.97, '21%': 0.96}",2.93,27.2,2024-08-24,0,paid,2024-08-24
FAC-2024-0001258,SO-2024-0001258,,CUST_51B11B2EDEDB,2024-08-24,12.27,"{'4%': 0.0, '10%': 0.31, '21%': 1.92}",2.23,14.5,2024-08-24,0,paid,2024-08-25
FAC-2024-0001259,SO-2024-0001259,,CUST_A383DB2C6AC8,2024-08-25,8.65,"{'4%': 0.35, '10%': 0.0, '21%': 0.0}",0.35,9.0,2024-08-25,0,paid,2024-08-26
FAC-2024-0001260,SO-2024-0001260,ALB-2024-0000814,CUST_F6D2AEC76A82,2024-08-30,18.7,"{'4%': 0.21, '10%': 0.72, '21%': 1.3}",2.23,20.93,2024-08-30,0,paid,2024-08-31
FAC-2024-0001261,SO-2024-0001261,ALB-2024-0000815,CUST_B86623D4526B,2024-08-29,100.02,"{'4%': 0.2, '10%': 5.73, '21%': 7.92}",13.85,113.87,2024-09-13,15,pending,
FAC-2024-0001262,SO-2024-0001262,,CUST_FB8FD8B48EAD,2024-08-25,43.69,"{'4%': 0.24, '10%': 0.82, '21%': 6.18}",7.24,50.93,2024-09-09,15,pending,
FAC-2024-0001263,SO-2024-0001263,,CUST_A48ED0421DFA,2024-08-26,54.5,"{'4%': 0.58, '10%': 3.6, '21%': 0.85}",5.03,59.53,2024-08-26,0,paid,2024-08-27
FAC-2024-0001264,SO-2024-0001264,,CUST_58F0AAF78C67,2024-08-26,92.07,"{'4%': 1.73, '10%': 4.42, '21%': 0.96}",7.11,99.18,2024-08-26,0,paid,2024-08-27
FAC-2024-0001265,SO-2024-0001265,,CUST_80BB6EC01269,2024-08-26,53.87,"{'4%': 0.11, '10%': 0.8, '21%': 9.08}",9.99,63.86,2024-09-10,15,pending,
FAC-2024-0001266,SO-2024-0001266,ALB-2024-0000816,CUST_002C74DE5F70,2024-09-01,131.71,"{'4%': 3.09, '10%': 0.0, '21%': 11.46}",14.55,146.26,2024-09-16,15,pending,
FAC-2024-0001267,SO-2024-0001267,,CUST_42D951976E75,2024-08-26,21.18,"{'4%': 0.0, '10%': 0.14, '21%': 4.14}",4.28,25.46,2024-08-26,0,paid,2024-08-27
FAC-2024-0001268,SO-2024-0001268,,CUST_4D29345512F7,2024-08-27,57.9,"{'4%': 1.35, '10%': 0.45, '21%': 4.12}",5.92,63.82,2024-08-27,0,paid,2024-08-27
FAC-2024-0001269,SO-2024-0001269,ALB-2024-0000817,CUST_A87990422EB7,2024-08-29,87.91,"{'4%': 1.21, '10%': 1.62, '21%': 8.73}",11.56,99.47,2024-09-13,15,pending,
FAC-2024-0001270,SO-2024-0001270,,CUST_D7F3C2EFEECB,2024-08-27,100.32,"{'4%': 3.8, '10%': 0.53, '21%': 0.0}",4.33,104.65,2024-08-27,0,paid,2024-08-27
FAC-2024-0001271,SO-2024-0001271,ALB-2024-0000818,CUST_7DE36694C343,2024-08-31,17.32,"{'4%': 0.08, '10%': 0.78, '21%': 1.6}",2.46,19.78,2024-08-31,0,paid,2024-09-01
FAC-2024-0001272,SO-2024-0001272,ALB-2024-0000819,CUST_1857BAC7E2B9,2024-09-02,20.35,"{'4%': 0.17, '10%': 1.62, '21%': 0.0}",1.79,22.14,2024-09-02,0,paid,2024-09-03
FAC-2024-0001273,SO-2024-0001273,ALB-2024-0000820,CUST_FBA6CDBCC653,2024-09-01,82.05,"{'4%': 0.0, '10%': 2.24, '21%': 12.52}",14.76,96.81,2024-09-16,15,pending,
FAC-2024-0001274,SO-2024-0001274,,CUST_F4E7A4540937,2024-08-28,53.12,"{'4%': 1.46, '10%': 1.26, '21%': 0.86}",3.58,56.7,2024-09-12,15,pending,
FAC-2024-0001275,SO-2024-0001275,,CUST_70E704D9145E,2024-08-28,46.97,"{'4%': 0.44, '10%': 1.66, '21%': 4.08}",6.18,53.15,2024-08-28,0,paid,2024-08-28
FAC-2024-0001276,SO-2024-0001276,ALB-2024-0000821,CUST_1CDC62C965B2,2024-08-30,81.13,"{'4%': 1.49, '10%': 2.81, '21%': 3.31}",7.61,88.74,2024-08-30,0,paid,2024-08-30
FAC-2024-0001277,SO-2024-0001277,,CUST_774F7316CE64,2024-08-28,82.41,"{'4%': 0.6, '10%': 1.07, '21%': 11.93}",13.6,96.01,2024-08-28,0,paid,2024-08-29
FAC-2024-0001278,SO-2024-0001278,,CUST_30B1310C0C00,2024-08-29,107.69,"{'4%': 0.0, '10%': 6.45, '21%': 9.08}",15.53,123.22,2024-08-29,0,paid,2024-08-30
FAC-2024-0001279,SO-2024-0001279,,CUST_4D71B41B3143,2024-08-29,24.48,"{'4%': 0.0, '10%': 1.13, '21%': 2.77}",3.9,28.38,2024-08-29,0,paid,2024-08-29
FAC-2024-0001280,SO-2024-0001280,,CUST_A9E2952E6ABB,2024-08-29,37.49,"{'4%': 0.6, '10%': 1.66, '21%': 1.22}",3.48,40.97,2024-08-29,0,paid,2024-08-30
FAC-2024-0001281,SO-2024-0001281,ALB-2024-0000822,CUST_04AA5CA0C428,2024-08-30,106.58,"{'4%': 0.72, '10%': 3.8, '21%': 10.63}",15.15,121.73,2024-09-29,30,pending,
FAC-2024-0001282,SO-2024-0001282,ALB-2024-0000823,CUST_80BB6EC01269,2024-08-30,54.92,"{'4%': 0.29, '10%': 4.02, '21%': 1.55}",5.86,60.78,2024-09-14,15,pending,
FAC-2024-0001283,SO-2024-0001283,,CUST_66C18255DA61,2024-08-29,27.07,"{'4%': 0.46, '10%': 0.49, '21%': 2.27}",3.22,30.29,2024-08-29,0,paid,2024-08-29
FAC-2024-0001284,SO-2024-0001284,ALB-2024-0000824,CUST_EFFA3040413C,2024-09-01,30.49,"{'4%': 0.15, '10%': 0.25, '21%': 5.1}",5.5,35.99,2024-09-01,0,paid,2024-09-02
FAC-2024-0001285,SO-2024-0001285,ALB-2024-0000825,CUST_42D951976E75,2024-08-31,26.4,"{'4%': 0.22, '10%': 1.07, '21%': 2.14}",3.43,29.83,2024-08-31,0,paid,2024-08-31
FAC-2024-0001286,SO-2024-0001286,,CUST_B3EE5A104129,2024-08-30,30.37,"{'4%': 0.21, '10%': 2.51, '21%': 0.0}",2.72,33.09,2024-08-30,0,paid,2024-08-31
FAC-2024-0001287,SO-2024-0001287,,CUST_98159D713084,2024-08-30,92.49,"{'4%': 0.82, '10%': 5.38, '21%': 3.81}",10.01,102.5,2024-08-30,0,paid,2024-08-31
FAC-2024-0001288,SO-2024-0001288,,CUST_A383DB2C6AC8,2024-08-30,29.09,"{'4%': 0.0, '10%': 2.91, '21%': 0.0}",2.91,32.0,2024-08-30,0,paid,2024-08-31
FAC-2024-0001289,SO-2024-0001289,,CUST_A3010E5D8C6A,2024-08-30,115.08,"{'4%': 0.35, '10%': 8.19, '21%': 5.12}",13.66,128.74,2024-08-30,0,paid,2024-08-31
FAC-2024-0001290,SO-2024-0001290,ALB-2024-0000826,CUST_624FBAE1E137,2024-09-01,40.85,"{'4%': 0.17, '10%': 0.84, '21%': 5.93}",6.94,47.79,2024-09-01,0,paid,2024-09-01
FAC-2024-0001291,SO-2024-0001291,,CUST_9DF29E825AAE,2024-08-30,47.92,"{'4%': 0.76, '10%': 1.8, '21%': 2.3}",4.86,52.78,2024-08-30,0,paid,2024-08-30
FAC-2024-0001292,SO-2024-0001292,ALB-2024-0000827,CUST_7DE36694C343,2024-09-02,17.69,"{'4%': 0.05, '10%': 0.26, '21%': 2.91}",3.22,20.91,2024-09-02,0,paid,2024-09-02
FAC-2024-0001293,SO-2024-0001293,,CUST_A149F920264C,2024-08-31,94.57,"{'4%': 1.29, '10%': 4.5, '21%': 3.65}",9.44,104.01,2024-08-31,0,paid,2024-09-01
FAC-2024-0001294,SO-2024-0001294,ALB-2024-0000828,CUST_11849E11D2CD,2024-09-02,78.56,"{'4%': 0.87, '10%': 4.39, '21%': 2.72}",7.98,86.54,2024-09-17,15,pending,
FAC-2024-0001295,SO-2024-0001295,,CUST_9C2EEA4E3617,2024-08-31,47.77,"{'4%': 0.93, '10%': 1.45, '21%': 2.1}",4.48,52.25,2024-08-31,0,paid,2024-08-31
FAC-2024-0001296,SO-2024-0001296,,CUST_284C27D415B6,2024-08-31,79.92,"{'4%': 0.9, '10%': 5.15, '21%': 1.22}",7.27,87.19,2024-08-31,0,paid,2024-08-31
FAC-2024-0001297,SO-2024-0001297,ALB-2024-0000829,CUST_C0D7095FFA81,2024-09-03,68.22,"{'4%': 0.34, '10%': 5.4, '21%': 1.19}",6.93,75.15,2024-09-03,0,paid,2024-09-03
FAC-2024-0001298,SO-2024-0001298,,CUST_58F0AAF78C67,2024-08-31,65.63,"{'4%': 0.6, '10%': 4.33, '21%': 1.55}",6.48,72.11,2024-08-31,0,paid,2024-09-01
FAC-2024-0001299,SO-2024-0001299,ALB-2024-0000830,CUST_51B11B2EDEDB,2024-09-04,11.53,"{'4%': 0.11, '10%': 0.89, '21%': 0.0}",1.0,12.53,2024-09-04,0,paid,2024-09-04
FAC-2024-0001300,SO-2024-0001300,ALB-2024-0000831,CUST_66C18255DA61,2024-09-04,31.32,"{'4%': 0.0, '10%': 1.4, '21%': 3.63}",5.03,36.35,2024-09-04,0,paid,2024-09-04
FAC-2024-0001301,SO-2024-0001301,ALB-2024-0000832,CUST_12B2940C3503,2024-09-03,32.56,"{'4%': 0.0, '10%': 0.13, '21%': 6.56}",6.69,39.25,2024-09-03,0,paid,2024-09-04
FAC-2024-0001302,SO-2024-0001302,ALB-2024-0000833,CUST_501B5EE68495,2024-09-07,22.39,"{'4%': 0.37, '10%': 0.46, '21%': 1.82}",2.65,25.04,2024-09-22,15,pending,
FAC-2024-0001303,SO-2024-0001303,,CUST_BF3182BBAD84,2024-09-01,156.8,"{'4%': 1.47, '10%': 7.78, '21%': 8.85}",18.1,174.9,2024-09-01,0,paid,2024-09-02
FAC-2024-0001304,SO-2024-0001304,,CUST_5C623A3C563E,2024-09-02,48.68,"{'4%': 0.39, '10%': 2.17, '21%': 3.63}",6.19,54.87,2024-09-02,0,paid,2024-09-03
FAC-2024-0001305,SO-2024-0001305,,CUST_A48ED0421DFA,2024-09-02,63.47,"{'4%': 0.33, '10%': 5.03, '21%': 1.03}",6.39,69.86,2024-09-02,0,paid,2024-09-02
FAC-2024-0001306,SO-2024-0001306,,CUST_35AD43E4F668,2024-09-02,48.22,"{'4%': 0.66, '10%': 1.05, '21%': 4.44}",6.15,54.37,2024-09-02,0,paid,2024-09-03
FAC-2024-0001307,SO-2024-0001307,ALB-2024-0000834,CUST_A66F39669FA7,2024-09-07,26.35,"{'4%': 0.26, '10%': 1.34, '21%': 1.35}",2.95,29.3,2024-09-07,0,paid,2024-09-08
FAC-2024-0001308,SO-2024-0001308,ALB-2024-0000835,CUST_C4F97630A8A7,2024-09-07,40.69,"{'4%': 0.01, '10%': 0.26, '21%': 7.93}",8.2,48.89,2024-09-07,0,paid,2024-09-08
FAC-2024-0001309,SO-2024-0001309,ALB-2024-0000836,CUST_34871A9C672A,2024-09-09,18.24,"{'4%': 0.12, '10%': 1.12, '21%': 0.83}",2.07,20.31,2024-09-09,0,paid,2024-09-10
FAC-2024-0001310,SO-2024-0001310,ALB-2024-0000837,CUST_25E98D7248E2,2024-09-07,48.4,"{'4%': 0.07, '10%': 2.48, '21%': 4.6}",7.15,55.55,2024-09-07,0,paid,2024-09-07
FAC-2024-0001311,SO-2024-0001311,ALB-2024-0000838,CUST_6DAA8861FE18,2024-09-07,9.76,"{'4%': 0.0, '10%': 0.16, '21%': 1.72}",1.88,11.64,2024-09-07,0,paid,2024-09-08
FAC-2024-0001312,SO-2024-0001312,,CUST_BE05965BEFDF,2024-09-04,34.78,"{'4%': 0.86, '10%': 0.0, '21%': 2.76}",3.62,38.4,2024-09-04,0,paid,2024-09-04
FAC-2024-0001313,SO-2024-0001313,ALB-2024-0000839,CUST_49A2F7E8F8E5,2024-09-07,38.81,"{'4%': 0.93, '10%': 1.04, '21%': 1.08}",3.05,41.86,2024-09-07,0,paid,2024-09-07
FAC-2024-0001314,SO-2024-0001314,ALB-2024-0000840,CUST_707DFDB1429E,2024-09-10,32.82,"{'4%': 0.0, '10%': 1.36, '21%': 4.04}",5.4,38.22,2024-09-10,0,paid,2024-09-11
FAC-2024-0001315,SO-2024-0001315,ALB-2024-0000841,CUST_04AA5CA0C428,2024-09-05,106.89,"{'4%': 1.29, '10%': 2.53, '21%': 10.38}",14.2,121.09,2024-10-05,30,pending,
FAC-2024-0001316,SO-2024-0001316,ALB-2024-0000842,CUST_A87990422EB7,2024-09-07,81.61,"{'4%': 0.83, '10%': 3.28, '21%': 5.91}",10.02,91.63,2024-09-22,15,pending,
FAC-2024-0001317,SO-2024-0001317,ALB-2024-0000843,CUST_D7F3C2EFEECB,2024-09-05,36.91,"{'4%': 0.19, '10%': 0.27, '21%': 6.17}",6.63,43.54,2024-09-05,0,paid,2024-09-05
FAC-2024-0001318,SO-2024-0001318,,CUST_7A1036A2C52B,2024-09-04,93.85,"{'4%': 0.29, '10%': 4.4, '21%': 8.95}",13.64,107.49,2024-09-04,0,paid,2024-09-05
FAC-2024-0001319,SO-2024-0001319,,CUST_1A57C5F8E2F8,2024-09-04,58.38,"{'4%': 0.86, '10%': 2.19, '21%': 3.13}",6.18,64.56,2024-09-04,0,paid,2024-09-04
FAC-2024-0001320,SO-2024-0001320,ALB-2024-0000844,CUST_C4F97630A8A7,2024-09-09,41.22,"{'4%': 0.0, '10%': 0.95, '21%': 6.66}",7.61,48.83,2024-09-09,0,paid,2024-09-10
FAC-2024-0001321,SO-2024-0001321,ALB-2024-0000845,CUST_668C0B95017C,2024-09-07,38.16,"{'4%': 0.0, '10%': 1.36, '21%': 5.16}",6.52,44.68,2024-09-07,0,paid,2024-09-08
FAC-2024-0001322,SO-2024-0001322,ALB-2024-0000846,CUST_9D9D1BF645F6,2024-09-07,25.51,"{'4%': 0.0, '10%': 1.51, '21%': 2.19}",3.7,29.21,2024-09-07,0,paid,2024-09-08
FAC-2024-0001323,SO-2024-0001323,,CUST_8E038E969227,2024-09-05,60.59,"{'4%': 0.64, '10%': 2.9, '21%': 3.29}",6.83,67.42,2024-09-05,0,paid,2024-09-05
FAC-2024-0001324,SO-2024-0001324,ALB-2024-0000847,CUST_774F7316CE64,2024-09-07,67.49,"{'4%': 0.67, '10%': 3.69, '21%': 2.91}",7.27,74.76,2024-09-07,0,paid,2024-09-07
FAC-2024-0001325,SO-2024-0001325,,CUST_E6B3CB323E35,2024-09-06,95.37,"{'4%': 1.25, '10%': 4.15, '21%': 4.74}",10.14,105.51,2024-09-06,0,paid,2024-09-06
FAC-2024-0001326,SO-2024-0001326,ALB-2024-0000848,CUST_73B61BEAF6AC,2024-09-08,41.04,"{'4%': 0.0, '10%': 3.96, '21%': 0.3}",4.26,45.3,2024-09-08,0,paid,2024-09-08
FAC-2024-0001327,SO-2024-0001327,,CUST_98159D713084,2024-09-06,191.08,"{'4%': 1.38, '10%': 14.08, '21%': 3.31}",18.77,209.85,2024-09-06,0,paid,2024-09-06
FAC-2024-0001328,SO-2024-0001328,ALB-2024-0000849,CUST_04AA5CA0C428,2024-09-09,121.7,"{'4%': 2.02, '10%': 1.84, '21%': 11.1}",14.96,136.66,2024-10-09,30,pending,
FAC-2024-0001329,SO-2024-0001329,ALB-2024-0000850,CUST_9A3A6E3C4532,2024-09-09,17.19,"{'4%': 0.21, '10%': 0.49, '21%': 1.5}",2.2,19.39,2024-09-09,0,paid,2024-09-10
FAC-2024-0001330,SO-2024-0001330,,CUST_B241519894D8,2024-09-06,22.8,"{'4%': 0.6, '10%': 0.56, '21%': 0.47}",1.63,24.43,2024-09-06,0,paid,2024-09-07
FAC-2024-0001331,SO-2024-0001331,ALB-2024-0000851,CUST_9A6C52171C88,2024-09-08,37.38,"{'4%': 0.0, '10%': 1.92, '21%': 3.82}",5.74,43.12,2024-09-08,0,paid,2024-09-09
FAC-2024-0001332,SO-2024-0001332,,CUST_B27B68C690B2,2024-09-06,69.18,"{'4%': 0.03, '10%': 3.63, '21%': 6.75}",10.41,79.59,2024-09-06,0,paid,2024-09-06
FAC-2024-0001333,SO-2024-0001333,,CUST_25E98D7248E2,2024-09-07,66.55,"{'4%': 0.32, '10%': 4.07, '21%': 3.76}",8.15,74.7,2024-09-07,0,paid,2024-09-08
FAC-2024-0001334,SO-2024-0001334,,CUST_4A94CC351E4F,2024-09-07,48.35,"{'4%': 1.8, '10%': 0.24, '21%': 0.22}",2.26,50.61,2024-09-22,15,pending,
FAC-2024-0001335,SO-2024-0001335,,CUST_FB8FD8B48EAD,2024-09-07,75.88,"{'4%': 0.0, '10%': 5.05, '21%': 5.33}",10.38,86.26,2024-09-22,15,pending,
FAC-2024-0001336,SO-2024-0001336,ALB-2024-0000852,CUST_AB0B15F0EA19,2024-09-10,52.28,"{'4%': 1.46, '10%': 0.83, '21%': 1.56}",3.85,56.13,2024-09-10,0,paid,2024-09-11
FAC-2024-0001337,SO-2024-0001337,,CUST_B3EE5A104129,2024-09-08,29.18,"{'4%': 0.03, '10%': 1.54, '21%': 2.76}",4.33,33.51,2024-09-08,0,paid,2024-09-08
FAC-2024-0001338,SO-2024-0001338,ALB-2024-0000853,CUST_A2119FD34579,2024-09-10,65.78,"{'4%': 1.35, '10%': 1.6, '21%': 3.35}",6.3,72.08,2024-09-10,0,paid,2024-09-10
FAC-2024-0001339,SO-2024-0001339,ALB-2024-0000854,CUST_4D29345512F7,2024-09-12,41.74,"{'4%': 0.0, '10%': 1.34, '21%': 5.95}",7.29,49.03,2024-09-12,0,paid,2024-09-12
FAC-2024-0001340,SO-2024-0001340,,CUST_58F0AAF78C67,2024-09-09,59.33,"{'4%': 0.0, '10%': 2.7, '21%': 6.78}",9.48,68.81,2024-09-09,0,paid,2024-09-09
FAC-2024-0001341,SO-2024-0001341,ALB-2024-0000855,CUST_7DE36694C343,2024-09-14,15.02,"{'4%': 0.0, '10%': 0.21, '21%': 2.7}",2.91,17.93,2024-09-14,0,paid,2024-09-14
FAC-2024-0001342,SO-2024-0001342,ALB-2024-0000856,CUST_9A3A6E3C4532,2024-09-12,16.92,"{'4%': 0.0, '10%': 1.13, '21%': 1.17}",2.3,19.22,2024-09-12,0,paid,2024-09-13
FAC-2024-0001343,SO-2024-0001343,ALB-2024-0000857,CUST_80BB6EC01269,2024-09-13,48.55,"{'4%': 0.02, '10%': 1.31, '21%': 7.31}",8.64,57.19,2024-09-28,15,pending,
FAC-2024-0001344,SO-2024-0001344,,CUST_255B7E3D5EE4,2024-09-11,133.26,"{'4%': 1.31, '10%': 9.33, '21%': 1.49}",12.13,145.39,2024-09-11,0,paid,2024-09-12
FAC-2024-0001345,SO-2024-0001345,ALB-2024-0000858,CUST_BE1590CE77E9,2024-09-15,107.75,"{'4%': 1.1, '10%': 4.78, '21%': 6.83}",12.71,120.46,2024-09-15,0,paid,2024-09-15
FAC-2024-0001346,SO-2024-0001346,ALB-2024-0000859,CUST_DD46475287AA,2024-09-13,28.2,"{'4%': 0.0, '10%': 2.55, '21%': 0.58}",3.13,31.33,2024-09-13,0,paid,2024-09-13
FAC-2024-0001347,SO-2024-0001347,,CUST_55FA458F1F19,2024-09-12,33.38,"{'4%': 0.0, '10%': 1.49, '21%': 3.87}",5.36,38.74,2024-09-12,0,paid,2024-09-13
FAC-2024-0001348,SO-2024-0001348,ALB-2024-0000860,CUST_9C100F6B40D0,2024-09-14,32.13,"{'4%': 0.97, '10%': 0.2, '21%': 1.22}",2.39,34.52,2024-09-14,0,paid,2024-09-15
FAC-2024-0001349,SO-2024-0001349,ALB-2024-0000861,CUST_585A7BFDCC12,2024-09-15,50.14,"{'4%': 0.25, '10%': 0.59, '21%': 7.99}",8.83,58.97,2024-09-15,0,paid,2024-09-15
FAC-2024-0001350,SO-2024-0001350,,CUST_80BB6EC01269,2024-09-12,42.46,"{'4%': 1.14, '10%': 0.82, '21%': 1.18}",3.14,45.6,2024-09-27,15,pending,
FAC-2024-0001351,SO-2024-0001351,ALB-2024-0000862,CUST_12B2940C3503,2024-09-16,39.15,"{'4%': 0.21, '10%': 1.53, '21%': 3.91}",5.65,44.8,2024-09-16,0,paid,2024-09-16
FAC-2024-0001352,SO-2024-0001352,ALB-2024-0000863,CUST_89EC98CBAA52,2024-09-13,56.37,"{'4%': 0.31, '10%': 3.91, '21%': 2.02}",6.24,62.61,2024-09-13,0,paid,2024-09-13
FAC-2024-0001353,SO-2024-0001353,ALB-2024-0000864,CUST_9C100F6B40D0,2024-09-17,36.18,"{'4%': 0.63, '10%': 1.37, '21%': 1.44}",3.44,39.62,2024-09-17,0,paid,2024-09-18
FAC-2024-0001354,SO-2024-0001354,ALB-2024-0000865,CUST_99181497D658,2024-09-16,92.28,"{'4%': 0.59, '10%': 4.09, '21%': 7.68}",12.36,104.64,2024-09-16,0,paid,2024-09-17
FAC-2024-0001355,SO-2024-0001355,ALB-2024-0000866,CUST_4D29345512F7,2024-09-14,40.72,"{'4%': 0.59, '10%': 1.04, '21%': 3.29}",4.92,45.64,2024-09-14,0,paid,2024-09-14
FAC-2024-0001356,SO-2024-0001356,ALB-2024-0000867,CUST_C5A1AD05B912,2024-09-17,39.48,"{'4%': 0.53, '10%': 1.72, '21%': 1.89}",4.14,43.62,2024-09-17,0,paid,2024-09-18
FAC-2024-0001357,SO-2024-0001357,,CUST_FFE3BF337A15,2024-09-13,36.08,"{'4%': 0.29, '10%': 0.47, '21%': 5.08}",5.84,41.92,2024-09-13,0,paid,2024-09-13
FAC-2024-0001358,SO-2024-0001358,ALB-2024-0000868,CUST_9EA931227592,2024-09-16,11.25,"{'4%': 0.13, '10%': 0.25, '21%': 1.13}",1.51,12.76,2024-09-16,0,paid,2024-09-16
FAC-2024-0001359,SO-2024-0001359,ALB-2024-0000869,CUST_1036D9A09007,2024-09-14,49.91,"{'4%': 0.0, '10%': 0.98, '21%': 8.43}",9.41,59.32,2024-09-14,0,paid,2024-09-14
FAC-2024-0001360,SO-2024-0001360,ALB-2024-0000870,CUST_624FBAE1E137,2024-09-14,44.15,"{'4%': 0.05, '10%': 3.44, '21%': 1.8}",5.29,49.44,2024-09-14,0,paid,2024-09-15
FAC-2024-0001361,SO-2024-0001361,ALB-2024-0000871,CUST_FBA6CDBCC653,2024-09-16,101.43,"{'4%': 1.11, '10%': 3.29, '21%': 8.54}",12.94,114.37,2024-10-01,15,pending,
FAC-2024-0001362,SO-2024-0001362,,CUST_80BB6EC01269,2024-09-14,63.34,"{'4%': 0.21, '10%': 3.25, '21%': 5.38}",8.84,72.18,2024-09-29,15,pending,
FAC-2024-0001363,SO-2024-0001363,,CUST_F4E7A4540937,2024-09-14,53.24,"{'4%': 1.06, '10%': 1.85, '21%': 1.72}",4.63,57.87,2024-09-29,15,pending,
FAC-2024-0001364,SO-2024-0001364,,CUST_B241519894D8,2024-09-14,23.05,"{'4%': 0.63, '10%': 0.0, '21%': 1.55}",2.18,25.23,2024-09-14,0,paid,2024-09-15
FAC-2024-0001365,SO-2024-0001365,ALB-2024-0000872,CUST_3D131E2C2E7D,2024-09-16,97.78,"{'4%': 1.52, '10%': 3.96, '21%': 4.23}",9.71,107.49,2024-09-16,0,paid,2024-09-16
FAC-2024-0001366,SO-2024-0001366,,CUST_FFE3BF337A15,2024-09-15,45.42,"{'4%': 1.82, '10%': 0.0, '21%': 0.0}",1.82,47.24,2024-09-15,0,paid,2024-09-15
FAC-2024-0001367,SO-2024-0001367,,CUST_008D610461E3,2024-09-16,49.53,"{'4%': 0.02, '10%': 2.75, '21%': 4.5}",7.27,56.8,2024-09-16,0,paid,2024-09-16
FAC-2024-0001368,SO-2024-0001368,,CUST_A149F920264C,2024-09-16,95.79,"{'4%': 1.01, '10%': 6.39, '21%': 1.39}",8.79,104.58,2024-09-16,0,paid,2024-09-16
FAC-2024-0001369,SO-2024-0001369,ALB-2024-0000873,CUST_04AA5CA0C428,2024-09-17,109.29,"{'4%': 0.35, '10%': 4.99, '21%': 10.63}",15.97,125.26,2024-10-17,30,pending,
FAC-2024-0001370,SO-2024-0001370,,CUST_FFE3BF337A15,2024-09-16,28.75,"{'4%': 1.15, '10%': 0.0, '21%': 0.0}",1.15,29.9,2024-09-16,0,paid,2024-09-16
FAC-2024-0001371,SO-2024-0001371,ALB-2024-0000874,CUST_A3010E5D8C6A,2024-09-19,105.31,"{'4%': 0.6, '10%': 6.03, '21%': 6.3}",12.93,118.24,2024-09-19,0,paid,2024-09-19
FAC-2024-0001372,SO-2024-0001372,,CUST_55FA458F1F19,2024-09-17,30.72,"{'4%': 0.32, '10%': 1.32, '21%': 2.0}",3.64,34.36,2024-09-17,0,paid,2024-09-17
FAC-2024-0001373,SO-2024-0001373,,CUST_668C0B95017C,2024-09-17,53.06,"{'4%': 1.96, '10%': 0.08, '21%': 0.68}",2.72,55.78,2024-09-17,0,paid,2024-09-18
FAC-2024-0001374,SO-2024-0001374,,CUST_0F25A55990E7,2024-09-17,76.18,"{'4%': 2.21, '10%': 2.09, '21%': 0.0}",4.3,80.48,2024-09-17,0,paid,2024-09-18
FAC-2024-0001375,SO-2024-0001375,,CUST_6DAA8861FE18,2024-09-18,13.08,"{'4%': 0.0, '10%': 1.31, '21%': 0.0}",1.31,14.39,2024-09-18,0,paid,2024-09-18
FAC-2024-0001376,SO-2024-0001376,,CUST_D3636F81CF4F,2024-09-18,55.46,"{'4%': 1.86, '10%': 0.81, '21%': 0.19}",2.86,58.32,2024-09-18,0,paid,2024-09-19
FAC-2024-0001377,SO-2024-0001377,ALB-2024-0000875,CUST_1DAD52C21221,2024-09-21,68.53,"{'4%': 0.51, '10%': 4.23, '21%': 2.8}",7.54,76.07,2024-09-21,0,paid,2024-09-21
FAC-2024-0001378,SO-2024-0001378,ALB-2024-0000876,CUST_7F29BEC39A37,2024-09-25,55.57,"{'4%': 0.05, '10%': 3.35, '21%': 4.38}",7.78,63.35,2024-09-25,0,paid,2024-09-26
FAC-2024-0001379,SO-2024-0001379,ALB-2024-0000877,CUST_A9AB1777E8CB,2024-09-21,19.3,"{'4%': 0.69, '10%': 0.0, '21%': 0.44}",1.13,20.43,2024-09-21,0,paid,2024-09-21
FAC-2024-0001380,SO-2024-0001380,ALB-2024-0000878,CUST_FBE9DBC080FD,2024-09-19,15.51,"{'4%': 0.34, '10%': 0.53, '21%': 0.37}",1.24,16.75,2024-09-19,0,paid,2024-09-19
FAC-2024-0001381,SO-2024-0001381,,CUST_45F52E2FBF77,2024-09-18,42.88,"{'4%': 0.22, '10%': 1.79, '21%': 4.11}",6.12,49.0,2024-10-03,15,pending,
FAC-2024-0001382,SO-2024-0001382,,CUST_4EFCE10B1A47,2024-09-18,138.5,"{'4%': 2.15, '10%': 7.54, '21%': 1.95}",11.64,150.14,2024-10-03,15,pending,
FAC-2024-0001383,SO-2024-0001383,,CUST_70E704D9145E,2024-09-18,57.09,"{'4%': 0.92, '10%': 1.35, '21%': 4.34}",6.61,63.7,2024-09-18,0,paid,2024-09-18
FAC-2024-0001384,SO-2024-0001384,ALB-2024-0000879,CUST_EFFA3040413C,2024-09-21,21.21,"{'4%': 0.0, '10%': 1.24, '21%': 1.85}",3.09,24.3,2024-09-21,0,paid,2024-09-21
FAC-2024-0001385,SO-2024-0001385,ALB-2024-0000880,CUST_6DAA8861FE18,2024-09-21,10.49,"{'4%': 0.16, '10%': 0.0, '21%': 1.35}",1.51,12.0,2024-09-21,0,paid,2024-09-22
FAC-2024-0001386,SO-2024-0001386,ALB-2024-0000881,CUST_D3636F81CF4F,2024-09-21,27.35,"{'4%': 0.56, '10%': 0.88, '21%': 0.97}",2.41,29.76,2024-09-21,0,paid,2024-09-21
FAC-2024-0001387,SO-2024-0001387,,CUST_FBE9DBC080FD,2024-09-19,14.11,"{'4%': 0.22, '10%': 0.85, '21%': 0.0}",1.07,15.18,2024-09-19,0,paid,2024-09-20
FAC-2024-0001388,SO-2024-0001388,,CUST_49A2F7E8F8E5,2024-09-19,22.82,"{'4%': 0.1, '10%': 0.38, '21%': 3.48}",3.96,26.78,2024-09-19,0,paid,2024-09-19
FAC-2024-0001389,SO-2024-0001389,ALB-2024-0000882,CUST_BF3182BBAD84,2024-09-21,257.03,"{'4%': 0.38, '10%': 21.75, '21%': 6.31}",28.44,285.47,2024-09-21,0,paid,2024-09-21
FAC-2024-0001390,SO-2024-0001390,ALB-2024-0000883,CUST_5C623A3C563E,2024-09-21,71.14,"{'4%': 0.08, '10%': 0.0, '21%': 14.49}",14.57,85.71,2024-09-21,0,paid,2024-09-22
FAC-2024-0001391,SO-2024-0001391,,CUST_BE05965BEFDF,2024-09-20,33.93,"{'4%': 0.45, '10%': 1.72, '21%': 1.14}",3.31,37.24,2024-09-20,0,paid,2024-09-21
FAC-2024-0001392,SO-2024-0001392,ALB-2024-0000884,CUST_FFE3BF337A15,2024-09-24,41.8,"{'4%': 0.69, '10%': 2.45, '21%': 0.0}",3.14,44.94,2024-09-24,0,paid,2024-09-24
FAC-2024-0001393,SO-2024-0001393,,CUST_562819DD3E8C,2024-09-20,42.88,"{'4%': 0.55, '10%': 1.61, '21%': 2.74}",4.9,47.78,2024-10-20,30,pending,
FAC-2024-0001394,SO-2024-0001394,,CUST_623225074181,2024-09-21,79.96,"{'4%': 0.0, '10%': 5.29, '21%': 5.68}",10.97,90.93,2024-09-21,0,paid,2024-09-22
FAC-2024-0001395,SO-2024-0001395,ALB-2024-0000885,CUST_49A2F7E8F8E5,2024-09-22,33.48,"{'4%': 0.0, '10%': 2.96, '21%': 0.81}",3.77,37.25,2024-09-22,0,paid,2024-09-23
FAC-2024-0001396,SO-2024-0001396,ALB-2024-0000886,CUST_EADA4970ED9A,2024-09-24,94.2,"{'4%': 2.15, '10%': 1.91, '21%': 4.5}",8.56,102.76,2024-10-09,15,pending,
FAC-2024-0001397,SO-2024-0001397,ALB-2024-0000887,CUST_D37445712959,2024-09-23,64.05,"{'4%': 0.24, '10%': 3.53, '21%': 4.77}",8.54,72.59,2024-09-23,0,paid,2024-09-23
FAC-2024-0001398,SO-2024-0001398,,CUST_774F7316CE64,2024-09-21,89.61,"{'4%': 1.64, '10%': 2.98, '21%': 3.92}",8.54,98.15,2024-09-21,0,paid,2024-09-22
FAC-2024-0001399,SO-2024-0001399,ALB-2024-0000888,CUST_E709329FC417,2024-09-24,28.4,"{'4%': 0.0, '10%': 0.63, '21%': 4.65}",5.28,33.68,2024-09-24,0,paid,2024-09-25
FAC-2024-0001400,SO-2024-0001400,ALB-2024-0000889,CUST_6FFFB2DC6C34,2024-09-24,65.48,"{'4%': 0.63, '10%': 2.98, '21%': 4.17}",7.78,73.26,2024-09-24,0,paid,2024-09-24
FAC-2024-0001401,SO-2024-0001401,ALB-2024-0000890,CUST_98159D713084,2024-09-25,122.05,"{'4%': 2.22, '10%': 6.65, '21%': 0.0}",8.87,130.92,2024-09-25,0,paid,2024-09-25
FAC-2024-0001402,SO-2024-0001402,ALB-2024-0000891,CUST_07F8F3EA0184,2024-09-24,33.98,"{'4%': 0.14, '10%': 0.19, '21%': 5.99}",6.32,40.3,2024-09-24,0,paid,2024-09-24
FAC-2024-0001403,SO-2024-0001403,,CUST_A383DB2C6AC8,2024-09-23,11.72,"{'4%': 0.0, '10%': 0.58, '21%': 1.24}",1.82,13.54,2024-09-23,0,paid,2024-09-23
FAC-2024-0001404,SO-2024-0001404,ALB-2024-0000892,CUST_3D131E2C2E7D,2024-09-26,105.99,"{'4%': 1.21, '10%': 6.31, '21%': 2.65}",10.17,116.16,2024-09-26,0,paid,2024-09-26
FAC-2024-0001405,SO-2024-0001405,ALB-2024-0000893,CUST_413530A900AD,2024-09-26,19.93,"{'4%': 0.0, '10%': 1.85, '21%': 0.3}",2.15,22.08,2024-09-26,0,paid,2024-09-26
FAC-2024-0001406,SO-2024-0001406,ALB-2024-0000894,CUST_9C100F6B40D0,2024-09-27,31.16,"{'4%': 0.0, '10%': 0.0, '21%': 6.54}",6.54,37.7,2024-09-27,0,paid,2024-09-28
FAC-2024-0001407,SO-2024-0001407,ALB-2024-0000895,CUST_966BFCD6BDCA,2024-09-26,84.44,"{'4%': 2.32, '10%': 2.02, '21%': 1.29}",5.63,90.07,2024-09-26,0,paid,2024-09-27
FAC-2024-0001408,SO-2024-0001408,ALB-2024-0000896,CUST_89EC98CBAA52,2024-09-27,35.56,"{'4%': 0.25, '10%': 1.18, '21%': 3.69}",5.12,40.68,2024-09-27,0,paid,2024-09-28
FAC-2024-0001409,SO-2024-0001409,,CUST_008D610461E3,2024-09-25,57.2,"{'4%': 1.66, '10%': 0.29, '21%': 2.67}",4.62,61.82,2024-09-25,0,paid,2024-09-26
FAC-2024-0001410,SO-2024-0001410,,CUST_B3EE5A104129,2024-09-25,24.9,"{'4%': 0.19, '10%': 0.21, '21%': 3.77}",4.17,29.07,2024-09-25,0,paid,2024-09-25
FAC-2024-0001411,SO-2024-0001411,,CUST_07F8F3EA0184,2024-09-25,18.37,"{'4%': 0.06, '10%': 0.34, '21%': 2.85}",3.25,21.62,2024-09-25,0,paid,2024-09-25
FAC-2024-0001412,SO-2024-0001412,,CUST_4758A6499CDC,2024-09-25,114.85,"{'4%': 0.59, '10%': 8.71, '21%': 2.75}",12.05,126.9,2024-09-25,0,paid,2024-09-26
FAC-2024-0001413,SO-2024-0001413,ALB-2024-0000897,CUST_58F0AAF78C67,2024-09-29,69.47,"{'4%': 0.98, '10%': 2.48, '21%': 4.25}",7.71,77.18,2024-09-29,0,paid,2024-09-29
FAC-2024-0001414,SO-2024-0001414,ALB-2024-0000898,CUST_5C0BA757CB10,2024-09-29,97.04,"{'4%': 0.93, '10%': 2.14, '21%': 11.0}",14.07,111.11,2024-09-29,0,paid,2024-09-29
FAC-2024-0001415,SO-2024-0001415,ALB-2024-0000899,CUST_B86623D4526B,2024-09-29,91.06,"{'4%': 0.86, '10%': 4.38, '21%': 5.41}",10.65,101.71,2024-10-14,15,pending,
FAC-2024-0001416,SO-2024-0001416,ALB-2024-0000900,CUST_34871A9C672A,2024-10-01,11.75,"{'4%': 0.0, '10%': 0.35, '21%': 1.74}",2.09,13.84,2024-10-01,0,paid,2024-10-01
FAC-2024-0001417,SO-2024-0001417,ALB-2024-0000901,CUST_FE89D9CB3540,2024-09-30,55.84,"{'4%': 0.58, '10%': 1.91, '21%': 4.69}",7.18,63.02,2024-09-30,0,paid,2024-10-01
FAC-2024-0001418,SO-2024-0001418,ALB-2024-0000902,CUST_14F9FA207403,2024-09-28,95.42,"{'4%': 0.46, '10%': 7.49, '21%': 1.88}",9.83,105.25,2024-09-28,0,paid,2024-09-28
FAC-2024-0001419,SO-2024-0001419,,CUST_25E98D7248E2,2024-09-26,51.85,"{'4%': 0.17, '10%': 4.32, '21%': 0.94}",5.43,57.28,2024-09-26,0,paid,2024-09-26
FAC-2024-0001420,SO-2024-0001420,ALB-2024-0000903,CUST_7F29BEC39A37,2024-09-29,80.95,"{'4%': 2.22, '10%': 2.19, '21%': 0.72}",5.13,86.08,2024-09-29,0,paid,2024-09-30
FAC-2024-0001421,SO-2024-0001421,,CUST_FBE9DBC080FD,2024-09-26,13.34,"{'4%': 0.22, '10%': 0.0, '21%': 1.65}",1.87,15.21,2024-09-26,0,paid,2024-09-26
FAC-2024-0001422,SO-2024-0001422,,CUST_A2119FD34579,2024-09-26,63.15,"{'4%': 0.21, '10%': 4.41, '21%': 2.91}",7.53,70.68,2024-09-26,0,paid,2024-09-26
FAC-2024-0001423,SO-2024-0001423,,CUST_58F0AAF78C67,2024-09-26,72.54,"{'4%': 0.0, '10%': 4.09, '21%': 6.64}",10.73,83.27,2024-09-26,0,paid,2024-09-27
FAC-2024-0001424,SO-2024-0001424,,CUST_501B5EE68495,2024-09-26,19.03,"{'4%': 0.21, '10%': 1.23, '21%': 0.34}",1.78,20.81,2024-10-11,15,pending,
FAC-2024-0001425,SO-2024-0001425,ALB-2024-0000904,CUST_BF3182BBAD84,2024-09-28,142.92,"{'4%': 0.19, '10%': 9.06, '21%': 10.0}",19.25,162.17,2024-09-28,0,paid,2024-09-28
FAC-2024-0001426,SO-2024-0001426,,CUST_30B1310C0C00,2024-09-27,173.18,"{'4%': 4.2, '10%': 2.23, '21%': 9.63}",16.06,189.24,2024-09-27,0,paid,2024-09-27
FAC-2024-0001427,SO-2024-0001427,ALB-2024-0000905,CUST_585A7BFDCC12,2024-09-29,43.94,"{'4%': 0.16, '10%': 1.36, '21%': 5.53}",7.05,50.99,2024-09-29,0,paid,2024-09-29
FAC-2024-0001428,SO-2024-0001428,ALB-2024-0000906,CUST_C0D7095FFA81,2024-09-29,72.16,"{'4%': 0.0, '10%': 5.78, '21%': 3.01}",8.79,80.95,2024-09-29,0,paid,2024-09-29
FAC-2024-0001429,SO-2024-0001429,ALB-2024-0000907,CUST_07F8F3EA0184,2024-10-02,27.16,"{'4%': 0.06, '10%': 1.64, '21%': 1.93}",3.63,30.79,2024-10-02,0,paid,2024-10-02
FAC-2024-0001430,SO-2024-0001430,ALB-2024-0000908,CUST_0F25A55990E7,2024-09-29,94.57,"{'4%': 2.1, '10%': 1.26, '21%': 6.17}",9.53,104.1,2024-09-29,0,paid,2024-09-30
FAC-2024-0001431,SO-2024-0001431,,CUST_A383DB2C6AC8,2024-09-27,18.5,"{'4%': 0.02, '10%': 0.78, '21%': 2.15}",2.95,21.45,2024-09-27,0,paid,2024-09-27
FAC-2024-0001432,SO-2024-0001432,ALB-2024-0000909,CUST_B86623D4526B,2024-10-01,132.89,"{'4%': 2.07, '10%': 4.48, '21%': 7.64}",14.19,147.08,2024-10-16,15,pending,
FAC-2024-0001433,SO-2024-0001433,,CUST_34871A9C672A,2024-09-27,22.44,"{'4%': 0.78, '10%': 0.3, '21%': 0.0}",1.08,23.52,2024-09-27,0,paid,2024-09-28
FAC-2024-0001434,SO-2024-0001434,,CUST_562819DD3E8C,2024-09-27,70.66,"{'4%': 1.32, '10%': 0.75, '21%': 6.37}",8.44,79.1,2024-10-27,30,pending,
FAC-2024-0001435,SO-2024-0001435,ALB-2024-0000910,CUST_9C2EEA4E3617,2024-09-29,58.75,"{'4%': 1.03, '10%': 2.53, '21%': 1.63}",5.19,63.94,2024-09-29,0,paid,2024-09-29
FAC-2024-0001436,SO-2024-0001436,,CUST_A2119FD34579,2024-09-28,71.89,"{'4%': 1.67, '10%': 2.63, '21%': 0.83}",5.13,77.02,2024-09-28,0,paid,2024-09-29
FAC-2024-0001437,SO-2024-0001437,ALB-2024-0000911,CUST_C4F97630A8A7,2024-09-30,43.9,"{'4%': 0.53, '10%': 1.67, '21%': 2.95}",5.15,49.05,2024-09-30,0,paid,2024-10-01
FAC-2024-0001438,SO-2024-0001438,ALB-2024-0000912,CUST_07F8F3EA0184,2024-09-30,26.82,"{'4%': 0.16, '10%': 0.0, '21%': 4.82}",4.98,31.8,2024-09-30,0,paid,2024-10-01
FAC-2024-0001439,SO-2024-0001439,,CUST_668C0B95017C,2024-09-28,44.56,"{'4%': 0.2, '10%': 0.0, '21%': 8.28}",8.48,53.04,2024-09-28,0,paid,2024-09-28
FAC-2024-0001440,SO-2024-0001440,ALB-2024-0000913,CUST_A383DB2C6AC8,2024-09-30,14.86,"{'4%': 0.59, '10%': 0.0, '21%': 0.0}",0.59,15.45,2024-09-30,0,paid,2024-09-30
FAC-2024-0001441,SO-2024-0001441,ALB-2024-0000914,CUST_5C0BA757CB10,2024-10-01,79.11,"{'4%': 0.75, '10%': 1.37, '21%': 9.78}",11.9,91.01,2024-10-01,0,paid,2024-10-02
FAC-2024-0001442,SO-2024-0001442,ALB-2024-0000915,CUST_AB0B15F0EA19,2024-10-01,46.66,"{'4%': 0.6, '10%': 2.33, '21%': 1.76}",4.69,51.35,2024-10-01,0,paid,2024-10-01
FAC-2024-0001443,SO-2024-0001443,,CUST_FFE3BF337A15,2024-09-30,27.61,"{'4%': 0.46, '10%': 0.86, '21%': 1.56}",2.88,30.49,2024-09-30,0,paid,2024-09-30
FAC-2024-0001444,SO-2024-0001444,ALB-2024-0000916,CUST_624FBAE1E137,2024-10-01,53.67,"{'4%': 0.96, '10%': 1.82, '21%': 2.44}",5.22,58.89,2024-10-01,0,paid,2024-10-01
FAC-2024-0001445,SO-2024-0001445,ALB-2024-0000917,CUST_774F7316CE64,2024-10-03,80.14,"{'4%': 0.81, '10%': 3.43, '21%': 5.37}",9.61,89.75,2024-10-03,0,paid,2024-10-04
FAC-2024-0001446,SO-2024-0001446,,CUST_A149F920264C,2024-10-01,97.57,"{'4%': 1.31, '10%': 5.14, '21%': 2.84}",9.29,106.86,2024-10-01,0,paid,2024-10-01
FAC-2024-0001447,SO-2024-0001447,ALB-2024-0000918,CUST_A9AB1777E8CB,2024-10-05,14.34,"{'4%': 0.31, '10%': 0.0, '21%': 1.36}",1.67,16.01,2024-10-05,0,paid,2024-10-06
FAC-2024-0001448,SO-2024-0001448,ALB-2024-0000919,CUST_80BB6EC01269,2024-10-02,60.41,"{'4%': 0.0, '10%': 1.28, '21%': 10.0}",11.28,71.69,2024-10-17,15,pending,
FAC-2024-0001449,SO-2024-0001449,,CUST_592A7BA109D0,2024-10-01,80.81,"{'4%': 1.12, '10%': 1.26, '21%': 8.42}",10.8,91.61,2024-10-01,0,paid,2024-10-01
FAC-2024-0001450,SO-2024-0001450,ALB-2024-0000920,CUST_D7F3C2EFEECB,2024-10-03,31.78,"{'4%': 0.48, '10%': 1.39, '21%': 1.22}",3.09,34.87,2024-10-03,0,paid,2024-10-04
FAC-2024-0001451,SO-2024-0001451,,CUST_45F52E2FBF77,2024-10-02,28.73,"{'4%': 0.19, '10%': 0.64, '21%': 3.68}",4.51,33.24,2024-10-17,15,pending,
FAC-2024-0001452,SO-2024-0001452,ALB-2024-0000921,CUST_C5A1AD05B912,2024-10-05,46.29,"{'4%': 0.41, '10%': 1.25, '21%': 4.96}",6.62,52.91,2024-10-05,0,paid,2024-10-05
FAC-2024-0001453,SO-2024-0001453,,CUST_1036D9A09007,2024-10-02,60.15,"{'4%': 0.45, '10%': 2.89, '21%': 4.2}",7.54,67.69,2024-10-02,0,paid,2024-10-03
FAC-2024-0001454,SO-2024-0001454,ALB-2024-0000922,CUST_6FFFB2DC6C34,2024-10-06,77.16,"{'4%': 0.0, '10%': 4.12, '21%': 7.55}",11.67,88.83,2024-10-06,0,paid,2024-10-06
FAC-2024-0001455,SO-2024-0001455,ALB-2024-0000923,CUST_D37445712959,2024-10-05,79.19,"{'4%': 0.88, '10%': 4.38, '21%': 2.85}",8.11,87.3,2024-10-05,0,paid,2024-10-05
FAC-2024-0001456,SO-2024-0001456,,CUST_D3636F81CF4F,2024-10-03,33.29,"{'4%': 0.4, '10%': 2.34, '21%': 0.0}",2.74,36.03,2024-10-03,0,paid,2024-10-04
FAC-2024-0001457,SO-2024-0001457,,CUST_D7F3C2EFEECB,2024-10-03,27.71,"{'4%': 0.0, '10%': 1.13, '21%': 3.44}",4.57,32.28,2024-10-03,0,paid,2024-10-04
FAC-2024-0001458,SO-2024-0001458,ALB-2024-0000924,CUST_D37445712959,2024-10-05,59.32,"{'4%': 0.24, '10%': 2.31, '21%': 6.33}",8.88,68.2,2024-10-05,0,paid,2024-10-06
FAC-2024-0001459,SO-2024-0001459,ALB-2024-0000925,CUST_9DF29E825AAE,2024-10-05,57.2,"{'4%': 0.51, '10%': 3.5, '21%': 1.98}",5.99,63.19,2024-10-05,0,paid,2024-10-06
FAC-2024-0001460,SO-2024-0001460,ALB-2024-0000926,CUST_FE89D9CB3540,2024-10-05,47.74,"{'4%': 1.36, '10%': 1.08, '21%': 0.6}",3.04,50.78,2024-10-05,0,paid,2024-10-05
FAC-2024-0001461,SO-2024-0001461,ALB-2024-0000927,CUST_C1D7F3025D16,2024-10-08,47.6,"{'4%': 0.27, '10%': 1.68, '21%': 5.07}",7.02,54.62,2024-11-07,30,pending,
FAC-2024-0001462,SO-2024-0001462,ALB-2024-0000928,CUST_04AA5CA0C428,2024-10-07,112.28,"{'4%': 2.23, '10%': 3.3, '21%': 4.93}",10.46,122.74,2024-11-06,30,pending,
FAC-2024-0001463,SO-2024-0001463,,CUST_F4E7A4540937,2024-10-04,39.84,"{'4%': 0.35, '10%': 0.0, '21%': 6.55}",6.9,46.74,2024-10-19,15,pending,
FAC-2024-0001464,SO-2024-0001464,ALB-2024-0000929,CUST_9E2A0F79A8A7,2024-10-07,121.43,"{'4%': 1.62, '10%': 3.87, '21%': 8.9}",14.39,135.82,2024-10-07,0,paid,2024-10-07
FAC-2024-0001465,SO-2024-0001465,,CUST_A3010E5D8C6A,2024-10-04,93.49,"{'4%': 0.71, '10%': 6.73, '21%': 1.77}",9.21,102.7,2024-10-04,0,paid,2024-10-05
FAC-2024-0001466,SO-2024-0001466,,CUST_1A57C5F8E2F8,2024-10-04,59.61,"{'4%': 0.48, '10%': 4.41, '21%': 0.77}",5.66,65.27,2024-10-04,0,paid,2024-10-05
FAC-2024-0001467,SO-2024-0001467,ALB-2024-0000930,CUST_E709329FC417,2024-10-05,24.87,"{'4%': 0.0, '10%': 0.13, '21%': 4.95}",5.08,29.95,2024-10-05,0,paid,2024-10-05
FAC-2024-0001468,SO-2024-0001468,ALB-2024-0000931,CUST_FE89D9CB3540,2024-10-08,46.61,"{'4%': 0.0, '10%': 4.05, '21%': 1.27}",5.32,51.93,2024-10-08,0,paid,2024-10-08
FAC-2024-0001469,SO-2024-0001469,ALB-2024-0000932,CUST_ABF3FEC21BBE,2024-10-09,29.36,"{'4%': 0.0, '10%': 2.52, '21%': 0.88}",3.4,32.76,2024-10-24,15,pending,
FAC-2024-0001470,SO-2024-0001470,,CUST_DD46475287AA,2024-10-05,20.83,"{'4%': 0.05, '10%': 0.68, '21%': 2.71}",3.44,24.27,2024-10-05,0,paid,2024-10-05
FAC-2024-0001471,SO-2024-0001471,ALB-2024-0000933,CUST_7DE36694C343,2024-10-09,13.98,"{'4%': 0.0, '10%': 0.24, '21%': 2.43}",2.67,16.65,2024-10-09,0,paid,2024-10-10
FAC-2024-0001472,SO-2024-0001472,,CUST_668C0B95017C,2024-10-05,63.19,"{'4%': 0.37, '10%': 2.49, '21%': 6.12}",8.98,72.17,2024-10-05,0,paid,2024-10-05
FAC-2024-0001473,SO-2024-0001473,ALB-2024-0000934,CUST_501B5EE68495,2024-10-10,18.84,"{'4%': 0.37, '10%': 0.47, '21%': 1.04}",1.88,20.72,2024-10-25,15,pending,
FAC-2024-0001474,SO-2024-0001474,ALB-2024-0000935,CUST_B86623D4526B,2024-10-09,79.29,"{'4%': 0.08, '10%': 4.32, '21%': 7.16}",11.56,90.85,2024-10-24,15,pending,
FAC-2024-0001475,SO-2024-0001475,,CUST_A3010E5D8C6A,2024-10-05,99.78,"{'4%': 2.61, '10%': 2.71, '21%': 1.55}",6.87,106.65,2024-10-05,0,paid,2024-10-06
FAC-2024-0001476,SO-2024-0001476,ALB-2024-0000936,CUST_A87990422EB7,2024-10-07,83.33,"{'4%': 0.84, '10%': 1.39, '21%': 10.18}",12.41,95.74,2024-10-22,15,pending,
FAC-2024-0001477,SO-2024-0001477,ALB-2024-0000937,CUST_89EC98CBAA52,2024-10-08,36.25,"{'4%': 0.18, '10%': 0.77, '21%': 5.02}",5.97,42.22,2024-10-08,0,paid,2024-10-09
FAC-2024-0001478,SO-2024-0001478,ALB-2024-0000938,CUST_9F6ABD54DA04,2024-10-08,36.3,"{'4%': 0.0, '10%': 1.74, '21%': 3.97}",5.71,42.01,2024-10-08,0,paid,2024-10-09
FAC-2024-0001479,SO-2024-0001479,ALB-2024-0000939,CUST_34871A9C672A,2024-10-11,11.1,"{'4%': 0.06, '10%': 0.48, '21%': 1.03}",1.57,12.67,2024-10-11,0,paid,2024-10-11
FAC-2024-0001480,SO-2024-0001480,ALB-2024-0000940,CUST_513A986F9025,2024-10-08,107.51,"{'4%': 0.51, '10%': 5.3, '21%': 8.78}",14.59,122.1,2024-10-08,0,paid,2024-10-09
FAC-2024-0001481,SO-2024-0001481,ALB-2024-0000941,CUST_978613281726,2024-10-10,70.06,"{'4%': 0.51, '10%': 0.82, '21%': 10.31}",11.64,81.7,2024-10-10,0,paid,2024-10-10
FAC-2024-0001482,SO-2024-0001482,ALB-2024-0000942,CUST_FBE9DBC080FD,2024-10-09,12.48,"{'4%': 0.05, '10%': 0.66, '21%': 0.94}",1.65,14.13,2024-10-09,0,paid,2024-10-10
FAC-2024-0001483,SO-2024-0001483,,CUST_4D29345512F7,2024-10-07,60.65,"{'4%': 0.54, '10%': 3.22, '21%': 3.13}",6.89,67.54,2024-10-07,0,paid,2024-10-07
FAC-2024-0001484,SO-2024-0001484,ALB-2024-0000943,CUST_FBA6CDBCC653,2024-10-09,98.08,"{'4%': 0.57, '10%': 3.9, '21%': 9.41}",13.88,111.96,2024-10-24,15,pending,
FAC-2024-0001485,SO-2024-0001485,,CUST_30B1310C0C00,2024-10-08,105.64,"{'4%': 0.21, '10%': 6.14, '21%': 8.18}",14.53,120.17,2024-10-08,0,paid,2024-10-09
FAC-2024-0001486,SO-2024-0001486,ALB-2024-0000944,CUST_80BB6EC01269,2024-10-09,39.81,"{'4%': 0.0, '10%': 3.65, '21%': 0.7}",4.35,44.16,2024-10-24,15,pending,
FAC-2024-0001487,SO-2024-0001487,ALB-2024-0000945,CUST_A383DB2C6AC8,2024-10-11,9.5,"{'4%': 0.08, '10%': 0.54, '21%': 0.43}",1.05,10.55,2024-10-11,0,paid,2024-10-11
FAC-2024-0001488,SO-2024-0001488,,CUST_1A57C5F8E2F8,2024-10-08,49.81,"{'4%': 0.55, '10%': 2.78, '21%': 1.72}",5.05,54.86,2024-10-08,0,paid,2024-10-09
FAC-2024-0001489,SO-2024-0001489,ALB-2024-0000946,CUST_0E61171B1B80,2024-10-10,11.2,"{'4%': 0.04, '10%': 0.63, '21%': 0.8}",1.47,12.67,2024-10-10,0,paid,2024-10-11
FAC-2024-0001490,SO-2024-0001490,ALB-2024-0000947,CUST_A66F39669FA7,2024-10-13,20.23,"{'4%': 0.0, '10%': 0.0, '21%': 4.25}",4.25,24.48,2024-10-13,0,paid,2024-10-14
FAC-2024-0001491,SO-2024-0001491,ALB-2024-0000948,CUST_585A7BFDCC12,2024-10-10,97.98,"{'4%': 0.89, '10%': 6.33, '21%': 2.59}",9.81,107.79,2024-10-10,0,paid,2024-10-11
FAC-2024-0001492,SO-2024-0001492,,CUST_98159D713084,2024-10-09,90.4,"{'4%': 0.51, '10%': 5.86, '21%': 3.99}",10.36,100.76,2024-10-09,0,paid,2024-10-09
FAC-2024-0001493,SO-2024-0001493,,CUST_9A6C52171C88,2024-10-09,26.64,"{'4%': 0.46, '10%': 1.52, '21%': 0.0}",1.98,28.62,2024-10-09,0,paid,2024-10-10
FAC-2024-0001494,SO-2024-0001494,ALB-2024-0000949,CUST_C1D7F3025D16,2024-10-12,57.56,"{'4%': 0.6, '10%': 1.72, '21%': 5.32}",7.64,65.2,2024-11-11,30,pending,
FAC-2024-0001495,SO-2024-0001495,ALB-2024-0000950,CUST_A66F39669FA7,2024-10-14,32.9,"{'4%': 0.67, '10%': 1.1, '21%': 1.1}",2.87,35.77,2024-10-14,0,paid,2024-10-14
FAC-2024-0001496,SO-2024-0001496,,CUST_49A2F7E8F8E5,2024-10-10,39.6,"{'4%': 0.0, '10%': 3.5, '21%': 0.96}",4.46,44.06,2024-10-10,0,paid,2024-10-10
FAC-2024-0001497,SO-2024-0001497,ALB-2024-0000951,CUST_A383DB2C6AC8,2024-10-13,25.96,"{'4%': 0.76, '10%': 0.0, '21%': 1.45}",2.21,28.17,2024-10-13,0,paid,2024-10-13
FAC-2024-0001498,SO-2024-0001498,,CUST_562819DD3E8C,2024-10-10,72.81,"{'4%': 1.27, '10%': 2.53, '21%': 3.32}",7.12,79.93,2024-11-09,30,pending,
FAC-2024-0001499,SO-2024-0001499,ALB-2024-0000952,CUST_42D951976E75,2024-10-12,33.14,"{'4%': 0.0, '10%': 3.0, '21%': 0.66}",3.66,36.8,2024-10-12,0,paid,2024-10-13
FAC-2024-0001500,SO-2024-0001500,,CUST_4D71B41B3143,2024-10-11,30.13,"{'4%': 0.34, '10%': 1.89, '21%': 0.59}",2.82,32.95,2024-10-11,0,paid,2024-10-11
FAC-2024-0001501,SO-2024-0001501,ALB-2024-0000953,CUST_6DAA8861FE18,2024-10-13,10.25,"{'4%': 0.0, '10%': 0.32, '21%': 1.49}",1.81,12.06,2024-10-13,0,paid,2024-10-13
FAC-2024-0001502,SO-2024-0001502,,CUST_49A2F7E8F8E5,2024-10-11,43.86,"{'4%': 0.0, '10%': 4.39, '21%': 0.0}",4.39,48.25,2024-10-11,0,paid,2024-10-11
FAC-2024-0001503,SO-2024-0001503,ALB-2024-0000954,CUST_9A3A6E3C4532,2024-10-12,16.77,"{'4%': 0.06, '10%': 0.28, '21%': 2.62}",2.96,19.73,2024-10-12,0,paid,2024-10-12
FAC-2024-0001504,SO-2024-0001504,,CUST_80BB6EC01269,2024-10-11,36.04,"{'4%': 0.16, '10%': 1.78, '21%': 2.97}",4.91,40.95,2024-10-26,15,pending,
FAC-2024-0001505,SO-2024-0001505,,CUST_4A94CC351E4F,2024-10-11,52.77,"{'4%': 1.28, '10%': 1.91, '21%': 0.35}",3.54,56.31,2024-10-26,15,pending,
FAC-2024-0001506,SO-2024-0001506,,CUST_34871A9C672A,2024-10-11,11.32,"{'4%': 0.0, '10%': 0.16, '21%': 2.05}",2.21,13.53,2024-10-11,0,paid,2024-10-12
FAC-2024-0001507,SO-2024-0001507,ALB-2024-0000955,CUST_9DF29E825AAE,2024-10-14,109.13,"{'4%': 0.14, '10%': 8.91, '21%': 3.45}",12.5,121.63,2024-10-14,0,paid,2024-10-14
FAC-2024-0001508,SO-2024-0001508,ALB-2024-0000956,CUST_AB0B15F0EA19,2024-10-14,56.82,"{'4%': 0.32, '10%': 3.04, '21%': 3.86}",7.22,64.04,2024-10-14,0,paid,2024-10-15
FAC-2024-0001509,SO-2024-0001509,,CUST_C1D7F3025D16,2024-10-11,59.26,"{'4%': 1.52, '10%': 0.94, '21%': 2.48}",4.94,64.2,2024-11-10,30,pending,
FAC-2024-0001510,SO-2024-0001510,,CUST_4D71B41B3143,2024-10-12,33.03,"{'4%': 1.22, '10%': 0.26, '21%': 0.0}",1.48,34.51,2024-10-12,0,paid,2024-10-12
FAC-2024-0001511,SO-2024-0001511,ALB-2024-0000957,CUST_4BB0B27C4026,2024-10-16,59.49,"{'4%': 2.33, '10%': 0.0, '21%': 0.26}",2.59,62.08,2024-10-16,0,paid,2024-10-16
FAC-2024-0001512,SO-2024-0001512,ALB-2024-0000958,CUST_F157018267C4,2024-10-15,119.4,"{'4%': 3.51, '10%': 1.5, '21%': 3.48}",8.49,127.89,2024-10-15,0,paid,2024-10-15
FAC-2024-0001513,SO-2024-0001513,ALB-2024-0000959,CUST_9C2EEA4E3617,2024-10-13,42.34,"{'4%': 0.06, '10%': 3.34, '21%': 1.56}",4.96,47.3,2024-10-13,0,paid,2024-10-14
FAC-2024-0001514,SO-2024-0001514,,CUST_45F52E2FBF77,2024-10-12,39.94,"{'4%': 0.16, '10%': 0.91, '21%': 5.65}",6.72,46.66,2024-10-27,15,pending,
FAC-2024-0001515,SO-2024-0001515,,CUST_284C27D415B6,2024-10-12,120.62,"{'4%': 1.9, '10%': 4.81, '21%': 5.28}",11.99,132.61,2024-10-12,0,paid,2024-10-13
FAC-2024-0001516,SO-2024-0001516,ALB-2024-0000960,CUST_12B2940C3503,2024-10-14,33.32,"{'4%': 0.17, '10%': 2.63, '21%': 0.6}",3.4,36.72,2024-10-14,0,paid,2024-10-14
FAC-2024-0001517,SO-2024-0001517,,CUST_DD920DB977A9,2024-10-12,31.67,"{'4%': 0.4, '10%': 0.21, '21%': 4.11}",4.72,36.39,2024-10-12,0,paid,2024-10-12
FAC-2024-0001518,SO-2024-0001518,ALB-2024-0000961,CUST_FE89D9CB3540,2024-10-15,57.4,"{'4%': 0.93, '10%': 2.85, '21%': 1.16}",4.94,62.34,2024-10-15,0,paid,2024-10-15
FAC-2024-0001519,SO-2024-0001519,ALB-2024-0000962,CUST_42D951976E75,2024-10-15,23.77,"{'4%': 0.26, '10%': 0.1, '21%': 3.42}",3.78,27.55,2024-10-15,0,paid,2024-10-15
FAC-2024-0001520,SO-2024-0001520,ALB-2024-0000963,CUST_008D610461E3,2024-10-20,54.8,"{'4%': 0.35, '10%': 1.47, '21%': 6.6}",8.42,63.22,2024-10-20,0,paid,2024-10-20
FAC-2024-0001521,SO-2024-0001521,ALB-2024-0000964,CUST_14F9FA207403,2024-10-16,103.55,"{'4%': 0.38, '10%': 6.25, '21%': 6.63}",13.26,116.81,2024-10-16,0,paid,2024-10-17
FAC-2024-0001522,SO-2024-0001522,ALB-2024-0000965,CUST_C4F97630A8A7,2024-10-17,43.81,"{'4%': 0.32, '10%': 3.32, '21%': 0.54}",4.18,47.99,2024-10-17,0,paid,2024-10-18
FAC-2024-0001523,SO-2024-0001523,ALB-2024-0000966,CUST_FD03C9525185,2024-10-18,11.4,"{'4%': 0.0, '10%': 0.0, '21%': 2.39}",2.39,13.79,2024-10-18,0,paid,2024-10-19
FAC-2024-0001524,SO-2024-0001524,,CUST_30B1310C0C00,2024-10-16,119.57,"{'4%': 0.64, '10%': 6.17, '21%': 8.82}",15.63,135.2,2024-10-16,0,paid,2024-10-17
FAC-2024-0001525,SO-2024-0001525,,CUST_4D71B41B3143,2024-10-16,27.96,"{'4%': 0.48, '10%': 1.03, '21%': 1.17}",2.68,30.64,2024-10-16,0,paid,2024-10-16
FAC-2024-0001526,SO-2024-0001526,ALB-2024-0000967,CUST_5C623A3C563E,2024-10-18,81.32,"{'4%': 1.5, '10%': 1.44, '21%': 6.21}",9.15,90.47,2024-10-18,0,paid,2024-10-19
FAC-2024-0001527,SO-2024-0001527,ALB-2024-0000968,CUST_EFFA3040413C,2024-10-19,22.76,"{'4%': 0.0, '10%': 1.42, '21%': 1.8}",3.22,25.98,2024-10-19,0,paid,2024-10-19
FAC-2024-0001528,SO-2024-0001528,ALB-2024-0000969,CUST_D37445712959,2024-10-20,42.89,"{'4%': 0.2, '10%': 1.35, '21%': 5.09}",6.64,49.53,2024-10-20,0,paid,2024-10-21
FAC-2024-0001529,SO-2024-0001529,ALB-2024-0000970,CUST_AB0B15F0EA19,2024-10-19,57.19,"{'4%': 0.2, '10%': 2.37, '21%': 5.99}",8.56,65.75,2024-10-19,0,paid,2024-10-20
FAC-2024-0001530,SO-2024-0001530,,CUST_E6B3CB323E35,2024-10-17,118.57,"{'4%': 1.73, '10%': 5.69, '21%': 3.89}",11.31,129.88,2024-10-17,0,paid,2024-10-17
FAC-2024-0001531,SO-2024-0001531,ALB-2024-0000971,CUST_707DFDB1429E,2024-10-20,58.24,"{'4%': 0.0, '10%': 2.46, '21%': 7.06}",9.52,67.76,2024-10-20,0,paid,2024-10-20
FAC-2024-0001532,SO-2024-0001532,,CUST_51B11B2EDEDB,2024-10-17,12.6,"{'4%': 0.0, '10%': 0.16, '21%': 2.31}",2.47,15.07,2024-10-17,0,paid,2024-10-17
FAC-2024-0001533,SO-2024-0001533,ALB-2024-0000972,CUST_9EA931227592,2024-10-20,13.87,"{'4%': 0.4, '10%': 0.0, '21%': 0.83}",1.23,15.1,2024-10-20,0,paid,2024-10-21
FAC-2024-0001534,SO-2024-0001534,ALB-2024-0000973,CUST_624FBAE1E137,2024-10-20,52.86,"{'4%': 0.76, '10%': 2.03, '21%': 2.83}",5.62,58.48,2024-10-20,0,paid,2024-10-21
FAC-2024-0001535,SO-2024-0001535,ALB-2024-0000974,CUST_90CEE9A53368,2024-10-19,55.08,"{'4%': 0.0, '10%': 1.02, '21%': 9.42}",10.44,65.52,2024-10-19,0,paid,2024-10-20
FAC-2024-0001536,SO-2024-0001536,ALB-2024-0000975,CUST_8A0B36D8393A,2024-10-22,121.6,"{'4%': 0.98, '10%': 4.79, '21%': 10.34}",16.11,137.71,2024-11-06,15,pending,
FAC-2024-0001537,SO-2024-0001537,,CUST_008D610461E3,2024-10-18,52.65,"{'4%': 0.73, '10%': 1.57, '21%': 3.93}",6.23,58.88,2024-10-18,0,paid,2024-10-19
FAC-2024-0001538,SO-2024-0001538,,CUST_55FA458F1F19,2024-10-18,30.99,"{'4%': 0.2, '10%': 1.78, '21%': 1.7}",3.68,34.67,2024-10-18,0,paid,2024-10-19
FAC-2024-0001539,SO-2024-0001539,,CUST_07F8F3EA0184,2024-10-18,80.2,"{'4%': 0.0, '10%': 6.96, '21%': 2.23}",9.19,89.39,2024-10-18,0,paid,2024-10-18
FAC-2024-0001540,SO-2024-0001540,ALB-2024-0000976,CUST_668C0B95017C,2024-10-20,36.16,"{'4%': 0.42, '10%': 1.03, '21%': 3.23}",4.68,40.84,2024-10-20,0,paid,2024-10-21
FAC-2024-0001541,SO-2024-0001541,ALB-2024-0000977,CUST_9D9D1BF645F6,2024-10-21,27.01,"{'4%': 0.39, '10%': 0.62, '21%': 2.34}",3.35,30.36,2024-10-21,0,paid,2024-10-21
FAC-2024-0001542,SO-2024-0001542,,CUST_A383DB2C6AC8,2024-10-18,9.27,"{'4%': 0.06, '10%': 0.25, '21%': 1.12}",1.43,10.7,2024-10-18,0,paid,2024-10-18
FAC-2024-0001543,SO-2024-0001543,,CUST_B241519894D8,2024-10-18,20.14,"{'4%': 0.12, '10%': 1.24, '21%': 0.99}",2.35,22.49,2024-10-18,0,paid,2024-10-18
FAC-2024-0001544,SO-2024-0001544,ALB-2024-0000978,CUST_B86623D4526B,2024-10-21,78.32,"{'4%': 0.17, '10%': 2.46, '21%': 10.41}",13.04,91.36,2024-11-05,15,pending,
FAC-2024-0001545,SO-2024-0001545,ALB-2024-0000979,CUST_A87990422EB7,2024-10-19,68.69,"{'4%': 0.42, '10%': 1.49, '21%': 9.08}",10.99,79.68,2024-11-03,15,pending,
FAC-2024-0001546,SO-2024-0001546,ALB-2024-0000980,CUST_8E038E969227,2024-10-21,65.13,"{'4%': 0.98, '10%': 4.05, '21%': 0.0}",5.03,70.16,2024-10-21,0,paid,2024-10-21
FAC-2024-0001547,SO-2024-0001547,,CUST_CC393B5AE288,2024-10-18,102.48,"{'4%': 0.0, '10%': 0.0, '21%': 21.52}",21.52,124.0,2024-10-18,0,paid,2024-10-18
FAC-2024-0001548,SO-2024-0001548,ALB-2024-0000981,CUST_C60161FA01BA,2024-10-22,23.39,"{'4%': 0.61, '10%': 0.23, '21%': 1.25}",2.09,25.48,2024-10-22,0,paid,2024-10-22
FAC-2024-0001549,SO-2024-0001549,,CUST_1A57C5F8E2F8,2024-10-18,47.92,"{'4%': 0.59, '10%': 2.6, '21%': 1.5}",4.69,52.61,2024-10-18,0,paid,2024-10-18
FAC-2024-0001550,SO-2024-0001550,ALB-2024-0000982,CUST_E709329FC417,2024-10-19,22.84,"{'4%': 0.0, '10%': 1.21, '21%': 2.25}",3.46,26.3,2024-10-19,0,paid,2024-10-20
FAC-2024-0001551,SO-2024-0001551,ALB-2024-0000983,CUST_4D29345512F7,2024-10-22,42.79,"{'4%': 0.93, '10%': 0.24, '21%': 3.62}",4.79,47.58,2024-10-22,0,paid,2024-10-22
FAC-2024-0001552,SO-2024-0001552,ALB-2024-0000984,CUST_92CA6DE59332,2024-10-23,66.38,"{'4%': 0.49, '10%': 1.4, '21%': 8.43}",10.32,76.7,2024-10-23,0,paid,2024-10-23
FAC-2024-0001553,SO-2024-0001553,ALB-2024-0000985,CUST_04AA5CA0C428,2024-10-22,113.01,"{'4%': 0.94, '10%': 6.53, '21%': 5.11}",12.58,125.59,2024-11-21,30,pending,
FAC-2024-0001554,SO-2024-0001554,ALB-2024-0000986,CUST_58F0AAF78C67,2024-10-25,73.78,"{'4%': 0.38, '10%': 2.22, '21%': 8.85}",11.45,85.23,2024-10-25,0,paid,2024-10-26
FAC-2024-0001555,SO-2024-0001555,,CUST_562819DD3E8C,2024-10-19,56.71,"{'4%': 0.94, '10%': 2.73, '21%': 1.25}",4.92,61.63,2024-11-18,30,pending,
FAC-2024-0001556,SO-2024-0001556,,CUST_5C623A3C563E,2024-10-22,88.35,"{'4%': 1.01, '10%': 3.12, '21%': 6.69}",10.82,99.17,2024-10-22,0,paid,2024-10-22
FAC-2024-0001557,SO-2024-0001557,ALB-2024-0000987,CUST_D854DFCAF0B7,2024-10-25,83.85,"{'4%': 1.2, '10%': 4.51, '21%': 1.86}",7.57,91.42,2024-11-09,15,pending,
FAC-2024-0001558,SO-2024-0001558,ALB-2024-0000988,CUST_C7745543FC3C,2024-10-26,174.45,"{'4%': 1.49, '10%': 8.07, '21%': 11.87}",21.43,195.88,2024-10-26,0,paid,2024-10-27
FAC-2024-0001559,SO-2024-0001559,,CUST_A48ED0421DFA,2024-10-22,82.56,"{'4%': 0.09, '10%': 7.38, '21%': 1.35}",8.82,91.38,2024-10-22,0,paid,2024-10-23
FAC-2024-0001560,SO-2024-0001560,ALB-2024-0000989,CUST_501B5EE68495,2024-10-28,23.86,"{'4%': 0.06, '10%': 0.99, '21%': 2.59}",3.64,27.5,2024-11-12,15,pending,
FAC-2024-0001561,SO-2024-0001561,,CUST_8E038E969227,2024-10-22,67.93,"{'4%': 1.8, '10%': 2.07, '21%': 0.47}",4.34,72.27,2024-10-22,0,paid,2024-10-22
FAC-2024-0001562,SO-2024-0001562,,CUST_592A7BA109D0,2024-10-22,59.07,"{'4%': 0.99, '10%': 0.76, '21%': 5.62}",7.37,66.44,2024-10-22,0,paid,2024-10-22
FAC-2024-0001563,SO-2024-0001563,,CUST_774F7316CE64,2024-10-22,71.19,"{'4%': 0.6, '10%': 3.74, '21%': 3.93}",8.27,79.46,2024-10-22,0,paid,2024-10-22
FAC-2024-0001564,SO-2024-0001564,ALB-2024-0000990,CUST_55FA458F1F19,2024-10-26,49.76,"{'4%': 0.0, '10%': 0.35, '21%': 9.73}",10.08,59.84,2024-10-26,0,paid,2024-10-27
FAC-2024-0001565,SO-2024-0001565,,CUST_E8DD1712FB16,2024-10-23,20.57,"{'4%': 0.0, '10%': 0.63, '21%': 2.99}",3.62,24.19,2024-10-23,0,paid,2024-10-24
FAC-2024-0001566,SO-2024-0001566,ALB-2024-0000991,CUST_FBE9DBC080FD,2024-10-24,18.02,"{'4%': 0.13, '10%': 0.76, '21%': 1.49}",2.38,20.4,2024-10-24,0,paid,2024-10-25
FAC-2024-0001567,SO-2024-0001567,ALB-2024-0000992,CUST_80BB6EC01269,2024-10-26,43.66,"{'4%': 0.32, '10%': 1.66, '21%': 4.03}",6.01,49.67,2024-11-10,15,pending,
FAC-2024-0001568,SO-2024-0001568,ALB-2024-0000993,CUST_A383DB2C6AC8,2024-10-25,9.61,"{'4%': 0.0, '10%': 0.0, '21%': 2.02}",2.02,11.63,2024-10-25,0,paid,2024-10-26
FAC-2024-0001569,SO-2024-0001569,ALB-2024-0000994,CUST_A87990422EB7,2024-10-25,77.86,"{'4%': 0.47, '10%': 4.58, '21%': 4.25}",9.3,87.16,2024-11-09,15,pending,
FAC-2024-0001570,SO-2024-0001570,,CUST_DD920DB977A9,2024-10-23,106.87,"{'4%': 3.81, '10%': 0.34, '21%': 1.73}",5.88,112.75,2024-10-23,0,paid,2024-10-24
FAC-2024-0001571,SO-2024-0001571,,CUST_C1D7F3025D16,2024-10-23,71.7,"{'4%': 1.94, '10%': 0.64, '21%': 3.52}",6.1,77.8,2024-11-22,30,pending,
FAC-2024-0001572,SO-2024-0001572,ALB-2024-0000995,CUST_6DAA8861FE18,2024-10-28,11.76,"{'4%': 0.1, '10%': 0.0, '21%': 1.94}",2.04,13.8,2024-10-28,0,paid,2024-10-28
FAC-2024-0001573,SO-2024-0001573,ALB-2024-0000996,CUST_C0D7095FFA81,2024-10-26,70.42,"{'4%': 0.0, '10%': 2.97, '21%': 8.56}",11.53,81.95,2024-10-26,0,paid,2024-10-27
FAC-2024-0001574,SO-2024-0001574,ALB-2024-0000997,CUST_B241519894D8,2024-10-26,25.35,"{'4%': 0.42, '10%': 0.82, '21%': 1.41}",2.65,28.0,2024-10-26,0,paid,2024-10-27
FAC-2024-0001575,SO-2024-0001575,ALB-2024-0000998,CUST_14F9FA207403,2024-10-27,98.54,"{'4%': 0.99, '10%': 6.94, '21%': 0.92}",8.85,107.39,2024-10-27,0,paid,2024-10-27
FAC-2024-0001576,SO-2024-0001576,ALB-2024-0000999,CUST_30B1310C0C00,2024-10-28,116.1,"{'4%': 1.58, '10%': 5.11, '21%': 5.33}",12.02,128.12,2024-10-28,0,paid,2024-10-28
FAC-2024-0001577,SO-2024-0001577,,CUST_008D610461E3,2024-10-25,65.64,"{'4%': 1.8, '10%': 0.32, '21%': 3.69}",5.81,71.45,2024-10-25,0,paid,2024-10-26
FAC-2024-0001578,SO-2024-0001578,ALB-2024-0001000,CUST_25E98D7248E2,2024-10-26,45.9,"{'4%': 0.0, '10%': 1.99, '21%': 5.47}",7.46,53.36,2024-10-26,0,paid,2024-10-26
FAC-2024-0001579,SO-2024-0001579,ALB-2024-0001001,CUST_A66F39669FA7,2024-10-27,28.12,"{'4%': 0.59, '10%': 0.16, '21%': 2.5}",3.25,31.37,2024-10-27,0,paid,2024-10-28
FAC-2024-0001580,SO-2024-0001580,ALB-2024-0001002,CUST_49A2F7E8F8E5,2024-10-29,35.2,"{'4%': 0.81, '10%': 0.35, '21%': 2.42}",3.58,38.78,2024-10-29,0,paid,2024-10-29
FAC-2024-0001581,SO-2024-0001581,,CUST_45F52E2FBF77,2024-10-25,39.74,"{'4%': 0.0, '10%': 1.39, '21%': 5.43}",6.82,46.56,2024-11-09,15,pending,
FAC-2024-0001582,SO-2024-0001582,,CUST_58F0AAF78C67,2024-10-25,67.61,"{'4%': 0.34, '10%': 4.79, '21%': 2.34}",7.47,75.08,2024-10-25,0,paid,2024-10-25
FAC-2024-0001583,SO-2024-0001583,ALB-2024-0001003,CUST_5C0BA757CB10,2024-10-29,64.22,"{'4%': 0.45, '10%': 1.51, '21%': 7.94}",9.9,74.12,2024-10-29,0,paid,2024-10-30
FAC-2024-0001584,SO-2024-0001584,,CUST_EFFA3040413C,2024-10-25,21.77,"{'4%': 0.0, '10%': 1.19, '21%': 2.07}",3.26,25.03,2024-10-25,0,paid,2024-10-26
FAC-2024-0001585,SO-2024-0001585,,CUST_7A1036A2C52B,2024-10-25,120.7,"{'4%': 0.52, '10%': 7.62, '21%': 6.63}",14.77,135.47,2024-10-25,0,paid,2024-10-26
FAC-2024-0001586,SO-2024-0001586,,CUST_E6B3CB323E35,2024-10-26,68.01,"{'4%': 1.29, '10%': 0.33, '21%': 6.83}",8.45,76.46,2024-10-26,0,paid,2024-10-27
FAC-2024-0001587,SO-2024-0001587,ALB-2024-0001004,CUST_7DE36694C343,2024-10-30,24.42,"{'4%': 0.17, '10%': 2.01, '21%': 0.0}",2.18,26.6,2024-10-30,0,paid,2024-10-31
FAC-2024-0001588,SO-2024-0001588,ALB-2024-0001005,CUST_E8DD1712FB16,2024-10-28,17.66,"{'4%': 0.04, '10%': 1.37, '21%': 0.63}",2.04,19.7,2024-10-28,0,paid,2024-10-29
FAC-2024-0001589,SO-2024-0001589,ALB-2024-0001006,CUST_AD23DC322C97,2024-10-30,80.99,"{'4%': 1.1, '10%': 1.9, '21%': 7.24}",10.24,91.23,2024-11-29,30,pending,
FAC-2024-0001590,SO-2024-0001590,ALB-2024-0001007,CUST_73B61BEAF6AC,2024-10-30,56.25,"{'4%': 1.25, '10%': 1.75, '21%': 1.56}",4.56,60.81,2024-10-30,0,paid,2024-10-30
FAC-2024-0001591,SO-2024-0001591,ALB-2024-0001008,CUST_707DFDB1429E,2024-10-28,55.4,"{'4%': 0.09, '10%': 4.12, '21%': 2.52}",6.73,62.13,2024-10-28,0,paid,2024-10-28
FAC-2024-0001592,SO-2024-0001592,ALB-2024-0001009,CUST_C5A1AD05B912,2024-10-29,57.31,"{'4%': 0.15, '10%': 1.19, '21%': 8.75}",10.09,67.4,2024-10-29,0,paid,2024-10-29
FAC-2024-0001593,SO-2024-0001593,ALB-2024-0001010,CUST_DD920DB977A9,2024-10-28,32.05,"{'4%': 0.07, '10%': 0.77, '21%': 4.76}",5.6,37.65,2024-10-28,0,paid,2024-10-28
FAC-2024-0001594,SO-2024-0001594,,CUST_FB8FD8B48EAD,2024-10-26,45.65,"{'4%': 0.06, '10%': 4.18, '21%': 0.47}",4.71,50.36,2024-11-10,15,pending,
FAC-2024-0001595,SO-2024-0001595,ALB-2024-0001011,CUST_E8DD1712FB16,2024-10-31,17.08,"{'4%': 0.2, '10%': 0.57, '21%': 1.33}",2.1,19.18,2024-10-31,0,paid,2024-10-31
FAC-2024-0001596,SO-2024-0001596,ALB-2024-0001012,CUST_5EFED8DDBBC0,2024-10-29,108.08,"{'4%': 0.18, '10%': 9.31, '21%': 2.18}",11.67,119.75,2024-11-13,15,pending,
FAC-2024-0001597,SO-2024-0001597,ALB-2024-0001013,CUST_5C0BA757CB10,2024-10-31,87.84,"{'4%': 1.1, '10%': 4.17, '21%': 3.88}",9.15,96.99,2024-10-31,0,paid,2024-10-31
FAC-2024-0001598,SO-2024-0001598,ALB-2024-0001014,CUST_EFFA3040413C,2024-10-29,17.3,"{'4%': 0.0, '10%': 0.22, '21%': 3.18}",3.4,20.7,2024-10-29,0,paid,2024-10-30
FAC-2024-0001599,SO-2024-0001599,ALB-2024-0001015,CUST_9A6C52171C88,2024-10-30,25.74,"{'4%': 0.31, '10%': 0.72, '21%': 2.28}",3.31,29.05,2024-10-30,0,paid,2024-10-31
FAC-2024-0001600,SO-2024-0001600,ALB-2024-0001016,CUST_6FFFB2DC6C34,2024-11-01,64.84,"{'4%': 0.11, '10%': 3.41, '21%': 5.87}",9.39,74.23,2024-11-01,0,paid,2024-11-02
FAC-2024-0001601,SO-2024-0001601,ALB-2024-0001017,CUST_34871A9C672A,2024-11-03,15.27,"{'4%': 0.0, '10%': 0.27, '21%': 2.65}",2.92,18.19,2024-11-03,0,paid,2024-11-03
FAC-2024-0001602,SO-2024-0001602,ALB-2024-0001018,CUST_FE89D9CB3540,2024-10-31,48.84,"{'4%': 0.31, '10%': 3.19, '21%': 1.96}",5.46,54.3,2024-10-31,0,paid,2024-10-31
FAC-2024-0001603,SO-2024-0001603,ALB-2024-0001019,CUST_7DE36694C343,2024-10-31,32.5,"{'4%': 0.71, '10%': 0.2, '21%': 2.65}",3.56,36.06,2024-10-31,0,paid,2024-11-01
FAC-2024-0001604,SO-2024-0001604,ALB-2024-0001020,CUST_585A7BFDCC12,2024-10-31,70.89,"{'4%': 0.12, '10%': 6.61, '21%': 0.39}",7.12,78.01,2024-10-31,0,paid,2024-10-31
FAC-2024-0001605,SO-2024-0001605,,CUST_D854DFCAF0B7,2024-10-29,112.05,"{'4%': 2.5, '10%': 2.49, '21%': 5.19}",10.18,122.23,2024-11-13,15,pending,
FAC-2024-0001606,SO-2024-0001606,ALB-2024-0001021,CUST_A9AB1777E8CB,2024-11-02,13.21,"{'4%': 0.0, '10%': 0.91, '21%': 0.87}",1.78,14.99,2024-11-02,0,paid,2024-11-03
FAC-2024-0001607,SO-2024-0001607,ALB-2024-0001022,CUST_80BB6EC01269,2024-10-30,45.69,"{'4%': 0.4, '10%': 0.48, '21%': 6.46}",7.34,53.03,2024-11-14,15,pending,
FAC-2024-0001608,SO-2024-0001608,,CUST_70E704D9145E,2024-10-29,59.9,"{'4%': 0.0, '10%': 4.04, '21%': 4.1}",8.14,68.04,2024-10-29,0,paid,2024-10-30
FAC-2024-0001609,SO-2024-0001609,,CUST_BE05965BEFDF,2024-10-30,52.94,"{'4%': 0.46, '10%': 3.99, '21%': 0.3}",4.75,57.69,2024-10-30,0,paid,2024-10-30
FAC-2024-0001610,SO-2024-0001610,ALB-2024-0001023,CUST_07F8F3EA0184,2024-11-01,34.01,"{'4%': 0.0, '10%': 2.37, '21%': 2.17}",4.54,38.55,2024-11-01,0,paid,2024-11-02
FAC-2024-0001611,SO-2024-0001611,,CUST_92CF1F33242D,2024-10-30,43.49,"{'4%': 0.26, '10%': 2.24, '21%': 3.04}",5.54,49.03,2024-11-14,15,pending,
FAC-2024-0001612,SO-2024-0001612,ALB-2024-0001024,CUST_9F6ABD54DA04,2024-11-01,47.71,"{'4%': 0.13, '10%': 0.34, '21%': 8.64}",9.11,56.82,2024-11-01,0,paid,2024-11-02
FAC-2024-0001613,SO-2024-0001613,ALB-2024-0001025,CUST_9DF29E825AAE,2024-11-01,74.52,"{'4%': 0.48, '10%': 3.95, '21%': 4.85}",9.28,83.8,2024-11-01,0,paid,2024-11-01
FAC-2024-0001614,SO-2024-0001614,ALB-2024-0001026,CUST_D4D32E4BEBC4,2024-11-02,64.47,"{'4%': 0.43, '10%': 2.82, '21%': 5.37}",8.62,73.09,2024-11-17,15,pending,
FAC-2024-0001615,SO-2024-0001615,ALB-2024-0001027,CUST_C4F97630A8A7,2024-11-02,44.77,"{'4%': 0.19, '10%': 1.08, '21%': 6.13}",7.4,52.17,2024-11-02,0,paid,2024-11-02
FAC-2024-0001616,SO-2024-0001616,ALB-2024-0001028,CUST_07F8F3EA0184,2024-11-02,64.06,"{'4%': 1.99, '10%': 1.42, '21%': 0.0}",3.41,67.47,2024-11-02,0,paid,2024-11-02
FAC-2024-0001617,SO-2024-0001617,ALB-2024-0001029,CUST_EFFA3040413C,2024-11-03,23.47,"{'4%': 0.38, '10%': 0.0, '21%': 2.94}",3.32,26.79,2024-11-03,0,paid,2024-11-04
FAC-2024-0001618,SO-2024-0001618,ALB-2024-0001030,CUST_DD920DB977A9,2024-11-02,41.06,"{'4%': 0.35, '10%': 0.97, '21%': 4.75}",6.07,47.13,2024-11-02,0,paid,2024-11-03
FAC-2024-0001619,SO-2024-0001619,ALB-2024-0001031,CUST_002C74DE5F70,2024-11-05,70.76,"{'4%': 0.21, '10%': 0.99, '21%': 11.67}",12.87,83.63,2024-11-20,15,pending,
FAC-2024-0001620,SO-2024-0001620,,CUST_1A57C5F8E2F8,2024-10-31,62.57,"{'4%': 0.44, '10%': 4.58, '21%': 1.18}",6.2,68.77,2024-10-31,0,paid,2024-11-01
FAC-2024-0001621,SO-2024-0001621,ALB-2024-0001032,CUST_4D71B41B3143,2024-11-03,31.39,"{'4%': 1.12, '10%': 0.34, '21%': 0.0}",1.46,32.85,2024-11-03,0,paid,2024-11-04
FAC-2024-0001622,SO-2024-0001622,ALB-2024-0001033,CUST_73B61BEAF6AC,2024-11-04,59.16,"{'4%': 0.58, '10%': 3.71, '21%': 1.56}",5.85,65.01,2024-11-04,0,paid,2024-11-05
FAC-2024-0001623,SO-2024-0001623,ALB-2024-0001034,CUST_707DFDB1429E,2024-11-05,46.89,"{'4%': 0.0, '10%': 4.12, '21%': 1.19}",5.31,52.2,2024-11-05,0,paid,2024-11-06
FAC-2024-0001624,SO-2024-0001624,,CUST_9A3A6E3C4532,2024-11-01,15.2,"{'4%': 0.12, '10%': 0.18, '21%': 2.19}",2.49,17.69,2024-11-01,0,paid,2024-11-02
FAC-2024-0001625,SO-2024-0001625,,CUST_92CF1F33242D,2024-11-01,43.38,"{'4%': 0.33, '10%': 1.3, '21%': 4.66}",6.29,49.67,2024-11-16,15,pending,
FAC-2024-0001626,SO-2024-0001626,ALB-2024-0001035,CUST_14F9FA207403,2024-11-04,110.48,"{'4%': 0.99, '10%': 6.42, '21%': 4.51}",11.92,122.4,2024-11-04,0,paid,2024-11-05
FAC-2024-0001627,SO-2024-0001627,ALB-2024-0001036,CUST_AB0B15F0EA19,2024-11-02,61.38,"{'4%': 1.53, '10%': 1.09, '21%': 2.59}",5.21,66.59,2024-11-02,0,paid,2024-11-02
FAC-2024-0001628,SO-2024-0001628,ALB-2024-0001037,CUST_30B1310C0C00,2024-11-05,139.57,"{'4%': 1.5, '10%': 7.39, '21%': 5.93}",14.82,154.39,2024-11-05,0,paid,2024-11-05
FAC-2024-0001629,SO-2024-0001629,ALB-2024-0001038,CUST_707DFDB1429E,2024-11-05,66.95,"{'4%': 1.28, '10%': 1.58, '21%': 4.0}",6.86,73.81,2024-11-05,0,paid,2024-11-06
FAC-2024-0001630,SO-2024-0001630,ALB-2024-0001039,CUST_C0D7095FFA81,2024-11-06,69.86,"{'4%': 0.7, '10%': 3.23, '21%': 4.23}",8.16,78.02,2024-11-06,0,paid,2024-11-06
FAC-2024-0001631,SO-2024-0001631,ALB-2024-0001040,CUST_EDAF1B780EDE,2024-11-08,171.87,"{'4%': 1.8, '10%': 10.44, '21%': 4.7}",16.94,188.81,2024-12-08,30,pending,
FAC-2024-0001632,SO-2024-0001632,ALB-2024-0001041,CUST_12B2940C3503,2024-11-04,62.81,"{'4%': 1.61, '10%': 0.08, '21%': 4.6}",6.29,69.1,2024-11-04,0,paid,2024-11-04
FAC-2024-0001633,SO-2024-0001633,ALB-2024-0001042,CUST_978613281726,2024-11-04,81.64,"{'4%': 0.81, '10%': 3.06, '21%': 6.45}",10.32,91.96,2024-11-04,0,paid,2024-11-04
FAC-2024-0001634,SO-2024-0001634,ALB-2024-0001043,CUST_A9AB1777E8CB,2024-11-07,12.11,"{'4%': 0.0, '10%': 0.27, '21%': 1.98}",2.25,14.36,2024-11-07,0,paid,2024-11-07
FAC-2024-0001635,SO-2024-0001635,,CUST_55FA458F1F19,2024-11-04,45.3,"{'4%': 1.39, '10%': 0.26, '21%': 1.7}",3.35,48.65,2024-11-04,0,paid,2024-11-05
FAC-2024-0001636,SO-2024-0001636,ALB-2024-0001044,CUST_1857BAC7E2B9,2024-11-06,23.25,"{'4%': 0.23, '10%': 1.31, '21%': 0.93}",2.47,25.72,2024-11-06,0,paid,2024-11-06
FAC-2024-0001637,SO-2024-0001637,ALB-2024-0001045,CUST_9A3A6E3C4532,2024-11-05,19.35,"{'4%': 0.37, '10%': 1.0, '21%': 0.0}",1.37,20.72,2024-11-05,0,paid,2024-11-06
FAC-2024-0001638,SO-2024-0001638,,CUST_51B11B2EDEDB,2024-11-04,15.19,"{'4%': 0.05, '10%': 0.16, '21%': 2.59}",2.8,17.99,2024-11-04,0,paid,2024-11-04
FAC-2024-0001639,SO-2024-0001639,,CUST_9D9D1BF645F6,2024-11-04,20.1,"{'4%': 0.08, '10%': 1.19, '21%': 1.27}",2.54,22.64,2024-11-04,0,paid,2024-11-04
FAC-2024-0001640,SO-2024-0001640,,CUST_32735373BF4D,2024-11-04,108.08,"{'4%': 0.08, '10%': 10.24, '21%': 0.76}",11.08,119.16,2024-11-04,0,paid,2024-11-04
FAC-2024-0001641,SO-2024-0001641,,CUST_FB8FD8B48EAD,2024-11-04,41.46,"{'4%': 0.35, '10%': 0.64, '21%': 5.55}",6.54,48.0,2024-11-19,15,pending,
FAC-2024-0001642,SO-2024-0001642,ALB-2024-0001046,CUST_AB0B15F0EA19,2024-11-06,41.48,"{'4%': 0.34, '10%': 1.43, '21%': 3.93}",5.7,47.18,2024-11-06,0,paid,2024-11-06
FAC-2024-0001643,SO-2024-0001643,ALB-2024-0001047,CUST_7DE36694C343,2024-11-09,18.3,"{'4%': 0.0, '10%': 0.42, '21%': 2.96}",3.38,21.68,2024-11-09,0,paid,2024-11-09
FAC-2024-0001644,SO-2024-0001644,ALB-2024-0001048,CUST_9C2EEA4E3617,2024-11-08,47.5,"{'4%': 0.29, '10%': 1.93, '21%': 4.38}",6.6,54.1,2024-11-08,0,paid,2024-11-08
FAC-2024-0001645,SO-2024-0001645,,CUST_BF3182BBAD84,2024-11-05,160.36,"{'4%': 0.85, '10%': 13.39, '21%': 1.08}",15.32,175.68,2024-11-05,0,paid,2024-11-06
FAC-2024-0001646,SO-2024-0001646,,CUST_624FBAE1E137,2024-11-05,63.41,"{'4%': 0.11, '10%': 1.67, '21%': 9.24}",11.02,74.43,2024-11-05,0,paid,2024-11-05
FAC-2024-0001647,SO-2024-0001647,ALB-2024-0001049,CUST_C1D7F3025D16,2024-11-10,48.35,"{'4%': 0.04, '10%': 2.92, '21%': 3.81}",6.77,55.12,2024-12-10,30,pending,
FAC-2024-0001648,SO-2024-0001648,,CUST_4D71B41B3143,2024-11-06,38.81,"{'4%': 0.35, '10%': 1.14, '21%': 3.94}",5.43,44.24,2024-11-06,0,paid,2024-11-06
FAC-2024-0001649,SO-2024-0001649,ALB-2024-0001050,CUST_0F25A55990E7,2024-11-07,113.65,"{'4%': 0.49, '10%': 8.16, '21%': 4.15}",12.8,126.45,2024-11-07,0,paid,2024-11-07
FAC-2024-0001650,SO-2024-0001650,,CUST_B241519894D8,2024-11-06,19.82,"{'4%': 0.32, '10%': 0.41, '21%': 1.65}",2.38,22.2,2024-11-06,0,paid,2024-11-07
FAC-2024-0001651,SO-2024-0001651,ALB-2024-0001051,CUST_B86623D4526B,2024-11-10,94.19,"{'4%': 1.31, '10%': 1.38, '21%': 9.98}",12.67,106.86,2024-11-25,15,pending,
FAC-2024-0001652,SO-2024-0001652,,CUST_A87990422EB7,2024-11-06,70.53,"{'4%': 0.67, '10%': 1.19, '21%': 8.79}",10.65,81.18,2024-11-21,15,pending,
FAC-2024-0001653,SO-2024-0001653,,CUST_255B7E3D5EE4,2024-11-06,127.88,"{'4%': 0.21, '10%': 8.79, '21%': 7.29}",16.29,144.17,2024-11-06,0,paid,2024-11-06
FAC-2024-0001654,SO-2024-0001654,ALB-2024-0001052,CUST_89EC98CBAA52,2024-11-09,58.43,"{'4%': 0.41, '10%': 1.14, '21%': 7.73}",9.28,67.71,2024-11-09,0,paid,2024-11-10
FAC-2024-0001655,SO-2024-0001655,ALB-2024-0001053,CUST_DD46475287AA,2024-11-09,28.17,"{'4%': 0.37, '10%': 0.51, '21%': 2.88}",3.76,31.93,2024-11-09,0,paid,2024-11-10
FAC-2024-0001656,SO-2024-0001656,,CUST_34871A9C672A,2024-11-07,18.64,"{'4%': 0.0, '10%': 0.48, '21%': 2.9}",3.38,22.02,2024-11-07,0,paid,2024-11-08
FAC-2024-0001657,SO-2024-0001657,ALB-2024-0001054,CUST_978613281726,2024-11-09,62.68,"{'4%': 0.62, '10%': 2.06, '21%': 5.58}",8.26,70.94,2024-11-09,0,paid,2024-11-10
FAC-2024-0001658,SO-2024-0001658,ALB-2024-0001055,CUST_ABF3FEC21BBE,2024-11-11,17.59,"{'4%': 0.08, '10%': 0.0, '21%': 3.25}",3.33,20.92,2024-11-26,15,pending,
FAC-2024-0001659,SO-2024-0001659,,CUST_BE05965BEFDF,2024-11-08,43.39,"{'4%': 0.25, '10%': 1.64, '21%': 4.34}",6.23,49.62,2024-11-08,0,paid,2024-11-09
FAC-2024-0001660,SO-2024-0001660,,CUST_80BB6EC01269,2024-11-08,34.08,"{'4%': 0.0, '10%': 0.16, '21%': 6.82}",6.98,41.06,2024-11-23,15,pending,
FAC-2024-0001661,SO-2024-0001661,,CUST_F4E7A4540937,2024-11-08,51.77,"{'4%': 0.51, '10%': 1.86, '21%': 4.27}",6.64,58.41,2024-11-23,15,pending,
FAC-2024-0001662,SO-2024-0001662,,CUST_A87990422EB7,2024-11-08,69.01,"{'4%': 0.76, '10%': 1.8, '21%': 6.7}",9.26,78.27,2024-11-23,15,pending,
FAC-2024-0001663,SO-2024-0001663,,CUST_32735373BF4D,2024-11-08,84.45,"{'4%': 0.69, '10%': 3.66, '21%': 6.43}",10.78,95.23,2024-11-08,0,paid,2024-11-09
FAC-2024-0001664,SO-2024-0001664,,CUST_DD920DB977A9,2024-11-08,36.41,"{'4%': 1.14, '10%': 0.36, '21%': 0.93}",2.43,38.84,2024-11-08,0,paid,2024-11-09
FAC-2024-0001665,SO-2024-0001665,,CUST_25E98D7248E2,2024-11-09,60.93,"{'4%': 0.2, '10%': 4.46, '21%': 2.39}",7.05,67.98,2024-11-09,0,paid,2024-11-09
FAC-2024-0001666,SO-2024-0001666,ALB-2024-0001056,CUST_DD46475287AA,2024-11-11,30.52,"{'4%': 0.1, '10%': 0.59, '21%': 4.64}",5.33,35.85,2024-11-11,0,paid,2024-11-11
FAC-2024-0001667,SO-2024-0001667,,CUST_BE05965BEFDF,2024-11-09,44.08,"{'4%': 0.17, '10%': 1.4, '21%': 5.45}",7.02,51.1,2024-11-09,0,paid,2024-11-10
FAC-2024-0001668,SO-2024-0001668,ALB-2024-0001057,CUST_1857BAC7E2B9,2024-11-12,32.31,"{'4%': 0.07, '10%': 2.59, '21%': 0.99}",3.65,35.96,2024-11-12,0,paid,2024-11-12
FAC-2024-0001669,SO-2024-0001669,ALB-2024-0001058,CUST_04AA5CA0C428,2024-11-11,102.2,"{'4%': 0.48, '10%': 2.64, '21%': 13.39}",16.51,118.71,2024-12-11,30,pending,
FAC-2024-0001670,SO-2024-0001670,ALB-2024-0001059,CUST_4EFCE10B1A47,2024-11-10,131.12,"{'4%': 0.68, '10%': 8.7, '21%': 5.68}",15.06,146.18,2024-11-25,15,pending,
FAC-2024-0001671,SO-2024-0001671,,CUST_1A57C5F8E2F8,2024-11-09,55.77,"{'4%': 0.48, '10%': 3.82, '21%': 1.17}",5.47,61.24,2024-11-09,0,paid,2024-11-10
FAC-2024-0001672,SO-2024-0001672,ALB-2024-0001060,CUST_FE89D9CB3540,2024-11-11,54.28,"{'4%': 0.27, '10%': 2.33, '21%': 5.07}",7.67,61.95,2024-11-11,0,paid,2024-11-12
FAC-2024-0001673,SO-2024-0001673,,CUST_CC393B5AE288,2024-11-10,121.31,"{'4%': 1.05, '10%': 8.52, '21%': 2.06}",11.63,132.94,2024-11-10,0,paid,2024-11-10
FAC-2024-0001674,SO-2024-0001674,,CUST_34871A9C672A,2024-11-10,15.92,"{'4%': 0.0, '10%': 0.98, '21%': 1.28}",2.26,18.18,2024-11-10,0,paid,2024-11-10
FAC-2024-0001675,SO-2024-0001675,ALB-2024-0001061,CUST_6FFFB2DC6C34,2024-11-14,50.59,"{'4%': 0.05, '10%': 3.55, '21%': 2.91}",6.51,57.1,2024-11-14,0,paid,2024-11-14
FAC-2024-0001676,SO-2024-0001676,,CUST_4D71B41B3143,2024-11-12,24.31,"{'4%': 0.33, '10%': 0.84, '21%': 1.63}",2.8,27.11,2024-11-12,0,paid,2024-11-12
FAC-2024-0001677,SO-2024-0001677,,CUST_513A986F9025,2024-11-12,113.45,"{'4%': 0.63, '10%': 7.36, '21%': 5.04}",13.03,126.48,2024-11-12,0,paid,2024-11-12
FAC-2024-0001678,SO-2024-0001678,ALB-2024-0001062,CUST_9D9D1BF645F6,2024-11-13,35.65,"{'4%': 0.77, '10%': 1.63, '21%': 0.0}",2.4,38.05,2024-11-13,0,paid,2024-11-14
FAC-2024-0001679,SO-2024-0001679,ALB-2024-0001063,CUST_12B2940C3503,2024-11-14,42.96,"{'4%': 0.12, '10%': 2.55, '21%': 3.04}",5.71,48.67,2024-11-14,0,paid,2024-11-15
FAC-2024-0001680,SO-2024-0001680,ALB-2024-0001064,CUST_3D131E2C2E7D,2024-11-15,93.87,"{'4%': 0.29, '10%': 6.01, '21%': 5.55}",11.85,105.72,2024-11-15,0,paid,2024-11-15
FAC-2024-0001681,SO-2024-0001681,ALB-2024-0001065,CUST_0E61171B1B80,2024-11-14,16.99,"{'4%': 0.0, '10%': 1.7, '21%': 0.0}",1.7,18.69,2024-11-14,0,paid,2024-11-15
FAC-2024-0001682,SO-2024-0001682,ALB-2024-0001066,CUST_DD46475287AA,2024-11-16,27.9,"{'4%': 0.38, '10%': 0.71, '21%': 2.36}",3.45,31.35,2024-11-16,0,paid,2024-11-17
FAC-2024-0001683,SO-2024-0001683,ALB-2024-0001067,CUST_D4D32E4BEBC4,2024-11-15,154.82,"{'4%': 5.14, '10%': 1.4, '21%': 2.57}",9.11,163.93,2024-11-30,15,pending,
FAC-2024-0001684,SO-2024-0001684,ALB-2024-0001068,CUST_34871A9C672A,2024-11-19,33.01,"{'4%': 0.0, '10%': 2.07, '21%': 2.58}",4.65,37.66,2024-11-19,0,paid,2024-11-20
FAC-2024-0001685,SO-2024-0001685,ALB-2024-0001069,CUST_92CA6DE59332,2024-11-16,48.49,"{'4%': 0.0, '10%': 0.14, '21%': 9.89}",10.03,58.52,2024-11-16,0,paid,2024-11-17
FAC-2024-0001686,SO-2024-0001686,,CUST_A383DB2C6AC8,2024-11-14,27.3,"{'4%': 0.05, '10%': 0.21, '21%': 5.04}",5.3,32.6,2024-11-14,0,paid,2024-11-15
FAC-2024-0001687,SO-2024-0001687,ALB-2024-0001070,CUST_5C0BA757CB10,2024-11-18,84.57,"{'4%': 1.16, '10%': 2.06, '21%': 7.36}",10.58,95.15,2024-11-18,0,paid,2024-11-18
FAC-2024-0001688,SO-2024-0001688,,CUST_1036D9A09007,2024-11-14,33.3,"{'4%': 0.33, '10%': 1.63, '21%': 1.82}",3.78,37.08,2024-11-14,0,paid,2024-11-15
FAC-2024-0001689,SO-2024-0001689,ALB-2024-0001071,CUST_D37445712959,2024-11-17,72.28,"{'4%': 0.0, '10%': 5.04, '21%': 4.59}",9.63,81.91,2024-11-17,0,paid,2024-11-18
FAC-2024-0001690,SO-2024-0001690,ALB-2024-0001072,CUST_FB8FD8B48EAD,2024-11-17,45.1,"{'4%': 0.86, '10%': 0.0, '21%': 4.94}",5.8,50.9,2024-12-02,15,pending,
FAC-2024-0001691,SO-2024-0001691,ALB-2024-0001073,CUST_FBE9DBC080FD,2024-11-18,25.0,"{'4%': 0.0, '10%': 0.12, '21%': 5.0}",5.12,30.12,2024-11-18,0,paid,2024-11-19
FAC-2024-0001692,SO-2024-0001692,ALB-2024-0001074,CUST_73B61BEAF6AC,2024-11-19,53.51,"{'4%': 0.05, '10%': 3.89, '21%': 2.78}",6.72,60.23,2024-11-19,0,paid,2024-11-20
FAC-2024-0001693,SO-2024-0001693,,CUST_9A3A6E3C4532,2024-11-15,20.43,"{'4%': 0.44, '10%': 0.37, '21%': 1.21}",2.02,22.45,2024-11-15,0,paid,2024-11-16
FAC-2024-0001694,SO-2024-0001694,ALB-2024-0001075,CUST_4EFCE10B1A47,2024-11-18,120.21,"{'4%': 1.27, '10%': 6.1, '21%': 5.78}",13.15,133.36,2024-12-03,15,pending,
FAC-2024-0001695,SO-2024-0001695,ALB-2024-0001076,CUST_F6D2AEC76A82,2024-11-21,23.9,"{'4%': 0.78, '10%': 0.44, '21%': 0.0}",1.22,25.12,2024-11-21,0,paid,2024-11-21
FAC-2024-0001696,SO-2024-0001696,,CUST_7A1036A2C52B,2024-11-15,128.6,"{'4%': 2.23, '10%': 3.55, '21%': 7.82}",13.6,142.2,2024-11-15,0,paid,2024-11-15
FAC-2024-0001697,SO-2024-0001697,ALB-2024-0001077,CUST_34871A9C672A,2024-11-20,19.5,"{'4%': 0.0, '10%': 1.95, '21%': 0.0}",1.95,21.45,2024-11-20,0,paid,2024-11-20
FAC-2024-0001698,SO-2024-0001698,ALB-2024-0001078,CUST_978613281726,2024-11-19,64.17,"{'4%': 0.58, '10%': 1.48, '21%': 7.34}",9.4,73.57,2024-11-19,0,paid,2024-11-20
FAC-2024-0001699,SO-2024-0001699,ALB-2024-0001079,CUST_AB0B15F0EA19,2024-11-18,59.16,"{'4%': 0.37, '10%': 1.4, '21%': 7.54}",9.31,68.47,2024-11-18,0,paid,2024-11-19
FAC-2024-0001700,SO-2024-0001700,ALB-2024-0001080,CUST_30B1310C0C00,2024-11-17,162.49,"{'4%': 2.76, '10%': 4.58, '21%': 10.02}",17.36,179.85,2024-11-17,0,paid,2024-11-18
FAC-2024-0001701,SO-2024-0001701,ALB-2024-0001081,CUST_655243FF5011,2024-11-18,60.1,"{'4%': 0.09, '10%': 2.28, '21%': 7.37}",9.74,69.84,2024-11-18,0,paid,2024-11-18
FAC-2024-0001702,SO-2024-0001702,ALB-2024-0001082,CUST_49A2F7E8F8E5,2024-11-17,24.71,"{'4%': 0.0, '10%': 0.0, '21%': 5.19}",5.19,29.9,2024-11-17,0,paid,2024-11-18
FAC-2024-0001703,SO-2024-0001703,ALB-2024-0001083,CUST_668C0B95017C,2024-11-17,42.85,"{'4%': 0.56, '10%': 2.28, '21%': 1.27}",4.11,46.96,2024-11-17,0,paid,2024-11-17
FAC-2024-0001704,SO-2024-0001704,,CUST_A87990422EB7,2024-11-16,96.89,"{'4%': 1.71, '10%': 1.71, '21%': 7.79}",11.21,108.1,2024-12-01,15,pending,
FAC-2024-0001705,SO-2024-0001705,ALB-2024-0001084,CUST_8E038E969227,2024-11-17,73.54,"{'4%': 0.21, '10%': 5.84, '21%': 2.05}",8.1,81.64,2024-11-17,0,paid,2024-11-17
FAC-2024-0001706,SO-2024-0001706,ALB-2024-0001085,CUST_D37445712959,2024-11-18,61.55,"{'4%': 0.17, '10%': 3.79, '21%': 4.07}",8.03,69.58,2024-11-18,0,paid,2024-11-19
FAC-2024-0001707,SO-2024-0001707,ALB-2024-0001086,CUST_FB8FD8B48EAD,2024-11-17,38.78,"{'4%': 0.1, '10%': 1.59, '21%': 4.3}",5.99,44.77,2024-12-02,15,pending,
FAC-2024-0001708,SO-2024-0001708,ALB-2024-0001087,CUST_42D951976E75,2024-11-18,28.32,"{'4%': 0.15, '10%': 1.49, '21%': 2.03}",3.67,31.99,2024-11-18,0,paid,2024-11-18
FAC-2024-0001709,SO-2024-0001709,,CUST_9D9D1BF645F6,2024-11-17,26.65,"{'4%': 0.0, '10%': 1.61, '21%': 2.22}",3.83,30.48,2024-11-17,0,paid,2024-11-17
FAC-2024-0001710,SO-2024-0001710,,CUST_413530A900AD,2024-11-18,23.1,"{'4%': 0.0, '10%': 2.31, '21%': 0.0}",2.31,25.41,2024-11-18,0,paid,2024-11-18
FAC-2024-0001711,SO-2024-0001711,,CUST_501B5EE68495,2024-11-18,18.75,"{'4%': 0.75, '10%': 0.0, '21%': 0.0}",0.75,19.5,2024-12-03,15,pending,
FAC-2024-0001712,SO-2024-0001712,ALB-2024-0001088,CUST_D37445712959,2024-11-21,60.86,"{'4%': 0.24, '10%': 4.88, '21%': 1.28}",6.4,67.26,2024-11-21,0,paid,2024-11-21
FAC-2024-0001713,SO-2024-0001713,,CUST_E709329FC417,2024-11-18,22.9,"{'4%': 0.28, '10%': 0.39, '21%': 2.52}",3.19,26.09,2024-11-18,0,paid,2024-11-18
FAC-2024-0001714,SO-2024-0001714,ALB-2024-0001089,CUST_C1D7F3025D16,2024-11-20,58.97,"{'4%': 1.65, '10%': 0.0, '21%': 3.7}",5.35,64.32,2024-12-20,30,pending,
FAC-2024-0001715,SO-2024-0001715,ALB-2024-0001090,CUST_25E98D7248E2,2024-11-22,61.28,"{'4%': 0.7, '10%': 1.3, '21%': 6.45}",8.45,69.73,2024-11-22,0,paid,2024-11-22
FAC-2024-0001716,SO-2024-0001716,,CUST_5C623A3C563E,2024-11-19,55.46,"{'4%': 0.72, '10%': 2.21, '21%': 3.23}",6.16,61.62,2024-11-19,0,paid,2024-11-19
FAC-2024-0001717,SO-2024-0001717,ALB-2024-0001091,CUST_FBE9DBC080FD,2024-11-21,13.61,"{'4%': 0.25, '10%': 0.45, '21%': 0.59}",1.29,14.9,2024-11-21,0,paid,2024-11-21
FAC-2024-0001718,SO-2024-0001718,ALB-2024-0001092,CUST_9A3A6E3C4532,2024-11-22,17.31,"{'4%': 0.69, '10%': 0.0, '21%': 0.0}",0.69,18.0,2024-11-22,0,paid,2024-11-23
FAC-2024-0001719,SO-2024-0001719,ALB-2024-0001093,CUST_51B11B2EDEDB,2024-11-22,15.41,"{'4%': 0.0, '10%': 0.45, '21%': 2.29}",2.74,18.15,2024-11-22,0,paid,2024-11-22
FAC-2024-0001720,SO-2024-0001720,,CUST_92CF1F33242D,2024-11-19,33.3,"{'4%': 0.54, '10%': 1.73, '21%': 0.54}",2.81,36.11,2024-12-04,15,pending,
FAC-2024-0001721,SO-2024-0001721,,CUST_BF3182BBAD84,2024-11-19,149.68,"{'4%': 1.5, '10%': 7.36, '21%': 8.11}",16.97,166.65,2024-11-19,0,paid,2024-11-20
FAC-2024-0001722,SO-2024-0001722,ALB-2024-0001094,CUST_73B61BEAF6AC,2024-11-23,83.66,"{'4%': 0.09, '10%': 7.0, '21%': 2.38}",9.47,93.13,2024-11-23,0,paid,2024-11-24
FAC-2024-0001723,SO-2024-0001723,ALB-2024-0001095,CUST_4D29345512F7,2024-11-23,71.72,"{'4%': 1.31, '10%': 1.75, '21%': 4.5}",7.56,79.28,2024-11-23,0,paid,2024-11-23
FAC-2024-0001724,SO-2024-0001724,ALB-2024-0001096,CUST_AE5E72EB7474,2024-11-23,33.94,"{'4%': 0.51, '10%': 0.57, '21%': 3.28}",4.36,38.3,2024-11-23,0,paid,2024-11-23
FAC-2024-0001725,SO-2024-0001725,ALB-2024-0001097,CUST_FD03C9525185,2024-11-24,15.24,"{'4%': 0.0, '10%': 0.68, '21%': 1.77}",2.45,17.69,2024-11-24,0,paid,2024-11-24
FAC-2024-0001726,SO-2024-0001726,ALB-2024-0001098,CUST_58F0AAF78C67,2024-11-26,80.47,"{'4%': 0.34, '10%': 4.48, '21%': 5.67}",10.49,90.96,2024-11-26,0,paid,2024-11-27
FAC-2024-0001727,SO-2024-0001727,,CUST_255B7E3D5EE4,2024-11-20,136.34,"{'4%': 2.82, '10%': 4.99, '21%': 3.33}",11.14,147.48,2024-11-20,0,paid,2024-11-21
FAC-2024-0001728,SO-2024-0001728,ALB-2024-0001099,CUST_E709329FC417,2024-11-23,23.28,"{'4%': 0.0, '10%': 1.87, '21%': 0.96}",2.83,26.11,2024-11-23,0,paid,2024-11-24
FAC-2024-0001729,SO-2024-0001729,ALB-2024-0001100,CUST_A66F39669FA7,2024-11-24,20.79,"{'4%': 0.25, '10%': 0.14, '21%': 2.75}",3.14,23.93,2024-11-24,0,paid,2024-11-24
FAC-2024-0001730,SO-2024-0001730,ALB-2024-0001101,CUST_585A7BFDCC12,2024-11-24,51.35,"{'4%': 0.47, '10%': 3.22, '21%': 1.56}",5.25,56.6,2024-11-24,0,paid,2024-11-25
FAC-2024-0001731,SO-2024-0001731,ALB-2024-0001102,CUST_AD23DC322C97,2024-11-25,69.86,"{'4%': 0.0, '10%': 1.98, '21%': 10.52}",12.5,82.36,2024-12-25,30,pending,
FAC-2024-0001732,SO-2024-0001732,ALB-2024-0001103,CUST_9A3A6E3C4532,2024-11-24,20.57,"{'4%': 0.01, '10%': 1.8, '21%': 0.49}",2.3,22.87,2024-11-24,0,paid,2024-11-25
FAC-2024-0001733,SO-2024-0001733,,CUST_92CF1F33242D,2024-11-21,42.6,"{'4%': 0.08, '10%': 3.61, '21%': 0.96}",4.65,47.25,2024-12-06,15,pending,
FAC-2024-0001734,SO-2024-0001734,ALB-2024-0001104,CUST_8962929C93B3,2024-11-23,36.42,"{'4%': 0.0, '10%': 0.0, '21%': 7.65}",7.65,44.07,2024-12-08,15,pending,
FAC-2024-0001735,SO-2024-0001735,ALB-2024-0001105,CUST_F6D2AEC76A82,2024-11-27,21.04,"{'4%': 0.11, '10%': 0.5, '21%': 2.8}",3.41,24.45,2024-11-27,0,paid,2024-11-28
FAC-2024-0001736,SO-2024-0001736,ALB-2024-0001106,CUST_EFFA3040413C,2024-11-23,16.94,"{'4%': 0.34, '10%': 0.64, '21%': 0.44}",1.42,18.36,2024-11-23,0,paid,2024-11-24
FAC-2024-0001737,SO-2024-0001737,ALB-2024-0001107,CUST_ABF3FEC21BBE,2024-11-26,14.64,"{'4%': 0.05, '10%': 1.24, '21%': 0.21}",1.5,16.14,2024-12-11,15,pending,
FAC-2024-0001738,SO-2024-0001738,,CUST_655243FF5011,2024-11-22,66.54,"{'4%': 0.18, '10%': 3.23, '21%': 6.28}",9.69,76.23,2024-11-22,0,paid,2024-11-22
FAC-2024-0001739,SO-2024-0001739,,CUST_4D71B41B3143,2024-11-22,33.3,"{'4%': 0.53, '10%': 1.99, '21%': 0.0}",2.52,35.82,2024-11-22,0,paid,2024-11-23
FAC-2024-0001740,SO-2024-0001740,ALB-2024-0001108,CUST_513A986F9025,2024-11-23,102.62,"{'4%': 1.02, '10%': 3.75, '21%': 8.34}",13.11,115.73,2024-11-23,0,paid,2024-11-24
FAC-2024-0001741,SO-2024-0001741,ALB-2024-0001109,CUST_6DAA8861FE18,2024-11-24,8.43,"{'4%': 0.0, '10%': 0.33, '21%': 1.08}",1.41,9.84,2024-11-24,0,paid,2024-11-24
FAC-2024-0001742,SO-2024-0001742,ALB-2024-0001110,CUST_623225074181,2024-11-26,89.96,"{'4%': 0.12, '10%': 3.89, '21%': 10.11}",14.12,104.08,2024-11-26,0,paid,2024-11-26
FAC-2024-0001743,SO-2024-0001743,ALB-2024-0001111,CUST_AE5E72EB7474,2024-11-24,44.88,"{'4%': 0.71, '10%': 1.03, '21%': 3.56}",5.3,50.18,2024-11-24,0,paid,2024-11-24
FAC-2024-0001744,SO-2024-0001744,ALB-2024-0001112,CUST_FD03C9525185,2024-11-30,17.76,"{'4%': 0.0, '10%': 0.22, '21%': 3.27}",3.49,21.25,2024-11-30,0,paid,2024-11-30
FAC-2024-0001745,SO-2024-0001745,ALB-2024-0001113,CUST_FBA6CDBCC653,2024-11-24,80.75,"{'4%': 0.14, '10%': 2.33, '21%': 11.35}",13.82,94.57,2024-12-09,15,pending,
FAC-2024-0001746,SO-2024-0001746,ALB-2024-0001114,CUST_51B11B2EDEDB,2024-11-24,18.53,"{'4%': 0.49, '10%': 0.0, '21%': 1.33}",1.82,20.35,2024-11-24,0,paid,2024-11-25
FAC-2024-0001747,SO-2024-0001747,ALB-2024-0001115,CUST_C5A1AD05B912,2024-11-25,48.61,"{'4%': 0.39, '10%': 0.82, '21%': 6.42}",7.63,56.24,2024-11-25,0,paid,2024-11-26
FAC-2024-0001748,SO-2024-0001748,ALB-2024-0001116,CUST_EFFA3040413C,2024-11-24,19.95,"{'4%': 0.0, '10%': 0.31, '21%': 3.54}",3.85,23.8,2024-11-24,0,paid,2024-11-24
FAC-2024-0001749,SO-2024-0001749,ALB-2024-0001117,CUST_002C74DE5F70,2024-11-27,83.97,"{'4%': 0.88, '10%': 1.48, '21%': 9.93}",12.29,96.26,2024-12-12,15,pending,
FAC-2024-0001750,SO-2024-0001750,ALB-2024-0001118,CUST_624FBAE1E137,2024-11-24,70.67,"{'4%': 0.6, '10%': 0.87, '21%': 9.85}",11.32,81.99,2024-11-24,0,paid,2024-11-25
FAC-2024-0001751,SO-2024-0001751,ALB-2024-0001119,CUST_14F9FA207403,2024-11-25,105.43,"{'4%': 0.87, '10%': 5.47, '21%': 6.12}",12.46,117.89,2024-11-25,0,paid,2024-11-26
FAC-2024-0001752,SO-2024-0001752,,CUST_30B1310C0C00,2024-11-23,116.38,"{'4%': 0.85, '10%': 7.8, '21%': 3.59}",12.24,128.62,2024-11-23,0,paid,2024-11-23
FAC-2024-0001753,SO-2024-0001753,ALB-2024-0001120,CUST_DD46475287AA,2024-11-24,22.69,"{'4%': 0.0, '10%': 0.66, '21%': 3.39}",4.05,26.74,2024-11-24,0,paid,2024-11-24
FAC-2024-0001754,SO-2024-0001754,ALB-2024-0001121,CUST_A9AB1777E8CB,2024-11-25,18.48,"{'4%': 0.42, '10%': 0.62, '21%': 0.35}",1.39,19.87,2024-11-25,0,paid,2024-11-25
FAC-2024-0001755,SO-2024-0001755,ALB-2024-0001122,CUST_A383DB2C6AC8,2024-11-30,10.97,"{'4%': 0.04, '10%': 0.0, '21%': 2.08}",2.12,13.09,2024-11-30,0,paid,2024-11-30
FAC-2024-0001756,SO-2024-0001756,ALB-2024-0001123,CUST_255B7E3D5EE4,2024-11-26,123.36,"{'4%': 0.44, '10%': 8.48, '21%': 5.81}",14.73,138.09,2024-11-26,0,paid,2024-11-27
FAC-2024-0001757,SO-2024-0001757,ALB-2024-0001124,CUST_DD920DB977A9,2024-11-25,43.64,"{'4%': 0.0, '10%': 4.36, '21%': 0.0}",4.36,48.0,2024-11-25,0,paid,2024-11-26
FAC-2024-0001758,SO-2024-0001758,ALB-2024-0001125,CUST_C60161FA01BA,2024-11-25,23.47,"{'4%': 0.0, '10%': 1.95, '21%': 0.84}",2.79,26.26,2024-11-25,0,paid,2024-11-26
FAC-2024-0001759,SO-2024-0001759,ALB-2024-0001126,CUST_90CEE9A53368,2024-11-25,52.29,"{'4%': 0.13, '10%': 0.11, '21%': 10.06}",10.3,62.59,2024-11-25,0,paid,2024-11-26
FAC-2024-0001760,SO-2024-0001760,ALB-2024-0001127,CUST_B27B68C690B2,2024-11-24,84.53,"{'4%': 1.35, '10%': 3.87, '21%': 2.52}",7.74,92.27,2024-11-24,0,paid,2024-11-25
FAC-2024-0001761,SO-2024-0001761,ALB-2024-0001128,CUST_25E98D7248E2,2024-11-28,45.5,"{'4%': 0.0, '10%': 2.52, '21%': 4.27}",6.79,52.29,2024-11-28,0,paid,2024-11-29
FAC-2024-0001762,SO-2024-0001762,,CUST_BE05965BEFDF,2024-11-25,53.2,"{'4%': 0.0, '10%': 5.32, '21%': 0.0}",5.32,58.52,2024-11-25,0,paid,2024-11-26
FAC-2024-0001763,SO-2024-0001763,ALB-2024-0001129,CUST_1857BAC7E2B9,2024-11-28,23.96,"{'4%': 0.27, '10%': 0.46, '21%': 2.65}",3.38,27.34,2024-11-28,0,paid,2024-11-29
FAC-2024-0001764,SO-2024-0001764,ALB-2024-0001130,CUST_EDAF1B780EDE,2024-11-28,161.49,"{'4%': 1.15, '10%': 11.42, '21%': 3.88}",16.45,177.94,2024-12-28,30,pending,
FAC-2024-0001765,SO-2024-0001765,,CUST_592A7BA109D0,2024-11-25,61.18,"{'4%': 0.22, '10%': 4.01, '21%': 3.27}",7.5,68.68,2024-11-25,0,paid,2024-11-26
FAC-2024-0001766,SO-2024-0001766,ALB-2024-0001131,CUST_008D610461E3,2024-11-28,50.71,"{'4%': 0.32, '10%': 3.5, '21%': 1.63}",5.45,56.16,2024-11-28,0,paid,2024-11-29
FAC-2024-0001767,SO-2024-0001767,ALB-2024-0001132,CUST_C0D7095FFA81,2024-11-30,56.93,"{'4%': 0.0, '10%': 3.16, '21%': 5.31}",8.47,65.4,2024-11-30,0,paid,2024-11-30
FAC-2024-0001768,SO-2024-0001768,ALB-2024-0001133,CUST_51B11B2EDEDB,2024-11-28,21.77,"{'4%': 0.0, '10%': 0.79, '21%': 2.91}",3.7,25.47,2024-11-28,0,paid,2024-11-28
FAC-2024-0001769,SO-2024-0001769,,CUST_4A94CC351E4F,2024-11-26,52.23,"{'4%': 0.71, '10%': 3.44, '21%': 0.0}",4.15,56.38,2024-12-11,15,pending,
FAC-2024-0001770,SO-2024-0001770,ALB-2024-0001134,CUST_697C87FA841A,2024-12-02,9.97,"{'4%': 0.06, '10%': 0.0, '21%': 1.77}",1.83,11.8,2024-12-02,0,paid,2024-12-03
FAC-2024-0001771,SO-2024-0001771,,CUST_92CF1F33242D,2024-11-27,50.3,"{'4%': 0.49, '10%': 2.51, '21%': 2.73}",5.73,56.03,2024-12-12,15,pending,
FAC-2024-0001772,SO-2024-0001772,ALB-2024-0001135,CUST_9EA931227592,2024-12-01,8.57,"{'4%': 0.08, '10%': 0.0, '21%': 1.35}",1.43,10.0,2024-12-01,0,paid,2024-12-01
FAC-2024-0001773,SO-2024-0001773,ALB-2024-0001136,CUST_55FA458F1F19,2024-11-29,36.01,"{'4%': 0.49, '10%': 0.61, '21%': 3.7}",4.8,40.81,2024-11-29,0,paid,2024-11-29
FAC-2024-0001774,SO-2024-0001774,ALB-2024-0001137,CUST_6DAA8861FE18,2024-12-01,13.91,"{'4%': 0.0, '10%': 0.57, '21%': 1.72}",2.29,16.2,2024-12-01,0,paid,2024-12-02
FAC-2024-0001775,SO-2024-0001775,,CUST_B3EE5A104129,2024-11-28,24.95,"{'4%': 0.23, '10%': 1.93, '21%': 0.0}",2.16,27.11,2024-11-28,0,paid,2024-11-28
FAC-2024-0001776,SO-2024-0001776,,CUST_8E038E969227,2024-11-28,71.16,"{'4%': 1.94, '10%': 1.61, '21%': 1.34}",4.89,76.05,2024-11-28,0,paid,2024-11-29
FAC-2024-0001777,SO-2024-0001777,ALB-2024-0001138,CUST_9A6C52171C88,2024-11-30,28.07,"{'4%': 0.0, '10%': 0.46, '21%': 4.92}",5.38,33.45,2024-11-30,0,paid,2024-11-30
FAC-2024-0001778,SO-2024-0001778,ALB-2024-0001139,CUST_8A0B36D8393A,2024-12-01,115.85,"{'4%': 0.98, '10%': 4.76, '21%': 9.16}",14.9,130.75,2024-12-16,15,pending,
FAC-2024-0001779,SO-2024-0001779,ALB-2024-0001140,CUST_655243FF5011,2024-12-03,75.53,"{'4%': 1.32, '10%': 1.69, '21%': 5.39}",8.4,83.93,2024-12-03,0,paid,2024-12-04
FAC-2024-0001780,SO-2024-0001780,ALB-2024-0001141,CUST_DD46475287AA,2024-12-02,37.71,"{'4%': 0.58, '10%': 0.0, '21%': 4.85}",5.43,43.14,2024-12-02,0,paid,2024-12-03
FAC-2024-0001781,SO-2024-0001781,ALB-2024-0001142,CUST_E6B3CB323E35,2024-11-30,84.49,"{'4%': 1.49, '10%': 1.95, '21%': 5.81}",9.25,93.74,2024-11-30,0,paid,2024-12-01
FAC-2024-0001782,SO-2024-0001782,ALB-2024-0001143,CUST_07F8F3EA0184,2024-12-02,33.1,"{'4%': 0.0, '10%': 3.09, '21%': 0.47}",3.56,36.66,2024-12-02,0,paid,2024-12-02
FAC-2024-0001783,SO-2024-0001783,ALB-2024-0001144,CUST_FBA6CDBCC653,2024-12-02,88.52,"{'4%': 0.58, '10%': 2.92, '21%': 9.42}",12.92,101.44,2024-12-17,15,pending,
FAC-2024-0001784,SO-2024-0001784,ALB-2024-0001145,CUST_51B11B2EDEDB,2024-12-02,38.11,"{'4%': 0.0, '10%': 3.81, '21%': 0.0}",3.81,41.92,2024-12-02,0,paid,2024-12-03
FAC-2024-0001785,SO-2024-0001785,,CUST_C1D7F3025D16,2024-11-29,57.34,"{'4%': 0.69, '10%': 1.18, '21%': 5.94}",7.81,65.15,2024-12-29,30,pending,
FAC-2024-0001786,SO-2024-0001786,ALB-2024-0001146,CUST_D3636F81CF4F,2024-12-03,43.34,"{'4%': 1.34, '10%': 0.98, '21%': 0.0}",2.32,45.66,2024-12-03,0,paid,2024-12-04
FAC-2024-0001787,SO-2024-0001787,ALB-2024-0001147,CUST_84410299436A,2024-12-02,95.42,"{'4%': 1.07, '10%': 3.83, '21%': 6.37}",11.27,106.69,2024-12-02,0,paid,2024-12-03
FAC-2024-0001788,SO-2024-0001788,,CUST_B3EE5A104129,2024-11-30,28.99,"{'4%': 0.42, '10%': 1.65, '21%': 0.41}",2.48,31.47,2024-11-30,0,paid,2024-12-01
FAC-2024-0001789,SO-2024-0001789,ALB-2024-0001148,CUST_9C100F6B40D0,2024-12-03,33.26,"{'4%': 0.59, '10%': 1.05, '21%': 1.66}",3.3,36.56,2024-12-03,0,paid,2024-12-04
FAC-2024-0001790,SO-2024-0001790,,CUST_D854DFCAF0B7,2024-11-30,106.82,"{'4%': 0.56, '10%': 7.31, '21%': 4.15}",12.02,118.84,2024-12-15,15,pending,
FAC-2024-0001791,SO-2024-0001791,ALB-2024-0001149,CUST_92CA6DE59332,2024-12-02,64.81,"{'4%': 1.85, '10%': 0.6, '21%': 2.64}",5.09,69.9,2024-12-02,0,paid,2024-12-03
FAC-2024-0001792,SO-2024-0001792,ALB-2024-0001150,CUST_51B11B2EDEDB,2024-12-03,14.6,"{'4%': 0.32, '10%': 0.27, '21%': 0.8}",1.39,15.99,2024-12-03,0,paid,2024-12-04
FAC-2024-0001793,SO-2024-0001793,ALB-2024-0001151,CUST_A383DB2C6AC8,2024-12-04,21.68,"{'4%': 0.0, '10%': 0.51, '21%': 3.49}",4.0,25.68,2024-12-04,0,paid,2024-12-04
FAC-2024-0001794,SO-2024-0001794,,CUST_562819DD3E8C,2024-11-30,79.66,"{'4%': 1.36, '10%': 0.73, '21%': 8.06}",10.15,89.81,2024-12-30,30,pending,
FAC-2024-0001795,SO-2024-0001795,ALB-2024-0001152,CUST_42D951976E75,2024-12-02,21.17,"{'4%': 0.44, '10%': 0.0, '21%': 2.15}",2.59,23.76,2024-12-02,0,paid,2024-12-02
FAC-2024-0001796,SO-2024-0001796,ALB-2024-0001153,CUST_AB0B15F0EA19,2024-12-03,59.27,"{'4%': 0.31, '10%': 0.72, '21%': 9.34}",10.37,69.64,2024-12-03,0,paid,2024-12-03
FAC-2024-0001797,SO-2024-0001797,,CUST_A149F920264C,2024-12-01,126.66,"{'4%': 0.89, '10%': 8.46, '21%': 4.18}",13.53,140.19,2024-12-01,0,paid,2024-12-02
FAC-2024-0001798,SO-2024-0001798,,CUST_592A7BA109D0,2024-12-01,67.21,"{'4%': 1.16, '10%': 1.49, '21%': 4.93}",7.58,74.79,2024-12-01,0,paid,2024-12-01
FAC-2024-0001799,SO-2024-0001799,ALB-2024-0001154,CUST_ABF3FEC21BBE,2024-12-06,34.69,"{'4%': 0.0, '10%': 3.47, '21%': 0.0}",3.47,38.16,2024-12-21,15,pending,
FAC-2024-0001800,SO-2024-0001800,,CUST_30B1310C0C00,2024-12-02,134.23,"{'4%': 2.11, '10%': 5.02, '21%': 6.56}",13.69,147.92,2024-12-02,0,paid,2024-12-02
FAC-2024-0001801,SO-2024-0001801,ALB-2024-0001155,CUST_B244B7E58481,2024-12-04,46.45,"{'4%': 0.92, '10%': 1.42, '21%': 1.93}",4.27,50.72,2024-12-04,0,paid,2024-12-05
FAC-2024-0001802,SO-2024-0001802,ALB-2024-0001156,CUST_55FA458F1F19,2024-12-05,32.22,"{'4%': 0.99, '10%': 0.0, '21%': 1.56}",2.55,34.77,2024-12-05,0,paid,2024-12-06
FAC-2024-0001803,SO-2024-0001803,ALB-2024-0001157,CUST_B3EE5A104129,2024-12-08,40.29,"{'4%': 0.56, '10%': 2.64, '21%': 0.0}",3.2,43.49,2024-12-08,0,paid,2024-12-09
FAC-2024-0001804,SO-2024-0001804,ALB-2024-0001158,CUST_80BB6EC01269,2024-12-04,51.59,"{'4%': 0.0, '10%': 1.12, '21%': 8.49}",9.61,61.2,2024-12-19,15,pending,
FAC-2024-0001805,SO-2024-0001805,ALB-2024-0001159,CUST_F6D2AEC76A82,2024-12-06,23.39,"{'4%': 0.13, '10%': 1.63, '21%': 0.78}",2.54,25.93,2024-12-06,0,paid,2024-12-06
FAC-2024-0001806,SO-2024-0001806,,CUST_D7F3C2EFEECB,2024-12-02,41.05,"{'4%': 0.97, '10%': 1.16, '21%': 1.09}",3.22,44.27,2024-12-02,0,paid,2024-12-02
FAC-2024-0001807,SO-2024-0001807,,CUST_FBE9DBC080FD,2024-12-03,16.57,"{'4%': 0.5, '10%': 0.0, '21%': 0.83}",1.33,17.9,2024-12-03,0,paid,2024-12-03
FAC-2024-0001808,SO-2024-0001808,,CUST_EADA4970ED9A,2024-12-03,131.85,"{'4%': 0.63, '10%': 7.89, '21%': 7.82}",16.34,148.19,2024-12-18,15,pending,
FAC-2024-0001809,SO-2024-0001809,,CUST_80BB6EC01269,2024-12-03,41.88,"{'4%': 0.03, '10%': 3.01, '21%': 2.31}",5.35,47.23,2024-12-18,15,pending,
FAC-2024-0001810,SO-2024-0001810,,CUST_90CEE9A53368,2024-12-03,71.11,"{'4%': 0.69, '10%': 1.84, '21%': 7.42}",9.95,81.06,2024-12-03,0,paid,2024-12-04
FAC-2024-0001811,SO-2024-0001811,ALB-2024-0001160,CUST_25E98D7248E2,2024-12-06,69.69,"{'4%': 0.93, '10%': 2.46, '21%': 4.58}",7.97,77.66,2024-12-06,0,paid,2024-12-06
FAC-2024-0001812,SO-2024-0001812,,CUST_FBE9DBC080FD,2024-12-04,19.31,"{'4%': 0.0, '10%': 1.93, '21%': 0.0}",1.93,21.24,2024-12-04,0,paid,2024-12-05
FAC-2024-0001813,SO-2024-0001813,ALB-2024-0001161,CUST_4D29345512F7,2024-12-07,51.08,"{'4%': 0.0, '10%': 0.33, '21%': 10.03}",10.36,61.44,2024-12-07,0,paid,2024-12-07
FAC-2024-0001814,SO-2024-0001814,ALB-2024-0001162,CUST_C5A1AD05B912,2024-12-08,58.64,"{'4%': 2.11, '10%': 0.0, '21%': 1.25}",3.36,62.0,2024-12-08,0,paid,2024-12-09
FAC-2024-0001815,SO-2024-0001815,ALB-2024-0001163,CUST_12B2940C3503,2024-12-07,44.32,"{'4%': 0.61, '10%': 1.94, '21%': 2.03}",4.58,48.9,2024-12-07,0,paid,2024-12-08
FAC-2024-0001816,SO-2024-0001816,ALB-2024-0001164,CUST_93D551A3AC26,2024-12-06,95.19,"{'4%': 0.71, '10%': 6.71, '21%': 2.16}",9.58,104.77,2024-12-21,15,pending,
FAC-2024-0001817,SO-2024-0001817,ALB-2024-0001165,CUST_4A94CC351E4F,2024-12-08,54.14,"{'4%': 1.23, '10%': 0.11, '21%': 4.71}",6.05,60.19,2024-12-23,15,pending,
FAC-2024-0001818,SO-2024-0001818,ALB-2024-0001166,CUST_89EC98CBAA52,2024-12-05,49.04,"{'4%': 0.2, '10%': 2.68, '21%': 3.6}",6.48,55.52,2024-12-05,0,paid,2024-12-06
FAC-2024-0001819,SO-2024-0001819,ALB-2024-0001167,CUST_E709329FC417,2024-12-07,34.71,"{'4%': 0.0, '10%': 0.0, '21%': 7.29}",7.29,42.0,2024-12-07,0,paid,2024-12-08
FAC-2024-0001820,SO-2024-0001820,,CUST_90CEE9A53368,2024-12-04,51.05,"{'4%': 0.47, '10%': 1.82, '21%': 4.45}",6.74,57.79,2024-12-04,0,paid,2024-12-04
FAC-2024-0001821,SO-2024-0001821,,CUST_008D610461E3,2024-12-05,58.69,"{'4%': 0.39, '10%': 0.95, '21%': 8.28}",9.62,68.31,2024-12-05,0,paid,2024-12-06
FAC-2024-0001822,SO-2024-0001822,,CUST_655243FF5011,2024-12-05,69.0,"{'4%': 0.04, '10%': 5.17, '21%': 3.39}",8.6,77.6,2024-12-05,0,paid,2024-12-06
FAC-2024-0001823,SO-2024-0001823,ALB-2024-0001168,CUST_6DAA8861FE18,2024-12-09,12.58,"{'4%': 0.37, '10%': 0.14, '21%': 0.42}",0.93,13.51,2024-12-09,0,paid,2024-12-10
FAC-2024-0001824,SO-2024-0001824,ALB-2024-0001169,CUST_49A2F7E8F8E5,2024-12-08,17.72,"{'4%': 0.19, '10%': 0.11, '21%': 2.51}",2.81,20.53,2024-12-08,0,paid,2024-12-09
FAC-2024-0001825,SO-2024-0001825,,CUST_A383DB2C6AC8,2024-12-05,10.6,"{'4%': 0.0, '10%': 0.93, '21%': 0.28}",1.21,11.81,2024-12-05,0,paid,2024-12-05
FAC-2024-0001826,SO-2024-0001826,,CUST_FFE3BF337A15,2024-12-05,25.26,"{'4%': 0.43, '10%': 1.11, '21%': 0.73}",2.27,27.53,2024-12-05,0,paid,2024-12-06
FAC-2024-0001827,SO-2024-0001827,ALB-2024-0001170,CUST_255B7E3D5EE4,2024-12-06,170.67,"{'4%': 1.02, '10%': 12.12, '21%': 5.04}",18.18,188.85,2024-12-06,0,paid,2024-12-07
FAC-2024-0001828,SO-2024-0001828,,CUST_BF3182BBAD84,2024-12-05,147.93,"{'4%': 0.62, '10%': 5.16, '21%': 16.97}",22.75,170.68,2024-12-05,0,paid,2024-12-06
FAC-2024-0001829,SO-2024-0001829,ALB-2024-0001171,CUST_FE89D9CB3540,2024-12-07,67.4,"{'4%': 0.0, '10%': 5.27, '21%': 3.09}",8.36,75.76,2024-12-07,0,paid,2024-12-07
FAC-2024-0001830,SO-2024-0001830,ALB-2024-0001172,CUST_1DAD52C21221,2024-12-09,85.9,"{'4%': 0.67, '10%': 6.11, '21%': 1.71}",8.49,94.39,2024-12-09,0,paid,2024-12-10
FAC-2024-0001831,SO-2024-0001831,,CUST_A9E2952E6ABB,2024-12-06,35.34,"{'4%': 0.04, '10%': 1.98, '21%': 3.04}",5.06,40.4,2024-12-06,0,paid,2024-12-06
FAC-2024-0001832,SO-2024-0001832,ALB-2024-0001173,CUST_F6D2AEC76A82,2024-12-09,22.75,"{'4%': 0.0, '10%': 0.59, '21%': 3.54}",4.13,26.88,2024-12-09,0,paid,2024-12-10
FAC-2024-0001833,SO-2024-0001833,ALB-2024-0001174,CUST_9E5DC5ACC354,2024-12-09,63.11,"{'4%': 0.69, '10%': 1.68, '21%': 6.1}",8.47,71.58,2024-12-09,0,paid,2024-12-09
FAC-2024-0001834,SO-2024-0001834,,CUST_4A94CC351E4F,2024-12-06,58.79,"{'4%': 0.25, '10%': 4.1, '21%': 2.41}",6.76,65.55,2024-12-21,15,pending,
FAC-2024-0001835,SO-2024-0001835,,CUST_DD920DB977A9,2024-12-06,26.5,"{'4%': 0.03, '10%': 0.2, '21%': 4.99}",5.22,31.72,2024-12-06,0,paid,2024-12-07
FAC-2024-0001836,SO-2024-0001836,ALB-2024-0001175,CUST_978613281726,2024-12-09,67.31,"{'4%': 2.09, '10%': 0.89, '21%': 1.28}",4.26,71.57,2024-12-09,0,paid,2024-12-10
FAC-2024-0001837,SO-2024-0001837,,CUST_413530A900AD,2024-12-07,18.43,"{'4%': 0.34, '10%': 0.78, '21%': 0.45}",1.57,20.0,2024-12-07,0,paid,2024-12-08
FAC-2024-0001838,SO-2024-0001838,ALB-2024-0001176,CUST_A9AB1777E8CB,2024-12-09,18.5,"{'4%': 0.74, '10%': 0.0, '21%': 0.0}",0.74,19.24,2024-12-09,0,paid,2024-12-09
FAC-2024-0001839,SO-2024-0001839,ALB-2024-0001177,CUST_04AA5CA0C428,2024-12-10,119.58,"{'4%': 0.85, '10%': 2.36, '21%': 15.68}",18.89,138.47,2025-01-09,30,pending,
FAC-2024-0001840,SO-2024-0001840,ALB-2024-0001178,CUST_9A3A6E3C4532,2024-12-08,18.6,"{'4%': 0.0, '10%': 1.33, '21%': 1.11}",2.44,21.04,2024-12-08,0,paid,2024-12-08
FAC-2024-0001841,SO-2024-0001841,ALB-2024-0001179,CUST_58F0AAF78C67,2024-12-13,80.47,"{'4%': 0.38, '10%': 4.36, '21%': 5.76}",10.5,90.97,2024-12-13,0,paid,2024-12-14
FAC-2024-0001842,SO-2024-0001842,ALB-2024-0001180,CUST_9E2A0F79A8A7,2024-12-09,163.85,"{'4%': 1.03, '10%': 10.27, '21%': 7.47}",18.77,182.62,2024-12-09,0,paid,2024-12-10
FAC-2024-0001843,SO-2024-0001843,,CUST_DD920DB977A9,2024-12-07,47.61,"{'4%': 1.89, '10%': 0.0, '21%': 0.05}",1.94,49.55,2024-12-07,0,paid,2024-12-07
FAC-2024-0001844,SO-2024-0001844,,CUST_D7F3C2EFEECB,2024-12-07,32.64,"{'4%': 0.45, '10%': 1.15, '21%': 2.06}",3.66,36.3,2024-12-07,0,paid,2024-12-08
FAC-2024-0001845,SO-2024-0001845,,CUST_8E038E969227,2024-12-08,83.52,"{'4%': 1.51, '10%': 1.64, '21%': 6.17}",9.32,92.84,2024-12-08,0,paid,2024-12-08
FAC-2024-0001846,SO-2024-0001846,,CUST_4D71B41B3143,2024-12-09,33.03,"{'4%': 0.04, '10%': 0.83, '21%': 4.96}",5.83,38.86,2024-12-09,0,paid,2024-12-09
FAC-2024-0001847,SO-2024-0001847,ALB-2024-0001181,CUST_AB7FCD5F4822,2024-12-12,19.62,"{'4%': 0.78, '10%': 0.0, '21%': 0.0}",0.78,20.4,2024-12-12,0,paid,2024-12-13
FAC-2024-0001848,SO-2024-0001848,,CUST_D3636F81CF4F,2024-12-09,83.31,"{'4%': 3.04, '10%': 0.73, '21%': 0.0}",3.77,87.08,2024-12-09,0,paid,2024-12-10
FAC-2024-0001849,SO-2024-0001849,,CUST_A9E2952E6ABB,2024-12-09,47.54,"{'4%': 0.98, '10%': 1.6, '21%': 1.49}",4.07,51.61,2024-12-09,0,paid,2024-12-09
FAC-2024-0001850,SO-2024-0001850,,CUST_EADA4970ED9A,2024-12-09,134.52,"{'4%': 0.92, '10%': 5.86, '21%': 11.13}",17.91,152.43,2024-12-24,15,pending,
FAC-2024-0001851,SO-2024-0001851,ALB-2024-0001182,CUST_58F0AAF78C67,2024-12-13,71.14,"{'4%': 0.32, '10%': 4.23, '21%': 4.36}",8.91,80.05,2024-12-13,0,paid,2024-12-13
FAC-2024-0001852,SO-2024-0001852,ALB-2024-0001183,CUST_4A94CC351E4F,2024-12-15,50.28,"{'4%': 1.28, '10%': 0.85, '21%': 2.07}",4.2,54.48,2024-12-30,15,pending,
FAC-2024-0001853,SO-2024-0001853,ALB-2024-0001184,CUST_E6B3CB323E35,2024-12-11,112.14,"{'4%': 2.53, '10%': 4.59, '21%': 0.63}",7.75,119.89,2024-12-11,0,paid,2024-12-11
FAC-2024-0001854,SO-2024-0001854,ALB-2024-0001185,CUST_585A7BFDCC12,2024-12-12,74.22,"{'4%': 0.0, '10%': 3.63, '21%': 7.97}",11.6,85.82,2024-12-12,0,paid,2024-12-13
FAC-2024-0001855,SO-2024-0001855,,CUST_9A3A6E3C4532,2024-12-11,15.62,"{'4%': 0.08, '10%': 0.69, '21%': 1.42}",2.19,17.81,2024-12-11,0,paid,2024-12-11
FAC-2024-0001856,SO-2024-0001856,ALB-2024-0001186,CUST_4758A6499CDC,2024-12-12,195.95,"{'4%': 3.39, '10%': 9.27, '21%': 3.88}",16.54,212.49,2024-12-12,0,paid,2024-12-13
FAC-2024-0001857,SO-2024-0001857,ALB-2024-0001187,CUST_8962929C93B3,2024-12-13,33.49,"{'4%': 0.0, '10%': 1.31, '21%': 4.28}",5.59,39.08,2024-12-28,15,pending,
FAC-2024-0001858,SO-2024-0001858,,CUST_9C2EEA4E3617,2024-12-12,61.9,"{'4%': 0.06, '10%': 3.99, '21%': 4.29}",8.34,70.24,2024-12-12,0,paid,2024-12-13
FAC-2024-0001859,SO-2024-0001859,,CUST_A2119FD34579,2024-12-12,108.1,"{'4%': 1.01, '10%': 5.31, '21%': 6.22}",12.54,120.64,2024-12-12,0,paid,2024-12-13
FAC-2024-0001860,SO-2024-0001860,ALB-2024-0001188,CUST_C4F97630A8A7,2024-12-14,47.86,"{'4%': 0.69, '10%': 0.57, '21%': 5.22}",6.48,54.34,2024-12-14,0,paid,2024-12-15
FAC-2024-0001861,SO-2024-0001861,,CUST_4758A6499CDC,2024-12-12,190.71,"{'4%': 0.93, '10%': 10.77, '21%': 12.54}",24.24,214.95,2024-12-12,0,paid,2024-12-12
FAC-2024-0001862,SO-2024-0001862,ALB-2024-0001189,CUST_0F25A55990E7,2024-12-13,88.0,"{'4%': 0.59, '10%': 3.8, '21%': 7.38}",11.77,99.77,2024-12-13,0,paid,2024-12-14
FAC-2024-0001863,SO-2024-0001863,ALB-2024-0001190,CUST_FB8FD8B48EAD,2024-12-14,35.94,"{'4%': 0.22, '10%': 0.47, '21%': 5.39}",6.08,42.02,2024-12-29,15,pending,
FAC-2024-0001864,SO-2024-0001864,,CUST_B3EE5A104129,2024-12-13,29.3,"{'4%': 0.11, '10%': 1.09, '21%': 3.29}",4.49,33.79,2024-12-13,0,paid,2024-12-14
FAC-2024-0001865,SO-2024-0001865,,CUST_FBE9DBC080FD,2024-12-13,25.3,"{'4%': 0.0, '10%': 2.28, '21%': 0.53}",2.81,28.11,2024-12-13,0,paid,2024-12-14
FAC-2024-0001866,SO-2024-0001866,ALB-2024-0001191,CUST_45F52E2FBF77,2024-12-14,54.04,"{'4%': 0.41, '10%': 4.21, '21%': 0.33}",4.95,58.99,2024-12-29,15,pending,
FAC-2024-0001867,SO-2024-0001867,ALB-2024-0001192,CUST_51B11B2EDEDB,2024-12-16,13.8,"{'4%': 0.22, '10%': 0.0, '21%': 1.73}",1.95,15.75,2024-12-16,0,paid,2024-12-16
FAC-2024-0001868,SO-2024-0001868,,CUST_668C0B95017C,2024-12-13,44.44,"{'4%': 0.0, '10%': 1.15, '21%': 6.91}",8.06,52.5,2024-12-13,0,paid,2024-12-13
FAC-2024-0001869,SO-2024-0001869,ALB-2024-0001193,CUST_F96DBED63DA0,2024-12-15,32.86,"{'4%': 0.73, '10%': 0.57, '21%': 1.84}",3.14,36.0,2024-12-15,0,paid,2024-12-15
FAC-2024-0001870,SO-2024-0001870,ALB-2024-0001194,CUST_624FBAE1E137,2024-12-16,82.15,"{'4%': 2.27, '10%': 2.02, '21%': 1.08}",5.37,87.52,2024-12-16,0,paid,2024-12-17
FAC-2024-0001871,SO-2024-0001871,ALB-2024-0001195,CUST_D37445712959,2024-12-17,65.66,"{'4%': 0.35, '10%': 2.08, '21%': 7.6}",10.03,75.69,2024-12-17,0,paid,2024-12-18
FAC-2024-0001872,SO-2024-0001872,ALB-2024-0001196,CUST_C1D7F3025D16,2024-12-15,66.75,"{'4%': 0.17, '10%': 3.49, '21%': 5.81}",9.47,76.22,2025-01-14,30,pending,
FAC-2024-0001873,SO-2024-0001873,ALB-2024-0001197,CUST_AB7FCD5F4822,2024-12-17,18.98,"{'4%': 0.0, '10%': 0.76, '21%': 2.39}",3.15,22.13,2024-12-17,0,paid,2024-12-18
FAC-2024-0001874,SO-2024-0001874,,CUST_413530A900AD,2024-12-14,31.7,"{'4%': 0.73, '10%': 0.13, '21%': 2.55}",3.41,35.11,2024-12-14,0,paid,2024-12-14
FAC-2024-0001875,SO-2024-0001875,ALB-2024-0001198,CUST_7DE36694C343,2024-12-16,21.65,"{'4%': 0.87, '10%': 0.0, '21%': 0.0}",0.87,22.52,2024-12-16,0,paid,2024-12-16
FAC-2024-0001876,SO-2024-0001876,,CUST_BE05965BEFDF,2024-12-14,54.09,"{'4%': 0.61, '10%': 3.08, '21%': 1.7}",5.39,59.48,2024-12-14,0,paid,2024-12-14
FAC-2024-0001877,SO-2024-0001877,ALB-2024-0001199,CUST_4D29345512F7,2024-12-16,61.85,"{'4%': 0.79, '10%': 2.8, '21%': 2.95}",6.54,68.39,2024-12-16,0,paid,2024-12-16
FAC-2024-0001878,SO-2024-0001878,ALB-2024-0001200,CUST_04AA5CA0C428,2024-12-16,96.25,"{'4%': 0.84, '10%': 0.44, '21%': 14.85}",16.13,112.38,2025-01-15,30,pending,
FAC-2024-0001879,SO-2024-0001879,ALB-2024-0001201,CUST_12B2940C3503,2024-12-16,48.75,"{'4%': 0.35, '10%': 2.72, '21%': 2.69}",5.76,54.51,2024-12-16,0,paid,2024-12-16
FAC-2024-0001880,SO-2024-0001880,ALB-2024-0001202,CUST_1036D9A09007,2024-12-17,63.44,"{'4%': 0.12, '10%': 5.69, '21%': 0.72}",6.53,69.97,2024-12-17,0,paid,2024-12-17
FAC-2024-0001881,SO-2024-0001881,,CUST_AB0B15F0EA19,2024-12-14,57.22,"{'4%': 1.44, '10%': 0.86, '21%': 2.62}",4.92,62.14,2024-12-14,0,paid,2024-12-15
FAC-2024-0001882,SO-2024-0001882,ALB-2024-0001203,CUST_AB0B15F0EA19,2024-12-21,64.11,"{'4%': 1.76, '10%': 0.64, '21%': 2.88}",5.28,69.39,2024-12-21,0,paid,2024-12-21
FAC-2024-0001883,SO-2024-0001883,ALB-2024-0001204,CUST_6DAA8861FE18,2024-12-21,13.54,"{'4%': 0.0, '10%': 0.0, '21%': 2.84}",2.84,16.38,2024-12-21,0,paid,2024-12-21
FAC-2024-0001884,SO-2024-0001884,ALB-2024-0001205,CUST_07F8F3EA0184,2024-12-17,24.44,"{'4%': 0.15, '10%': 1.56, '21%': 1.06}",2.77,27.21,2024-12-17,0,paid,2024-12-17
FAC-2024-0001885,SO-2024-0001885,ALB-2024-0001206,CUST_BF3182BBAD84,2024-12-18,181.61,"{'4%': 1.98, '10%': 9.39, '21%': 8.03}",19.4,201.01,2024-12-18,0,paid,2024-12-19
FAC-2024-0001886,SO-2024-0001886,ALB-2024-0001207,CUST_655243FF5011,2024-12-19,74.77,"{'4%': 0.58, '10%': 3.73, '21%': 4.8}",9.11,83.88,2024-12-19,0,paid,2024-12-20
FAC-2024-0001887,SO-2024-0001887,ALB-2024-0001208,CUST_55FA458F1F19,2024-12-20,34.68,"{'4%': 0.28, '10%': 0.43, '21%': 4.89}",5.6,40.28,2024-12-20,0,paid,2024-12-20
FAC-2024-0001888,SO-2024-0001888,ALB-2024-0001209,CUST_CDCCA9434AA0,2024-12-21,65.26,"{'4%': 0.32, '10%': 5.72, '21%': 0.0}",6.04,71.3,2024-12-21,0,paid,2024-12-21
FAC-2024-0001889,SO-2024-0001889,,CUST_4D29345512F7,2024-12-17,50.94,"{'4%': 0.39, '10%': 1.42, '21%': 5.64}",7.45,58.39,2024-12-17,0,paid,2024-12-17
FAC-2024-0001890,SO-2024-0001890,ALB-2024-0001210,CUST_80BB6EC01269,2024-12-18,41.21,"{'4%': 0.99, '10%': 0.0, '21%': 3.47}",4.46,45.67,2025-01-02,15,pending,
FAC-2024-0001891,SO-2024-0001891,ALB-2024-0001211,CUST_F4E7A4540937,2024-12-20,59.36,"{'4%': 0.22, '10%': 1.58, '21%': 7.99}",9.79,69.15,2025-01-04,15,pending,
FAC-2024-0001892,SO-2024-0001892,ALB-2024-0001212,CUST_8962929C93B3,2024-12-21,45.33,"{'4%': 0.05, '10%': 2.12, '21%': 4.79}",6.96,52.29,2025-01-05,15,pending,
FAC-2024-0001893,SO-2024-0001893,ALB-2024-0001213,CUST_9EA931227592,2024-12-21,11.31,"{'4%': 0.0, '10%': 0.76, '21%': 0.77}",1.53,12.84,2024-12-21,0,paid,2024-12-21
FAC-2024-0001894,SO-2024-0001894,ALB-2024-0001214,CUST_6DAA8861FE18,2024-12-20,10.29,"{'4%': 0.12, '10%': 0.46, '21%': 0.59}",1.17,11.46,2024-12-20,0,paid,2024-12-21
FAC-2024-0001895,SO-2024-0001895,,CUST_A9E2952E6ABB,2024-12-18,45.36,"{'4%': 0.55, '10%': 2.66, '21%': 1.04}",4.25,49.61,2024-12-18,0,paid,2024-12-18
FAC-2024-0001896,SO-2024-0001896,ALB-2024-0001215,CUST_9A3A6E3C4532,2024-12-20,21.89,"{'4%': 0.0, '10%': 1.5, '21%': 1.44}",2.94,24.83,2024-12-20,0,paid,2024-12-20
FAC-2024-0001897,SO-2024-0001897,ALB-2024-0001216,CUST_07F8F3EA0184,2024-12-20,32.21,"{'4%': 0.06, '10%': 1.09, '21%': 4.15}",5.3,37.51,2024-12-20,0,paid,2024-12-20
FAC-2024-0001898,SO-2024-0001898,ALB-2024-0001217,CUST_668C0B95017C,2024-12-20,59.42,"{'4%': 1.25, '10%': 1.31, '21%': 3.14}",5.7,65.12,2024-12-20,0,paid,2024-12-20
FAC-2024-0001899,SO-2024-0001899,ALB-2024-0001218,CUST_501B5EE68495,2024-12-24,18.33,"{'4%': 0.12, '10%': 0.0, '21%': 3.2}",3.32,21.65,2025-01-08,15,pending,
FAC-2024-0001900,SO-2024-0001900,,CUST_CC393B5AE288,2024-12-18,108.2,"{'4%': 1.45, '10%': 6.69, '21%': 1.08}",9.22,117.42,2024-12-18,0,paid,2024-12-19
FAC-2024-0001901,SO-2024-0001901,ALB-2024-0001219,CUST_A48ED0421DFA,2024-12-21,71.18,"{'4%': 0.42, '10%': 4.26, '21%': 3.81}",8.49,79.67,2024-12-21,0,paid,2024-12-21
FAC-2024-0001902,SO-2024-0001902,,CUST_51B11B2EDEDB,2024-12-19,13.13,"{'4%': 0.0, '10%': 1.09, '21%': 0.47}",1.56,14.69,2024-12-19,0,paid,2024-12-20
FAC-2024-0001903,SO-2024-0001903,ALB-2024-0001220,CUST_C5A1AD05B912,2024-12-23,56.52,"{'4%': 1.08, '10%': 0.81, '21%': 4.51}",6.4,62.92,2024-12-23,0,paid,2024-12-24
FAC-2024-0001904,SO-2024-0001904,,CUST_CC393B5AE288,2024-12-19,110.11,"{'4%': 1.36, '10%': 2.89, '21%': 9.91}",14.16,124.27,2024-12-19,0,paid,2024-12-19
FAC-2024-0001905,SO-2024-0001905,,CUST_624FBAE1E137,2024-12-19,80.46,"{'4%': 0.79, '10%': 3.68, '21%': 4.99}",9.46,89.92,2024-12-19,0,paid,2024-12-20
FAC-2024-0001906,SO-2024-0001906,ALB-2024-0001221,CUST_9DF29E825AAE,2024-12-22,110.94,"{'4%': 3.0, '10%': 1.71, '21%': 3.94}",8.65,119.59,2024-12-22,0,paid,2024-12-22
FAC-2024-0001907,SO-2024-0001907,ALB-2024-0001222,CUST_7DE36694C343,2024-12-23,20.46,"{'4%': 0.0, '10%': 0.38, '21%': 3.5}",3.88,24.34,2024-12-23,0,paid,2024-12-23
FAC-2024-0001908,SO-2024-0001908,ALB-2024-0001223,CUST_4D29345512F7,2024-12-21,73.03,"{'4%': 1.25, '10%': 2.31, '21%': 3.95}",7.51,80.54,2024-12-21,0,paid,2024-12-21
FAC-2024-0001909,SO-2024-0001909,,CUST_A383DB2C6AC8,2024-12-20,12.37,"{'4%': 0.0, '10%': 0.86, '21%': 0.78}",1.64,14.01,2024-12-20,0,paid,2024-12-20
FAC-2024-0001910,SO-2024-0001910,ALB-2024-0001224,CUST_EFFA3040413C,2024-12-21,108.28,"{'4%': 3.47, '10%': 1.13, '21%': 2.13}",6.73,115.01,2024-12-21,0,paid,2024-12-22
FAC-2024-0001911,SO-2024-0001911,,CUST_42D951976E75,2024-12-20,22.89,"{'4%': 0.19, '10%': 0.33, '21%': 3.12}",3.64,26.53,2024-12-20,0,paid,2024-12-20
FAC-2024-0001912,SO-2024-0001912,,CUST_AB0B15F0EA19,2024-12-20,53.75,"{'4%': 0.35, '10%': 0.6, '21%': 8.17}",9.12,62.87,2024-12-20,0,paid,2024-12-21
FAC-2024-0001913,SO-2024-0001913,,CUST_C1D7F3025D16,2024-12-20,61.72,"{'4%': 1.14, '10%': 1.9, '21%': 2.98}",6.02,67.74,2025-01-19,30,pending,
FAC-2024-0001914,SO-2024-0001914,ALB-2024-0001225,CUST_A9AB1777E8CB,2024-12-25,25.54,"{'4%': 1.02, '10%': 0.0, '21%': 0.0}",1.02,26.56,2024-12-25,0,paid,2024-12-26
FAC-2024-0001915,SO-2024-0001915,ALB-2024-0001226,CUST_80BB6EC01269,2024-12-24,55.66,"{'4%': 0.69, '10%': 1.84, '21%': 4.19}",6.72,62.38,2025-01-08,15,pending,
FAC-2024-0001916,SO-2024-0001916,,CUST_70E704D9145E,2024-12-21,54.86,"{'4%': 0.54, '10%': 1.8, '21%': 4.88}",7.22,62.08,2024-12-21,0,paid,2024-12-22
FAC-2024-0001917,SO-2024-0001917,ALB-2024-0001227,CUST_624FBAE1E137,2024-12-24,69.33,"{'4%': 0.13, '10%': 2.15, '21%': 9.39}",11.67,81.0,2024-12-24,0,paid,2024-12-24
FAC-2024-0001918,SO-2024-0001918,,CUST_FB8FD8B48EAD,2024-12-21,38.35,"{'4%': 0.49, '10%': 0.57, '21%': 4.3}",5.36,43.71,2025-01-05,15,pending,
FAC-2024-0001919,SO-2024-0001919,ALB-2024-0001228,CUST_ABF3FEC21BBE,2024-12-24,18.31,"{'4%': 0.0, '10%': 0.44, '21%': 2.93}",3.37,21.68,2025-01-08,15,pending,
FAC-2024-0001920,SO-2024-0001920,ALB-2024-0001229,CUST_501B5EE68495,2024-12-27,22.68,"{'4%': 0.22, '10%': 0.06, '21%': 3.49}",3.77,26.45,2025-01-11,15,pending,
FAC-2024-0001921,SO-2024-0001921,ALB-2024-0001230,CUST_9A3A6E3C4532,2024-12-26,21.83,"{'4%': 0.08, '10%': 0.93, '21%': 2.18}",3.19,25.02,2024-12-26,0,paid,2024-12-26
FAC-2024-0001922,SO-2024-0001922,,CUST_4EFCE10B1A47,2024-12-23,195.33,"{'4%': 2.6, '10%': 9.02, '21%': 8.41}",20.03,215.36,2025-01-07,15,pending,
FAC-2024-0001923,SO-2024-0001923,ALB-2024-0001231,CUST_C60161FA01BA,2024-12-25,35.99,"{'4%': 0.42, '10%': 1.64, '21%': 1.94}",4.0,39.99,2024-12-25,0,paid,2024-12-25
FAC-2024-0001924,SO-2024-0001924,ALB-2024-0001232,CUST_FB8FD8B48EAD,2024-12-25,48.59,"{'4%': 0.62, '10%': 2.42, '21%': 1.89}",4.93,53.52,2025-01-09,15,pending,
FAC-2024-0001925,SO-2024-0001925,ALB-2024-0001233,CUST_AB0B15F0EA19,2024-12-26,66.64,"{'4%': 1.22, '10%': 0.92, '21%': 5.68}",7.82,74.46,2024-12-26,0,paid,2024-12-26
FAC-2024-0001926,SO-2024-0001926,ALB-2024-0001234,CUST_6DAA8861FE18,2024-12-26,15.79,"{'4%': 0.44, '10%': 0.25, '21%': 0.47}",1.16,16.95,2024-12-26,0,paid,2024-12-26
FAC-2024-0001927,SO-2024-0001927,ALB-2024-0001235,CUST_5C623A3C563E,2024-12-28,99.32,"{'4%': 1.84, '10%': 3.25, '21%': 4.4}",9.49,108.81,2024-12-28,0,paid,2024-12-28
FAC-2024-0001928,SO-2024-0001928,,CUST_58F0AAF78C67,2024-12-24,139.07,"{'4%': 1.29, '10%': 7.41, '21%': 6.88}",15.58,154.65,2024-12-24,0,paid,2024-12-24
FAC-2024-0001929,SO-2024-0001929,ALB-2024-0001236,CUST_A87990422EB7,2024-12-26,159.89,"{'4%': 1.07, '10%': 8.05, '21%': 11.05}",20.17,180.06,2025-01-10,15,pending,
FAC-2024-0001930,SO-2024-0001930,ALB-2024-0001237,CUST_F96DBED63DA0,2024-12-27,36.32,"{'4%': 0.04, '10%': 0.45, '21%': 6.47}",6.96,43.28,2024-12-27,0,paid,2024-12-27
FAC-2024-0001931,SO-2024-0001931,,CUST_BF3182BBAD84,2024-12-24,232.34,"{'4%': 4.72, '10%': 7.03, '21%': 9.25}",21.0,253.34,2024-12-24,0,paid,2024-12-25
FAC-2024-0001932,SO-2024-0001932,ALB-2024-0001238,CUST_7A1036A2C52B,2024-12-26,200.44,"{'4%': 2.77, '10%': 11.19, '21%': 4.04}",18.0,218.44,2024-12-26,0,paid,2024-12-26
FAC-2024-0001933,SO-2024-0001933,ALB-2024-0001239,CUST_978613281726,2024-12-28,80.06,"{'4%': 0.81, '10%': 3.08, '21%': 6.08}",9.97,90.03,2024-12-28,0,paid,2024-12-29
FAC-2024-0001934,SO-2024-0001934,ALB-2024-0001240,CUST_284C27D415B6,2024-12-27,135.4,"{'4%': 1.86, '10%': 6.14, '21%': 5.75}",13.75,149.15,2024-12-27,0,paid,2024-12-28
FAC-2024-0001935,SO-2024-0001935,,CUST_4D29345512F7,2024-12-25,46.8,"{'4%': 0.14, '10%': 1.8, '21%': 5.31}",7.25,54.05,2024-12-25,0,paid,2024-12-25
FAC-2024-0001936,SO-2024-0001936,,CUST_F4E7A4540937,2024-12-25,120.81,"{'4%': 4.83, '10%': 0.0, '21%': 0.0}",4.83,125.64,2025-01-09,15,pending,
FAC-2024-0001937,SO-2024-0001937,ALB-2024-0001241,CUST_8962929C93B3,2024-12-29,35.61,"{'4%': 0.06, '10%': 1.47, '21%': 4.09}",5.62,41.23,2025-01-13,15,pending,
FAC-2024-0001938,SO-2024-0001938,ALB-2024-0001242,CUST_774F7316CE64,2024-12-28,113.43,"{'4%': 2.26, '10%': 4.64, '21%': 2.22}",9.12,122.55,2024-12-28,0,paid,2024-12-29
FAC-2024-0001939,SO-2024-0001939,,CUST_E6B3CB323E35,2024-12-26,104.33,"{'4%': 1.41, '10%': 5.49, '21%': 2.97}",9.87,114.2,2024-12-26,0,paid,2024-12-27
FAC-2024-0001940,SO-2024-0001940,ALB-2024-0001243,CUST_92CA6DE59332,2024-12-28,66.56,"{'4%': 0.18, '10%': 1.64, '21%': 9.59}",11.41,77.97,2024-12-28,0,paid,2024-12-29
FAC-2024-0001941,SO-2024-0001941,,CUST_F4E7A4540937,2024-12-26,64.05,"{'4%': 0.53, '10%': 2.48, '21%': 5.45}",8.46,72.51,2025-01-10,15,pending,
FAC-2024-0001942,SO-2024-0001942,,CUST_1036D9A09007,2024-12-26,51.26,"{'4%': 0.7, '10%': 1.42, '21%': 4.11}",6.23,57.49,2024-12-26,0,paid,2024-12-26
FAC-2024-0001943,SO-2024-0001943,ALB-2024-0001244,CUST_9F6ABD54DA04,2024-12-29,36.13,"{'4%': 0.0, '10%': 0.92, '21%': 5.66}",6.58,42.71,2024-12-29,0,paid,2024-12-29
FAC-2024-0001944,SO-2024-0001944,,CUST_E709329FC417,2024-12-26,34.34,"{'4%': 0.42, '10%': 1.31, '21%': 2.28}",4.01,38.35,2024-12-26,0,paid,2024-12-27
FAC-2024-0001945,SO-2024-0001945,ALB-2024-0001245,CUST_25E98D7248E2,2024-12-29,66.05,"{'4%': 0.09, '10%': 4.54, '21%': 3.86}",8.49,74.54,2024-12-29,0,paid,2024-12-29
FAC-2024-0001946,SO-2024-0001946,ALB-2024-0001246,CUST_697C87FA841A,2024-12-30,10.29,"{'4%': 0.0, '10%': 0.0, '21%': 2.16}",2.16,12.45,2024-12-30,0,paid,2024-12-31
FAC-2024-0001947,SO-2024-0001947,ALB-2024-0001247,CUST_A9E2952E6ABB,2024-12-29,36.09,"{'4%': 0.42, '10%': 1.12, '21%': 3.03}",4.57,40.66,2024-12-29,0,paid,2024-12-30
FAC-2024-0001948,SO-2024-0001948,,CUST_9A3A6E3C4532,2024-12-27,20.25,"{'4%': 0.15, '10%': 1.55, '21%': 0.22}",1.92,22.17,2024-12-27,0,paid,2024-12-28
FAC-2024-0001949,SO-2024-0001949,ALB-2024-0001248,CUST_4758A6499CDC,2025-01-01,192.4,"{'4%': 0.94, '10%': 10.51, '21%': 13.4}",24.85,217.25,2025-01-01,0,paid,2025-01-02
FAC-2024-0001950,SO-2024-0001950,ALB-2024-0001249,CUST_668C0B95017C,2024-12-31,69.45,"{'4%': 0.85, '10%': 2.15, '21%': 5.61}",8.61,78.06,2024-12-31,0,paid,2025-01-01
FAC-2024-0001951,SO-2024-0001951,ALB-2024-0001250,CUST_C5A1AD05B912,2024-12-31,61.36,"{'4%': 0.5, '10%': 2.76, '21%': 4.48}",7.74,69.1,2024-12-31,0,paid,2025-01-01
FAC-2024-0001952,SO-2024-0001952,,CUST_A383DB2C6AC8,2024-12-27,15.53,"{'4%': 0.05, '10%': 0.3, '21%': 2.34}",2.69,18.22,2024-12-27,0,paid,2024-12-27
FAC-2024-0001953,SO-2024-0001953,ALB-2024-0001251,CUST_8962929C93B3,2024-12-31,47.14,"{'4%': 1.21, '10%': 0.17, '21%': 3.19}",4.57,51.71,2025-01-15,15,pending,
FAC-2024-0001954,SO-2024-0001954,,CUST_501B5EE68495,2024-12-27,27.32,"{'4%': 0.3, '10%': 1.1, '21%': 1.82}",3.22,30.54,2025-01-11,15,pending,
FAC-2024-0001955,SO-2024-0001955,ALB-2024-0001252,CUST_624FBAE1E137,2024-12-28,100.0,"{'4%': 0.21, '10%': 0.17, '21%': 19.53}",19.91,119.91,2024-12-28,0,paid,2024-12-29
FAC-2024-0001956,SO-2024-0001956,ALB-2024-0001253,CUST_6FFFB2DC6C34,2024-12-30,67.31,"{'4%': 2.23, '10%': 0.96, '21%': 0.42}",3.61,70.92,2024-12-30,0,paid,2024-12-31
FAC-2024-0001957,SO-2024-0001957,ALB-2024-0001254,CUST_774F7316CE64,2024-12-30,79.53,"{'4%': 0.82, '10%': 2.67, '21%': 6.78}",10.27,89.8,2024-12-30,0,paid,2024-12-30
FAC-2024-0001958,SO-2024-0001958,,CUST_25E98D7248E2,2024-12-28,64.2,"{'4%': 0.18, '10%': 3.51, '21%': 5.14}",8.83,73.03,2024-12-28,0,paid,2024-12-28
FAC-2024-0001959,SO-2024-0001959,ALB-2024-0001255,CUST_7DE36694C343,2024-12-31,24.79,"{'4%': 0.0, '10%': 0.0, '21%': 5.21}",5.21,30.0,2024-12-31,0,paid,2025-01-01
FAC-2024-0001960,SO-2024-0001960,ALB-2024-0001256,CUST_1857BAC7E2B9,2024-12-30,41.3,"{'4%': 0.0, '10%': 1.05, '21%': 6.47}",7.52,48.82,2024-12-30,0,paid,2024-12-31
FAC-2024-0001961,SO-2024-0001961,ALB-2024-0001257,CUST_45F52E2FBF77,2024-12-29,41.48,"{'4%': 0.34, '10%': 1.63, '21%': 3.51}",5.48,46.96,2025-01-13,15,pending,
FAC-2024-0001962,SO-2024-0001962,ALB-2024-0001258,CUST_668C0B95017C,2024-12-31,80.51,"{'4%': 2.26, '10%': 1.35, '21%': 2.2}",5.81,86.32,2024-12-31,0,paid,2025-01-01
FAC-2024-0001963,SO-2024-0001963,ALB-2024-0001259,CUST_A3010E5D8C6A,2024-12-31,79.88,"{'4%': 0.43, '10%': 6.34, '21%': 1.2}",7.97,87.85,2024-12-31,0,paid,2025-01-01
FAC-2024-0001964,SO-2024-0001964,,CUST_255B7E3D5EE4,2024-12-28,130.35,"{'4%': 0.73, '10%': 7.8, '21%': 7.15}",15.68,146.03,2024-12-28,0,paid,2024-12-28
FAC-2024-0001965,SO-2024-0001965,ALB-2024-0001260,CUST_34871A9C672A,2025-01-01,23.77,"{'4%': 0.53, '10%': 0.49, '21%': 1.16}",2.18,25.95,2025-01-01,0,paid,2025-01-02
FAC-2024-0001966,SO-2024-0001966,,CUST_562819DD3E8C,2024-12-28,53.7,"{'4%': 0.79, '10%': 3.4, '21%': 0.0}",4.19,57.89,2025-01-27,30,pending,
FAC-2024-0001967,SO-2024-0001967,,CUST_D3636F81CF4F,2024-12-29,39.8,"{'4%': 0.23, '10%': 2.09, '21%': 2.74}",5.06,44.86,2024-12-29,0,paid,2024-12-30
FAC-2024-0001968,SO-2024-0001968,ALB-2024-0001261,CUST_CDCCA9434AA0,2025-01-01,57.64,"{'4%': 0.35, '10%': 2.67, '21%': 4.65}",7.67,65.31,2025-01-01,0,paid,2025-01-02
FAC-2024-0001969,SO-2024-0001969,,CUST_FBE9DBC080FD,2024-12-29,11.21,"{'4%': 0.17, '10%': 0.0, '21%': 1.47}",1.64,12.85,2024-12-29,0,paid,2024-12-29
FAC-2024-0001970,SO-2024-0001970,ALB-2024-0001262,CUST_45F52E2FBF77,2025-01-01,29.22,"{'4%': 0.0, '10%': 2.51, '21%': 0.87}",3.38,32.6,2025-01-16,15,pending,
FAC-2024-0001971,SO-2024-0001971,ALB-2024-0001263,CUST_95D8FF37D19C,2025-01-04,191.06,"{'4%': 1.89, '10%': 11.89, '21%': 5.2}",18.98,210.04,2025-01-04,0,paid,2025-01-05
FAC-2024-0001972,SO-2024-0001972,ALB-2024-0001264,CUST_FBE9DBC080FD,2025-01-02,19.73,"{'4%': 0.26, '10%': 0.09, '21%': 2.59}",2.94,22.67,2025-01-02,0,paid,2025-01-02
FAC-2024-0001973,SO-2024-0001973,ALB-2024-0001265,CUST_EADA4970ED9A,2025-01-03,127.36,"{'4%': 0.03, '10%': 10.86, '21%': 3.81}",14.7,142.06,2025-01-18,15,pending,
FAC-2024-0001974,SO-2024-0001974,ALB-2024-0001266,CUST_51B11B2EDEDB,2025-01-03,18.01,"{'4%': 0.0, '10%': 0.3, '21%': 3.15}",3.45,21.46,2025-01-03,0,paid,2025-01-04
FAC-2024-0001975,SO-2024-0001975,ALB-2024-0001267,CUST_DD920DB977A9,2025-01-02,40.99,"{'4%': 0.05, '10%': 2.08, '21%': 3.97}",6.1,47.09,2025-01-02,0,paid,2025-01-02
FAC-2024-0001976,SO-2024-0001976,ALB-2024-0001268,CUST_43477321A8B2,2025-01-03,45.44,"{'4%': 0.13, '10%': 2.77, '21%': 3.06}",5.96,51.4,2025-01-03,0,paid,2025-01-03
FAC-2024-0001977,SO-2024-0001977,ALB-2024-0001269,CUST_1036D9A09007,2025-01-01,59.18,"{'4%': 2.37, '10%': 0.0, '21%': 0.0}",2.37,61.55,2025-01-01,0,paid,2025-01-02
FAC-2024-0001978,SO-2024-0001978,ALB-2024-0001270,CUST_624FBAE1E137,2025-01-02,101.69,"{'4%': 0.62, '10%': 5.78, '21%': 5.97}",12.37,114.06,2025-01-02,0,paid,2025-01-03
FAC-2024-0001979,SO-2024-0001979,,CUST_FB8FD8B48EAD,2024-12-30,50.43,"{'4%': 0.12, '10%': 1.39, '21%': 7.04}",8.55,58.98,2025-01-14,15,pending,
