sale_id,order_date,order_ts,customer_id,store_id,dc_id,region,payment_method,payment_status,payment_days,channel,subtotal_net,tax_amount,total_gross,status,has_partial_stockout,num_items,ticket_trend
SO-2025-0000001,2025-12-22,2025-12-22T19:36:12,CUST_008D610461E3,,DC_BCN,Cataluña,contrareembolso,paid,0,ecommerce,55.45,11.65,67.1,confirmed,False,9,stable
SO-2025-0000002,2025-12-22,2025-12-22T10:31:52,CUST_989DE15CA666,ST_00981,,Cataluña,tarjeta,paid,0,tienda,38.47,6.36,44.83,confirmed,True,10,stable
SO-2025-0000003,2025-12-23,2025-12-23T11:19:06,CUST_67B01D7C0098,,DC_BCN,Cataluña,tarjeta,pending,15,ecommerce,129.54,25.5,155.04,confirmed,False,35,declining
SO-2025-0000004,2025-12-23,2025-12-23T12:37:48,CUST_113620509C62,ST_00952,,Cataluña,contrareembolso,paid,0,tienda,57.0,11.46,68.46,confirmed,True,10,growing
SO-2025-0000005,2025-12-23,2025-12-23T18:40:37,CUST_69298693FD9D,,DC_SEV,Canarias,contrareembolso,paid,0,ecommerce,50.64,9.0,59.64,confirmed,False,17,stable
SO-2025-0000006,2025-12-23,2025-12-23T17:52:41,CUST_27377A6A2107,,DC_SEV,Andalucía,transferencia,paid,0,ecommerce,161.91,32.02,193.93,confirmed,True,31,declining
SO-2025-0000007,2025-12-23,2025-12-23T12:16:42,CUST_6F462ACE1AA9,,DC_ZGZ,País Vasco,tarjeta,paid,0,ecommerce,55.4,11.18,66.58,confirmed,False,8,declining
SO-2025-0000008,2025-12-24,2025-12-24T13:28:28,CUST_0710F071D879,,DC_BCN,Cataluña,tarjeta,paid,0,ecommerce,26.98,5.67,32.65,confirmed,False,5,stable
SO-2025-0000009,2025-12-24,2025-12-24T18:54:35,CUST_13D5709B7D97,ST_01425,,Aragón,tarjeta,paid,0,tienda,86.26,18.12,104.38,confirmed,True,14,declining
SO-2025-0000010,2025-12-24,2025-12-24T10:55:54,CUST_87EA8DB06746,ST_00952,,Cataluña,tarjeta,paid,0,tienda,41.46,8.09,49.55,confirmed,True,12,declining
SO-2025-0000011,2025-12-24,2025-12-24T17:45:04,CUST_039F4D6168BD,ST_01294,,Canarias,tarjeta,paid,0,tienda,125.63,25.57,151.2,confirmed,True,29,declining
SO-2025-0000012,2025-12-24,2025-12-24T17:46:57,CUST_4D57D865D69A,,DC_ZGZ,País Vasco,tarjeta,paid,0,ecommerce,95.92,20.14,116.06,confirmed,False,11,stable
SO-2025-0000013,2025-12-24,2025-12-24T13:26:44,CUST_F75D6B2D5B09,,DC_SEV,Ciudad Autónoma de Melilla,transferencia,pending,15,ecommerce,153.31,31.98,185.29,confirmed,True,31,stable
SO-2025-0000014,2025-12-24,2025-12-24T17:08:00,CUST_B7F23DEFA849,,DC_SEV,Andalucía,tarjeta,paid,0,ecommerce,62.94,12.79,75.73,confirmed,False,17,stable
SO-2025-0000015,2025-12-24,2025-12-24T17:29:19,CUST_A436F2D3F761,ST_00981,,Cataluña,tarjeta,paid,0,tienda,80.54,16.91,97.45,confirmed,True,8,stable
SO-2025-0000016,2025-12-24,2025-12-24T20:53:00,CUST_A87990422EB7,,DC_MAD,Castilla y León,transferencia,pending,15,ecommerce,90.5,19.01,109.51,confirmed,False,11,declining
SO-2025-0000017,2025-12-24,2025-12-24T17:20:15,CUST_749057D337D3,,DC_MAD,Castilla-La Mancha,tarjeta,paid,0,ecommerce,24.43,4.62,29.05,confirmed,True,5,declining
SO-2025-0000018,2025-12-24,2025-12-24T12:38:45,CUST_9DB589A3C811,,DC_BCN,Cataluña,transferencia,paid,0,ecommerce,48.07,10.09,58.16,confirmed,False,11,declining
SO-2025-0000019,2025-12-25,2025-12-25T09:34:35,CUST_ABF3FEC21BBE,,DC_ZGZ,País Vasco,contrareembolso,pending,15,ecommerce,26.35,5.53,31.88,confirmed,False,3,stable
SO-2025-0000020,2025-12-25,2025-12-25T19:01:13,CUST_A66F39669FA7,,DC_ZGZ,Galicia,tarjeta,paid,0,ecommerce,26.2,5.32,31.52,confirmed,False,6,stable
SO-2025-0000021,2025-12-25,2025-12-25T10:05:11,CUST_CA3DC5CE099C,ST_01403,,Aragón,tarjeta,pending,15,tienda,73.08,15.35,88.43,confirmed,True,4,stable
SO-2025-0000022,2025-12-25,2025-12-25T17:09:22,CUST_F4488DE7AD6C,,DC_ZGZ,País Vasco,tarjeta,paid,0,ecommerce,100.88,18.18,119.06,confirmed,True,20,growing
SO-2025-0000023,2025-12-25,2025-12-25T17:11:35,CUST_6667E3B56360,,DC_BCN,Cataluña,tarjeta,pending,30,ecommerce,62.31,13.08,75.39,confirmed,True,16,declining
SO-2025-0000024,2025-12-25,2025-12-25T14:02:54,CUST_5D98F05EEEFE,ST_00374,,Comunitat Valenciana,transferencia,paid,0,tienda,136.85,28.47,165.32,confirmed,True,34,declining
SO-2025-0000025,2025-12-25,2025-12-25T18:24:54,CUST_4CE922D90DB3,,DC_BCN,Cataluña,tarjeta,paid,0,ecommerce,18.09,1.81,19.9,confirmed,False,1,declining
SO-2025-0000026,2025-12-25,2025-12-25T11:00:03,CUST_9DB589A3C811,,DC_BCN,Cataluña,transferencia,paid,0,ecommerce,59.05,12.4,71.45,confirmed,False,10,declining
SO-2025-0000027,2025-12-25,2025-12-25T18:50:01,CUST_68F8EEB19AD2,,DC_BCN,Cataluña,transferencia,paid,0,ecommerce,79.37,16.67,96.04,confirmed,True,9,declining
SO-2025-0000028,2025-12-25,2025-12-25T11:20:58,CUST_7D35788FD0CD,ST_00952,,Cataluña,tarjeta,paid,0,tienda,52.76,10.63,63.39,confirmed,True,8,stable
SO-2025-0000029,2025-12-26,2025-12-26T13:23:56,CUST_30B1310C0C00,,DC_BCN,Cataluña,contrareembolso,paid,0,ecommerce,124.7,18.66,143.36,confirmed,True,16,stable
SO-2025-0000030,2025-12-26,2025-12-26T20:43:00,CUST_67B01D7C0098,,DC_BCN,Cataluña,transferencia,pending,15,ecommerce,96.41,19.89,116.3,confirmed,False,23,declining
SO-2025-0000031,2025-12-26,2025-12-26T10:56:12,CUST_DD3F52BDC661,,DC_ZGZ,País Vasco,contrareembolso,paid,0,ecommerce,124.87,24.21,149.08,confirmed,True,20,stable
SO-2025-0000032,2025-12-26,2025-12-26T10:03:42,CUST_7D6688476C56,,DC_BCN,Cataluña,transferencia,paid,0,ecommerce,75.89,15.94,91.83,confirmed,False,10,declining
SO-2025-0000033,2025-12-26,2025-12-26T16:49:22,CUST_86342BA6ADB3,ST_00952,,Cataluña,tarjeta,paid,0,tienda,32.21,6.77,38.98,confirmed,True,6,stable
SO-2025-0000034,2025-12-26,2025-12-26T19:33:33,CUST_B90E951C25D5,,DC_SEV,Ciudad Autónoma de Melilla,tarjeta,paid,0,ecommerce,33.55,7.05,40.6,confirmed,False,2,declining
SO-2025-0000035,2025-12-26,2025-12-26T20:40:13,CUST_F2D28E85140D,ST_00981,,Cataluña,tarjeta,pending,15,tienda,69.31,14.17,83.48,confirmed,True,14,growing
SO-2025-0000036,2025-12-26,2025-12-26T16:47:38,CUST_A87990422EB7,,DC_MAD,Castilla y León,transferencia,pending,15,ecommerce,73.75,11.73,85.48,confirmed,False,15,declining
SO-2025-0000037,2025-12-26,2025-12-26T18:31:35,CUST_68F8EEB19AD2,ST_00952,,Cataluña,tarjeta,paid,0,tienda,58.71,12.33,71.04,confirmed,True,15,declining
SO-2025-0000038,2025-12-27,2025-12-27T19:34:52,CUST_008D610461E3,ST_00952,,Cataluña,tarjeta,paid,0,tienda,51.78,10.77,62.55,confirmed,True,14,stable
SO-2025-0000039,2025-12-27,2025-12-27T13:25:25,CUST_B0B608601833,,DC_BCN,Cataluña,tarjeta,paid,0,ecommerce,56.91,11.95,68.86,confirmed,False,13,growing
SO-2025-0000040,2025-12-27,2025-12-27T14:16:04,CUST_1EB753FFD3A2,,DC_BCN,Cataluña,transferencia,paid,0,ecommerce,55.18,11.59,66.77,confirmed,False,6,declining
SO-2025-0000041,2025-12-27,2025-12-27T13:08:57,CUST_69298693FD9D,ST_01294,,Canarias,contrareembolso,paid,0,tienda,69.5,10.56,80.06,confirmed,True,9,stable
SO-2025-0000042,2025-12-27,2025-12-27T17:02:47,CUST_5D98F05EEEFE,ST_00374,,Comunitat Valenciana,contrareembolso,paid,0,tienda,137.29,28.21,165.5,confirmed,True,23,declining
SO-2025-0000043,2025-12-27,2025-12-27T17:34:52,CUST_929C33C08BF1,,DC_MAD,Comunidad de Madrid,transferencia,paid,0,ecommerce,101.68,20.22,121.9,confirmed,False,16,stable
SO-2025-0000044,2025-12-27,2025-12-27T16:43:29,CUST_A612889D4B76,,DC_SEV,Ciudad Autónoma de Melilla,transferencia,paid,0,ecommerce,65.78,12.68,78.46,confirmed,False,13,stable
SO-2025-0000045,2025-12-27,2025-12-27T18:36:24,CUST_71EFAE13591E,,DC_ZGZ,Aragón,transferencia,paid,0,ecommerce,43.24,9.08,52.32,confirmed,False,7,stable
SO-2025-0000046,2025-12-27,2025-12-27T18:54:05,CUST_9DB589A3C811,ST_00952,,Cataluña,contrareembolso,paid,0,tienda,58.47,12.28,70.75,confirmed,True,11,declining
SO-2025-0000047,2025-12-27,2025-12-27T20:19:21,CUST_68F8EEB19AD2,,DC_BCN,Cataluña,transferencia,paid,0,ecommerce,63.31,13.3,76.61,confirmed,True,12,declining
SO-2025-0000048,2025-12-27,2025-12-27T15:08:27,CUST_B41507388BA4,,DC_VLC,Comunitat Valenciana,tarjeta,paid,0,ecommerce,81.66,16.98,98.64,confirmed,False,7,stable
SO-2025-0000049,2025-12-27,2025-12-27T16:38:14,CUST_7D35788FD0CD,,DC_BCN,Cataluña,tarjeta,paid,0,ecommerce,43.47,9.13,52.6,confirmed,False,4,stable
SO-2025-0000050,2025-12-28,2025-12-28T19:33:43,CUST_67B01D7C0098,ST_00952,,Cataluña,tarjeta,pending,15,tienda,103.59,21.71,125.3,confirmed,True,19,declining
SO-2025-0000051,2025-12-29,2025-12-29T19:15:45,CUST_EDD450F0FD0A,,DC_SEV,Andalucía,contrareembolso,paid,0,ecommerce,20.24,4.08,24.32,confirmed,False,6,stable
SO-2025-0000052,2025-12-29,2025-12-29T17:18:51,CUST_B386C991603F,,DC_MAD,Comunidad de Madrid,tarjeta,paid,0,ecommerce,52.35,10.5,62.85,confirmed,False,11,growing
SO-2025-0000053,2025-12-29,2025-12-29T14:51:33,CUST_13D5709B7D97,,DC_ZGZ,Aragón,contrareembolso,paid,0,ecommerce,32.76,6.88,39.64,confirmed,False,2,declining
SO-2025-0000054,2025-12-29,2025-12-29T15:28:15,CUST_6875832F52C4,ST_00952,,Cataluña,tarjeta,paid,0,tienda,59.41,11.72,71.13,confirmed,True,13,stable
SO-2025-0000055,2025-12-29,2025-12-29T11:09:40,CUST_4CE922D90DB3,,DC_BCN,Cataluña,contrareembolso,paid,0,ecommerce,22.77,4.78,27.55,confirmed,False,4,declining
SO-2025-0000056,2025-12-29,2025-12-29T10:54:33,CUST_CBD5F73936E9,,DC_SEV,Canarias,tarjeta,paid,0,ecommerce,118.24,23.56,141.8,confirmed,True,23,stable
SO-2025-0000057,2025-12-29,2025-12-29T11:40:11,CUST_CF89E550D736,ST_00277,,Comunitat Valenciana,tarjeta,pending,15,tienda,210.98,44.19,255.17,confirmed,True,34,stable
SO-2025-0000058,2025-12-30,2025-12-30T17:01:05,CUST_ACDA1165E210,,DC_MAD,Castilla y León,transferencia,paid,0,ecommerce,37.17,7.8,44.97,confirmed,False,4,declining
SO-2025-0000059,2025-12-30,2025-12-30T10:09:25,CUST_E3B10A3450FC,,DC_ZGZ,Cantabria,transferencia,paid,0,ecommerce,34.37,7.11,41.48,confirmed,True,6,stable
SO-2025-0000060,2025-12-30,2025-12-30T12:41:19,CUST_019059DCABD0,ST_00981,,Cataluña,tarjeta,paid,0,tienda,31.67,6.03,37.7,confirmed,True,7,stable
SO-2025-0000061,2025-12-30,2025-12-30T20:17:59,CUST_1EB753FFD3A2,,DC_BCN,Cataluña,tarjeta,paid,0,ecommerce,62.65,12.78,75.43,confirmed,False,18,declining
SO-2025-0000062,2025-12-30,2025-12-30T19:15:38,CUST_01589D8776A0,,DC_ZGZ,País Vasco,tarjeta,paid,0,ecommerce,75.24,15.23,90.47,confirmed,False,15,stable
SO-2025-0000063,2025-12-30,2025-12-30T17:50:42,CUST_113620509C62,,DC_BCN,Cataluña,tarjeta,paid,0,ecommerce,105.0,13.99,118.99,confirmed,False,6,growing
SO-2025-0000064,2025-12-30,2025-12-30T17:41:09,CUST_7ED1C9B7C9BC,ST_00981,,Cataluña,tarjeta,pending,30,tienda,181.18,37.97,219.15,confirmed,True,34,growing
SO-2025-0000065,2025-12-30,2025-12-30T19:11:13,CUST_D55791DDB9BF,,DC_SEV,Andalucía,tarjeta,paid,0,ecommerce,75.05,15.76,90.81,confirmed,False,13,stable
SO-2025-0000066,2025-12-30,2025-12-30T12:03:33,CUST_23326992896E,ST_01294,,Canarias,tarjeta,paid,0,tienda,16.95,3.56,20.51,confirmed,True,5,declining
SO-2025-0000067,2025-12-30,2025-12-30T12:38:54,CUST_B2A6D02B1243,,DC_ZGZ,Comunidad Foral de Navarra,tarjeta,pending,15,ecommerce,26.47,5.56,32.03,confirmed,False,5,declining
SO-2025-0000068,2025-12-30,2025-12-30T14:51:04,CUST_FE74DD83AD03,,DC_BCN,Cataluña,tarjeta,paid,0,ecommerce,68.33,14.35,82.68,confirmed,False,1,declining
SO-2025-0000069,2025-12-30,2025-12-30T18:23:01,CUST_71EFAE13591E,ST_01403,,Aragón,tarjeta,paid,0,tienda,57.73,11.63,69.36,confirmed,False,8,stable
SO-2025-0000070,2025-12-31,2025-12-31T11:01:17,CUST_30B1310C0C00,,DC_BCN,Cataluña,transferencia,paid,0,ecommerce,162.81,31.47,194.28,confirmed,False,35,stable
SO-2025-0000071,2025-12-31,2025-12-31T18:36:04,CUST_5B99E61FECC0,ST_00952,,Cataluña,tarjeta,paid,0,tienda,54.91,11.39,66.3,confirmed,True,10,growing
SO-2025-0000072,2025-12-31,2025-12-31T18:52:38,CUST_0710F071D879,,DC_BCN,Cataluña,tarjeta,paid,0,ecommerce,32.06,5.99,38.05,confirmed,False,10,stable
SO-2025-0000073,2025-12-31,2025-12-31T12:43:50,CUST_13D5709B7D97,ST_01425,,Aragón,contrareembolso,paid,0,tienda,69.61,14.62,84.23,confirmed,True,13,declining
SO-2025-0000074,2025-12-31,2025-12-31T09:00:04,CUST_907B978648F8,,DC_ZGZ,País Vasco,tarjeta,paid,0,ecommerce,94.31,19.8,114.11,confirmed,True,20,stable
SO-2025-0000075,2025-12-31,2025-12-31T11:59:08,CUST_A66F39669FA7,,DC_ZGZ,Galicia,tarjeta,paid,0,ecommerce,40.21,8.45,48.66,confirmed,False,9,stable
SO-2025-0000076,2025-12-31,2025-12-31T19:25:02,CUST_039F4D6168BD,ST_01294,,Canarias,contrareembolso,paid,0,tienda,122.62,24.55,147.17,confirmed,True,31,declining
SO-2025-0000077,2025-12-31,2025-12-31T10:40:51,CUST_93B712F70C97,,DC_BCN,Cataluña,tarjeta,paid,0,ecommerce,29.05,5.65,34.7,confirmed,True,7,declining
SO-2025-0000078,2025-12-31,2025-12-31T17:15:59,CUST_5913785299F4,,DC_ZGZ,País Vasco,transferencia,paid,0,ecommerce,113.54,23.66,137.2,confirmed,True,22,declining
SO-2025-0000079,2025-12-31,2025-12-31T20:25:24,CUST_019059DCABD0,,DC_BCN,Cataluña,tarjeta,paid,0,ecommerce,27.07,4.26,31.33,confirmed,False,5,stable
SO-2025-0000080,2025-12-31,2025-12-31T18:00:29,CUST_9C1C85D2D0A6,ST_00981,,Cataluña,transferencia,pending,15,tienda,59.19,11.77,70.96,confirmed,True,16,declining
SO-2025-0000081,2025-12-31,2025-12-31T12:24:03,CUST_F75D6B2D5B09,,DC_SEV,Ciudad Autónoma de Melilla,tarjeta,pending,15,ecommerce,166.35,34.93,201.28,confirmed,True,38,stable
SO-2025-0000082,2025-12-31,2025-12-31T20:38:34,CUST_E9DD63119ACA,,DC_BCN,Cataluña,tarjeta,paid,0,ecommerce,220.7,44.39,265.09,confirmed,True,38,stable
SO-2025-0000083,2025-12-31,2025-12-31T11:22:51,CUST_4A558ACBBE09,ST_00952,,Cataluña,contrareembolso,paid,0,tienda,68.24,14.33,82.57,confirmed,True,13,stable
SO-2025-0000084,2025-12-31,2025-12-31T10:31:35,CUST_500EB89BDF7F,ST_00981,,Cataluña,tarjeta,paid,0,tienda,89.97,18.89,108.86,confirmed,True,10,stable
SO-2025-0000085,2025-12-31,2025-12-31T15:09:02,CUST_7ED1C9B7C9BC,,DC_BCN,Cataluña,tarjeta,pending,30,ecommerce,164.99,34.65,199.64,confirmed,False,29,growing
SO-2025-0000086,2025-12-31,2025-12-31T17:43:56,CUST_8A2D3BFDA8A6,,DC_ZGZ,Galicia,tarjeta,paid,0,ecommerce,237.06,48.44,285.5,confirmed,True,45,stable
SO-2025-0000087,2025-12-31,2025-12-31T10:41:02,CUST_32735373BF4D,,DC_SEV,Andalucía,tarjeta,paid,0,ecommerce,157.37,28.42,185.79,confirmed,True,28,stable
SO-2025-0000088,2025-12-31,2025-12-31T14:49:09,CUST_370B0A530DF9,,DC_SEV,Canarias,tarjeta,paid,0,ecommerce,77.51,15.89,93.4,confirmed,False,8,stable
SO-2025-0000089,2025-12-31,2025-12-31T11:23:32,CUST_2D6EB7893986,ST_00981,,Cataluña,tarjeta,pending,15,tienda,68.23,14.1,82.33,confirmed,True,7,growing
SO-2025-0000090,2025-12-31,2025-12-31T11:14:06,CUST_DB4B537D0BD1,ST_00952,,Cataluña,transferencia,pending,15,tienda,110.83,22.34,133.17,confirmed,True,21,stable
SO-2026-0000091,2026-01-01,2026-01-01T14:05:22,CUST_A66F39669FA7,,DC_ZGZ,Galicia,contrareembolso,paid,0,ecommerce,135.65,13.69,149.34,confirmed,False,4,stable
SO-2026-0000092,2026-01-01,2026-01-01T12:20:12,CUST_0B9B23C86D30,,DC_MAD,Comunidad de Madrid,contrareembolso,paid,0,ecommerce,41.75,8.77,50.52,confirmed,False,12,growing
SO-2026-0000093,2026-01-01,2026-01-01T19:00:59,CUST_6E219AFD4015,,DC_MAD,Comunidad de Madrid,transferencia,paid,0,ecommerce,70.35,13.14,83.49,confirmed,False,12,stable
SO-2026-0000094,2026-01-01,2026-01-01T15:36:30,CUST_019059DCABD0,,DC_BCN,Cataluña,tarjeta,paid,0,ecommerce,20.71,4.35,25.06,confirmed,False,4,stable
SO-2026-0000095,2026-01-01,2026-01-01T11:03:57,CUST_86342BA6ADB3,,DC_BCN,Cataluña,tarjeta,paid,0,ecommerce,28.06,4.98,33.04,confirmed,False,8,stable
SO-2026-0000096,2026-01-01,2026-01-01T18:54:55,CUST_6F462ACE1AA9,,DC_ZGZ,País Vasco,tarjeta,paid,0,ecommerce,51.86,10.89,62.75,confirmed,False,7,declining
SO-2026-0000097,2026-01-01,2026-01-01T12:37:08,CUST_68F8EEB19AD2,ST_00952,,Cataluña,transferencia,paid,0,tienda,48.74,10.24,58.98,confirmed,True,6,declining
SO-2026-0000098,2026-01-01,2026-01-01T16:23:08,CUST_370B0A530DF9,,DC_SEV,Canarias,tarjeta,paid,0,ecommerce,35.47,6.6,42.07,confirmed,False,6,stable
SO-2026-0000099,2026-01-02,2026-01-02T12:44:20,CUST_907B978648F8,,DC_ZGZ,País Vasco,tarjeta,paid,0,ecommerce,58.43,12.27,70.7,confirmed,False,11,stable
SO-2026-0000100,2026-01-02,2026-01-02T13:30:19,CUST_500524C778A5,,DC_ZGZ,País Vasco,transferencia,paid,0,ecommerce,43.86,7.33,51.19,confirmed,False,11,stable
SO-2026-0000101,2026-01-02,2026-01-02T18:57:58,CUST_23326992896E,,DC_SEV,Canarias,transferencia,paid,0,ecommerce,10.64,2.08,12.72,confirmed,False,3,declining
SO-2026-0000102,2026-01-02,2026-01-02T11:36:42,CUST_71EFAE13591E,ST_01403,,Aragón,transferencia,paid,0,tienda,24.16,4.63,28.79,confirmed,True,4,stable
SO-2026-0000103,2026-01-02,2026-01-02T13:18:09,CUST_68F8EEB19AD2,,DC_BCN,Cataluña,tarjeta,paid,0,ecommerce,61.93,13.0,74.93,confirmed,True,10,declining
SO-2026-0000104,2026-01-02,2026-01-02T16:09:06,CUST_CF89E550D736,ST_00277,,Comunitat Valenciana,transferencia,pending,15,tienda,196.99,40.52,237.51,confirmed,True,45,stable
SO-2026-0000105,2026-01-02,2026-01-02T11:55:31,CUST_2B8C5780BE17,,DC_ZGZ,Comunidad Foral de Navarra,tarjeta,paid,0,ecommerce,46.81,9.83,56.64,confirmed,False,8,growing
SO-2026-0000106,2026-01-03,2026-01-03T16:19:23,CUST_008D610461E3,ST_00952,,Cataluña,tarjeta,paid,0,tienda,53.42,10.98,64.4,confirmed,True,7,stable
SO-2026-0000107,2026-01-03,2026-01-03T15:13:44,CUST_A4B175424646,ST_00952,,Cataluña,transferencia,pending,15,tienda,46.82,9.67,56.49,confirmed,True,14,growing
SO-2026-0000108,2026-01-03,2026-01-03T13:51:00,CUST_27377A6A2107,,DC_SEV,Andalucía,transferencia,paid,0,ecommerce,118.88,24.97,143.85,confirmed,False,23,declining
SO-2026-0000109,2026-01-03,2026-01-03T17:38:07,CUST_749057D337D3,,DC_MAD,Castilla-La Mancha,tarjeta,paid,0,ecommerce,27.67,3.48,31.15,confirmed,False,4,declining
SO-2026-0000110,2026-01-03,2026-01-03T20:47:19,CUST_71EFAE13591E,,DC_ZGZ,Aragón,tarjeta,paid,0,ecommerce,39.05,8.2,47.25,confirmed,False,2,stable
SO-2026-0000111,2026-01-03,2026-01-03T15:31:15,CUST_68F8EEB19AD2,ST_00952,,Cataluña,tarjeta,paid,0,tienda,42.56,8.94,51.5,confirmed,True,8,declining
SO-2026-0000112,2026-01-04,2026-01-04T17:48:02,CUST_CF89E550D736,ST_00277,,Comunitat Valenciana,contrareembolso,pending,15,tienda,185.33,38.67,224.0,confirmed,True,33,stable
SO-2026-0000113,2026-01-05,2026-01-05T12:28:07,CUST_6DAA8861FE18,,DC_ZGZ,Galicia,tarjeta,paid,0,ecommerce,16.83,3.53,20.36,confirmed,False,4,growing
SO-2026-0000114,2026-01-05,2026-01-05T18:46:21,CUST_6667E3B56360,,DC_BCN,Cataluña,tarjeta,pending,30,ecommerce,70.97,11.47,82.44,confirmed,False,11,declining
SO-2026-0000115,2026-01-05,2026-01-05T19:54:05,CUST_113620509C62,ST_00952,,Cataluña,contrareembolso,paid,0,tienda,36.07,6.68,42.75,confirmed,True,10,growing
SO-2026-0000116,2026-01-05,2026-01-05T11:11:54,CUST_749057D337D3,,DC_MAD,Castilla-La Mancha,transferencia,paid,0,ecommerce,13.64,2.86,16.5,confirmed,False,1,declining
SO-2026-0000117,2026-01-05,2026-01-05T18:21:05,CUST_B41507388BA4,,DC_VLC,Comunitat Valenciana,transferencia,paid,0,ecommerce,83.71,17.03,100.74,confirmed,False,11,stable
SO-2026-0000118,2026-01-07,2026-01-07T11:56:09,CUST_0710F071D879,ST_00952,,Cataluña,transferencia,paid,0,tienda,17.33,1.67,19.0,confirmed,True,2,stable
SO-2026-0000119,2026-01-07,2026-01-07T18:50:05,CUST_8B681D61FAC3,,DC_MAD,Comunidad de Madrid,transferencia,pending,15,ecommerce,40.92,7.38,48.3,confirmed,False,4,declining
SO-2026-0000120,2026-01-07,2026-01-07T12:49:58,CUST_9A457227890E,,DC_MAD,Comunidad de Madrid,contrareembolso,paid,0,ecommerce,116.96,23.21,140.17,confirmed,False,22,declining
SO-2026-0000121,2026-01-07,2026-01-07T20:38:07,CUST_2D6EB7893986,,DC_BCN,Cataluña,tarjeta,pending,15,ecommerce,27.86,5.85,33.71,confirmed,False,6,growing
SO-2026-0000122,2026-01-07,2026-01-07T13:10:37,CUST_7D35788FD0CD,,DC_BCN,Cataluña,contrareembolso,paid,0,ecommerce,34.31,7.21,41.52,confirmed,False,5,stable
SO-2026-0000123,2026-01-07,2026-01-07T15:03:41,CUST_C1D7F3025D16,,DC_MAD,Castilla y León,transferencia,pending,30,ecommerce,44.29,9.0,53.29,confirmed,True,12,stable
SO-2026-0000124,2026-01-08,2026-01-08T18:01:42,CUST_989DE15CA666,ST_00981,,Cataluña,tarjeta,paid,0,tienda,30.74,6.27,37.01,confirmed,True,11,stable
SO-2026-0000125,2026-01-08,2026-01-08T11:00:57,CUST_B7F23DEFA849,,DC_SEV,Andalucía,tarjeta,paid,0,ecommerce,34.91,6.12,41.03,confirmed,False,7,stable
SO-2026-0000126,2026-01-08,2026-01-08T12:39:10,CUST_88CC669B29B8,ST_00277,,Comunitat Valenciana,tarjeta,pending,15,tienda,138.21,29.02,167.23,confirmed,True,32,stable
SO-2026-0000127,2026-01-08,2026-01-08T12:31:32,CUST_F55D6D268B37,,DC_BCN,Cataluña,tarjeta,paid,0,ecommerce,21.57,4.53,26.1,confirmed,False,6,growing
SO-2026-0000128,2026-01-08,2026-01-08T17:03:16,CUST_32B821768DD7,,DC_MAD,Comunidad de Madrid,tarjeta,paid,0,ecommerce,15.0,1.5,16.5,confirmed,False,1,growing
SO-2026-0000129,2026-01-08,2026-01-08T18:40:17,CUST_DB4B537D0BD1,ST_00952,,Cataluña,tarjeta,pending,15,tienda,63.63,12.98,76.61,confirmed,True,19,stable
SO-2026-0000130,2026-01-09,2026-01-09T11:02:49,CUST_4A558ACBBE09,ST_00952,,Cataluña,transferencia,paid,0,tienda,50.26,10.32,60.58,confirmed,True,12,stable
SO-2026-0000131,2026-01-09,2026-01-09T19:11:36,CUST_7ED1C9B7C9BC,ST_00981,,Cataluña,transferencia,pending,30,tienda,156.56,32.26,188.82,confirmed,True,27,growing
SO-2026-0000132,2026-01-09,2026-01-09T19:40:51,CUST_B2A6D02B1243,,DC_ZGZ,Comunidad Foral de Navarra,transferencia,pending,15,ecommerce,24.3,4.93,29.23,confirmed,False,4,declining
SO-2026-0000133,2026-01-09,2026-01-09T19:22:30,CUST_B36A69BE173A,,DC_MAD,Comunidad de Madrid,tarjeta,pending,30,ecommerce,217.89,44.11,262.0,confirmed,True,28,stable
SO-2026-0000134,2026-01-10,2026-01-10T14:00:10,CUST_0710F071D879,ST_00952,,Cataluña,tarjeta,paid,0,tienda,24.09,5.06,29.15,confirmed,True,5,stable
SO-2026-0000135,2026-01-10,2026-01-10T20:21:01,CUST_DEF568F45BCE,,DC_BCN,Cataluña,transferencia,paid,0,ecommerce,44.54,9.35,53.89,confirmed,False,14,growing
SO-2026-0000136,2026-01-10,2026-01-10T19:39:48,CUST_5D98F05EEEFE,ST_00374,,Comunitat Valenciana,tarjeta,paid,0,tienda,126.36,23.69,150.05,confirmed,True,16,declining
SO-2026-0000137,2026-01-10,2026-01-10T19:40:49,CUST_23326992896E,,DC_SEV,Canarias,transferencia,paid,0,ecommerce,9.38,1.97,11.35,confirmed,False,2,declining
SO-2026-0000138,2026-01-10,2026-01-10T14:20:47,CUST_71EFAE13591E,,DC_ZGZ,Aragón,tarjeta,paid,0,ecommerce,27.48,4.0,31.48,confirmed,False,4,stable
SO-2026-0000139,2026-01-11,2026-01-11T18:14:40,CUST_3BCA620A60AC,ST_01294,,Canarias,tarjeta,paid,0,tienda,34.86,7.13,41.99,confirmed,True,10,declining
SO-2026-0000140,2026-01-11,2026-01-11T15:43:17,CUST_71EFAE13591E,,DC_ZGZ,Aragón,tarjeta,paid,0,ecommerce,26.2,5.11,31.31,confirmed,False,7,stable
SO-2026-0000141,2026-01-12,2026-01-12T19:04:59,CUST_36D5F37FD50D,,DC_BCN,Cataluña,transferencia,paid,0,ecommerce,15.99,3.36,19.35,confirmed,False,2,declining
SO-2026-0000142,2026-01-12,2026-01-12T18:20:50,CUST_929C33C08BF1,,DC_MAD,Comunidad de Madrid,tarjeta,paid,0,ecommerce,66.98,13.48,80.46,confirmed,False,8,stable
SO-2026-0000143,2026-01-13,2026-01-13T18:18:15,CUST_6E0D35CE8841,,DC_MAD,Comunidad de Madrid,tarjeta,paid,0,ecommerce,75.69,15.89,91.58,confirmed,False,9,growing
SO-2026-0000144,2026-01-13,2026-01-13T17:59:33,CUST_B7F23DEFA849,,DC_SEV,Andalucía,tarjeta,paid,0,ecommerce,43.8,9.2,53.0,confirmed,False,13,stable
SO-2026-0000145,2026-01-13,2026-01-13T19:22:46,CUST_6667E3B56360,,DC_BCN,Cataluña,tarjeta,pending,30,ecommerce,66.93,10.79,77.72,confirmed,False,8,declining
SO-2026-0000146,2026-01-13,2026-01-13T10:26:03,CUST_3510B4746349,ST_00981,,Cataluña,tarjeta,paid,0,tienda,101.4,18.99,120.39,confirmed,True,24,stable
SO-2026-0000147,2026-01-14,2026-01-14T17:27:04,CUST_67B01D7C0098,ST_00952,,Cataluña,transferencia,pending,15,tienda,98.76,20.27,119.03,confirmed,True,23,declining
SO-2026-0000148,2026-01-14,2026-01-14T15:00:41,CUST_69298693FD9D,ST_01294,,Canarias,contrareembolso,paid,0,tienda,28.29,5.94,34.23,confirmed,True,11,stable
SO-2026-0000149,2026-01-14,2026-01-14T20:33:55,CUST_D2C76118433B,,DC_ZGZ,País Vasco,tarjeta,paid,0,ecommerce,29.83,6.27,36.1,confirmed,False,6,declining
SO-2026-0000150,2026-01-14,2026-01-14T10:54:00,CUST_F7FFB509F08A,,DC_VLC,Comunitat Valenciana,contrareembolso,pending,15,ecommerce,56.13,11.45,67.58,confirmed,False,15,declining
SO-2026-0000151,2026-01-15,2026-01-15T14:51:27,CUST_3605A021C0CA,,DC_MAD,Comunidad de Madrid,tarjeta,paid,0,ecommerce,64.66,13.46,78.12,confirmed,False,12,stable
SO-2026-0000152,2026-01-15,2026-01-15T12:28:52,CUST_1EB753FFD3A2,,DC_BCN,Cataluña,tarjeta,paid,0,ecommerce,50.87,9.86,60.73,confirmed,True,10,declining
SO-2026-0000153,2026-01-15,2026-01-15T20:41:43,CUST_BC92039B058C,ST_00952,,Cataluña,contrareembolso,paid,0,tienda,26.28,5.52,31.8,confirmed,False,1,stable
SO-2026-0000154,2026-01-15,2026-01-15T11:21:54,CUST_D10341241BB4,,DC_MAD,Comunidad de Madrid,tarjeta,paid,0,ecommerce,162.65,27.72,190.37,confirmed,True,28,growing
SO-2026-0000155,2026-01-15,2026-01-15T16:37:49,CUST_D2C76118433B,,DC_ZGZ,País Vasco,tarjeta,paid,0,ecommerce,46.54,6.23,52.77,confirmed,False,8,declining
SO-2026-0000156,2026-01-15,2026-01-15T16:55:10,CUST_88CC669B29B8,,DC_VLC,Comunitat Valenciana,tarjeta,pending,15,ecommerce,195.3,38.78,234.08,confirmed,True,38,stable
SO-2026-0000157,2026-01-16,2026-01-16T13:58:59,CUST_113620509C62,,DC_BCN,Cataluña,transferencia,paid,0,ecommerce,28.84,5.75,34.59,confirmed,False,4,growing
SO-2026-0000158,2026-01-16,2026-01-16T17:36:46,CUST_A612889D4B76,,DC_SEV,Ciudad Autónoma de Melilla,tarjeta,paid,0,ecommerce,53.56,10.81,64.37,confirmed,False,10,stable
SO-2026-0000159,2026-01-16,2026-01-16T19:12:24,CUST_F55D6D268B37,,DC_BCN,Cataluña,tarjeta,paid,0,ecommerce,20.12,4.22,24.34,confirmed,False,6,growing
SO-2026-0000160,2026-01-17,2026-01-17T19:59:13,CUST_008D610461E3,ST_00952,,Cataluña,tarjeta,paid,0,tienda,48.96,9.89,58.85,confirmed,True,10,stable
SO-2026-0000161,2026-01-17,2026-01-17T12:05:26,CUST_13D5709B7D97,,DC_ZGZ,Aragón,transferencia,paid,0,ecommerce,55.79,11.71,67.5,confirmed,False,7,declining
SO-2026-0000162,2026-01-17,2026-01-17T09:00:02,CUST_0428BF5023F4,,DC_ZGZ,Cantabria,tarjeta,paid,0,ecommerce,54.44,10.58,65.02,confirmed,False,10,stable
SO-2026-0000163,2026-01-17,2026-01-17T12:29:16,CUST_B2A6D02B1243,,DC_ZGZ,Comunidad Foral de Navarra,tarjeta,pending,15,ecommerce,17.93,3.58,21.51,confirmed,False,6,declining
SO-2026-0000164,2026-01-17,2026-01-17T19:03:11,CUST_9E5DC5ACC354,,DC_ZGZ,Aragón,tarjeta,paid,0,ecommerce,59.82,12.36,72.18,confirmed,False,12,declining
SO-2026-0000165,2026-01-17,2026-01-17T16:59:21,CUST_F7FFB509F08A,ST_00374,,Comunitat Valenciana,transferencia,pending,15,tienda,66.55,13.8,80.35,confirmed,True,15,declining
SO-2026-0000166,2026-01-17,2026-01-17T09:23:36,CUST_A3BF388C9751,ST_01425,,Aragón,contrareembolso,paid,0,tienda,26.49,5.56,32.05,confirmed,True,6,declining
SO-2026-0000167,2026-01-18,2026-01-18T18:14:22,CUST_B0B608601833,ST_00952,,Cataluña,tarjeta,paid,0,tienda,28.27,5.94,34.21,confirmed,False,9,stable
SO-2026-0000168,2026-01-18,2026-01-18T16:38:01,CUST_113620509C62,,DC_BCN,Cataluña,tarjeta,paid,0,ecommerce,34.59,5.43,40.02,confirmed,False,7,growing
SO-2026-0000169,2026-01-19,2026-01-19T11:01:34,CUST_3510B4746349,ST_00981,,Cataluña,tarjeta,paid,0,tienda,76.38,16.04,92.42,confirmed,True,8,stable
SO-2026-0000170,2026-01-19,2026-01-19T12:46:38,CUST_B41507388BA4,,DC_VLC,Comunitat Valenciana,transferencia,paid,0,ecommerce,51.78,10.68,62.46,confirmed,False,16,stable
SO-2026-0000171,2026-01-20,2026-01-20T19:39:32,CUST_A66F39669FA7,,DC_ZGZ,Galicia,transferencia,paid,0,ecommerce,33.88,4.64,38.52,confirmed,False,7,stable
SO-2026-0000172,2026-01-20,2026-01-20T12:36:13,CUST_D8E739681C81,,DC_ZGZ,País Vasco,tarjeta,paid,0,ecommerce,45.49,9.55,55.04,confirmed,False,9,stable
SO-2026-0000173,2026-01-20,2026-01-20T12:52:28,CUST_692E0B2F6D5C,ST_00952,,Cataluña,tarjeta,paid,0,tienda,79.95,15.81,95.76,confirmed,True,14,growing
SO-2026-0000174,2026-01-20,2026-01-20T20:40:08,CUST_A436F2D3F761,,DC_BCN,Cataluña,tarjeta,paid,0,ecommerce,55.23,11.6,66.83,confirmed,False,13,stable
SO-2026-0000175,2026-01-20,2026-01-20T18:01:37,CUST_D2C76118433B,,DC_ZGZ,País Vasco,tarjeta,paid,0,ecommerce,15.97,3.16,19.13,confirmed,False,4,declining
SO-2026-0000176,2026-01-20,2026-01-20T16:08:35,CUST_78C50BC57207,,DC_MAD,Castilla-La Mancha,transferencia,paid,0,ecommerce,169.85,33.71,203.56,confirmed,False,14,stable
SO-2026-0000177,2026-01-20,2026-01-20T12:54:09,CUST_370B0A530DF9,ST_01294,,Canarias,tarjeta,paid,0,tienda,42.14,7.41,49.55,confirmed,True,9,stable
SO-2026-0000178,2026-01-21,2026-01-21T13:45:39,CUST_9C1C85D2D0A6,,DC_BCN,Cataluña,transferencia,pending,15,ecommerce,63.09,13.01,76.1,confirmed,False,5,declining
SO-2026-0000179,2026-01-21,2026-01-21T12:47:48,CUST_F88069FB0763,,DC_ZGZ,Aragón,tarjeta,paid,0,ecommerce,32.31,6.79,39.1,confirmed,False,4,growing
SO-2026-0000180,2026-01-22,2026-01-22T17:09:30,CUST_008D610461E3,,DC_BCN,Cataluña,tarjeta,paid,0,ecommerce,42.21,8.86,51.07,confirmed,True,14,stable
SO-2026-0000181,2026-01-22,2026-01-22T12:35:25,CUST_989DE15CA666,ST_00981,,Cataluña,contrareembolso,paid,0,tienda,37.45,7.22,44.67,confirmed,False,9,stable
SO-2026-0000182,2026-01-22,2026-01-22T13:36:17,CUST_8B681D61FAC3,,DC_MAD,Comunidad de Madrid,transferencia,pending,15,ecommerce,39.34,8.26,47.6,confirmed,False,11,declining
SO-2026-0000183,2026-01-22,2026-01-22T13:52:00,CUST_398517DC8EFF,,DC_MAD,Castilla y León,tarjeta,paid,0,ecommerce,118.48,24.41,142.89,confirmed,False,14,stable
SO-2026-0000184,2026-01-22,2026-01-22T19:18:54,CUST_03CD21BDDB41,,DC_MAD,Comunidad de Madrid,transferencia,paid,0,ecommerce,30.63,5.91,36.54,confirmed,True,8,stable
SO-2026-0000185,2026-01-22,2026-01-22T15:28:31,CUST_BC92039B058C,,DC_BCN,Cataluña,contrareembolso,paid,0,ecommerce,20.64,4.34,24.98,confirmed,False,6,stable
SO-2026-0000186,2026-01-22,2026-01-22T15:49:20,CUST_749057D337D3,,DC_MAD,Castilla-La Mancha,transferencia,paid,0,ecommerce,11.68,2.45,14.13,confirmed,False,3,declining
SO-2026-0000187,2026-01-22,2026-01-22T17:02:52,CUST_3D131E2C2E7D,ST_00952,,Cataluña,transferencia,paid,0,tienda,74.37,12.24,86.61,confirmed,True,15,stable
SO-2026-0000188,2026-01-22,2026-01-22T20:09:28,CUST_F7FFB509F08A,,DC_VLC,Comunitat Valenciana,transferencia,pending,15,ecommerce,60.45,12.49,72.94,confirmed,True,15,declining
SO-2026-0000189,2026-01-22,2026-01-22T12:02:14,CUST_2B8C5780BE17,,DC_ZGZ,Comunidad Foral de Navarra,transferencia,paid,0,ecommerce,48.97,10.28,59.25,confirmed,False,3,growing
SO-2026-0000190,2026-01-22,2026-01-22T12:40:38,CUST_DB4B537D0BD1,ST_00952,,Cataluña,transferencia,pending,15,tienda,67.99,13.3,81.29,confirmed,True,13,stable
SO-2026-0000191,2026-01-23,2026-01-23T11:54:41,CUST_B386C991603F,,DC_MAD,Comunidad de Madrid,transferencia,paid,0,ecommerce,51.21,10.75,61.96,confirmed,False,6,growing
SO-2026-0000192,2026-01-23,2026-01-23T13:37:43,CUST_0710F071D879,ST_00952,,Cataluña,contrareembolso,paid,0,tienda,23.35,4.9,28.25,confirmed,True,5,stable
SO-2026-0000193,2026-01-23,2026-01-23T12:33:43,CUST_13D5709B7D97,,DC_ZGZ,Aragón,contrareembolso,paid,0,ecommerce,29.0,6.09,35.09,confirmed,False,6,declining
SO-2026-0000194,2026-01-23,2026-01-23T13:10:47,CUST_D55791DDB9BF,,DC_SEV,Andalucía,tarjeta,paid,0,ecommerce,46.83,9.83,56.66,confirmed,True,8,stable
SO-2026-0000195,2026-01-23,2026-01-23T10:12:33,CUST_6DE8CE9E9EBD,,DC_VLC,Islas Baleares,tarjeta,paid,0,ecommerce,75.95,15.58,91.53,confirmed,False,9,stable
SO-2026-0000196,2026-01-23,2026-01-23T18:47:46,CUST_B41507388BA4,ST_00277,,Comunitat Valenciana,tarjeta,paid,0,tienda,41.78,8.77,50.55,confirmed,True,8,stable
SO-2026-0000197,2026-01-23,2026-01-23T15:00:09,CUST_2D6EB7893986,,DC_BCN,Cataluña,tarjeta,pending,15,ecommerce,72.01,7.91,79.92,confirmed,False,2,growing
SO-2026-0000198,2026-01-24,2026-01-24T20:23:45,CUST_0710F071D879,,DC_BCN,Cataluña,contrareembolso,paid,0,ecommerce,25.5,5.35,30.85,confirmed,False,7,stable
SO-2026-0000199,2026-01-24,2026-01-24T17:34:27,CUST_895C43B38EB4,,DC_SEV,Andalucía,transferencia,paid,0,ecommerce,63.15,13.26,76.41,confirmed,True,8,stable
SO-2026-0000200,2026-01-24,2026-01-24T11:20:45,CUST_A436F2D3F761,,DC_BCN,Cataluña,contrareembolso,paid,0,ecommerce,63.19,13.02,76.21,confirmed,True,14,stable
SO-2026-0000201,2026-01-24,2026-01-24T19:59:51,CUST_B90E951C25D5,,DC_SEV,Ciudad Autónoma de Melilla,contrareembolso,paid,0,ecommerce,35.08,7.37,42.45,confirmed,False,5,declining
SO-2026-0000202,2026-01-24,2026-01-24T10:36:28,CUST_CDFD302B7831,,DC_BCN,Cataluña,tarjeta,paid,0,ecommerce,145.43,28.79,174.22,confirmed,False,31,stable
SO-2026-0000203,2026-01-24,2026-01-24T13:17:21,CUST_B41507388BA4,,DC_VLC,Comunitat Valenciana,transferencia,paid,0,ecommerce,53.06,11.14,64.2,confirmed,True,13,stable
SO-2026-0000204,2026-01-26,2026-01-26T16:56:47,CUST_13D5709B7D97,,DC_ZGZ,Aragón,contrareembolso,paid,0,ecommerce,28.16,5.91,34.07,confirmed,False,5,declining
SO-2026-0000205,2026-01-26,2026-01-26T19:50:17,CUST_9E5DC5ACC354,ST_01403,,Aragón,tarjeta,paid,0,tienda,51.88,10.9,62.78,confirmed,True,12,declining
SO-2026-0000206,2026-01-26,2026-01-26T11:54:08,CUST_CBD5F73936E9,ST_01294,,Canarias,tarjeta,paid,0,tienda,81.57,15.76,97.33,confirmed,True,12,stable
SO-2026-0000207,2026-01-26,2026-01-26T10:13:16,CUST_F55D6D268B37,,DC_BCN,Cataluña,contrareembolso,paid,0,ecommerce,43.13,9.06,52.19,confirmed,False,3,growing
SO-2026-0000208,2026-01-27,2026-01-27T18:50:42,CUST_6DAA8861FE18,,DC_ZGZ,Galicia,transferencia,paid,0,ecommerce,12.69,2.67,15.36,confirmed,True,1,growing
SO-2026-0000209,2026-01-27,2026-01-27T12:16:56,CUST_6667E3B56360,ST_00952,,Cataluña,contrareembolso,pending,30,tienda,61.47,12.91,74.38,confirmed,False,7,declining
SO-2026-0000210,2026-01-27,2026-01-27T19:00:08,CUST_33BA36C7D6FA,,DC_ZGZ,País Vasco,tarjeta,pending,15,ecommerce,83.06,17.34,100.4,confirmed,False,17,stable
SO-2026-0000211,2026-01-27,2026-01-27T13:50:42,CUST_7688CE4758BE,,DC_MAD,Comunidad de Madrid,contrareembolso,paid,0,ecommerce,66.63,13.99,80.62,confirmed,False,17,stable
SO-2026-0000212,2026-01-27,2026-01-27T12:40:44,CUST_D55791DDB9BF,,DC_SEV,Andalucía,tarjeta,paid,0,ecommerce,57.14,12.0,69.14,confirmed,False,9,stable
SO-2026-0000213,2026-01-27,2026-01-27T19:08:35,CUST_4CE922D90DB3,,DC_BCN,Cataluña,tarjeta,paid,0,ecommerce,12.11,2.54,14.65,confirmed,True,4,declining
SO-2026-0000214,2026-01-28,2026-01-28T12:48:34,CUST_B596EF4AFA88,,DC_MAD,Castilla-La Mancha,tarjeta,pending,15,ecommerce,77.93,16.36,94.29,confirmed,True,23,declining
SO-2026-0000215,2026-01-28,2026-01-28T16:19:27,CUST_31F322F3F068,,DC_SEV,Andalucía,tarjeta,paid,0,ecommerce,56.91,11.95,68.86,confirmed,False,8,stable
SO-2026-0000216,2026-01-28,2026-01-28T19:08:24,CUST_929D1CFB655F,,DC_ZGZ,Comunidad Foral de Navarra,contrareembolso,paid,0,ecommerce,82.21,17.27,99.48,confirmed,False,18,stable
SO-2026-0000217,2026-01-29,2026-01-29T10:55:02,CUST_0710F071D879,ST_00952,,Cataluña,tarjeta,paid,0,tienda,21.05,4.42,25.47,confirmed,False,4,stable
SO-2026-0000218,2026-01-29,2026-01-29T14:15:26,CUST_EAC8DE9F6F5B,,DC_MAD,Comunidad de Madrid,tarjeta,paid,0,ecommerce,34.67,7.28,41.95,confirmed,False,6,stable
SO-2026-0000219,2026-01-29,2026-01-29T11:20:18,CUST_23326992896E,,DC_SEV,Canarias,tarjeta,paid,0,ecommerce,7.93,1.67,9.6,confirmed,False,2,declining
SO-2026-0000220,2026-01-29,2026-01-29T11:15:20,CUST_99DB8DAB66D3,,DC_SEV,Andalucía,tarjeta,paid,0,ecommerce,27.82,5.3,33.12,confirmed,False,6,stable
SO-2026-0000221,2026-01-29,2026-01-29T09:39:27,CUST_78C50BC57207,,DC_MAD,Castilla-La Mancha,tarjeta,paid,0,ecommerce,72.31,13.59,85.9,confirmed,False,18,stable
SO-2026-0000222,2026-01-29,2026-01-29T13:42:38,CUST_CF89E550D736,ST_00277,,Comunitat Valenciana,tarjeta,pending,15,tienda,177.13,36.65,213.78,confirmed,True,18,stable
SO-2026-0000223,2026-01-30,2026-01-30T09:29:12,CUST_B386C991603F,,DC_MAD,Comunidad de Madrid,tarjeta,paid,0,ecommerce,49.14,10.32,59.46,confirmed,False,8,growing
SO-2026-0000224,2026-01-30,2026-01-30T17:52:14,CUST_6DAA8861FE18,,DC_ZGZ,Galicia,tarjeta,paid,0,ecommerce,11.9,2.5,14.4,confirmed,False,5,growing
SO-2026-0000225,2026-01-30,2026-01-30T14:54:59,CUST_69298693FD9D,,DC_SEV,Canarias,tarjeta,paid,0,ecommerce,41.83,8.79,50.62,confirmed,False,8,stable
SO-2026-0000226,2026-01-30,2026-01-30T09:08:36,CUST_A436F2D3F761,,DC_BCN,Cataluña,transferencia,paid,0,ecommerce,65.88,12.98,78.86,confirmed,False,20,stable
SO-2026-0000227,2026-01-30,2026-01-30T17:28:11,CUST_86342BA6ADB3,,DC_BCN,Cataluña,transferencia,paid,0,ecommerce,26.71,5.26,31.97,confirmed,False,12,stable
SO-2026-0000228,2026-01-30,2026-01-30T12:52:07,CUST_6875832F52C4,,DC_BCN,Cataluña,tarjeta,paid,0,ecommerce,30.53,6.41,36.94,confirmed,False,8,stable
SO-2026-0000229,2026-01-30,2026-01-30T19:37:39,CUST_9BE492701D60,ST_00981,,Cataluña,tarjeta,paid,0,tienda,40.31,7.81,48.12,confirmed,False,10,growing
SO-2026-0000230,2026-01-31,2026-01-31T12:38:58,CUST_907B978648F8,,DC_ZGZ,País Vasco,transferencia,paid,0,ecommerce,81.52,16.27,97.79,confirmed,False,15,stable
SO-2026-0000231,2026-01-31,2026-01-31T09:44:08,CUST_6667E3B56360,ST_00952,,Cataluña,tarjeta,pending,30,tienda,48.56,10.2,58.76,confirmed,False,1,declining
SO-2026-0000232,2026-01-31,2026-01-31T13:36:16,CUST_86342BA6ADB3,ST_00952,,Cataluña,transferencia,paid,0,tienda,34.4,7.0,41.4,confirmed,True,7,stable
SO-2026-0000233,2026-01-31,2026-01-31T16:16:29,CUST_D10341241BB4,,DC_MAD,Comunidad de Madrid,tarjeta,paid,0,ecommerce,134.46,28.24,162.7,confirmed,True,22,growing
SO-2026-0000234,2026-01-31,2026-01-31T16:20:01,CUST_6F462ACE1AA9,,DC_ZGZ,País Vasco,tarjeta,paid,0,ecommerce,39.6,8.31,47.91,confirmed,False,4,declining
SO-2026-0000235,2026-01-31,2026-01-31T20:50:15,CUST_B41507388BA4,ST_00277,,Comunitat Valenciana,tarjeta,paid,0,tienda,56.71,11.61,68.32,confirmed,True,9,stable
SO-2026-0000236,2026-02-01,2026-02-01T16:21:56,CUST_E9DD63119ACA,,DC_BCN,Cataluña,tarjeta,paid,0,ecommerce,132.93,27.92,160.85,confirmed,False,12,stable
SO-2026-0000237,2026-02-01,2026-02-01T18:00:22,CUST_3D131E2C2E7D,ST_00952,,Cataluña,transferencia,paid,0,tienda,114.17,23.19,137.36,confirmed,False,7,stable
SO-2026-0000238,2026-02-02,2026-02-02T10:47:26,CUST_13D5709B7D97,,DC_ZGZ,Aragón,tarjeta,paid,0,ecommerce,41.89,8.8,50.69,confirmed,False,6,declining
SO-2026-0000239,2026-02-02,2026-02-02T20:31:06,CUST_B2A6D02B1243,,DC_ZGZ,Comunidad Foral de Navarra,tarjeta,pending,15,ecommerce,27.07,5.68,32.75,confirmed,False,3,declining
SO-2026-0000240,2026-02-03,2026-02-03T10:13:23,CUST_ACDA1165E210,,DC_MAD,Castilla y León,tarjeta,paid,0,ecommerce,29.78,5.54,35.32,confirmed,False,6,declining
SO-2026-0000241,2026-02-03,2026-02-03T20:07:35,CUST_03CD21BDDB41,,DC_MAD,Comunidad de Madrid,contrareembolso,paid,0,ecommerce,18.13,3.45,21.58,confirmed,False,3,stable
SO-2026-0000242,2026-02-03,2026-02-03T18:23:37,CUST_019059DCABD0,,DC_BCN,Cataluña,tarjeta,paid,0,ecommerce,24.47,4.93,29.4,confirmed,True,6,stable
SO-2026-0000243,2026-02-03,2026-02-03T19:00:42,CUST_113620509C62,,DC_BCN,Cataluña,contrareembolso,paid,0,ecommerce,57.82,12.14,69.96,confirmed,False,5,growing
SO-2026-0000244,2026-02-03,2026-02-03T18:23:00,CUST_32B821768DD7,,DC_MAD,Comunidad de Madrid,tarjeta,paid,0,ecommerce,13.49,2.83,16.32,confirmed,False,2,growing
SO-2026-0000245,2026-02-04,2026-02-04T19:12:43,CUST_6DAA8861FE18,,DC_ZGZ,Galicia,tarjeta,paid,0,ecommerce,13.36,2.81,16.17,confirmed,True,2,growing
SO-2026-0000246,2026-02-04,2026-02-04T18:40:35,CUST_03CD21BDDB41,,DC_MAD,Comunidad de Madrid,tarjeta,paid,0,ecommerce,18.93,3.97,22.9,confirmed,False,4,stable
SO-2026-0000247,2026-02-04,2026-02-04T18:43:58,CUST_F18C131EB723,,DC_MAD,Castilla-La Mancha,tarjeta,paid,0,ecommerce,46.14,9.69,55.83,confirmed,False,3,stable
SO-2026-0000248,2026-02-05,2026-02-05T12:34:59,CUST_1723BF2C14A0,,DC_ZGZ,Aragón,tarjeta,paid,0,ecommerce,50.17,10.54,60.71,confirmed,True,11,stable
SO-2026-0000249,2026-02-05,2026-02-05T14:08:01,CUST_B0B608601833,,DC_BCN,Cataluña,tarjeta,paid,0,ecommerce,32.5,5.36,37.86,confirmed,False,5,stable
SO-2026-0000250,2026-02-05,2026-02-05T17:08:18,CUST_500524C778A5,,DC_ZGZ,País Vasco,transferencia,paid,0,ecommerce,37.94,7.27,45.21,confirmed,False,11,stable
SO-2026-0000251,2026-02-05,2026-02-05T17:03:58,CUST_43B4E1E89E7E,,DC_SEV,Andalucía,tarjeta,paid,0,ecommerce,30.33,6.37,36.7,confirmed,False,7,stable
SO-2026-0000252,2026-02-05,2026-02-05T12:36:14,CUST_6F462ACE1AA9,,DC_ZGZ,País Vasco,transferencia,paid,0,ecommerce,32.11,6.74,38.85,confirmed,False,11,declining
SO-2026-0000253,2026-02-06,2026-02-06T12:28:49,CUST_064025B8FD4B,ST_00952,,Cataluña,contrareembolso,paid,0,tienda,102.42,20.6,123.02,confirmed,True,23,stable
SO-2026-0000254,2026-02-06,2026-02-06T20:11:23,CUST_13D5709B7D97,,DC_ZGZ,Aragón,tarjeta,paid,0,ecommerce,52.83,11.09,63.92,confirmed,False,2,declining
SO-2026-0000255,2026-02-06,2026-02-06T16:47:07,CUST_5A31CD4B69A9,,DC_ZGZ,Comunidad Foral de Navarra,tarjeta,paid,0,ecommerce,61.75,12.79,74.54,confirmed,False,9,declining
SO-2026-0000256,2026-02-06,2026-02-06T12:39:40,CUST_737DD11376E0,,DC_ZGZ,País Vasco,contrareembolso,paid,0,ecommerce,47.69,9.77,57.46,confirmed,False,9,stable
SO-2026-0000257,2026-02-06,2026-02-06T11:36:06,CUST_7ED1C9B7C9BC,,DC_BCN,Cataluña,transferencia,pending,30,ecommerce,173.27,36.39,209.66,confirmed,True,17,growing
SO-2026-0000258,2026-02-06,2026-02-06T13:25:22,CUST_BC92039B058C,,DC_BCN,Cataluña,transferencia,paid,0,ecommerce,70.5,7.59,78.09,confirmed,False,2,stable
SO-2026-0000259,2026-02-06,2026-02-06T20:47:39,CUST_31F322F3F068,,DC_SEV,Andalucía,tarjeta,paid,0,ecommerce,68.4,13.19,81.59,confirmed,False,18,stable
SO-2026-0000260,2026-02-06,2026-02-06T17:21:08,CUST_F7FFB509F08A,,DC_VLC,Comunitat Valenciana,tarjeta,pending,15,ecommerce,48.74,10.23,58.97,confirmed,False,9,declining
SO-2026-0000261,2026-02-07,2026-02-07T11:28:14,CUST_01827A1B5806,ST_00952,,Cataluña,transferencia,paid,0,tienda,99.15,20.82,119.97,confirmed,True,8,stable
SO-2026-0000262,2026-02-07,2026-02-07T17:35:59,CUST_1723BF2C14A0,ST_01425,,Aragón,tarjeta,paid,0,tienda,95.65,20.09,115.74,confirmed,True,8,stable
SO-2026-0000263,2026-02-07,2026-02-07T18:22:36,CUST_DD3F52BDC661,,DC_ZGZ,País Vasco,tarjeta,paid,0,ecommerce,78.64,16.51,95.15,confirmed,False,9,stable
SO-2026-0000264,2026-02-07,2026-02-07T18:00:43,CUST_69298693FD9D,,DC_SEV,Canarias,contrareembolso,paid,0,ecommerce,33.9,7.12,41.02,confirmed,False,5,stable
SO-2026-0000265,2026-02-07,2026-02-07T15:40:40,CUST_3510B4746349,ST_00981,,Cataluña,tarjeta,paid,0,tienda,95.63,19.69,115.32,confirmed,True,10,stable
SO-2026-0000266,2026-02-07,2026-02-07T11:00:54,CUST_B36A69BE173A,,DC_MAD,Comunidad de Madrid,transferencia,pending,30,ecommerce,236.93,46.95,283.88,confirmed,True,35,stable
SO-2026-0000267,2026-02-07,2026-02-07T11:25:12,CUST_32B821768DD7,,DC_MAD,Comunidad de Madrid,tarjeta,paid,0,ecommerce,13.17,2.76,15.93,confirmed,True,3,growing
SO-2026-0000268,2026-02-07,2026-02-07T10:02:59,CUST_CF89E550D736,,DC_VLC,Comunitat Valenciana,tarjeta,pending,15,ecommerce,241.55,46.66,288.21,confirmed,False,37,stable
SO-2026-0000269,2026-02-07,2026-02-07T13:02:50,CUST_B41507388BA4,,DC_VLC,Comunitat Valenciana,tarjeta,paid,0,ecommerce,54.07,11.36,65.43,confirmed,True,14,stable
SO-2026-0000270,2026-02-08,2026-02-08T13:02:58,CUST_DEF568F45BCE,ST_00981,,Cataluña,tarjeta,paid,0,tienda,61.64,12.95,74.59,confirmed,True,16,growing
SO-2026-0000271,2026-02-09,2026-02-09T18:13:51,CUST_9C1C85D2D0A6,,DC_BCN,Cataluña,transferencia,pending,15,ecommerce,36.71,7.71,44.42,confirmed,False,7,declining
SO-2026-0000272,2026-02-09,2026-02-09T09:12:42,CUST_6F462ACE1AA9,,DC_ZGZ,País Vasco,tarjeta,paid,0,ecommerce,28.3,5.94,34.24,confirmed,False,8,declining
SO-2026-0000273,2026-02-09,2026-02-09T17:03:01,CUST_44BE7EA5A387,,DC_BCN,Cataluña,transferencia,paid,0,ecommerce,63.31,13.29,76.6,confirmed,False,2,declining
SO-2026-0000274,2026-02-09,2026-02-09T12:46:00,CUST_71EFAE13591E,,DC_ZGZ,Aragón,contrareembolso,paid,0,ecommerce,63.72,8.23,71.95,confirmed,False,6,stable
SO-2026-0000275,2026-02-09,2026-02-09T15:45:19,CUST_A3BF388C9751,ST_01425,,Aragón,contrareembolso,paid,0,tienda,22.11,4.64,26.75,confirmed,False,2,declining
SO-2026-0000276,2026-02-10,2026-02-10T14:36:07,CUST_DEF568F45BCE,ST_00981,,Cataluña,tarjeta,paid,0,tienda,49.65,10.43,60.08,confirmed,True,14,growing
SO-2026-0000277,2026-02-10,2026-02-10T09:02:51,CUST_9C1C85D2D0A6,,DC_BCN,Cataluña,transferencia,pending,15,ecommerce,41.98,8.46,50.44,confirmed,False,12,declining
SO-2026-0000278,2026-02-11,2026-02-11T11:20:22,CUST_8A0B36D8393A,,DC_MAD,Comunidad de Madrid,tarjeta,pending,15,ecommerce,89.86,18.01,107.87,confirmed,False,19,stable
SO-2026-0000279,2026-02-11,2026-02-11T09:12:31,CUST_907B978648F8,,DC_ZGZ,País Vasco,tarjeta,paid,0,ecommerce,65.11,13.67,78.78,confirmed,False,15,stable
SO-2026-0000280,2026-02-11,2026-02-11T13:28:17,CUST_87EA8DB06746,ST_00952,,Cataluña,tarjeta,paid,0,tienda,33.98,7.13,41.11,confirmed,True,10,declining
SO-2026-0000281,2026-02-11,2026-02-11T11:11:20,CUST_A4B175424646,ST_00952,,Cataluña,transferencia,pending,15,tienda,50.74,9.5,60.24,confirmed,True,12,growing
SO-2026-0000282,2026-02-11,2026-02-11T18:12:02,CUST_E9DD63119ACA,,DC_BCN,Cataluña,transferencia,paid,0,ecommerce,145.46,30.55,176.01,confirmed,False,16,stable
SO-2026-0000283,2026-02-11,2026-02-11T13:49:44,CUST_C482AE84B81C,ST_00277,,Comunitat Valenciana,tarjeta,paid,0,tienda,51.41,10.49,61.9,confirmed,True,11,declining
SO-2026-0000284,2026-02-11,2026-02-11T17:03:40,CUST_99DB8DAB66D3,,DC_SEV,Andalucía,tarjeta,paid,0,ecommerce,18.76,3.94,22.7,confirmed,False,4,stable
SO-2026-0000285,2026-02-11,2026-02-11T12:35:02,CUST_2321620D4A1F,,DC_MAD,Comunidad de Madrid,tarjeta,pending,15,ecommerce,87.73,18.26,105.99,confirmed,False,21,declining
SO-2026-0000286,2026-02-12,2026-02-12T14:33:42,CUST_4A558ACBBE09,,DC_BCN,Cataluña,contrareembolso,paid,0,ecommerce,55.59,11.67,67.26,confirmed,True,7,stable
SO-2026-0000287,2026-02-12,2026-02-12T20:30:55,CUST_23326992896E,ST_01294,,Canarias,tarjeta,paid,0,tienda,8.42,1.53,9.95,confirmed,True,3,declining
SO-2026-0000288,2026-02-12,2026-02-12T14:34:07,CUST_7D35788FD0CD,ST_00952,,Cataluña,tarjeta,paid,0,tienda,33.55,6.6,40.15,confirmed,True,7,stable
SO-2026-0000289,2026-02-13,2026-02-13T09:11:40,CUST_019059DCABD0,,DC_BCN,Cataluña,tarjeta,paid,0,ecommerce,29.79,6.26,36.05,confirmed,True,5,stable
SO-2026-0000290,2026-02-13,2026-02-13T19:19:33,CUST_113620509C62,,DC_BCN,Cataluña,contrareembolso,paid,0,ecommerce,37.67,7.76,45.43,confirmed,False,7,growing
SO-2026-0000291,2026-02-13,2026-02-13T20:23:55,CUST_E9DD63119ACA,,DC_BCN,Cataluña,tarjeta,paid,0,ecommerce,148.96,30.63,179.59,confirmed,False,25,stable
SO-2026-0000292,2026-02-13,2026-02-13T11:50:59,CUST_A87990422EB7,,DC_MAD,Castilla y León,transferencia,pending,15,ecommerce,55.42,11.4,66.82,confirmed,False,11,declining
SO-2026-0000293,2026-02-13,2026-02-13T17:26:02,CUST_749057D337D3,,DC_MAD,Castilla-La Mancha,tarjeta,paid,0,ecommerce,11.13,1.94,13.07,confirmed,False,5,declining
SO-2026-0000294,2026-02-13,2026-02-13T13:28:27,CUST_71EFAE13591E,,DC_ZGZ,Aragón,contrareembolso,paid,0,ecommerce,29.44,6.18,35.62,confirmed,False,7,stable
SO-2026-0000295,2026-02-14,2026-02-14T18:11:02,CUST_03CD21BDDB41,,DC_MAD,Comunidad de Madrid,tarjeta,paid,0,ecommerce,36.42,7.65,44.07,confirmed,False,1,stable
SO-2026-0000296,2026-02-14,2026-02-14T13:25:54,CUST_D2C76118433B,,DC_ZGZ,País Vasco,tarjeta,paid,0,ecommerce,17.27,3.49,20.76,confirmed,True,7,declining
SO-2026-0000297,2026-02-14,2026-02-14T09:55:23,CUST_4CE922D90DB3,ST_00952,,Cataluña,tarjeta,paid,0,tienda,10.99,2.31,13.3,confirmed,False,4,declining
SO-2026-0000298,2026-02-14,2026-02-14T13:19:12,CUST_71EFAE13591E,,DC_ZGZ,Aragón,transferencia,paid,0,ecommerce,27.73,5.12,32.85,confirmed,False,5,stable
SO-2026-0000299,2026-02-15,2026-02-15T18:50:42,CUST_3BCA620A60AC,ST_01294,,Canarias,transferencia,paid,0,tienda,41.81,8.48,50.29,confirmed,True,8,declining
SO-2026-0000300,2026-02-16,2026-02-16T09:10:10,CUST_5B99E61FECC0,ST_00952,,Cataluña,tarjeta,paid,0,tienda,45.5,9.56,55.06,confirmed,False,3,growing
SO-2026-0000301,2026-02-16,2026-02-16T20:12:50,CUST_6E219AFD4015,,DC_MAD,Comunidad de Madrid,transferencia,paid,0,ecommerce,143.57,28.55,172.12,confirmed,False,10,stable
SO-2026-0000302,2026-02-16,2026-02-16T18:51:08,CUST_D2C76118433B,,DC_ZGZ,País Vasco,tarjeta,paid,0,ecommerce,20.66,4.34,25.0,confirmed,False,1,declining
SO-2026-0000303,2026-02-17,2026-02-17T11:05:31,CUST_175A112FA612,ST_00981,,Cataluña,tarjeta,paid,0,tienda,42.68,8.96,51.64,confirmed,True,10,stable
SO-2026-0000304,2026-02-17,2026-02-17T12:52:16,CUST_702F62CCC604,,DC_BCN,Cataluña,transferencia,pending,15,ecommerce,61.9,13.0,74.9,confirmed,False,16,stable
SO-2026-0000305,2026-02-18,2026-02-18T17:20:49,CUST_0710F071D879,,DC_BCN,Cataluña,tarjeta,paid,0,ecommerce,18.78,3.57,22.35,confirmed,False,5,stable
SO-2026-0000306,2026-02-18,2026-02-18T12:49:58,CUST_0B9B23C86D30,,DC_MAD,Comunidad de Madrid,transferencia,paid,0,ecommerce,45.07,9.47,54.54,confirmed,False,4,growing
SO-2026-0000307,2026-02-18,2026-02-18T20:26:31,CUST_A6679C3DE1B0,,DC_ZGZ,Galicia,tarjeta,paid,0,ecommerce,28.6,6.0,34.6,confirmed,False,4,stable
SO-2026-0000308,2026-02-18,2026-02-18T14:07:01,CUST_370B0A530DF9,,DC_SEV,Canarias,tarjeta,paid,0,ecommerce,20.11,4.22,24.33,confirmed,True,5,stable
SO-2026-0000309,2026-02-18,2026-02-18T11:48:07,CUST_2D6EB7893986,,DC_BCN,Cataluña,tarjeta,pending,15,ecommerce,46.06,8.97,55.03,confirmed,False,9,growing
SO-2026-0000310,2026-02-18,2026-02-18T18:55:00,CUST_7D35788FD0CD,,DC_BCN,Cataluña,contrareembolso,paid,0,ecommerce,27.55,5.53,33.08,confirmed,False,5,stable
SO-2026-0000311,2026-02-19,2026-02-19T20:45:48,CUST_008D610461E3,,DC_BCN,Cataluña,tarjeta,paid,0,ecommerce,52.64,11.06,63.7,confirmed,False,12,stable
SO-2026-0000312,2026-02-19,2026-02-19T16:50:37,CUST_DEF568F45BCE,,DC_BCN,Cataluña,transferencia,paid,0,ecommerce,42.28,8.27,50.55,confirmed,False,10,growing
SO-2026-0000313,2026-02-19,2026-02-19T14:02:27,CUST_4D57D865D69A,,DC_ZGZ,País Vasco,tarjeta,paid,0,ecommerce,57.24,10.65,67.89,confirmed,False,9,stable
SO-2026-0000314,2026-02-19,2026-02-19T20:56:34,CUST_C482AE84B81C,ST_00277,,Comunitat Valenciana,tarjeta,paid,0,tienda,52.74,11.07,63.81,confirmed,True,11,declining
SO-2026-0000315,2026-02-19,2026-02-19T09:39:00,CUST_DB4B537D0BD1,ST_00952,,Cataluña,transferencia,pending,15,tienda,77.6,16.29,93.89,confirmed,True,3,stable
SO-2026-0000316,2026-02-20,2026-02-20T18:27:41,CUST_A4B175424646,ST_00952,,Cataluña,transferencia,pending,15,tienda,44.29,8.98,53.27,confirmed,False,9,growing
SO-2026-0000317,2026-02-20,2026-02-20T12:46:16,CUST_67B01D7C0098,,DC_BCN,Cataluña,transferencia,pending,15,ecommerce,93.69,19.33,113.02,confirmed,True,15,declining
SO-2026-0000318,2026-02-20,2026-02-20T14:39:01,CUST_B7F23DEFA849,,DC_SEV,Andalucía,transferencia,paid,0,ecommerce,45.47,9.55,55.02,confirmed,True,9,stable
SO-2026-0000319,2026-02-20,2026-02-20T11:31:38,CUST_D55791DDB9BF,,DC_SEV,Andalucía,contrareembolso,paid,0,ecommerce,56.5,11.87,68.37,confirmed,False,14,stable
SO-2026-0000320,2026-02-20,2026-02-20T10:49:29,CUST_6875832F52C4,,DC_BCN,Cataluña,tarjeta,paid,0,ecommerce,48.29,10.03,58.32,confirmed,False,10,stable
SO-2026-0000321,2026-02-20,2026-02-20T13:10:23,CUST_88CC669B29B8,,DC_VLC,Comunitat Valenciana,transferencia,pending,15,ecommerce,147.59,28.3,175.89,confirmed,True,18,stable
SO-2026-0000322,2026-02-20,2026-02-20T12:59:31,CUST_CBD5F73936E9,,DC_SEV,Canarias,contrareembolso,paid,0,ecommerce,79.93,16.53,96.46,confirmed,True,16,stable
SO-2026-0000323,2026-02-20,2026-02-20T12:57:00,CUST_749057D337D3,,DC_MAD,Castilla-La Mancha,tarjeta,paid,0,ecommerce,9.92,2.08,12.0,confirmed,False,5,declining
SO-2026-0000324,2026-02-21,2026-02-21T15:45:19,CUST_0428BF5023F4,,DC_ZGZ,Cantabria,contrareembolso,paid,0,ecommerce,67.22,14.12,81.34,confirmed,False,5,stable
SO-2026-0000325,2026-02-21,2026-02-21T11:28:46,CUST_113620509C62,,DC_BCN,Cataluña,tarjeta,paid,0,ecommerce,29.04,6.1,35.14,confirmed,False,4,growing
SO-2026-0000326,2026-02-21,2026-02-21T10:11:03,CUST_F55D6D268B37,,DC_BCN,Cataluña,transferencia,paid,0,ecommerce,18.95,3.98,22.93,confirmed,False,6,growing
SO-2026-0000327,2026-02-21,2026-02-21T17:39:40,CUST_B41507388BA4,,DC_VLC,Comunitat Valenciana,tarjeta,paid,0,ecommerce,51.57,10.83,62.4,confirmed,False,7,stable
SO-2026-0000328,2026-02-21,2026-02-21T14:45:15,CUST_F7FFB509F08A,ST_00374,,Comunitat Valenciana,transferencia,pending,15,tienda,48.69,10.22,58.91,confirmed,True,12,declining
SO-2026-0000329,2026-02-21,2026-02-21T13:15:12,CUST_7D35788FD0CD,,DC_BCN,Cataluña,tarjeta,paid,0,ecommerce,33.29,6.99,40.28,confirmed,False,7,stable
SO-2026-0000330,2026-02-23,2026-02-23T14:41:15,CUST_3BCA620A60AC,ST_01294,,Canarias,contrareembolso,paid,0,tienda,28.33,5.95,34.28,confirmed,False,7,declining
SO-2026-0000331,2026-02-23,2026-02-23T18:36:42,CUST_113620509C62,,DC_BCN,Cataluña,transferencia,paid,0,ecommerce,37.72,5.86,43.58,confirmed,False,6,growing
SO-2026-0000332,2026-02-23,2026-02-23T14:18:53,CUST_D55791DDB9BF,,DC_SEV,Andalucía,tarjeta,paid,0,ecommerce,65.95,13.85,79.8,confirmed,True,11,stable
SO-2026-0000333,2026-02-23,2026-02-23T19:26:08,CUST_4CE922D90DB3,ST_00952,,Cataluña,tarjeta,paid,0,tienda,19.5,4.1,23.6,confirmed,True,2,declining
SO-2026-0000334,2026-02-23,2026-02-23T17:29:24,CUST_370B0A530DF9,,DC_SEV,Canarias,tarjeta,paid,0,ecommerce,36.1,7.58,43.68,confirmed,False,9,stable
SO-2026-0000335,2026-02-23,2026-02-23T19:01:41,CUST_32B821768DD7,,DC_MAD,Comunidad de Madrid,tarjeta,paid,0,ecommerce,16.87,3.54,20.41,confirmed,False,2,growing
SO-2026-0000336,2026-02-23,2026-02-23T17:11:24,CUST_9BE492701D60,,DC_BCN,Cataluña,tarjeta,paid,0,ecommerce,54.54,9.44,63.98,confirmed,False,12,growing
SO-2026-0000337,2026-02-25,2026-02-25T11:30:33,CUST_039F4D6168BD,ST_01294,,Canarias,tarjeta,paid,0,tienda,84.68,17.78,102.46,confirmed,True,22,stable
SO-2026-0000338,2026-02-25,2026-02-25T16:47:38,CUST_DEF568F45BCE,ST_00981,,Cataluña,tarjeta,paid,0,tienda,58.61,12.07,70.68,confirmed,True,17,growing
SO-2026-0000339,2026-02-25,2026-02-25T19:44:34,CUST_9E5DC5ACC354,ST_01403,,Aragón,contrareembolso,paid,0,tienda,46.35,9.73,56.08,confirmed,True,10,declining
SO-2026-0000340,2026-02-25,2026-02-25T12:41:58,CUST_CBD5F73936E9,ST_01294,,Canarias,tarjeta,paid,0,tienda,93.18,19.23,112.41,confirmed,True,9,stable
SO-2026-0000341,2026-02-25,2026-02-25T17:57:03,CUST_F55D6D268B37,,DC_BCN,Cataluña,tarjeta,paid,0,ecommerce,23.44,3.13,26.57,confirmed,False,2,growing
SO-2026-0000342,2026-02-25,2026-02-25T18:59:36,CUST_2D6EB7893986,,DC_BCN,Cataluña,transferencia,pending,15,ecommerce,99.94,14.48,114.42,confirmed,False,8,growing
SO-2026-0000343,2026-02-25,2026-02-25T19:27:40,CUST_702F62CCC604,ST_00952,,Cataluña,transferencia,pending,15,tienda,79.74,16.75,96.49,confirmed,True,16,stable
SO-2026-0000344,2026-02-26,2026-02-26T16:34:25,CUST_5D98F05EEEFE,ST_00374,,Comunitat Valenciana,tarjeta,paid,0,tienda,124.54,21.41,145.95,confirmed,True,22,declining
SO-2026-0000345,2026-02-26,2026-02-26T11:08:25,CUST_86342BA6ADB3,,DC_BCN,Cataluña,tarjeta,paid,0,ecommerce,27.17,5.7,32.87,confirmed,False,5,stable
SO-2026-0000346,2026-02-26,2026-02-26T15:43:52,CUST_71EFAE13591E,,DC_ZGZ,Aragón,tarjeta,paid,0,ecommerce,25.82,4.97,30.79,confirmed,False,6,stable
SO-2026-0000347,2026-02-26,2026-02-26T10:22:37,CUST_A3BF388C9751,,DC_ZGZ,Aragón,tarjeta,paid,0,ecommerce,16.6,3.48,20.08,confirmed,False,5,declining
SO-2026-0000348,2026-02-27,2026-02-27T18:21:15,CUST_E3B10A3450FC,,DC_ZGZ,Cantabria,tarjeta,paid,0,ecommerce,85.83,9.92,95.75,confirmed,False,6,stable
SO-2026-0000349,2026-02-27,2026-02-27T15:43:58,CUST_67B01D7C0098,ST_00952,,Cataluña,tarjeta,pending,15,tienda,83.66,16.19,99.85,confirmed,False,14,declining
SO-2026-0000350,2026-02-27,2026-02-27T20:19:37,CUST_69298693FD9D,,DC_SEV,Canarias,tarjeta,paid,0,ecommerce,30.83,5.77,36.6,confirmed,True,7,stable
SO-2026-0000351,2026-02-27,2026-02-27T12:19:02,CUST_86342BA6ADB3,,DC_BCN,Cataluña,tarjeta,paid,0,ecommerce,59.13,5.91,65.04,confirmed,False,1,stable
SO-2026-0000352,2026-02-27,2026-02-27T20:31:17,CUST_9DB589A3C811,,DC_BCN,Cataluña,tarjeta,paid,0,ecommerce,49.02,10.3,59.32,confirmed,False,11,declining
SO-2026-0000353,2026-02-27,2026-02-27T12:54:16,CUST_F18C131EB723,,DC_MAD,Castilla-La Mancha,tarjeta,paid,0,ecommerce,16.94,3.56,20.5,confirmed,False,2,stable
SO-2026-0000354,2026-02-28,2026-02-28T11:11:02,CUST_039F4D6168BD,,DC_SEV,Canarias,contrareembolso,paid,0,ecommerce,77.78,15.7,93.48,confirmed,True,16,stable
SO-2026-0000355,2026-02-28,2026-02-28T19:06:32,CUST_93B712F70C97,,DC_BCN,Cataluña,tarjeta,paid,0,ecommerce,16.75,3.52,20.27,confirmed,False,4,declining
SO-2026-0000356,2026-02-28,2026-02-28T10:54:50,CUST_6667E3B56360,,DC_BCN,Cataluña,transferencia,pending,30,ecommerce,52.2,10.81,63.01,confirmed,False,12,declining
SO-2026-0000357,2026-02-28,2026-02-28T09:04:38,CUST_C482AE84B81C,ST_00277,,Comunitat Valenciana,tarjeta,paid,0,tienda,38.16,7.71,45.87,confirmed,True,10,declining
SO-2026-0000358,2026-02-28,2026-02-28T20:40:53,CUST_88CC669B29B8,ST_00277,,Comunitat Valenciana,tarjeta,pending,15,tienda,210.32,40.42,250.74,confirmed,True,33,stable
SO-2026-0000359,2026-02-28,2026-02-28T14:07:23,CUST_9DB589A3C811,,DC_BCN,Cataluña,transferencia,paid,0,ecommerce,50.06,10.51,60.57,confirmed,False,9,declining
SO-2026-0000360,2026-02-28,2026-02-28T19:55:51,CUST_C1D7F3025D16,,DC_MAD,Castilla y León,tarjeta,pending,30,ecommerce,54.16,11.14,65.3,confirmed,False,9,stable
SO-2026-0000361,2026-03-01,2026-03-01T13:43:57,CUST_989DE15CA666,ST_00981,,Cataluña,tarjeta,paid,0,tienda,34.87,6.43,41.3,confirmed,False,5,stable
SO-2026-0000362,2026-03-01,2026-03-01T17:26:30,CUST_113620509C62,,DC_BCN,Cataluña,contrareembolso,paid,0,ecommerce,37.45,7.87,45.32,confirmed,False,8,growing
SO-2026-0000363,2026-03-01,2026-03-01T18:16:54,CUST_500524C778A5,,DC_ZGZ,País Vasco,transferencia,paid,0,ecommerce,50.05,8.1,58.15,confirmed,False,6,stable
SO-2026-0000364,2026-03-02,2026-03-02T20:47:01,CUST_6DAA8861FE18,,DC_ZGZ,Galicia,tarjeta,paid,0,ecommerce,76.56,15.7,92.26,confirmed,True,5,growing
SO-2026-0000365,2026-03-02,2026-03-02T19:01:15,CUST_0B9B23C86D30,,DC_MAD,Comunidad de Madrid,tarjeta,paid,0,ecommerce,45.25,9.5,54.75,confirmed,False,7,growing
SO-2026-0000366,2026-03-02,2026-03-02T13:39:39,CUST_113620509C62,,DC_BCN,Cataluña,contrareembolso,paid,0,ecommerce,26.94,5.66,32.6,confirmed,True,8,growing
SO-2026-0000367,2026-03-02,2026-03-02T13:27:43,CUST_69298693FD9D,,DC_SEV,Canarias,tarjeta,paid,0,ecommerce,36.14,5.26,41.4,confirmed,False,5,stable
SO-2026-0000368,2026-03-03,2026-03-03T17:33:34,CUST_30B1310C0C00,ST_00952,,Cataluña,tarjeta,paid,0,tienda,117.23,24.44,141.67,confirmed,True,17,stable
SO-2026-0000369,2026-03-03,2026-03-03T17:20:16,CUST_6DAA8861FE18,,DC_ZGZ,Galicia,tarjeta,paid,0,ecommerce,10.55,2.21,12.76,confirmed,False,3,growing
SO-2026-0000370,2026-03-03,2026-03-03T12:07:12,CUST_039F4D6168BD,ST_01294,,Canarias,transferencia,paid,0,tienda,93.97,18.8,112.77,confirmed,True,21,stable
SO-2026-0000371,2026-03-03,2026-03-03T20:22:00,CUST_93B712F70C97,ST_00952,,Cataluña,contrareembolso,paid,0,tienda,13.14,2.34,15.48,confirmed,False,9,declining
SO-2026-0000372,2026-03-03,2026-03-03T11:01:33,CUST_CDFD302B7831,ST_00981,,Cataluña,contrareembolso,paid,0,tienda,154.66,25.76,180.42,confirmed,True,12,stable
SO-2026-0000373,2026-03-04,2026-03-04T13:58:58,CUST_01827A1B5806,ST_00952,,Cataluña,tarjeta,paid,0,tienda,114.16,22.35,136.51,confirmed,True,14,declining
SO-2026-0000374,2026-03-04,2026-03-04T11:21:28,CUST_3BCA620A60AC,ST_01294,,Canarias,tarjeta,paid,0,tienda,64.78,13.52,78.3,confirmed,True,13,stable
SO-2026-0000375,2026-03-04,2026-03-04T13:38:13,CUST_F75D6B2D5B09,,DC_SEV,Ciudad Autónoma de Melilla,transferencia,pending,15,ecommerce,122.6,25.75,148.35,confirmed,False,20,stable
SO-2026-0000376,2026-03-04,2026-03-04T11:31:28,CUST_500524C778A5,,DC_ZGZ,País Vasco,tarjeta,paid,0,ecommerce,55.06,11.56,66.62,confirmed,False,6,stable
SO-2026-0000377,2026-03-04,2026-03-04T12:54:53,CUST_7ED1C9B7C9BC,,DC_BCN,Cataluña,transferencia,pending,30,ecommerce,158.58,33.3,191.88,confirmed,False,19,growing
SO-2026-0000378,2026-03-04,2026-03-04T14:33:19,CUST_B90E951C25D5,,DC_SEV,Ciudad Autónoma de Melilla,tarjeta,paid,0,ecommerce,42.49,8.19,50.68,confirmed,True,15,declining
SO-2026-0000379,2026-03-04,2026-03-04T09:51:12,CUST_23326992896E,,DC_SEV,Canarias,tarjeta,paid,0,ecommerce,6.52,0.93,7.45,confirmed,False,2,declining
SO-2026-0000380,2026-03-04,2026-03-04T11:06:23,CUST_C482AE84B81C,,DC_VLC,Comunitat Valenciana,tarjeta,paid,0,ecommerce,61.67,12.22,73.89,confirmed,False,4,declining
SO-2026-0000381,2026-03-04,2026-03-04T17:16:39,CUST_929D1CFB655F,,DC_ZGZ,Comunidad Foral de Navarra,tarjeta,paid,0,ecommerce,89.48,18.33,107.81,confirmed,False,16,stable
SO-2026-0000382,2026-03-04,2026-03-04T19:59:13,CUST_71EFAE13591E,,DC_ZGZ,Aragón,tarjeta,paid,0,ecommerce,21.83,4.58,26.41,confirmed,False,5,stable
SO-2026-0000383,2026-03-05,2026-03-05T20:48:01,CUST_4A558ACBBE09,ST_00952,,Cataluña,tarjeta,paid,0,tienda,58.23,10.86,69.09,confirmed,True,9,stable
SO-2026-0000384,2026-03-05,2026-03-05T16:05:55,CUST_DFDA28B2BF21,,DC_VLC,Comunitat Valenciana,tarjeta,paid,0,ecommerce,38.35,7.57,45.92,confirmed,False,14,stable
SO-2026-0000385,2026-03-05,2026-03-05T09:53:50,CUST_9DB589A3C811,ST_00952,,Cataluña,tarjeta,paid,0,tienda,50.6,9.33,59.93,confirmed,False,14,declining
SO-2026-0000386,2026-03-05,2026-03-05T17:05:12,CUST_F7FFB509F08A,ST_00374,,Comunitat Valenciana,tarjeta,pending,15,tienda,71.67,13.2,84.87,confirmed,False,18,growing
SO-2026-0000387,2026-03-05,2026-03-05T18:04:41,CUST_C1D7F3025D16,,DC_MAD,Castilla y León,transferencia,pending,30,ecommerce,63.56,13.35,76.91,confirmed,False,12,stable
SO-2026-0000388,2026-03-06,2026-03-06T17:55:04,CUST_6DAA8861FE18,,DC_ZGZ,Galicia,transferencia,paid,0,ecommerce,12.23,2.57,14.8,confirmed,False,2,growing
SO-2026-0000389,2026-03-06,2026-03-06T13:27:38,CUST_989DE15CA666,,DC_BCN,Cataluña,tarjeta,paid,0,ecommerce,37.97,7.97,45.94,confirmed,False,6,stable
SO-2026-0000390,2026-03-06,2026-03-06T19:28:57,CUST_3BCA620A60AC,ST_01294,,Canarias,tarjeta,paid,0,tienda,40.49,8.32,48.81,confirmed,True,9,stable
SO-2026-0000391,2026-03-06,2026-03-06T20:03:49,CUST_4CE922D90DB3,,DC_BCN,Cataluña,tarjeta,paid,0,ecommerce,14.12,2.96,17.08,confirmed,False,4,declining
SO-2026-0000392,2026-03-06,2026-03-06T09:18:28,CUST_E670FC48F615,,DC_ZGZ,País Vasco,tarjeta,paid,0,ecommerce,32.82,6.89,39.71,confirmed,False,6,growing
SO-2026-0000393,2026-03-07,2026-03-07T15:16:21,CUST_F75D6B2D5B09,,DC_SEV,Ciudad Autónoma de Melilla,transferencia,pending,15,ecommerce,107.16,22.5,129.66,confirmed,True,18,stable
SO-2026-0000394,2026-03-07,2026-03-07T11:55:38,CUST_500EB89BDF7F,,DC_BCN,Cataluña,tarjeta,paid,0,ecommerce,54.03,10.74,64.77,confirmed,False,8,stable
SO-2026-0000395,2026-03-07,2026-03-07T20:25:28,CUST_3510B4746349,ST_00981,,Cataluña,tarjeta,paid,0,tienda,73.9,9.21,83.11,confirmed,True,13,stable
SO-2026-0000396,2026-03-07,2026-03-07T11:57:34,CUST_EAC8DE9F6F5B,,DC_MAD,Comunidad de Madrid,tarjeta,paid,0,ecommerce,36.48,7.66,44.14,confirmed,False,10,stable
SO-2026-0000397,2026-03-07,2026-03-07T19:10:34,CUST_D2C76118433B,,DC_ZGZ,País Vasco,tarjeta,paid,0,ecommerce,12.4,2.6,15.0,confirmed,False,1,declining
SO-2026-0000398,2026-03-07,2026-03-07T12:44:17,CUST_B2A6D02B1243,,DC_ZGZ,Comunidad Foral de Navarra,transferencia,pending,15,ecommerce,28.98,6.09,35.07,confirmed,False,3,declining
SO-2026-0000399,2026-03-07,2026-03-07T10:19:43,CUST_3D131E2C2E7D,ST_00952,,Cataluña,tarjeta,paid,0,tienda,77.78,13.35,91.13,confirmed,True,8,stable
SO-2026-0000400,2026-03-07,2026-03-07T10:22:59,CUST_F7FFB509F08A,ST_00374,,Comunitat Valenciana,tarjeta,pending,15,tienda,69.32,14.56,83.88,confirmed,True,7,growing
SO-2026-0000401,2026-03-07,2026-03-07T18:24:52,CUST_7D35788FD0CD,,DC_BCN,Cataluña,tarjeta,paid,0,ecommerce,48.79,10.25,59.04,confirmed,False,3,stable
SO-2026-0000402,2026-03-08,2026-03-08T11:38:01,CUST_01589D8776A0,,DC_ZGZ,País Vasco,tarjeta,paid,0,ecommerce,56.5,11.86,68.36,confirmed,False,11,stable
SO-2026-0000403,2026-03-08,2026-03-08T13:47:53,CUST_92EAEC93E596,,DC_VLC,Comunitat Valenciana,tarjeta,paid,0,ecommerce,24.87,5.03,29.9,confirmed,True,5,stable
SO-2026-0000404,2026-03-09,2026-03-09T11:57:44,CUST_4FA0F6F7F0CC,,DC_MAD,Comunidad de Madrid,contrareembolso,pending,15,ecommerce,58.91,11.93,70.84,confirmed,False,10,declining
SO-2026-0000405,2026-03-09,2026-03-09T10:10:53,CUST_0428BF5023F4,,DC_ZGZ,Cantabria,transferencia,paid,0,ecommerce,67.6,14.2,81.8,confirmed,False,15,stable
SO-2026-0000406,2026-03-09,2026-03-09T12:42:10,CUST_3510B4746349,ST_00981,,Cataluña,tarjeta,paid,0,tienda,84.48,17.74,102.22,confirmed,True,14,stable
SO-2026-0000407,2026-03-09,2026-03-09T19:53:18,CUST_71EFAE13591E,,DC_ZGZ,Aragón,tarjeta,paid,0,ecommerce,30.53,5.37,35.9,confirmed,False,8,stable
SO-2026-0000408,2026-03-09,2026-03-09T13:53:25,CUST_CF89E550D736,ST_00277,,Comunitat Valenciana,transferencia,pending,15,tienda,203.09,41.32,244.41,confirmed,True,39,stable
SO-2026-0000409,2026-03-09,2026-03-09T17:31:26,CUST_9BE492701D60,ST_00981,,Cataluña,transferencia,paid,0,tienda,95.2,19.99,115.19,confirmed,True,8,growing
SO-2026-0000410,2026-03-10,2026-03-10T12:38:42,CUST_008D610461E3,,DC_BCN,Cataluña,tarjeta,paid,0,ecommerce,48.97,10.28,59.25,confirmed,False,5,stable
SO-2026-0000411,2026-03-10,2026-03-10T19:36:14,CUST_6DAA8861FE18,,DC_ZGZ,Galicia,contrareembolso,paid,0,ecommerce,26.81,3.61,30.42,confirmed,False,5,growing
SO-2026-0000412,2026-03-10,2026-03-10T13:17:54,CUST_6667E3B56360,,DC_BCN,Cataluña,tarjeta,pending,30,ecommerce,56.26,11.81,68.07,confirmed,False,12,declining
SO-2026-0000413,2026-03-10,2026-03-10T17:49:46,CUST_F96DBED63DA0,,DC_SEV,Andalucía,tarjeta,paid,0,ecommerce,43.25,8.85,52.1,confirmed,False,5,declining
SO-2026-0000414,2026-03-10,2026-03-10T13:06:43,CUST_F7FFB509F08A,,DC_VLC,Comunitat Valenciana,transferencia,pending,15,ecommerce,78.31,16.44,94.75,confirmed,False,10,growing
SO-2026-0000415,2026-03-11,2026-03-11T20:23:57,CUST_039F4D6168BD,ST_01294,,Canarias,contrareembolso,paid,0,tienda,88.33,18.55,106.88,confirmed,True,11,stable
SO-2026-0000416,2026-03-11,2026-03-11T17:03:45,CUST_B0B608601833,,DC_BCN,Cataluña,transferencia,paid,0,ecommerce,63.6,13.35,76.95,confirmed,False,7,stable
SO-2026-0000417,2026-03-11,2026-03-11T10:00:07,CUST_03CD21BDDB41,,DC_MAD,Comunidad de Madrid,tarjeta,paid,0,ecommerce,20.56,3.35,23.91,confirmed,False,8,stable
SO-2026-0000418,2026-03-11,2026-03-11T13:50:40,CUST_019059DCABD0,ST_00981,,Cataluña,transferencia,paid,0,tienda,17.36,3.28,20.64,confirmed,True,6,stable
SO-2026-0000419,2026-03-11,2026-03-11T14:47:00,CUST_4B1F0977C513,,DC_ZGZ,Galicia,contrareembolso,paid,0,ecommerce,77.64,16.3,93.94,confirmed,False,4,stable
SO-2026-0000420,2026-03-11,2026-03-11T14:49:50,CUST_D10341241BB4,,DC_MAD,Comunidad de Madrid,tarjeta,paid,0,ecommerce,159.0,32.42,191.42,confirmed,True,28,growing
SO-2026-0000421,2026-03-11,2026-03-11T18:57:54,CUST_23326992896E,,DC_SEV,Canarias,contrareembolso,paid,0,ecommerce,7.48,1.57,9.05,confirmed,False,3,declining
SO-2026-0000422,2026-03-11,2026-03-11T11:20:09,CUST_F7FFB509F08A,ST_00374,,Comunitat Valenciana,tarjeta,pending,15,tienda,69.16,14.11,83.27,confirmed,True,17,growing
SO-2026-0000423,2026-03-12,2026-03-12T11:07:06,CUST_76F2CD29A36F,,DC_ZGZ,País Vasco,transferencia,paid,0,ecommerce,165.15,30.74,195.89,confirmed,False,23,stable
SO-2026-0000424,2026-03-12,2026-03-12T20:41:17,CUST_87EA8DB06746,ST_00952,,Cataluña,transferencia,paid,0,tienda,24.41,4.94,29.35,confirmed,True,9,declining
SO-2026-0000425,2026-03-12,2026-03-12T18:35:41,CUST_8B681D61FAC3,,DC_MAD,Comunidad de Madrid,contrareembolso,pending,15,ecommerce,28.98,4.98,33.96,confirmed,False,4,declining
SO-2026-0000426,2026-03-12,2026-03-12T11:30:13,CUST_398517DC8EFF,,DC_MAD,Castilla y León,transferencia,paid,0,ecommerce,95.18,18.17,113.35,confirmed,False,18,stable
SO-2026-0000427,2026-03-12,2026-03-12T18:49:46,CUST_175A112FA612,,DC_BCN,Cataluña,contrareembolso,paid,0,ecommerce,48.32,9.98,58.3,confirmed,False,8,stable
SO-2026-0000428,2026-03-12,2026-03-12T11:52:50,CUST_019059DCABD0,,DC_BCN,Cataluña,transferencia,paid,0,ecommerce,28.74,6.04,34.78,confirmed,False,5,stable
SO-2026-0000429,2026-03-12,2026-03-12T11:35:46,CUST_36D5F37FD50D,,DC_BCN,Cataluña,tarjeta,paid,0,ecommerce,10.08,2.12,12.2,confirmed,False,2,stable
SO-2026-0000430,2026-03-12,2026-03-12T18:57:55,CUST_69298693FD9D,,DC_SEV,Canarias,tarjeta,paid,0,ecommerce,43.6,9.15,52.75,confirmed,False,6,stable
SO-2026-0000431,2026-03-12,2026-03-12T14:37:47,CUST_C482AE84B81C,,DC_VLC,Comunitat Valenciana,contrareembolso,paid,0,ecommerce,37.69,7.92,45.61,confirmed,False,7,declining
SO-2026-0000432,2026-03-13,2026-03-13T10:23:21,CUST_008D610461E3,ST_00952,,Cataluña,tarjeta,paid,0,tienda,46.21,9.7,55.91,confirmed,True,12,stable
SO-2026-0000433,2026-03-13,2026-03-13T13:02:19,CUST_907B978648F8,,DC_ZGZ,País Vasco,contrareembolso,paid,0,ecommerce,58.45,12.27,70.72,confirmed,False,16,stable
SO-2026-0000434,2026-03-13,2026-03-13T14:10:09,CUST_8B681D61FAC3,,DC_MAD,Comunidad de Madrid,transferencia,pending,15,ecommerce,23.28,4.89,28.17,confirmed,False,4,declining
SO-2026-0000435,2026-03-13,2026-03-13T13:40:19,CUST_0B9B23C86D30,,DC_MAD,Comunidad de Madrid,tarjeta,paid,0,ecommerce,52.77,11.08,63.85,confirmed,False,10,growing
SO-2026-0000436,2026-03-13,2026-03-13T12:31:29,CUST_03CD21BDDB41,,DC_MAD,Comunidad de Madrid,tarjeta,paid,0,ecommerce,26.56,5.34,31.9,confirmed,False,5,stable
SO-2026-0000437,2026-03-13,2026-03-13T12:03:01,CUST_F75D6B2D5B09,,DC_SEV,Ciudad Autónoma de Melilla,tarjeta,pending,15,ecommerce,118.05,24.79,142.84,confirmed,False,20,stable
SO-2026-0000438,2026-03-13,2026-03-13T14:09:48,CUST_01589D8776A0,,DC_ZGZ,País Vasco,tarjeta,paid,0,ecommerce,52.38,11.0,63.38,confirmed,False,10,stable
SO-2026-0000439,2026-03-13,2026-03-13T19:20:54,CUST_4A558ACBBE09,ST_00952,,Cataluña,contrareembolso,paid,0,tienda,55.6,11.68,67.28,confirmed,True,6,stable
SO-2026-0000440,2026-03-13,2026-03-13T12:47:20,CUST_C482AE84B81C,,DC_VLC,Comunitat Valenciana,tarjeta,paid,0,ecommerce,50.44,10.59,61.03,confirmed,False,12,declining
SO-2026-0000441,2026-03-14,2026-03-14T16:09:40,CUST_ABF3FEC21BBE,,DC_ZGZ,País Vasco,transferencia,pending,15,ecommerce,19.26,4.04,23.3,confirmed,False,4,stable
SO-2026-0000442,2026-03-14,2026-03-14T17:39:01,CUST_1EB753FFD3A2,ST_00952,,Cataluña,contrareembolso,paid,0,tienda,45.41,9.54,54.95,confirmed,True,9,declining
SO-2026-0000443,2026-03-14,2026-03-14T14:40:42,CUST_67B01D7C0098,ST_00952,,Cataluña,tarjeta,pending,15,tienda,79.05,15.2,94.25,confirmed,True,11,declining
SO-2026-0000444,2026-03-14,2026-03-14T18:42:10,CUST_113620509C62,,DC_BCN,Cataluña,tarjeta,paid,0,ecommerce,30.91,4.43,35.34,confirmed,False,2,growing
SO-2026-0000445,2026-03-14,2026-03-14T20:52:13,CUST_69298693FD9D,,DC_SEV,Canarias,tarjeta,paid,0,ecommerce,50.25,8.27,58.52,confirmed,False,7,stable
SO-2026-0000446,2026-03-14,2026-03-14T10:10:38,CUST_7688CE4758BE,,DC_MAD,Comunidad de Madrid,tarjeta,paid,0,ecommerce,67.8,11.09,78.89,confirmed,True,18,stable
SO-2026-0000447,2026-03-14,2026-03-14T17:40:24,CUST_71EFAE13591E,,DC_ZGZ,Aragón,contrareembolso,paid,0,ecommerce,30.29,6.36,36.65,confirmed,True,4,stable
SO-2026-0000448,2026-03-15,2026-03-15T14:45:16,CUST_5560C96B5EDB,ST_00952,,Cataluña,contrareembolso,paid,0,tienda,54.95,11.54,66.49,confirmed,True,9,growing
SO-2026-0000449,2026-03-16,2026-03-16T14:09:02,CUST_A9D3505CC686,,DC_SEV,Andalucía,transferencia,pending,15,ecommerce,69.95,14.69,84.64,confirmed,False,12,stable
SO-2026-0000450,2026-03-16,2026-03-16T17:04:22,CUST_692E0B2F6D5C,,DC_BCN,Cataluña,tarjeta,paid,0,ecommerce,86.12,18.08,104.2,confirmed,True,16,growing
SO-2026-0000451,2026-03-16,2026-03-16T12:22:47,CUST_500EB89BDF7F,ST_00981,,Cataluña,tarjeta,paid,0,tienda,51.57,10.57,62.14,confirmed,True,9,stable
SO-2026-0000452,2026-03-17,2026-03-17T18:51:29,CUST_4D57D865D69A,,DC_ZGZ,País Vasco,transferencia,paid,0,ecommerce,48.7,10.23,58.93,confirmed,False,11,stable
SO-2026-0000453,2026-03-17,2026-03-17T18:49:27,CUST_5A31CD4B69A9,,DC_ZGZ,Comunidad Foral de Navarra,transferencia,paid,0,ecommerce,33.09,6.67,39.76,confirmed,False,10,declining
SO-2026-0000454,2026-03-17,2026-03-17T11:24:02,CUST_500EB89BDF7F,,DC_BCN,Cataluña,tarjeta,paid,0,ecommerce,47.8,10.04,57.84,confirmed,False,9,stable
SO-2026-0000455,2026-03-17,2026-03-17T10:39:04,CUST_929D1CFB655F,,DC_ZGZ,Comunidad Foral de Navarra,tarjeta,paid,0,ecommerce,95.73,19.29,115.02,confirmed,False,12,stable
SO-2026-0000456,2026-03-17,2026-03-17T18:44:41,CUST_92EAEC93E596,ST_00277,,Comunitat Valenciana,tarjeta,paid,0,tienda,35.66,7.49,43.15,confirmed,False,4,stable
SO-2026-0000457,2026-03-17,2026-03-17T16:11:11,CUST_C1D7F3025D16,,DC_MAD,Castilla y León,transferencia,pending,30,ecommerce,61.15,12.65,73.8,confirmed,False,10,stable
SO-2026-0000458,2026-03-17,2026-03-17T10:52:22,CUST_9BE492701D60,ST_00981,,Cataluña,transferencia,paid,0,tienda,45.21,9.5,54.71,confirmed,False,5,growing
SO-2026-0000459,2026-03-18,2026-03-18T09:29:41,CUST_039F4D6168BD,ST_01294,,Canarias,tarjeta,paid,0,tienda,93.29,18.59,111.88,confirmed,True,13,stable
SO-2026-0000460,2026-03-18,2026-03-18T14:38:08,CUST_1EB753FFD3A2,ST_00952,,Cataluña,tarjeta,paid,0,tienda,42.16,8.85,51.01,confirmed,True,6,declining
SO-2026-0000461,2026-03-18,2026-03-18T11:31:50,CUST_692E0B2F6D5C,ST_00952,,Cataluña,transferencia,paid,0,tienda,71.04,14.37,85.41,confirmed,True,15,growing
SO-2026-0000462,2026-03-18,2026-03-18T12:12:59,CUST_9DB589A3C811,ST_00952,,Cataluña,transferencia,paid,0,tienda,50.8,10.67,61.47,confirmed,True,8,declining
SO-2026-0000463,2026-03-18,2026-03-18T18:01:46,CUST_2D6EB7893986,,DC_BCN,Cataluña,transferencia,pending,15,ecommerce,37.01,7.59,44.6,confirmed,False,12,growing
SO-2026-0000464,2026-03-19,2026-03-19T14:27:00,CUST_76F2CD29A36F,,DC_ZGZ,País Vasco,tarjeta,paid,0,ecommerce,147.57,29.56,177.13,confirmed,False,25,stable
SO-2026-0000465,2026-03-19,2026-03-19T18:15:32,CUST_A66F39669FA7,,DC_ZGZ,Galicia,tarjeta,paid,0,ecommerce,75.36,14.7,90.06,confirmed,False,5,stable
SO-2026-0000466,2026-03-19,2026-03-19T11:09:44,CUST_929C33C08BF1,,DC_MAD,Comunidad de Madrid,tarjeta,paid,0,ecommerce,101.74,21.08,122.82,confirmed,False,14,growing
SO-2026-0000467,2026-03-19,2026-03-19T20:23:33,CUST_6F462ACE1AA9,,DC_ZGZ,País Vasco,tarjeta,paid,0,ecommerce,45.12,9.47,54.59,confirmed,False,5,declining
SO-2026-0000468,2026-03-19,2026-03-19T09:06:08,CUST_9DB589A3C811,ST_00952,,Cataluña,tarjeta,paid,0,tienda,40.09,8.42,48.51,confirmed,True,13,declining
SO-2026-0000469,2026-03-19,2026-03-19T16:59:38,CUST_F18C131EB723,,DC_MAD,Castilla-La Mancha,tarjeta,paid,0,ecommerce,22.89,4.81,27.7,confirmed,False,3,stable
SO-2026-0000470,2026-03-19,2026-03-19T14:16:40,CUST_702F62CCC604,,DC_BCN,Cataluña,tarjeta,pending,15,ecommerce,78.06,16.39,94.45,confirmed,False,12,stable
SO-2026-0000471,2026-03-20,2026-03-20T12:43:43,CUST_3BCA620A60AC,ST_01294,,Canarias,contrareembolso,paid,0,tienda,34.82,7.07,41.89,confirmed,True,11,stable
SO-2026-0000472,2026-03-20,2026-03-20T15:54:29,CUST_500524C778A5,,DC_ZGZ,País Vasco,tarjeta,paid,0,ecommerce,33.31,6.27,39.58,confirmed,False,9,stable
SO-2026-0000473,2026-03-20,2026-03-20T17:29:22,CUST_7ED1C9B7C9BC,,DC_BCN,Cataluña,transferencia,pending,30,ecommerce,169.12,35.51,204.63,confirmed,False,32,growing
SO-2026-0000474,2026-03-20,2026-03-20T13:14:40,CUST_CDFD302B7831,,DC_BCN,Cataluña,tarjeta,paid,0,ecommerce,153.73,29.6,183.33,confirmed,False,23,stable
SO-2026-0000475,2026-03-20,2026-03-20T13:49:10,CUST_C482AE84B81C,ST_00277,,Comunitat Valenciana,contrareembolso,paid,0,tienda,31.22,6.56,37.78,confirmed,True,3,declining
SO-2026-0000476,2026-03-20,2026-03-20T10:21:22,CUST_88CC669B29B8,,DC_VLC,Comunitat Valenciana,tarjeta,pending,15,ecommerce,154.94,29.3,184.24,confirmed,False,25,stable
SO-2026-0000477,2026-03-20,2026-03-20T13:54:18,CUST_E08211A529B4,,DC_ZGZ,Principado de Asturias,tarjeta,paid,0,ecommerce,62.26,13.07,75.33,confirmed,False,11,stable
SO-2026-0000478,2026-03-20,2026-03-20T10:14:15,CUST_702F62CCC604,,DC_BCN,Cataluña,transferencia,pending,15,ecommerce,69.5,14.6,84.1,confirmed,True,14,stable
SO-2026-0000479,2026-03-20,2026-03-20T16:48:39,CUST_2B8C5780BE17,,DC_ZGZ,Comunidad Foral de Navarra,contrareembolso,paid,0,ecommerce,71.06,12.43,83.49,confirmed,True,14,growing
SO-2026-0000480,2026-03-21,2026-03-21T18:50:13,CUST_30B1310C0C00,,DC_BCN,Cataluña,tarjeta,paid,0,ecommerce,105.68,20.59,126.27,confirmed,False,20,stable
SO-2026-0000481,2026-03-21,2026-03-21T20:28:33,CUST_EDD450F0FD0A,,DC_SEV,Andalucía,transferencia,paid,0,ecommerce,38.66,5.79,44.45,confirmed,False,4,stable
SO-2026-0000482,2026-03-21,2026-03-21T11:02:50,CUST_0710F071D879,ST_00952,,Cataluña,transferencia,paid,0,tienda,34.79,7.31,42.1,confirmed,True,3,stable
SO-2026-0000483,2026-03-21,2026-03-21T09:21:00,CUST_175A112FA612,,DC_BCN,Cataluña,transferencia,paid,0,ecommerce,38.49,8.08,46.57,confirmed,False,4,stable
SO-2026-0000484,2026-03-21,2026-03-21T18:05:43,CUST_019059DCABD0,,DC_BCN,Cataluña,contrareembolso,paid,0,ecommerce,26.6,5.59,32.19,confirmed,False,4,stable
SO-2026-0000485,2026-03-21,2026-03-21T20:33:49,CUST_69298693FD9D,,DC_SEV,Canarias,tarjeta,paid,0,ecommerce,71.11,8.8,79.91,confirmed,False,5,stable
SO-2026-0000486,2026-03-21,2026-03-21T12:42:57,CUST_D2C76118433B,,DC_ZGZ,País Vasco,tarjeta,paid,0,ecommerce,20.57,4.32,24.89,confirmed,False,4,declining
SO-2026-0000487,2026-03-21,2026-03-21T13:12:41,CUST_929D1CFB655F,,DC_ZGZ,Comunidad Foral de Navarra,tarjeta,paid,0,ecommerce,98.35,20.41,118.76,confirmed,False,15,stable
SO-2026-0000488,2026-03-21,2026-03-21T11:22:32,CUST_99DB8DAB66D3,,DC_SEV,Andalucía,tarjeta,paid,0,ecommerce,12.47,2.62,15.09,confirmed,False,4,stable
SO-2026-0000489,2026-03-21,2026-03-21T19:02:56,CUST_A3BF388C9751,ST_01425,,Aragón,tarjeta,paid,0,tienda,25.67,5.01,30.68,confirmed,True,9,declining
SO-2026-0000490,2026-03-22,2026-03-22T10:57:30,CUST_716F45A88829,,DC_BCN,Cataluña,tarjeta,paid,0,ecommerce,56.34,11.83,68.17,confirmed,False,9,growing
SO-2026-0000491,2026-03-23,2026-03-23T12:15:43,CUST_6667E3B56360,,DC_BCN,Cataluña,transferencia,pending,30,ecommerce,168.51,21.33,189.84,confirmed,False,13,declining
SO-2026-0000492,2026-03-23,2026-03-23T19:19:27,CUST_86342BA6ADB3,,DC_BCN,Cataluña,contrareembolso,paid,0,ecommerce,48.59,5.23,53.82,confirmed,False,5,stable
SO-2026-0000493,2026-03-23,2026-03-23T17:28:04,CUST_F55D6D268B37,,DC_BCN,Cataluña,tarjeta,paid,0,ecommerce,120.84,12.97,133.81,confirmed,False,4,growing
SO-2026-0000494,2026-03-23,2026-03-23T10:07:57,CUST_9DB589A3C811,ST_00952,,Cataluña,contrareembolso,paid,0,tienda,41.82,8.78,50.6,confirmed,True,12,declining
SO-2026-0000495,2026-03-24,2026-03-24T13:58:57,CUST_989DE15CA666,,DC_BCN,Cataluña,contrareembolso,paid,0,ecommerce,34.6,7.27,41.87,confirmed,False,5,stable
SO-2026-0000496,2026-03-24,2026-03-24T20:11:39,CUST_8B681D61FAC3,,DC_MAD,Comunidad de Madrid,transferencia,pending,15,ecommerce,27.46,5.77,33.23,confirmed,False,8,declining
SO-2026-0000497,2026-03-24,2026-03-24T19:27:04,CUST_692E0B2F6D5C,ST_00952,,Cataluña,contrareembolso,paid,0,tienda,111.35,23.38,134.73,confirmed,False,16,growing
SO-2026-0000498,2026-03-24,2026-03-24T18:03:39,CUST_DB4B537D0BD1,ST_00952,,Cataluña,tarjeta,pending,15,tienda,62.66,13.16,75.82,confirmed,True,10,stable
SO-2026-0000499,2026-03-25,2026-03-25T20:21:23,CUST_556300E85ECE,,DC_MAD,Comunidad de Madrid,transferencia,pending,30,ecommerce,79.82,16.58,96.4,confirmed,False,6,growing
SO-2026-0000500,2026-03-25,2026-03-25T18:04:43,CUST_93B712F70C97,,DC_BCN,Cataluña,tarjeta,paid,0,ecommerce,13.18,2.77,15.95,confirmed,False,4,declining
SO-2026-0000501,2026-03-25,2026-03-25T11:48:34,CUST_019059DCABD0,ST_00981,,Cataluña,tarjeta,paid,0,tienda,25.03,4.71,29.74,confirmed,True,8,stable
SO-2026-0000502,2026-03-25,2026-03-25T11:02:37,CUST_E670FC48F615,,DC_ZGZ,País Vasco,tarjeta,paid,0,ecommerce,47.81,10.04,57.85,confirmed,True,8,growing
SO-2026-0000503,2026-03-25,2026-03-25T16:50:36,CUST_44BE7EA5A387,,DC_BCN,Cataluña,transferencia,paid,0,ecommerce,33.23,5.91,39.14,confirmed,False,6,declining
SO-2026-0000504,2026-03-25,2026-03-25T11:08:36,CUST_6DE8CE9E9EBD,,DC_VLC,Islas Baleares,tarjeta,paid,0,ecommerce,77.37,16.25,93.62,confirmed,False,15,stable
SO-2026-0000505,2026-03-25,2026-03-25T09:07:03,CUST_702F62CCC604,ST_00952,,Cataluña,transferencia,pending,15,tienda,65.36,13.72,79.08,confirmed,True,15,stable
SO-2026-0000506,2026-03-25,2026-03-25T17:33:07,CUST_9BE492701D60,ST_00981,,Cataluña,tarjeta,paid,0,tienda,47.01,8.77,55.78,confirmed,True,7,growing
SO-2026-0000507,2026-03-26,2026-03-26T14:48:49,CUST_989DE15CA666,ST_00981,,Cataluña,tarjeta,paid,0,tienda,33.4,6.46,39.86,confirmed,True,7,stable
SO-2026-0000508,2026-03-26,2026-03-26T11:53:47,CUST_03CD21BDDB41,,DC_MAD,Comunidad de Madrid,contrareembolso,paid,0,ecommerce,25.44,3.46,28.9,confirmed,False,6,stable
SO-2026-0000509,2026-03-26,2026-03-26T16:46:03,CUST_F55D6D268B37,,DC_BCN,Cataluña,transferencia,paid,0,ecommerce,44.45,9.33,53.78,confirmed,False,2,growing
SO-2026-0000510,2026-03-27,2026-03-27T19:11:19,CUST_B7F23DEFA849,,DC_SEV,Andalucía,tarjeta,paid,0,ecommerce,40.02,8.41,48.43,confirmed,False,4,stable
SO-2026-0000511,2026-03-27,2026-03-27T11:35:10,CUST_B596EF4AFA88,,DC_MAD,Castilla-La Mancha,transferencia,pending,15,ecommerce,63.27,13.02,76.29,confirmed,False,12,declining
SO-2026-0000512,2026-03-28,2026-03-28T14:53:29,CUST_30B1310C0C00,,DC_BCN,Cataluña,contrareembolso,paid,0,ecommerce,182.65,38.13,220.78,confirmed,False,14,stable
SO-2026-0000513,2026-03-28,2026-03-28T12:00:59,CUST_039F4D6168BD,ST_01294,,Canarias,contrareembolso,paid,0,tienda,81.16,15.41,96.57,confirmed,True,12,stable
SO-2026-0000514,2026-03-28,2026-03-28T19:49:57,CUST_03CD21BDDB41,,DC_MAD,Comunidad de Madrid,tarjeta,paid,0,ecommerce,13.35,2.8,16.15,confirmed,False,6,stable
SO-2026-0000515,2026-03-28,2026-03-28T18:43:54,CUST_716F45A88829,,DC_BCN,Cataluña,contrareembolso,paid,0,ecommerce,55.26,11.16,66.42,confirmed,False,9,growing
SO-2026-0000516,2026-03-28,2026-03-28T11:43:46,CUST_A436F2D3F761,ST_00981,,Cataluña,tarjeta,paid,0,tienda,71.94,15.11,87.05,confirmed,True,13,stable
SO-2026-0000517,2026-03-29,2026-03-29T15:10:46,CUST_6DAA8861FE18,,DC_ZGZ,Galicia,tarjeta,paid,0,ecommerce,17.36,3.64,21.0,confirmed,False,1,growing
SO-2026-0000518,2026-03-29,2026-03-29T20:16:33,CUST_175A112FA612,ST_00981,,Cataluña,tarjeta,paid,0,tienda,30.18,6.34,36.52,confirmed,False,11,stable
SO-2026-0000519,2026-03-29,2026-03-29T12:25:02,CUST_D55791DDB9BF,,DC_SEV,Andalucía,tarjeta,paid,0,ecommerce,50.57,10.51,61.08,confirmed,False,11,stable
SO-2026-0000520,2026-03-30,2026-03-30T09:54:34,CUST_13D5709B7D97,ST_01425,,Aragón,transferencia,paid,0,tienda,28.35,5.95,34.3,confirmed,True,5,declining
SO-2026-0000521,2026-03-30,2026-03-30T13:42:37,CUST_B90E951C25D5,,DC_SEV,Ciudad Autónoma de Melilla,transferencia,paid,0,ecommerce,61.62,12.94,74.56,confirmed,False,6,declining
SO-2026-0000522,2026-03-30,2026-03-30T12:03:50,CUST_FE74DD83AD03,ST_00952,,Cataluña,contrareembolso,paid,0,tienda,18.87,3.96,22.83,confirmed,True,7,declining
SO-2026-0000523,2026-03-31,2026-03-31T17:42:15,CUST_69298693FD9D,,DC_SEV,Canarias,tarjeta,paid,0,ecommerce,36.34,7.04,43.38,confirmed,False,5,stable
SO-2026-0000524,2026-03-31,2026-03-31T12:00:28,CUST_A612889D4B76,,DC_SEV,Ciudad Autónoma de Melilla,transferencia,paid,0,ecommerce,95.56,19.89,115.45,confirmed,False,7,stable
SO-2026-0000525,2026-03-31,2026-03-31T11:57:21,CUST_CBD5F73936E9,ST_01294,,Canarias,tarjeta,paid,0,tienda,117.63,24.7,142.33,confirmed,True,6,stable
SO-2026-0000526,2026-03-31,2026-03-31T11:55:21,CUST_6DE8CE9E9EBD,,DC_VLC,Islas Baleares,tarjeta,paid,0,ecommerce,70.79,14.86,85.65,confirmed,False,6,stable
SO-2026-0000527,2026-04-01,2026-04-01T09:41:25,CUST_E9DD63119ACA,ST_00981,,Cataluña,tarjeta,paid,0,tienda,132.33,27.79,160.12,confirmed,True,21,growing
SO-2026-0000528,2026-04-01,2026-04-01T14:17:45,CUST_D10341241BB4,,DC_MAD,Comunidad de Madrid,tarjeta,paid,0,ecommerce,164.47,34.54,199.01,confirmed,False,19,growing
SO-2026-0000529,2026-04-01,2026-04-01T17:34:53,CUST_D2C76118433B,,DC_ZGZ,País Vasco,tarjeta,paid,0,ecommerce,20.14,4.23,24.37,confirmed,False,3,declining
SO-2026-0000530,2026-04-02,2026-04-02T11:24:22,CUST_E3B10A3450FC,,DC_ZGZ,Cantabria,tarjeta,paid,0,ecommerce,25.83,5.42,31.25,confirmed,False,1,stable
SO-2026-0000531,2026-04-02,2026-04-02T19:42:20,CUST_1723BF2C14A0,ST_01425,,Aragón,tarjeta,paid,0,tienda,65.55,13.62,79.17,confirmed,True,7,stable
SO-2026-0000532,2026-04-02,2026-04-02T14:45:33,CUST_9A457227890E,,DC_MAD,Comunidad de Madrid,tarjeta,paid,0,ecommerce,116.34,24.1,140.44,confirmed,True,24,stable
SO-2026-0000533,2026-04-02,2026-04-02T13:05:33,CUST_88CC669B29B8,ST_00277,,Comunitat Valenciana,transferencia,pending,15,tienda,148.44,30.88,179.32,confirmed,True,33,stable
SO-2026-0000534,2026-04-02,2026-04-02T15:51:00,CUST_32735373BF4D,,DC_SEV,Andalucía,tarjeta,paid,0,ecommerce,86.26,16.4,102.66,confirmed,True,22,stable
SO-2026-0000535,2026-04-02,2026-04-02T15:01:39,CUST_F7FFB509F08A,,DC_VLC,Comunitat Valenciana,transferencia,pending,15,ecommerce,68.87,14.46,83.33,confirmed,False,16,growing
SO-2026-0000536,2026-04-03,2026-04-03T18:50:31,CUST_B0B608601833,ST_00952,,Cataluña,tarjeta,paid,0,tienda,44.93,9.43,54.36,confirmed,False,11,stable
SO-2026-0000537,2026-04-03,2026-04-03T17:44:12,CUST_03CD21BDDB41,,DC_MAD,Comunidad de Madrid,transferencia,paid,0,ecommerce,24.36,5.12,29.48,confirmed,False,6,stable
SO-2026-0000538,2026-04-03,2026-04-03T20:36:40,CUST_370B0A530DF9,,DC_SEV,Canarias,tarjeta,paid,0,ecommerce,25.75,5.41,31.16,confirmed,False,9,stable
SO-2026-0000539,2026-04-03,2026-04-03T17:24:53,CUST_2D6EB7893986,ST_00981,,Cataluña,transferencia,pending,15,tienda,66.44,13.05,79.49,confirmed,False,9,growing
SO-2026-0000540,2026-04-03,2026-04-03T14:03:50,CUST_7D35788FD0CD,ST_00952,,Cataluña,tarjeta,paid,0,tienda,30.98,6.5,37.48,confirmed,False,9,stable
SO-2026-0000541,2026-04-04,2026-04-04T11:38:28,CUST_13D5709B7D97,,DC_ZGZ,Aragón,tarjeta,paid,0,ecommerce,33.64,7.07,40.71,confirmed,False,9,declining
SO-2026-0000542,2026-04-04,2026-04-04T17:48:26,CUST_F75D6B2D5B09,,DC_SEV,Ciudad Autónoma de Melilla,transferencia,pending,15,ecommerce,107.25,22.52,129.77,confirmed,True,26,stable
SO-2026-0000543,2026-04-04,2026-04-04T12:27:05,CUST_2D6EB7893986,,DC_BCN,Cataluña,tarjeta,pending,15,ecommerce,44.84,9.11,53.95,confirmed,False,6,growing
SO-2026-0000544,2026-04-05,2026-04-05T15:59:29,CUST_E9DD63119ACA,ST_00981,,Cataluña,transferencia,paid,0,tienda,169.58,32.68,202.26,confirmed,True,39,growing
SO-2026-0000545,2026-04-05,2026-04-05T13:39:07,CUST_500EB89BDF7F,ST_00981,,Cataluña,tarjeta,paid,0,tienda,94.37,19.4,113.77,confirmed,False,10,stable
SO-2026-0000546,2026-04-05,2026-04-05T12:20:10,CUST_43B4E1E89E7E,,DC_SEV,Andalucía,tarjeta,paid,0,ecommerce,31.63,6.64,38.27,confirmed,False,6,stable
SO-2026-0000547,2026-04-05,2026-04-05T10:12:14,CUST_BC92039B058C,,DC_BCN,Cataluña,tarjeta,paid,0,ecommerce,26.59,5.58,32.17,confirmed,False,3,stable
SO-2026-0000548,2026-04-06,2026-04-06T12:41:11,CUST_A66F39669FA7,,DC_ZGZ,Galicia,tarjeta,paid,0,ecommerce,29.14,5.96,35.1,confirmed,False,11,stable
SO-2026-0000549,2026-04-06,2026-04-06T13:16:36,CUST_43B4E1E89E7E,,DC_SEV,Andalucía,tarjeta,paid,0,ecommerce,35.41,6.59,42.0,confirmed,False,11,stable
SO-2026-0000550,2026-04-06,2026-04-06T10:14:32,CUST_CBD5F73936E9,ST_01294,,Canarias,transferencia,paid,0,tienda,109.09,22.01,131.1,confirmed,True,23,stable
SO-2026-0000551,2026-04-06,2026-04-06T14:47:11,CUST_C1D7F3025D16,,DC_MAD,Castilla y León,tarjeta,pending,30,ecommerce,39.63,8.32,47.95,confirmed,False,7,stable
SO-2026-0000552,2026-04-07,2026-04-07T14:05:19,CUST_DEF568F45BCE,ST_00981,,Cataluña,tarjeta,paid,0,tienda,62.9,13.21,76.11,confirmed,True,12,growing
SO-2026-0000553,2026-04-07,2026-04-07T09:54:42,CUST_1EB753FFD3A2,ST_00952,,Cataluña,tarjeta,paid,0,tienda,41.43,8.7,50.13,confirmed,True,3,declining
SO-2026-0000554,2026-04-07,2026-04-07T15:28:51,CUST_F75D6B2D5B09,,DC_SEV,Ciudad Autónoma de Melilla,tarjeta,pending,15,ecommerce,130.88,27.49,158.37,confirmed,False,24,stable
SO-2026-0000555,2026-04-07,2026-04-07T16:08:28,CUST_BC92039B058C,,DC_BCN,Cataluña,tarjeta,paid,0,ecommerce,20.07,3.43,23.5,confirmed,False,6,stable
SO-2026-0000556,2026-04-07,2026-04-07T18:58:37,CUST_CDFD302B7831,ST_00981,,Cataluña,tarjeta,paid,0,tienda,152.55,27.25,179.8,confirmed,True,18,stable
SO-2026-0000557,2026-04-08,2026-04-08T09:43:35,CUST_5560C96B5EDB,,DC_BCN,Cataluña,tarjeta,paid,0,ecommerce,28.48,4.97,33.45,confirmed,False,5,growing
SO-2026-0000558,2026-04-08,2026-04-08T18:13:08,CUST_03CD21BDDB41,,DC_MAD,Comunidad de Madrid,tarjeta,paid,0,ecommerce,24.16,4.67,28.83,confirmed,True,6,stable
SO-2026-0000559,2026-04-08,2026-04-08T11:12:27,CUST_4B1F0977C513,,DC_ZGZ,Galicia,tarjeta,paid,0,ecommerce,54.2,11.38,65.58,confirmed,True,11,stable
SO-2026-0000560,2026-04-08,2026-04-08T18:03:30,CUST_6667E3B56360,,DC_BCN,Cataluña,transferencia,pending,30,ecommerce,52.83,7.49,60.32,confirmed,False,9,declining
SO-2026-0000561,2026-04-08,2026-04-08T17:41:40,CUST_7688CE4758BE,,DC_MAD,Comunidad de Madrid,transferencia,paid,0,ecommerce,72.8,14.75,87.55,confirmed,False,13,stable
SO-2026-0000562,2026-04-09,2026-04-09T12:00:54,CUST_1723BF2C14A0,ST_01425,,Aragón,tarjeta,paid,0,tienda,62.3,13.08,75.38,confirmed,True,9,stable
SO-2026-0000563,2026-04-09,2026-04-09T16:12:07,CUST_D8E739681C81,,DC_ZGZ,País Vasco,tarjeta,paid,0,ecommerce,33.6,7.05,40.65,confirmed,False,3,stable
SO-2026-0000564,2026-04-09,2026-04-09T16:55:52,CUST_6667E3B56360,,DC_BCN,Cataluña,contrareembolso,pending,30,ecommerce,57.94,11.15,69.09,confirmed,False,12,declining
SO-2026-0000565,2026-04-09,2026-04-09T09:17:23,CUST_E670FC48F615,,DC_ZGZ,País Vasco,contrareembolso,paid,0,ecommerce,33.92,7.12,41.04,confirmed,False,6,growing
SO-2026-0000566,2026-04-09,2026-04-09T18:31:12,CUST_D6C6DC5E4E78,,DC_MAD,Comunidad de Madrid,transferencia,paid,0,ecommerce,43.04,9.04,52.08,confirmed,False,7,stable
SO-2026-0000567,2026-04-09,2026-04-09T20:48:08,CUST_B36A69BE173A,,DC_MAD,Comunidad de Madrid,transferencia,pending,30,ecommerce,312.82,58.4,371.22,confirmed,True,45,stable
SO-2026-0000568,2026-04-09,2026-04-09T15:05:14,CUST_370B0A530DF9,ST_01294,,Canarias,tarjeta,paid,0,tienda,29.12,6.11,35.23,confirmed,True,6,stable
SO-2026-0000569,2026-04-09,2026-04-09T17:00:21,CUST_32B821768DD7,,DC_MAD,Comunidad de Madrid,tarjeta,paid,0,ecommerce,21.22,3.37,24.59,confirmed,False,3,growing
SO-2026-0000570,2026-04-10,2026-04-10T13:32:24,CUST_9E5DC5ACC354,,DC_ZGZ,Aragón,tarjeta,paid,0,ecommerce,57.61,12.1,69.71,confirmed,True,11,growing
SO-2026-0000571,2026-04-11,2026-04-11T15:04:52,CUST_5B99E61FECC0,ST_00952,,Cataluña,tarjeta,paid,0,tienda,50.87,9.68,60.55,confirmed,True,9,growing
SO-2026-0000572,2026-04-11,2026-04-11T14:28:20,CUST_019059DCABD0,,DC_BCN,Cataluña,contrareembolso,paid,0,ecommerce,19.86,2.11,21.97,confirmed,False,2,stable
SO-2026-0000573,2026-04-11,2026-04-11T09:57:48,CUST_67B01D7C0098,,DC_BCN,Cataluña,tarjeta,pending,15,ecommerce,80.17,16.23,96.4,confirmed,False,13,stable
SO-2026-0000574,2026-04-11,2026-04-11T18:15:58,CUST_69298693FD9D,,DC_SEV,Canarias,tarjeta,paid,0,ecommerce,37.83,5.43,43.26,confirmed,False,5,stable
SO-2026-0000575,2026-04-11,2026-04-11T19:57:07,CUST_D10341241BB4,,DC_MAD,Comunidad de Madrid,tarjeta,paid,0,ecommerce,156.89,31.87,188.76,confirmed,True,23,growing
SO-2026-0000576,2026-04-11,2026-04-11T15:52:01,CUST_FE74DD83AD03,,DC_BCN,Cataluña,tarjeta,paid,0,ecommerce,45.42,9.03,54.45,confirmed,False,5,declining
SO-2026-0000577,2026-04-11,2026-04-11T18:08:03,CUST_DFDA28B2BF21,,DC_VLC,Comunitat Valenciana,tarjeta,paid,0,ecommerce,48.58,10.2,58.78,confirmed,False,3,stable
SO-2026-0000578,2026-04-11,2026-04-11T10:48:01,CUST_E08211A529B4,,DC_ZGZ,Principado de Asturias,tarjeta,paid,0,ecommerce,41.76,8.17,49.93,confirmed,False,13,stable
SO-2026-0000579,2026-04-11,2026-04-11T11:25:36,CUST_68F8EEB19AD2,,DC_BCN,Cataluña,contrareembolso,paid,0,ecommerce,48.5,10.19,58.69,confirmed,False,4,declining
SO-2026-0000580,2026-04-11,2026-04-11T19:53:23,CUST_2D6EB7893986,ST_00981,,Cataluña,tarjeta,pending,15,tienda,51.39,10.42,61.81,confirmed,True,10,growing
SO-2026-0000581,2026-04-11,2026-04-11T14:44:06,CUST_2B8C5780BE17,,DC_ZGZ,Comunidad Foral de Navarra,tarjeta,paid,0,ecommerce,69.69,14.31,84.0,confirmed,True,6,growing
SO-2026-0000582,2026-04-11,2026-04-11T14:49:18,CUST_9BE492701D60,,DC_BCN,Cataluña,tarjeta,paid,0,ecommerce,48.77,10.24,59.01,confirmed,False,7,growing
SO-2026-0000583,2026-04-12,2026-04-12T11:23:28,CUST_064025B8FD4B,ST_00952,,Cataluña,contrareembolso,paid,0,tienda,161.63,31.01,192.64,confirmed,True,32,stable
SO-2026-0000584,2026-04-12,2026-04-12T13:19:51,CUST_6DAA8861FE18,,DC_ZGZ,Galicia,tarjeta,paid,0,ecommerce,16.49,3.46,19.95,confirmed,False,2,growing
SO-2026-0000585,2026-04-12,2026-04-12T14:00:58,CUST_FE74DD83AD03,,DC_BCN,Cataluña,contrareembolso,paid,0,ecommerce,22.33,4.69,27.02,confirmed,True,4,declining
SO-2026-0000586,2026-04-13,2026-04-13T14:04:07,CUST_5913785299F4,,DC_ZGZ,País Vasco,tarjeta,paid,0,ecommerce,55.22,11.6,66.82,confirmed,False,7,declining
SO-2026-0000587,2026-04-13,2026-04-13T20:58:23,CUST_D55791DDB9BF,,DC_SEV,Andalucía,tarjeta,paid,0,ecommerce,53.53,11.24,64.77,confirmed,True,10,stable
SO-2026-0000588,2026-04-13,2026-04-13T19:59:26,CUST_E08211A529B4,,DC_ZGZ,Principado de Asturias,tarjeta,paid,0,ecommerce,40.24,8.09,48.33,confirmed,False,5,stable
SO-2026-0000589,2026-04-14,2026-04-14T19:46:18,CUST_ACDA1165E210,,DC_MAD,Castilla y León,tarjeta,paid,0,ecommerce,19.26,4.04,23.3,confirmed,False,3,declining
SO-2026-0000590,2026-04-14,2026-04-14T14:27:42,CUST_0B9B23C86D30,,DC_MAD,Comunidad de Madrid,tarjeta,paid,0,ecommerce,60.68,12.74,73.42,confirmed,False,15,growing
SO-2026-0000591,2026-04-14,2026-04-14T20:57:24,CUST_019059DCABD0,ST_00981,,Cataluña,tarjeta,paid,0,tienda,21.71,4.56,26.27,confirmed,False,3,stable
SO-2026-0000592,2026-04-15,2026-04-15T20:47:11,CUST_989DE15CA666,,DC_BCN,Cataluña,tarjeta,paid,0,ecommerce,35.18,3.77,38.95,confirmed,False,2,stable
SO-2026-0000593,2026-04-15,2026-04-15T12:24:33,CUST_5560C96B5EDB,ST_00952,,Cataluña,tarjeta,paid,0,tienda,26.63,5.59,32.22,confirmed,False,4,growing
SO-2026-0000594,2026-04-15,2026-04-15T18:29:12,CUST_3510B4746349,,DC_BCN,Cataluña,transferencia,paid,0,ecommerce,60.69,12.74,73.43,confirmed,False,14,stable
SO-2026-0000595,2026-04-15,2026-04-15T16:31:35,CUST_7ED1C9B7C9BC,ST_00981,,Cataluña,tarjeta,pending,30,tienda,154.41,32.43,186.84,confirmed,True,36,growing
SO-2026-0000596,2026-04-15,2026-04-15T12:30:07,CUST_749057D337D3,,DC_MAD,Castilla-La Mancha,tarjeta,paid,0,ecommerce,9.92,2.08,12.0,confirmed,False,1,declining
SO-2026-0000597,2026-04-15,2026-04-15T15:44:21,CUST_F55D6D268B37,,DC_BCN,Cataluña,tarjeta,paid,0,ecommerce,23.47,4.93,28.4,confirmed,False,5,growing
SO-2026-0000598,2026-04-15,2026-04-15T20:04:29,CUST_F18C131EB723,,DC_MAD,Castilla-La Mancha,contrareembolso,paid,0,ecommerce,15.12,3.18,18.3,confirmed,False,3,stable
SO-2026-0000599,2026-04-16,2026-04-16T12:07:09,CUST_989DE15CA666,ST_00981,,Cataluña,tarjeta,paid,0,tienda,53.22,10.26,63.48,confirmed,True,7,stable
SO-2026-0000600,2026-04-16,2026-04-16T10:46:15,CUST_E3B10A3450FC,,DC_ZGZ,Cantabria,transferencia,paid,0,ecommerce,23.69,4.97,28.66,confirmed,False,6,stable
SO-2026-0000601,2026-04-16,2026-04-16T11:45:00,CUST_CA3DC5CE099C,ST_01403,,Aragón,transferencia,pending,15,tienda,64.52,12.95,77.47,confirmed,True,13,stable
SO-2026-0000602,2026-04-16,2026-04-16T17:54:58,CUST_4D57D865D69A,,DC_ZGZ,País Vasco,transferencia,paid,0,ecommerce,61.58,12.93,74.51,confirmed,False,9,stable
SO-2026-0000603,2026-04-16,2026-04-16T20:26:47,CUST_9E5DC5ACC354,ST_01403,,Aragón,contrareembolso,paid,0,tienda,57.25,11.86,69.11,confirmed,True,13,growing
SO-2026-0000604,2026-04-16,2026-04-16T10:34:23,CUST_44BE7EA5A387,,DC_BCN,Cataluña,contrareembolso,paid,0,ecommerce,15.03,3.16,18.19,confirmed,False,5,declining
SO-2026-0000605,2026-04-16,2026-04-16T10:39:02,CUST_9DB589A3C811,ST_00952,,Cataluña,contrareembolso,paid,0,tienda,47.12,9.03,56.15,confirmed,True,10,declining
SO-2026-0000606,2026-04-16,2026-04-16T17:44:52,CUST_2D6EB7893986,,DC_BCN,Cataluña,transferencia,pending,15,ecommerce,53.68,10.82,64.5,confirmed,False,11,growing
SO-2026-0000607,2026-04-16,2026-04-16T12:06:08,CUST_A91C43E8644B,ST_00374,,Comunitat Valenciana,transferencia,paid,0,tienda,76.68,15.25,91.93,confirmed,True,14,stable
SO-2026-0000608,2026-04-17,2026-04-17T12:45:10,CUST_0710F071D879,ST_00952,,Cataluña,tarjeta,paid,0,tienda,20.61,4.33,24.94,confirmed,False,2,stable
SO-2026-0000609,2026-04-17,2026-04-17T15:09:48,CUST_A66F39669FA7,,DC_ZGZ,Galicia,tarjeta,paid,0,ecommerce,36.49,7.41,43.9,confirmed,False,4,stable
SO-2026-0000610,2026-04-17,2026-04-17T12:44:34,CUST_F75D6B2D5B09,,DC_SEV,Ciudad Autónoma de Melilla,transferencia,pending,15,ecommerce,127.64,26.81,154.45,confirmed,True,33,stable
SO-2026-0000611,2026-04-17,2026-04-17T10:53:56,CUST_86342BA6ADB3,ST_00952,,Cataluña,tarjeta,paid,0,tienda,27.0,5.67,32.67,confirmed,False,6,stable
SO-2026-0000612,2026-04-17,2026-04-17T14:06:05,CUST_7ED1C9B7C9BC,,DC_BCN,Cataluña,tarjeta,pending,30,ecommerce,126.88,26.64,153.52,confirmed,False,19,growing
SO-2026-0000613,2026-04-17,2026-04-17T20:50:38,CUST_9CBF74102D5D,,DC_MAD,Comunidad de Madrid,tarjeta,paid,0,ecommerce,26.61,5.59,32.2,confirmed,False,8,stable
SO-2026-0000614,2026-04-18,2026-04-18T18:33:45,CUST_93B712F70C97,ST_00952,,Cataluña,tarjeta,paid,0,tienda,33.96,7.13,41.09,confirmed,False,1,declining
SO-2026-0000615,2026-04-18,2026-04-18T13:44:58,CUST_9C1C85D2D0A6,,DC_BCN,Cataluña,transferencia,pending,15,ecommerce,37.21,7.82,45.03,confirmed,False,11,declining
SO-2026-0000616,2026-04-18,2026-04-18T16:06:19,CUST_B7F23DEFA849,,DC_SEV,Andalucía,tarjeta,paid,0,ecommerce,53.6,11.25,64.85,confirmed,False,9,stable
SO-2026-0000617,2026-04-18,2026-04-18T19:45:07,CUST_9E5DC5ACC354,,DC_ZGZ,Aragón,transferencia,paid,0,ecommerce,55.85,11.58,67.43,confirmed,False,15,growing
SO-2026-0000618,2026-04-18,2026-04-18T14:40:40,CUST_DFDA28B2BF21,ST_00277,,Comunitat Valenciana,tarjeta,paid,0,tienda,50.76,9.82,60.58,confirmed,True,8,stable
SO-2026-0000619,2026-04-18,2026-04-18T13:59:30,CUST_2B8C5780BE17,,DC_ZGZ,Comunidad Foral de Navarra,contrareembolso,paid,0,ecommerce,65.78,10.21,75.99,confirmed,False,6,growing
SO-2026-0000620,2026-04-18,2026-04-18T10:08:06,CUST_9BE492701D60,ST_00981,,Cataluña,tarjeta,paid,0,tienda,58.39,11.75,70.14,confirmed,True,17,growing
SO-2026-0000621,2026-04-19,2026-04-19T15:58:14,CUST_1723BF2C14A0,,DC_ZGZ,Aragón,transferencia,paid,0,ecommerce,55.38,11.63,67.01,confirmed,False,8,stable
SO-2026-0000622,2026-04-19,2026-04-19T15:23:03,CUST_3D131E2C2E7D,,DC_BCN,Cataluña,transferencia,paid,0,ecommerce,83.83,15.82,99.65,confirmed,False,13,stable
SO-2026-0000623,2026-04-19,2026-04-19T18:59:02,CUST_2B8C5780BE17,,DC_ZGZ,Comunidad Foral de Navarra,tarjeta,paid,0,ecommerce,58.05,11.7,69.75,confirmed,False,7,growing
SO-2026-0000624,2026-04-20,2026-04-20T18:06:09,CUST_EAC8DE9F6F5B,,DC_MAD,Comunidad de Madrid,tarjeta,paid,0,ecommerce,38.15,8.01,46.16,confirmed,False,8,stable
SO-2026-0000625,2026-04-20,2026-04-20T13:08:42,CUST_D55791DDB9BF,,DC_SEV,Andalucía,tarjeta,paid,0,ecommerce,52.71,11.07,63.78,confirmed,False,9,stable
SO-2026-0000626,2026-04-20,2026-04-20T14:54:05,CUST_78C50BC57207,,DC_MAD,Castilla-La Mancha,tarjeta,paid,0,ecommerce,71.83,15.09,86.92,confirmed,False,7,stable
SO-2026-0000627,2026-04-20,2026-04-20T18:56:52,CUST_370B0A530DF9,ST_01294,,Canarias,tarjeta,paid,0,tienda,28.69,6.02,34.71,confirmed,True,9,stable
SO-2026-0000628,2026-04-20,2026-04-20T18:23:23,CUST_702F62CCC604,,DC_BCN,Cataluña,contrareembolso,pending,15,ecommerce,76.78,16.12,92.9,confirmed,False,8,stable
SO-2026-0000629,2026-04-21,2026-04-21T14:46:11,CUST_01827A1B5806,ST_00952,,Cataluña,tarjeta,paid,0,tienda,117.18,23.56,140.74,confirmed,True,22,declining
SO-2026-0000630,2026-04-21,2026-04-21T17:57:11,CUST_716F45A88829,,DC_BCN,Cataluña,tarjeta,paid,0,ecommerce,58.99,12.39,71.38,confirmed,False,8,growing
SO-2026-0000631,2026-04-21,2026-04-21T10:25:30,CUST_D2C76118433B,,DC_ZGZ,País Vasco,transferencia,paid,0,ecommerce,32.13,6.34,38.47,confirmed,False,5,declining
SO-2026-0000632,2026-04-21,2026-04-21T13:00:07,CUST_7688CE4758BE,,DC_MAD,Comunidad de Madrid,contrareembolso,paid,0,ecommerce,80.24,15.59,95.83,confirmed,True,16,stable
SO-2026-0000633,2026-04-21,2026-04-21T13:32:09,CUST_F55D6D268B37,ST_00952,,Cataluña,contrareembolso,paid,0,tienda,53.02,11.13,64.15,confirmed,False,3,growing
SO-2026-0000634,2026-04-22,2026-04-22T20:41:16,CUST_989DE15CA666,,DC_BCN,Cataluña,tarjeta,paid,0,ecommerce,28.29,5.94,34.23,confirmed,False,5,stable
SO-2026-0000635,2026-04-22,2026-04-22T17:29:10,CUST_87EA8DB06746,ST_00952,,Cataluña,tarjeta,paid,0,tienda,49.5,10.4,59.9,confirmed,False,4,declining
SO-2026-0000636,2026-04-22,2026-04-22T12:16:39,CUST_B7F23DEFA849,,DC_SEV,Andalucía,tarjeta,paid,0,ecommerce,50.6,10.19,60.79,confirmed,False,15,stable
SO-2026-0000637,2026-04-22,2026-04-22T13:22:12,CUST_FE74DD83AD03,ST_00952,,Cataluña,tarjeta,paid,0,tienda,20.98,4.4,25.38,confirmed,False,1,declining
SO-2026-0000638,2026-04-22,2026-04-22T10:41:37,CUST_A3BF388C9751,ST_01425,,Aragón,transferencia,paid,0,tienda,25.4,5.23,30.63,confirmed,True,5,declining
SO-2026-0000639,2026-04-23,2026-04-23T20:52:14,CUST_76F2CD29A36F,,DC_ZGZ,País Vasco,contrareembolso,paid,0,ecommerce,190.2,37.98,228.18,confirmed,False,27,stable
SO-2026-0000640,2026-04-23,2026-04-23T10:37:16,CUST_13D5709B7D97,ST_01425,,Aragón,transferencia,paid,0,tienda,29.58,6.21,35.79,confirmed,True,5,declining
SO-2026-0000641,2026-04-23,2026-04-23T10:58:31,CUST_5A31CD4B69A9,,DC_ZGZ,Comunidad Foral de Navarra,transferencia,paid,0,ecommerce,41.59,8.52,50.11,confirmed,False,11,declining
SO-2026-0000642,2026-04-23,2026-04-23T20:09:41,CUST_43B4E1E89E7E,,DC_SEV,Andalucía,tarjeta,paid,0,ecommerce,29.53,6.2,35.73,confirmed,True,10,stable
SO-2026-0000643,2026-04-23,2026-04-23T10:09:07,CUST_27377A6A2107,,DC_SEV,Andalucía,tarjeta,paid,0,ecommerce,107.53,21.68,129.21,confirmed,True,16,stable
SO-2026-0000644,2026-04-23,2026-04-23T17:51:30,CUST_F55D6D268B37,,DC_BCN,Cataluña,tarjeta,paid,0,ecommerce,22.46,3.74,26.2,confirmed,False,5,growing
SO-2026-0000645,2026-04-24,2026-04-24T19:16:52,CUST_A9D3505CC686,,DC_SEV,Andalucía,tarjeta,pending,15,ecommerce,78.8,16.55,95.35,confirmed,True,15,stable
SO-2026-0000646,2026-04-24,2026-04-24T10:12:16,CUST_EAC8DE9F6F5B,,DC_MAD,Comunidad de Madrid,tarjeta,paid,0,ecommerce,42.64,8.95,51.59,confirmed,False,10,stable
SO-2026-0000647,2026-04-25,2026-04-25T09:00:06,CUST_0710F071D879,ST_00952,,Cataluña,tarjeta,paid,0,tienda,21.19,4.11,25.3,confirmed,True,8,stable
SO-2026-0000648,2026-04-25,2026-04-25T18:23:29,CUST_3DA7AEE1E86B,,DC_ZGZ,Principado de Asturias,contrareembolso,paid,0,ecommerce,60.49,12.16,72.65,confirmed,False,13,growing
SO-2026-0000649,2026-04-25,2026-04-25T13:11:54,CUST_500EB89BDF7F,ST_00981,,Cataluña,transferencia,paid,0,tienda,72.26,15.17,87.43,confirmed,True,6,stable
SO-2026-0000650,2026-04-25,2026-04-25T10:34:02,CUST_2D6EB7893986,,DC_BCN,Cataluña,transferencia,pending,15,ecommerce,45.96,9.49,55.45,confirmed,False,8,growing
SO-2026-0000651,2026-04-25,2026-04-25T09:21:32,CUST_A91C43E8644B,,DC_VLC,Comunitat Valenciana,transferencia,paid,0,ecommerce,78.19,14.77,92.96,confirmed,False,11,stable
SO-2026-0000652,2026-04-26,2026-04-26T09:17:42,CUST_989DE15CA666,,DC_BCN,Cataluña,transferencia,paid,0,ecommerce,33.97,7.13,41.1,confirmed,False,6,stable
SO-2026-0000653,2026-04-26,2026-04-26T18:46:42,CUST_500EB89BDF7F,ST_00981,,Cataluña,tarjeta,paid,0,tienda,64.79,10.99,75.78,confirmed,True,9,stable
SO-2026-0000654,2026-04-27,2026-04-27T17:58:03,CUST_C1D7F3025D16,,DC_MAD,Castilla y León,transferencia,pending,30,ecommerce,40.33,8.29,48.62,confirmed,True,11,stable
SO-2026-0000655,2026-04-28,2026-04-28T17:21:39,CUST_6DAA8861FE18,,DC_ZGZ,Galicia,contrareembolso,paid,0,ecommerce,18.6,3.91,22.51,confirmed,False,5,growing
SO-2026-0000656,2026-04-28,2026-04-28T18:56:19,CUST_5A31CD4B69A9,,DC_ZGZ,Comunidad Foral de Navarra,tarjeta,paid,0,ecommerce,42.95,9.02,51.97,confirmed,False,6,declining
SO-2026-0000657,2026-04-28,2026-04-28T13:33:19,CUST_0B9B23C86D30,,DC_MAD,Comunidad de Madrid,tarjeta,paid,0,ecommerce,43.59,9.15,52.74,confirmed,False,5,growing
SO-2026-0000658,2026-04-28,2026-04-28T11:17:48,CUST_BC92039B058C,,DC_BCN,Cataluña,tarjeta,paid,0,ecommerce,18.26,3.83,22.09,confirmed,False,4,stable
SO-2026-0000659,2026-04-28,2026-04-28T12:07:20,CUST_F7FFB509F08A,ST_00374,,Comunitat Valenciana,tarjeta,pending,15,tienda,72.6,14.73,87.33,confirmed,False,15,growing
SO-2026-0000660,2026-04-29,2026-04-29T19:12:23,CUST_019059DCABD0,,DC_BCN,Cataluña,transferencia,paid,0,ecommerce,30.55,6.42,36.97,confirmed,False,9,stable
SO-2026-0000661,2026-04-29,2026-04-29T16:25:31,CUST_E9DD63119ACA,,DC_BCN,Cataluña,tarjeta,paid,0,ecommerce,174.57,36.54,211.11,confirmed,True,27,growing
SO-2026-0000662,2026-04-29,2026-04-29T13:06:09,CUST_929C33C08BF1,,DC_MAD,Comunidad de Madrid,contrareembolso,paid,0,ecommerce,82.96,17.27,100.23,confirmed,False,9,growing
SO-2026-0000663,2026-04-29,2026-04-29T12:11:20,CUST_370B0A530DF9,ST_01294,,Canarias,tarjeta,paid,0,tienda,38.33,8.05,46.38,confirmed,True,10,stable
SO-2026-0000664,2026-04-29,2026-04-29T18:08:30,CUST_C1D7F3025D16,,DC_MAD,Castilla y León,tarjeta,pending,30,ecommerce,61.41,8.62,70.03,confirmed,True,11,stable
SO-2026-0000665,2026-04-30,2026-04-30T11:26:58,CUST_008D610461E3,ST_00952,,Cataluña,tarjeta,paid,0,tienda,55.39,11.39,66.78,confirmed,True,18,stable
SO-2026-0000666,2026-04-30,2026-04-30T19:23:44,CUST_907B978648F8,,DC_ZGZ,País Vasco,transferencia,paid,0,ecommerce,73.99,15.54,89.53,confirmed,False,20,stable
SO-2026-0000667,2026-04-30,2026-04-30T11:20:30,CUST_E3B10A3450FC,,DC_ZGZ,Cantabria,tarjeta,paid,0,ecommerce,20.09,4.22,24.31,confirmed,False,8,stable
SO-2026-0000668,2026-04-30,2026-04-30T11:29:22,CUST_CA3DC5CE099C,,DC_ZGZ,Aragón,transferencia,pending,15,ecommerce,43.69,9.18,52.87,confirmed,False,8,stable
SO-2026-0000669,2026-04-30,2026-04-30T19:02:02,CUST_36D5F37FD50D,ST_00952,,Cataluña,transferencia,paid,0,tienda,18.18,3.82,22.0,confirmed,True,1,stable
SO-2026-0000670,2026-04-30,2026-04-30T16:56:54,CUST_43B4E1E89E7E,,DC_SEV,Andalucía,tarjeta,paid,0,ecommerce,70.75,14.86,85.61,confirmed,False,6,stable
SO-2026-0000671,2026-04-30,2026-04-30T09:39:44,CUST_3D131E2C2E7D,,DC_BCN,Cataluña,tarjeta,paid,0,ecommerce,79.65,16.04,95.69,confirmed,False,4,stable
SO-2026-0000672,2026-04-30,2026-04-30T10:52:01,CUST_E670FC48F615,,DC_ZGZ,País Vasco,contrareembolso,paid,0,ecommerce,37.69,7.74,45.43,confirmed,False,7,growing
SO-2026-0000673,2026-04-30,2026-04-30T15:09:49,CUST_71EFAE13591E,,DC_ZGZ,Aragón,tarjeta,paid,0,ecommerce,24.51,5.15,29.66,confirmed,False,2,stable
SO-2026-0000674,2026-04-30,2026-04-30T09:25:26,CUST_2D6EB7893986,ST_00981,,Cataluña,tarjeta,pending,15,tienda,33.98,6.8,40.78,confirmed,True,7,growing
SO-2026-0000675,2026-05-01,2026-05-01T15:50:10,CUST_ACDA1165E210,,DC_MAD,Castilla y León,tarjeta,paid,0,ecommerce,24.21,4.87,29.08,confirmed,False,6,declining
SO-2026-0000676,2026-05-01,2026-05-01T18:14:10,CUST_87EA8DB06746,,DC_BCN,Cataluña,tarjeta,paid,0,ecommerce,19.66,4.13,23.79,confirmed,False,4,declining
SO-2026-0000677,2026-05-01,2026-05-01T11:58:57,CUST_93B712F70C97,ST_00952,,Cataluña,tarjeta,paid,0,tienda,15.21,2.84,18.05,confirmed,False,5,declining
SO-2026-0000678,2026-05-01,2026-05-01T12:16:05,CUST_B0B608601833,,DC_BCN,Cataluña,tarjeta,paid,0,ecommerce,31.74,6.66,38.4,confirmed,False,6,stable
SO-2026-0000679,2026-05-01,2026-05-01T12:37:38,CUST_716F45A88829,,DC_BCN,Cataluña,tarjeta,paid,0,ecommerce,54.15,11.37,65.52,confirmed,False,6,growing
SO-2026-0000680,2026-05-01,2026-05-01T18:24:30,CUST_6667E3B56360,,DC_BCN,Cataluña,transferencia,pending,30,ecommerce,89.48,14.63,104.11,confirmed,False,5,declining
SO-2026-0000681,2026-05-01,2026-05-01T19:05:57,CUST_9E5DC5ACC354,,DC_ZGZ,Aragón,tarjeta,paid,0,ecommerce,79.59,16.36,95.95,confirmed,False,14,growing
SO-2026-0000682,2026-05-01,2026-05-01T14:33:26,CUST_31F322F3F068,,DC_SEV,Andalucía,tarjeta,paid,0,ecommerce,65.35,13.72,79.07,confirmed,False,11,stable
SO-2026-0000683,2026-05-01,2026-05-01T19:11:55,CUST_E670FC48F615,,DC_ZGZ,País Vasco,contrareembolso,paid,0,ecommerce,63.12,13.25,76.37,confirmed,False,7,growing
SO-2026-0000684,2026-05-01,2026-05-01T16:11:50,CUST_71EFAE13591E,,DC_ZGZ,Aragón,tarjeta,paid,0,ecommerce,27.72,4.53,32.25,confirmed,False,6,stable
SO-2026-0000685,2026-05-01,2026-05-01T15:56:39,CUST_D6C6DC5E4E78,,DC_MAD,Comunidad de Madrid,tarjeta,paid,0,ecommerce,34.6,7.26,41.86,confirmed,False,8,stable
SO-2026-0000686,2026-05-02,2026-05-02T12:19:46,CUST_0710F071D879,,DC_BCN,Cataluña,transferencia,paid,0,ecommerce,25.77,5.03,30.8,confirmed,False,6,stable
SO-2026-0000687,2026-05-02,2026-05-02T17:58:57,CUST_01827A1B5806,ST_00952,,Cataluña,tarjeta,paid,0,tienda,95.41,19.73,115.14,confirmed,True,19,declining
SO-2026-0000688,2026-05-02,2026-05-02T18:09:34,CUST_03CD21BDDB41,,DC_MAD,Comunidad de Madrid,tarjeta,paid,0,ecommerce,29.99,4.5,34.49,confirmed,False,5,stable
SO-2026-0000689,2026-05-02,2026-05-02T10:38:30,CUST_716F45A88829,ST_00981,,Cataluña,contrareembolso,paid,0,tienda,62.21,13.07,75.28,confirmed,False,13,growing
SO-2026-0000690,2026-05-02,2026-05-02T12:09:20,CUST_113620509C62,ST_00952,,Cataluña,transferencia,paid,0,tienda,28.64,6.02,34.66,confirmed,False,7,growing
SO-2026-0000691,2026-05-02,2026-05-02T10:56:15,CUST_7ED1C9B7C9BC,ST_00981,,Cataluña,contrareembolso,pending,30,tienda,132.19,27.65,159.84,confirmed,True,30,growing
SO-2026-0000692,2026-05-02,2026-05-02T13:18:59,CUST_E08211A529B4,,DC_ZGZ,Principado de Asturias,tarjeta,paid,0,ecommerce,44.51,9.14,53.65,confirmed,False,13,stable
SO-2026-0000693,2026-05-04,2026-05-04T10:39:38,CUST_0DE069CA97D2,,DC_ZGZ,Galicia,transferencia,paid,0,ecommerce,138.8,22.46,161.26,confirmed,False,19,declining
SO-2026-0000694,2026-05-04,2026-05-04T13:51:30,CUST_0B9B23C86D30,,DC_MAD,Comunidad de Madrid,tarjeta,paid,0,ecommerce,56.03,11.77,67.8,confirmed,False,9,growing
SO-2026-0000695,2026-05-04,2026-05-04T09:00:46,CUST_BC92039B058C,,DC_BCN,Cataluña,tarjeta,paid,0,ecommerce,23.48,4.93,28.41,confirmed,False,2,stable
SO-2026-0000696,2026-05-04,2026-05-04T13:34:34,CUST_4CE922D90DB3,ST_00952,,Cataluña,tarjeta,paid,0,tienda,9.55,1.85,11.4,confirmed,False,2,declining
SO-2026-0000697,2026-05-04,2026-05-04T14:05:35,CUST_702F62CCC604,,DC_BCN,Cataluña,tarjeta,pending,15,ecommerce,57.26,12.02,69.28,confirmed,False,15,stable
SO-2026-0000698,2026-05-05,2026-05-05T19:46:54,CUST_13D5709B7D97,,DC_ZGZ,Aragón,tarjeta,paid,0,ecommerce,31.5,6.61,38.11,confirmed,False,6,declining
SO-2026-0000699,2026-05-05,2026-05-05T11:06:33,CUST_86342BA6ADB3,,DC_BCN,Cataluña,transferencia,paid,0,ecommerce,41.98,8.82,50.8,confirmed,True,7,stable
SO-2026-0000700,2026-05-05,2026-05-05T16:25:17,CUST_BC92039B058C,ST_00952,,Cataluña,tarjeta,paid,0,tienda,25.48,5.2,30.68,confirmed,True,9,stable
SO-2026-0000701,2026-05-05,2026-05-05T12:30:30,CUST_D10341241BB4,,DC_MAD,Comunidad de Madrid,transferencia,paid,0,ecommerce,154.52,29.76,184.28,confirmed,False,25,growing
SO-2026-0000702,2026-05-05,2026-05-05T10:16:52,CUST_EAC8DE9F6F5B,,DC_MAD,Comunidad de Madrid,tarjeta,paid,0,ecommerce,38.25,8.03,46.28,confirmed,True,9,stable
SO-2026-0000703,2026-05-05,2026-05-05T12:35:57,CUST_749057D337D3,,DC_MAD,Castilla-La Mancha,tarjeta,paid,0,ecommerce,10.4,2.19,12.59,confirmed,False,4,declining
SO-2026-0000704,2026-05-05,2026-05-05T16:52:08,CUST_370B0A530DF9,ST_01294,,Canarias,tarjeta,paid,0,tienda,21.95,4.61,26.56,confirmed,True,5,stable
SO-2026-0000705,2026-05-05,2026-05-05T13:26:39,CUST_32B821768DD7,,DC_MAD,Comunidad de Madrid,tarjeta,paid,0,ecommerce,13.51,2.29,15.8,confirmed,False,6,growing
SO-2026-0000706,2026-05-05,2026-05-05T16:06:17,CUST_702F62CCC604,,DC_BCN,Cataluña,tarjeta,pending,15,ecommerce,58.6,12.31,70.91,confirmed,False,13,stable
SO-2026-0000707,2026-05-06,2026-05-06T10:08:54,CUST_ABF3FEC21BBE,,DC_ZGZ,País Vasco,tarjeta,pending,15,ecommerce,28.19,5.92,34.11,confirmed,False,1,stable
SO-2026-0000708,2026-05-06,2026-05-06T11:52:28,CUST_76F2CD29A36F,,DC_ZGZ,País Vasco,tarjeta,paid,0,ecommerce,121.6,25.53,147.13,confirmed,False,13,stable
SO-2026-0000709,2026-05-06,2026-05-06T11:59:40,CUST_907B978648F8,,DC_ZGZ,País Vasco,tarjeta,paid,0,ecommerce,60.9,12.79,73.69,confirmed,True,6,stable
SO-2026-0000710,2026-05-06,2026-05-06T09:57:10,CUST_67B01D7C0098,ST_00952,,Cataluña,transferencia,pending,15,tienda,104.11,18.85,122.96,confirmed,True,19,stable
SO-2026-0000711,2026-05-06,2026-05-06T10:00:42,CUST_31A3828C37E7,,DC_VLC,Islas Baleares,tarjeta,paid,0,ecommerce,28.54,5.91,34.45,confirmed,False,6,stable
SO-2026-0000712,2026-05-06,2026-05-06T20:11:58,CUST_F4488DE7AD6C,,DC_ZGZ,País Vasco,tarjeta,paid,0,ecommerce,73.27,15.2,88.47,confirmed,False,12,growing
SO-2026-0000713,2026-05-06,2026-05-06T19:39:13,CUST_69298693FD9D,,DC_SEV,Canarias,tarjeta,paid,0,ecommerce,39.47,4.67,44.14,confirmed,False,5,stable
SO-2026-0000714,2026-05-06,2026-05-06T13:53:26,CUST_FE74DD83AD03,ST_00952,,Cataluña,tarjeta,paid,0,tienda,21.58,4.53,26.11,confirmed,False,1,declining
SO-2026-0000715,2026-05-07,2026-05-07T18:50:21,CUST_0710F071D879,,DC_BCN,Cataluña,tarjeta,paid,0,ecommerce,13.02,2.74,15.76,confirmed,True,2,stable
SO-2026-0000716,2026-05-07,2026-05-07T17:42:03,CUST_CA3DC5CE099C,,DC_ZGZ,Aragón,tarjeta,pending,15,ecommerce,54.67,11.48,66.15,confirmed,False,6,stable
SO-2026-0000717,2026-05-07,2026-05-07T10:18:37,CUST_B0B608601833,,DC_BCN,Cataluña,tarjeta,paid,0,ecommerce,46.78,9.82,56.6,confirmed,False,5,stable
SO-2026-0000718,2026-05-07,2026-05-07T12:08:22,CUST_36D5F37FD50D,,DC_BCN,Cataluña,contrareembolso,paid,0,ecommerce,11.24,2.36,13.6,confirmed,False,1,stable
SO-2026-0000719,2026-05-07,2026-05-07T13:57:01,CUST_D10341241BB4,,DC_MAD,Comunidad de Madrid,transferencia,paid,0,ecommerce,174.54,33.15,207.69,confirmed,True,30,growing
SO-2026-0000720,2026-05-07,2026-05-07T14:09:07,CUST_D55791DDB9BF,,DC_SEV,Andalucía,tarjeta,paid,0,ecommerce,64.48,13.54,78.02,confirmed,True,7,stable
SO-2026-0000721,2026-05-07,2026-05-07T13:37:24,CUST_71EFAE13591E,ST_01403,,Aragón,tarjeta,paid,0,tienda,29.2,5.69,34.89,confirmed,True,8,stable
SO-2026-0000722,2026-05-07,2026-05-07T11:33:39,CUST_C1D7F3025D16,,DC_MAD,Castilla y León,tarjeta,pending,30,ecommerce,53.83,11.31,65.14,confirmed,False,15,stable
SO-2026-0000723,2026-05-08,2026-05-08T20:22:11,CUST_ABF3FEC21BBE,,DC_ZGZ,País Vasco,tarjeta,pending,15,ecommerce,56.48,11.86,68.34,confirmed,True,5,stable
SO-2026-0000724,2026-05-08,2026-05-08T14:32:15,CUST_A66F39669FA7,,DC_ZGZ,Galicia,tarjeta,paid,0,ecommerce,29.08,5.78,34.86,confirmed,False,4,stable
SO-2026-0000725,2026-05-08,2026-05-08T19:03:07,CUST_895C43B38EB4,,DC_SEV,Andalucía,contrareembolso,paid,0,ecommerce,70.25,14.51,84.76,confirmed,True,19,stable
SO-2026-0000726,2026-05-08,2026-05-08T20:53:36,CUST_DD3F52BDC661,,DC_ZGZ,País Vasco,transferencia,paid,0,ecommerce,97.29,20.43,117.72,confirmed,False,10,growing
SO-2026-0000727,2026-05-08,2026-05-08T13:53:13,CUST_86342BA6ADB3,ST_00952,,Cataluña,tarjeta,paid,0,tienda,26.41,5.55,31.96,confirmed,True,5,stable
SO-2026-0000728,2026-05-08,2026-05-08T11:02:36,CUST_611767C0518B,,DC_MAD,Comunidad de Madrid,transferencia,paid,0,ecommerce,25.42,5.34,30.76,confirmed,False,7,stable
SO-2026-0000729,2026-05-09,2026-05-09T10:07:50,CUST_B386C991603F,,DC_MAD,Comunidad de Madrid,contrareembolso,paid,0,ecommerce,44.83,9.42,54.25,confirmed,False,3,growing
SO-2026-0000730,2026-05-09,2026-05-09T10:16:01,CUST_E3B10A3450FC,,DC_ZGZ,Cantabria,tarjeta,paid,0,ecommerce,41.03,7.77,48.8,confirmed,False,8,stable
SO-2026-0000731,2026-05-09,2026-05-09T18:47:08,CUST_EF5EA723FB72,,DC_SEV,Andalucía,tarjeta,paid,0,ecommerce,47.67,10.01,57.68,confirmed,True,6,growing
SO-2026-0000732,2026-05-09,2026-05-09T15:15:56,CUST_68F8EEB19AD2,ST_00952,,Cataluña,tarjeta,paid,0,tienda,39.92,7.67,47.59,confirmed,False,9,declining
SO-2026-0000733,2026-05-09,2026-05-09T15:03:01,CUST_9BE492701D60,,DC_BCN,Cataluña,transferencia,paid,0,ecommerce,48.26,10.13,58.39,confirmed,False,10,growing
SO-2026-0000734,2026-05-10,2026-05-10T18:32:11,CUST_E9DD63119ACA,ST_00981,,Cataluña,tarjeta,paid,0,tienda,162.38,32.11,194.49,confirmed,True,33,growing
SO-2026-0000735,2026-05-11,2026-05-11T20:44:53,CUST_ABF3FEC21BBE,,DC_ZGZ,País Vasco,transferencia,pending,15,ecommerce,21.17,4.03,25.2,confirmed,False,7,stable
SO-2026-0000736,2026-05-11,2026-05-11T15:40:10,CUST_6667E3B56360,ST_00952,,Cataluña,transferencia,pending,30,tienda,60.18,12.64,72.82,confirmed,True,9,declining
SO-2026-0000737,2026-05-11,2026-05-11T12:45:07,CUST_E9DD63119ACA,,DC_BCN,Cataluña,contrareembolso,paid,0,ecommerce,141.11,29.63,170.74,confirmed,False,14,growing
SO-2026-0000738,2026-05-11,2026-05-11T18:09:29,CUST_43B4E1E89E7E,,DC_SEV,Andalucía,contrareembolso,paid,0,ecommerce,27.98,5.47,33.45,confirmed,False,8,stable
SO-2026-0000739,2026-05-11,2026-05-11T19:01:28,CUST_88CC669B29B8,ST_00277,,Comunitat Valenciana,tarjeta,pending,15,tienda,146.53,30.29,176.82,confirmed,True,33,stable
SO-2026-0000740,2026-05-11,2026-05-11T10:20:13,CUST_68F8EEB19AD2,ST_00952,,Cataluña,transferencia,paid,0,tienda,35.32,7.42,42.74,confirmed,True,7,declining
SO-2026-0000741,2026-05-12,2026-05-12T10:48:52,CUST_716F45A88829,,DC_BCN,Cataluña,tarjeta,paid,0,ecommerce,61.21,12.26,73.47,confirmed,False,13,growing
SO-2026-0000742,2026-05-12,2026-05-12T19:22:59,CUST_9C1C85D2D0A6,,DC_BCN,Cataluña,transferencia,pending,15,ecommerce,73.75,15.49,89.24,confirmed,False,9,declining
SO-2026-0000743,2026-05-12,2026-05-12T19:24:27,CUST_BC92039B058C,,DC_BCN,Cataluña,tarjeta,paid,0,ecommerce,20.87,4.38,25.25,confirmed,False,4,stable
SO-2026-0000744,2026-05-12,2026-05-12T18:30:44,CUST_99DB8DAB66D3,,DC_SEV,Andalucía,contrareembolso,paid,0,ecommerce,18.26,3.54,21.8,confirmed,False,3,stable
SO-2026-0000745,2026-05-13,2026-05-13T11:43:01,CUST_B0B608601833,ST_00952,,Cataluña,tarjeta,paid,0,tienda,53.07,11.14,64.21,confirmed,False,7,stable
SO-2026-0000746,2026-05-13,2026-05-13T20:23:00,CUST_3510B4746349,ST_00981,,Cataluña,transferencia,paid,0,tienda,66.12,13.89,80.01,confirmed,True,14,stable
SO-2026-0000747,2026-05-13,2026-05-13T18:42:48,CUST_BC92039B058C,,DC_BCN,Cataluña,tarjeta,paid,0,ecommerce,19.32,3.89,23.21,confirmed,False,6,stable
SO-2026-0000748,2026-05-13,2026-05-13T13:29:07,CUST_2D6EB7893986,,DC_BCN,Cataluña,tarjeta,pending,15,ecommerce,37.44,7.64,45.08,confirmed,False,10,growing
SO-2026-0000749,2026-05-13,2026-05-13T11:33:37,CUST_A91C43E8644B,ST_00374,,Comunitat Valenciana,contrareembolso,paid,0,tienda,172.1,35.8,207.9,confirmed,False,11,stable
SO-2026-0000750,2026-05-14,2026-05-14T14:41:37,CUST_008D610461E3,ST_00952,,Cataluña,tarjeta,paid,0,tienda,53.6,11.25,64.85,confirmed,True,11,stable
SO-2026-0000751,2026-05-14,2026-05-14T18:28:56,CUST_F4488DE7AD6C,,DC_ZGZ,País Vasco,tarjeta,paid,0,ecommerce,97.14,19.41,116.55,confirmed,False,21,growing
SO-2026-0000752,2026-05-14,2026-05-14T19:06:12,CUST_86342BA6ADB3,,DC_BCN,Cataluña,contrareembolso,paid,0,ecommerce,28.1,5.57,33.67,confirmed,True,4,stable
SO-2026-0000753,2026-05-14,2026-05-14T11:50:46,CUST_BC92039B058C,,DC_BCN,Cataluña,tarjeta,paid,0,ecommerce,16.42,3.45,19.87,confirmed,False,3,stable
SO-2026-0000754,2026-05-14,2026-05-14T09:59:28,CUST_2321620D4A1F,,DC_MAD,Comunidad de Madrid,transferencia,pending,15,ecommerce,75.95,15.95,91.9,confirmed,False,15,declining
SO-2026-0000755,2026-05-14,2026-05-14T18:47:19,CUST_DB4B537D0BD1,ST_00952,,Cataluña,transferencia,pending,15,tienda,68.07,14.29,82.36,confirmed,False,14,stable
SO-2026-0000756,2026-05-15,2026-05-15T17:28:19,CUST_008D610461E3,ST_00952,,Cataluña,transferencia,paid,0,tienda,54.16,11.2,65.36,confirmed,False,14,stable
SO-2026-0000757,2026-05-15,2026-05-15T13:42:59,CUST_6DAA8861FE18,,DC_ZGZ,Galicia,tarjeta,paid,0,ecommerce,13.92,2.48,16.4,confirmed,False,4,growing
SO-2026-0000758,2026-05-15,2026-05-15T14:26:06,CUST_DD3F52BDC661,,DC_ZGZ,País Vasco,tarjeta,paid,0,ecommerce,95.01,17.26,112.27,confirmed,False,15,growing
SO-2026-0000759,2026-05-15,2026-05-15T19:09:25,CUST_737DD11376E0,,DC_ZGZ,País Vasco,tarjeta,paid,0,ecommerce,51.45,10.81,62.26,confirmed,False,11,stable
SO-2026-0000760,2026-05-15,2026-05-15T14:20:51,CUST_4B1F0977C513,,DC_ZGZ,Galicia,contrareembolso,paid,0,ecommerce,61.28,11.78,73.06,confirmed,False,6,stable
SO-2026-0000761,2026-05-15,2026-05-15T20:37:05,CUST_4A558ACBBE09,ST_00952,,Cataluña,tarjeta,paid,0,tienda,47.75,10.03,57.78,confirmed,False,7,stable
SO-2026-0000762,2026-05-15,2026-05-15T19:23:01,CUST_27377A6A2107,,DC_SEV,Andalucía,contrareembolso,paid,0,ecommerce,98.3,19.89,118.19,confirmed,False,19,stable
SO-2026-0000763,2026-05-15,2026-05-15T10:06:54,CUST_99DB8DAB66D3,,DC_SEV,Andalucía,contrareembolso,paid,0,ecommerce,13.74,2.89,16.63,confirmed,False,2,stable
SO-2026-0000764,2026-05-16,2026-05-16T20:33:56,CUST_008D610461E3,ST_00952,,Cataluña,contrareembolso,paid,0,tienda,43.16,9.06,52.22,confirmed,True,15,stable
SO-2026-0000765,2026-05-16,2026-05-16T10:17:08,CUST_B0B608601833,,DC_BCN,Cataluña,tarjeta,paid,0,ecommerce,48.15,10.11,58.26,confirmed,False,9,stable
SO-2026-0000766,2026-05-16,2026-05-16T16:54:50,CUST_86342BA6ADB3,ST_00952,,Cataluña,tarjeta,paid,0,tienda,58.45,12.27,70.72,confirmed,True,3,stable
SO-2026-0000767,2026-05-16,2026-05-16T19:09:47,CUST_2D6EB7893986,,DC_BCN,Cataluña,transferencia,pending,15,ecommerce,33.16,6.77,39.93,confirmed,False,8,growing
SO-2026-0000768,2026-05-18,2026-05-18T19:21:11,CUST_DEF568F45BCE,ST_00981,,Cataluña,tarjeta,paid,0,tienda,78.85,16.56,95.41,confirmed,True,21,growing
SO-2026-0000769,2026-05-18,2026-05-18T17:00:37,CUST_B90E951C25D5,,DC_SEV,Ciudad Autónoma de Melilla,tarjeta,paid,0,ecommerce,32.44,6.81,39.25,confirmed,False,4,declining
SO-2026-0000770,2026-05-18,2026-05-18T13:33:12,CUST_32735373BF4D,,DC_SEV,Andalucía,tarjeta,paid,0,ecommerce,99.76,19.37,119.13,confirmed,True,14,stable
SO-2026-0000771,2026-05-18,2026-05-18T17:15:57,CUST_F88069FB0763,ST_01425,,Aragón,contrareembolso,paid,0,tienda,39.46,8.29,47.75,confirmed,True,8,growing
SO-2026-0000772,2026-05-19,2026-05-19T18:48:43,CUST_749057D337D3,,DC_MAD,Castilla-La Mancha,tarjeta,paid,0,ecommerce,16.12,3.38,19.5,confirmed,False,2,declining
SO-2026-0000773,2026-05-20,2026-05-20T19:56:48,CUST_F2D28E85140D,ST_00981,,Cataluña,transferencia,pending,15,tienda,80.67,16.3,96.97,confirmed,True,13,growing
SO-2026-0000774,2026-05-20,2026-05-20T20:11:44,CUST_23326992896E,,DC_SEV,Canarias,tarjeta,paid,0,ecommerce,6.49,1.36,7.85,confirmed,False,3,declining
SO-2026-0000775,2026-05-20,2026-05-20T17:14:09,CUST_2D6EB7893986,ST_00981,,Cataluña,tarjeta,pending,15,tienda,48.57,7.53,56.1,confirmed,True,8,growing
SO-2026-0000776,2026-05-21,2026-05-21T10:41:22,CUST_01827A1B5806,ST_00952,,Cataluña,transferencia,paid,0,tienda,87.28,18.33,105.61,confirmed,True,11,declining
SO-2026-0000777,2026-05-21,2026-05-21T11:41:41,CUST_6DAA8861FE18,,DC_ZGZ,Galicia,tarjeta,paid,0,ecommerce,20.25,2.19,22.44,confirmed,False,2,growing
SO-2026-0000778,2026-05-21,2026-05-21T18:07:42,CUST_CA3DC5CE099C,,DC_ZGZ,Aragón,transferencia,pending,15,ecommerce,90.13,18.2,108.33,confirmed,True,22,stable
SO-2026-0000779,2026-05-21,2026-05-21T09:42:01,CUST_31F322F3F068,,DC_SEV,Andalucía,tarjeta,paid,0,ecommerce,72.29,15.11,87.4,confirmed,True,17,stable
SO-2026-0000780,2026-05-21,2026-05-21T14:10:59,CUST_7D35788FD0CD,,DC_BCN,Cataluña,contrareembolso,paid,0,ecommerce,30.95,6.5,37.45,confirmed,False,6,stable
SO-2026-0000781,2026-05-22,2026-05-22T17:15:36,CUST_E3B10A3450FC,,DC_ZGZ,Cantabria,tarjeta,paid,0,ecommerce,20.7,4.35,25.05,confirmed,False,8,stable
SO-2026-0000782,2026-05-22,2026-05-22T14:28:37,CUST_27377A6A2107,,DC_SEV,Andalucía,tarjeta,paid,0,ecommerce,151.46,31.69,183.15,confirmed,False,15,stable
SO-2026-0000783,2026-05-22,2026-05-22T20:09:43,CUST_6DE8CE9E9EBD,,DC_VLC,Islas Baleares,transferencia,paid,0,ecommerce,72.27,15.18,87.45,confirmed,True,11,stable
SO-2026-0000784,2026-05-22,2026-05-22T12:31:43,CUST_F18C131EB723,,DC_MAD,Castilla-La Mancha,contrareembolso,paid,0,ecommerce,18.76,3.94,22.7,confirmed,False,4,stable
SO-2026-0000785,2026-05-22,2026-05-22T11:13:45,CUST_32B821768DD7,,DC_MAD,Comunidad de Madrid,tarjeta,paid,0,ecommerce,31.83,6.68,38.51,confirmed,False,5,growing
SO-2026-0000786,2026-05-22,2026-05-22T15:52:41,CUST_92EAEC93E596,ST_00277,,Comunitat Valenciana,tarjeta,paid,0,tienda,36.36,7.63,43.99,confirmed,True,4,stable
SO-2026-0000787,2026-05-23,2026-05-23T18:29:57,CUST_E3B10A3450FC,,DC_ZGZ,Cantabria,tarjeta,paid,0,ecommerce,23.23,4.71,27.94,confirmed,False,9,stable
SO-2026-0000788,2026-05-23,2026-05-23T20:43:41,CUST_500524C778A5,,DC_ZGZ,País Vasco,transferencia,paid,0,ecommerce,40.33,8.47,48.8,confirmed,False,10,stable
SO-2026-0000789,2026-05-23,2026-05-23T19:36:27,CUST_7ED1C9B7C9BC,ST_00981,,Cataluña,transferencia,pending,30,tienda,134.98,28.35,163.33,confirmed,True,32,growing
SO-2026-0000790,2026-05-23,2026-05-23T12:18:01,CUST_CDFD302B7831,,DC_BCN,Cataluña,tarjeta,paid,0,ecommerce,138.35,27.79,166.14,confirmed,False,17,stable
SO-2026-0000791,2026-05-23,2026-05-23T20:04:55,CUST_F96DBED63DA0,,DC_SEV,Andalucía,contrareembolso,paid,0,ecommerce,24.61,4.98,29.59,confirmed,False,6,declining
SO-2026-0000792,2026-05-23,2026-05-23T19:31:27,CUST_FE74DD83AD03,ST_00952,,Cataluña,contrareembolso,paid,0,tienda,16.56,3.48,20.04,confirmed,True,5,declining
SO-2026-0000793,2026-05-23,2026-05-23T12:21:47,CUST_44BE7EA5A387,ST_00981,,Cataluña,tarjeta,paid,0,tienda,35.79,7.51,43.3,confirmed,False,2,declining
SO-2026-0000794,2026-05-23,2026-05-23T20:26:30,CUST_2D6EB7893986,,DC_BCN,Cataluña,transferencia,pending,15,ecommerce,52.82,10.95,63.77,confirmed,False,8,growing
SO-2026-0000795,2026-05-23,2026-05-23T19:02:45,CUST_7D35788FD0CD,,DC_BCN,Cataluña,transferencia,paid,0,ecommerce,47.5,9.62,57.12,confirmed,False,8,stable
SO-2026-0000796,2026-05-25,2026-05-25T19:26:26,CUST_67B01D7C0098,ST_00952,,Cataluña,transferencia,pending,15,tienda,96.71,20.31,117.02,confirmed,False,16,stable
SO-2026-0000797,2026-05-25,2026-05-25T19:33:16,CUST_CDFD302B7831,,DC_BCN,Cataluña,tarjeta,paid,0,ecommerce,148.75,27.46,176.21,confirmed,True,23,stable
SO-2026-0000798,2026-05-25,2026-05-25T13:32:50,CUST_6DE8CE9E9EBD,,DC_VLC,Islas Baleares,tarjeta,paid,0,ecommerce,94.31,19.81,114.12,confirmed,True,13,stable
SO-2026-0000799,2026-05-26,2026-05-26T11:18:19,CUST_6DAA8861FE18,,DC_ZGZ,Galicia,tarjeta,paid,0,ecommerce,16.2,3.4,19.6,confirmed,False,3,growing
SO-2026-0000800,2026-05-26,2026-05-26T17:36:46,CUST_E3B10A3450FC,,DC_ZGZ,Cantabria,tarjeta,paid,0,ecommerce,22.54,4.73,27.27,confirmed,False,2,stable
SO-2026-0000801,2026-05-26,2026-05-26T15:15:57,CUST_500524C778A5,,DC_ZGZ,País Vasco,transferencia,paid,0,ecommerce,56.02,11.77,67.79,confirmed,False,6,stable
SO-2026-0000802,2026-05-26,2026-05-26T09:34:05,CUST_A87990422EB7,,DC_MAD,Castilla y León,transferencia,pending,15,ecommerce,71.62,12.86,84.48,confirmed,False,13,declining
SO-2026-0000803,2026-05-26,2026-05-26T19:32:12,CUST_7D35788FD0CD,ST_00952,,Cataluña,tarjeta,paid,0,tienda,34.57,6.77,41.34,confirmed,True,10,stable
SO-2026-0000804,2026-05-27,2026-05-27T13:53:49,CUST_30B1310C0C00,ST_00952,,Cataluña,tarjeta,paid,0,tienda,114.65,23.78,138.43,confirmed,False,11,stable
SO-2026-0000805,2026-05-27,2026-05-27T17:39:12,CUST_5560C96B5EDB,ST_00952,,Cataluña,contrareembolso,paid,0,tienda,35.67,7.13,42.8,confirmed,False,8,growing
SO-2026-0000806,2026-05-27,2026-05-27T18:24:32,CUST_716F45A88829,ST_00981,,Cataluña,transferencia,paid,0,tienda,50.32,9.99,60.31,confirmed,False,14,growing
SO-2026-0000807,2026-05-27,2026-05-27T13:09:45,CUST_F18C131EB723,,DC_MAD,Castilla-La Mancha,transferencia,paid,0,ecommerce,17.64,3.7,21.34,confirmed,False,5,stable
SO-2026-0000808,2026-05-27,2026-05-27T10:39:11,CUST_2D6EB7893986,ST_00981,,Cataluña,transferencia,pending,15,tienda,47.53,6.81,54.34,confirmed,True,9,growing
SO-2026-0000809,2026-05-28,2026-05-28T19:25:55,CUST_EDD450F0FD0A,,DC_SEV,Andalucía,tarjeta,paid,0,ecommerce,20.87,4.38,25.25,confirmed,False,4,stable
SO-2026-0000810,2026-05-28,2026-05-28T16:31:19,CUST_4CE922D90DB3,,DC_BCN,Cataluña,tarjeta,paid,0,ecommerce,17.36,3.64,21.0,confirmed,True,1,declining
SO-2026-0000811,2026-05-29,2026-05-29T11:50:14,CUST_A66F39669FA7,,DC_ZGZ,Galicia,tarjeta,paid,0,ecommerce,81.9,9.14,91.04,confirmed,False,3,stable
SO-2026-0000812,2026-05-29,2026-05-29T10:22:44,CUST_36D5F37FD50D,,DC_BCN,Cataluña,tarjeta,paid,0,ecommerce,11.68,2.45,14.13,confirmed,False,3,stable
SO-2026-0000813,2026-05-29,2026-05-29T12:57:08,CUST_113620509C62,,DC_BCN,Cataluña,contrareembolso,paid,0,ecommerce,73.47,8.92,82.39,confirmed,False,6,growing
SO-2026-0000814,2026-05-29,2026-05-29T13:15:42,CUST_B596EF4AFA88,,DC_MAD,Castilla-La Mancha,tarjeta,pending,15,ecommerce,72.85,15.3,88.15,confirmed,False,7,declining
SO-2026-0000815,2026-05-29,2026-05-29T18:09:31,CUST_27377A6A2107,,DC_SEV,Andalucía,tarjeta,paid,0,ecommerce,91.13,19.14,110.27,confirmed,False,18,stable
SO-2026-0000816,2026-05-29,2026-05-29T14:57:46,CUST_EAC8DE9F6F5B,,DC_MAD,Comunidad de Madrid,contrareembolso,paid,0,ecommerce,43.57,8.9,52.47,confirmed,False,8,stable
SO-2026-0000817,2026-05-29,2026-05-29T09:19:51,CUST_F55D6D268B37,,DC_BCN,Cataluña,tarjeta,paid,0,ecommerce,39.88,8.37,48.25,confirmed,False,3,growing
SO-2026-0000818,2026-05-29,2026-05-29T19:38:22,CUST_F7FFB509F08A,ST_00374,,Comunitat Valenciana,tarjeta,pending,15,tienda,83.43,17.52,100.95,confirmed,True,10,growing
SO-2026-0000819,2026-05-29,2026-05-29T19:05:03,CUST_7D35788FD0CD,,DC_BCN,Cataluña,tarjeta,paid,0,ecommerce,31.17,6.55,37.72,confirmed,False,2,stable
SO-2026-0000820,2026-05-30,2026-05-30T20:39:38,CUST_ABF3FEC21BBE,,DC_ZGZ,País Vasco,tarjeta,pending,15,ecommerce,16.35,2.52,18.87,confirmed,False,4,stable
SO-2026-0000821,2026-05-30,2026-05-30T18:12:48,CUST_EDD450F0FD0A,,DC_SEV,Andalucía,contrareembolso,paid,0,ecommerce,13.22,2.78,16.0,confirmed,False,2,stable
SO-2026-0000822,2026-05-30,2026-05-30T11:43:36,CUST_0B9B23C86D30,,DC_MAD,Comunidad de Madrid,tarjeta,paid,0,ecommerce,59.4,12.48,71.88,confirmed,False,14,growing
SO-2026-0000823,2026-05-30,2026-05-30T14:21:30,CUST_B7F23DEFA849,,DC_SEV,Andalucía,tarjeta,paid,0,ecommerce,43.85,8.92,52.77,confirmed,True,10,stable
SO-2026-0000824,2026-05-30,2026-05-30T13:33:38,CUST_5D98F05EEEFE,ST_00374,,Comunitat Valenciana,tarjeta,paid,0,tienda,98.02,18.76,116.78,confirmed,True,23,stable
SO-2026-0000825,2026-05-30,2026-05-30T17:26:36,CUST_7ED1C9B7C9BC,,DC_BCN,Cataluña,tarjeta,pending,30,ecommerce,169.3,35.55,204.85,confirmed,True,45,growing
SO-2026-0000826,2026-05-30,2026-05-30T14:23:46,CUST_B90E951C25D5,,DC_SEV,Ciudad Autónoma de Melilla,tarjeta,paid,0,ecommerce,32.89,6.91,39.8,confirmed,False,5,declining
SO-2026-0000827,2026-05-30,2026-05-30T13:22:50,CUST_2D6EB7893986,,DC_BCN,Cataluña,contrareembolso,pending,15,ecommerce,48.47,9.92,58.39,confirmed,False,15,growing
SO-2026-0000828,2026-05-31,2026-05-31T14:24:22,CUST_008D610461E3,,DC_BCN,Cataluña,transferencia,paid,0,ecommerce,50.03,10.07,60.1,confirmed,False,12,stable
SO-2026-0000829,2026-05-31,2026-05-31T16:04:46,CUST_32B821768DD7,,DC_MAD,Comunidad de Madrid,tarjeta,paid,0,ecommerce,40.71,8.55,49.26,confirmed,False,3,growing
SO-2026-0000830,2026-06-01,2026-06-01T19:22:57,CUST_4A558ACBBE09,,DC_BCN,Cataluña,tarjeta,paid,0,ecommerce,52.88,11.11,63.99,confirmed,False,3,stable
SO-2026-0000831,2026-06-01,2026-06-01T14:49:29,CUST_23326992896E,,DC_SEV,Canarias,tarjeta,paid,0,ecommerce,8.45,1.77,10.22,confirmed,False,4,declining
SO-2026-0000832,2026-06-01,2026-06-01T18:16:07,CUST_A3BF388C9751,,DC_ZGZ,Aragón,tarjeta,paid,0,ecommerce,14.55,3.05,17.6,confirmed,False,4,declining
SO-2026-0000833,2026-06-02,2026-06-02T12:56:06,CUST_EDD450F0FD0A,,DC_SEV,Andalucía,transferencia,paid,0,ecommerce,14.03,2.95,16.98,confirmed,False,3,stable
SO-2026-0000834,2026-06-02,2026-06-02T19:52:15,CUST_E3B10A3450FC,,DC_ZGZ,Cantabria,tarjeta,paid,0,ecommerce,33.24,6.74,39.98,confirmed,False,4,stable
SO-2026-0000835,2026-06-02,2026-06-02T13:44:39,CUST_716F45A88829,ST_00981,,Cataluña,tarjeta,paid,0,tienda,61.21,12.68,73.89,confirmed,True,10,growing
SO-2026-0000836,2026-06-02,2026-06-02T18:57:13,CUST_B41507388BA4,,DC_VLC,Comunitat Valenciana,tarjeta,paid,0,ecommerce,66.98,12.67,79.65,confirmed,False,15,stable
SO-2026-0000837,2026-06-03,2026-06-03T13:38:33,CUST_064025B8FD4B,ST_00952,,Cataluña,tarjeta,paid,0,tienda,135.25,28.17,163.42,confirmed,True,26,stable
SO-2026-0000838,2026-06-03,2026-06-03T19:50:03,CUST_6DAA8861FE18,,DC_ZGZ,Galicia,tarjeta,paid,0,ecommerce,11.82,2.48,14.3,confirmed,False,4,growing
SO-2026-0000839,2026-06-03,2026-06-03T13:06:32,CUST_03CD21BDDB41,,DC_MAD,Comunidad de Madrid,contrareembolso,paid,0,ecommerce,60.55,12.42,72.97,confirmed,False,4,stable
SO-2026-0000840,2026-06-03,2026-06-03T15:29:31,CUST_716F45A88829,ST_00981,,Cataluña,tarjeta,paid,0,tienda,46.74,9.82,56.56,confirmed,True,11,growing
SO-2026-0000841,2026-06-03,2026-06-03T09:54:42,CUST_737DD11376E0,,DC_ZGZ,País Vasco,tarjeta,paid,0,ecommerce,51.36,10.27,61.63,confirmed,False,14,stable
SO-2026-0000842,2026-06-04,2026-06-04T17:46:51,CUST_064025B8FD4B,ST_00952,,Cataluña,contrareembolso,paid,0,tienda,107.7,21.9,129.6,confirmed,True,20,stable
SO-2026-0000843,2026-06-04,2026-06-04T18:40:29,CUST_039F4D6168BD,,DC_SEV,Canarias,transferencia,paid,0,ecommerce,85.72,13.28,99.0,confirmed,False,8,stable
SO-2026-0000844,2026-06-04,2026-06-04T18:04:00,CUST_E3B10A3450FC,,DC_ZGZ,Cantabria,tarjeta,paid,0,ecommerce,25.67,5.39,31.06,confirmed,False,4,stable
SO-2026-0000845,2026-06-04,2026-06-04T19:36:25,CUST_113620509C62,ST_00952,,Cataluña,tarjeta,paid,0,tienda,39.88,8.38,48.26,confirmed,False,8,growing
SO-2026-0000846,2026-06-04,2026-06-04T15:46:27,CUST_32735373BF4D,,DC_SEV,Andalucía,tarjeta,paid,0,ecommerce,83.72,16.93,100.65,confirmed,True,16,stable
SO-2026-0000847,2026-06-04,2026-06-04T13:28:52,CUST_E670FC48F615,,DC_ZGZ,País Vasco,transferencia,paid,0,ecommerce,56.28,11.82,68.1,confirmed,False,5,growing
SO-2026-0000848,2026-06-04,2026-06-04T20:41:55,CUST_370B0A530DF9,,DC_SEV,Canarias,tarjeta,paid,0,ecommerce,41.88,7.67,49.55,confirmed,False,8,stable
SO-2026-0000849,2026-06-05,2026-06-05T12:52:21,CUST_500524C778A5,,DC_ZGZ,País Vasco,tarjeta,paid,0,ecommerce,50.15,10.29,60.44,confirmed,True,10,stable
SO-2026-0000850,2026-06-05,2026-06-05T11:19:25,CUST_CBD5F73936E9,ST_01294,,Canarias,tarjeta,paid,0,tienda,107.76,19.02,126.78,confirmed,True,14,stable
SO-2026-0000851,2026-06-05,2026-06-05T12:33:13,CUST_44BE7EA5A387,,DC_BCN,Cataluña,tarjeta,paid,0,ecommerce,15.85,3.33,19.18,confirmed,False,7,declining
SO-2026-0000852,2026-06-06,2026-06-06T16:44:26,CUST_EDD450F0FD0A,,DC_SEV,Andalucía,transferencia,paid,0,ecommerce,32.98,6.92,39.9,confirmed,False,5,stable
SO-2026-0000853,2026-06-06,2026-06-06T20:07:19,CUST_989DE15CA666,,DC_BCN,Cataluña,contrareembolso,paid,0,ecommerce,38.62,7.08,45.7,confirmed,False,7,stable
SO-2026-0000854,2026-06-06,2026-06-06T14:23:40,CUST_31A3828C37E7,,DC_VLC,Islas Baleares,tarjeta,paid,0,ecommerce,25.54,5.36,30.9,confirmed,False,6,stable
SO-2026-0000855,2026-06-06,2026-06-06T19:06:56,CUST_36D5F37FD50D,,DC_BCN,Cataluña,tarjeta,paid,0,ecommerce,10.41,2.19,12.6,confirmed,False,2,stable
SO-2026-0000856,2026-06-06,2026-06-06T13:38:41,CUST_6667E3B56360,,DC_BCN,Cataluña,tarjeta,pending,30,ecommerce,44.77,6.38,51.15,confirmed,False,8,declining
SO-2026-0000857,2026-06-06,2026-06-06T09:53:02,CUST_113620509C62,,DC_BCN,Cataluña,tarjeta,paid,0,ecommerce,48.33,9.91,58.24,confirmed,False,8,growing
SO-2026-0000858,2026-06-06,2026-06-06T12:27:17,CUST_69298693FD9D,,DC_SEV,Canarias,contrareembolso,paid,0,ecommerce,34.35,7.01,41.36,confirmed,False,10,stable
SO-2026-0000859,2026-06-06,2026-06-06T15:26:05,CUST_7ED1C9B7C9BC,ST_00981,,Cataluña,transferencia,pending,30,tienda,170.48,35.8,206.28,confirmed,True,33,growing
SO-2026-0000860,2026-06-06,2026-06-06T11:52:29,CUST_611767C0518B,,DC_MAD,Comunidad de Madrid,tarjeta,paid,0,ecommerce,17.72,3.72,21.44,confirmed,False,5,stable
SO-2026-0000861,2026-06-06,2026-06-06T10:03:41,CUST_CBD5F73936E9,,DC_SEV,Canarias,transferencia,paid,0,ecommerce,110.28,23.16,133.44,confirmed,False,9,stable
SO-2026-0000862,2026-06-06,2026-06-06T11:18:33,CUST_44BE7EA5A387,ST_00981,,Cataluña,tarjeta,paid,0,tienda,16.12,3.38,19.5,confirmed,False,1,declining
SO-2026-0000863,2026-06-06,2026-06-06T11:20:14,CUST_370B0A530DF9,,DC_SEV,Canarias,tarjeta,paid,0,ecommerce,46.19,7.05,53.24,confirmed,False,5,stable
SO-2026-0000864,2026-06-06,2026-06-06T13:14:39,CUST_B41507388BA4,,DC_VLC,Comunitat Valenciana,tarjeta,paid,0,ecommerce,51.12,6.07,57.19,confirmed,False,5,stable
SO-2026-0000865,2026-06-06,2026-06-06T11:42:25,CUST_702F62CCC604,ST_00952,,Cataluña,tarjeta,pending,15,tienda,51.56,10.83,62.39,confirmed,False,7,stable
SO-2026-0000866,2026-06-07,2026-06-07T13:38:41,CUST_CBD5F73936E9,,DC_SEV,Canarias,transferencia,paid,0,ecommerce,80.6,16.03,96.63,confirmed,False,18,stable
SO-2026-0000867,2026-06-08,2026-06-08T16:20:52,CUST_500524C778A5,,DC_ZGZ,País Vasco,tarjeta,paid,0,ecommerce,38.19,8.02,46.21,confirmed,False,4,stable
SO-2026-0000868,2026-06-08,2026-06-08T18:00:20,CUST_500EB89BDF7F,ST_00981,,Cataluña,tarjeta,paid,0,tienda,55.32,11.16,66.48,confirmed,True,13,stable
SO-2026-0000869,2026-06-08,2026-06-08T19:03:01,CUST_F2D28E85140D,ST_00981,,Cataluña,transferencia,pending,15,tienda,80.4,16.65,97.05,confirmed,True,15,growing
SO-2026-0000870,2026-06-09,2026-06-09T12:24:49,CUST_5560C96B5EDB,ST_00952,,Cataluña,tarjeta,paid,0,tienda,35.14,7.25,42.39,confirmed,True,10,growing
SO-2026-0000871,2026-06-09,2026-06-09T11:19:32,CUST_500EB89BDF7F,ST_00981,,Cataluña,tarjeta,paid,0,tienda,44.69,9.38,54.07,confirmed,False,7,stable
SO-2026-0000872,2026-06-10,2026-06-10T10:56:38,CUST_3BCA620A60AC,ST_01294,,Canarias,tarjeta,paid,0,tienda,57.97,11.57,69.54,confirmed,True,12,stable
SO-2026-0000873,2026-06-10,2026-06-10T18:15:47,CUST_4B1F0977C513,,DC_ZGZ,Galicia,transferencia,paid,0,ecommerce,54.99,10.71,65.7,confirmed,False,13,stable
SO-2026-0000874,2026-06-10,2026-06-10T18:51:22,CUST_749057D337D3,,DC_MAD,Castilla-La Mancha,tarjeta,paid,0,ecommerce,6.9,1.45,8.35,confirmed,False,2,declining
SO-2026-0000875,2026-06-10,2026-06-10T18:59:27,CUST_3D131E2C2E7D,ST_00952,,Cataluña,transferencia,paid,0,tienda,80.24,14.26,94.5,confirmed,True,14,stable
SO-2026-0000876,2026-06-11,2026-06-11T09:11:02,CUST_989DE15CA666,,DC_BCN,Cataluña,tarjeta,paid,0,ecommerce,26.36,5.54,31.9,confirmed,False,2,stable
SO-2026-0000877,2026-06-11,2026-06-11T10:51:01,CUST_0B9B23C86D30,,DC_MAD,Comunidad de Madrid,tarjeta,paid,0,ecommerce,70.48,14.8,85.28,confirmed,False,12,growing
SO-2026-0000878,2026-06-11,2026-06-11T15:46:26,CUST_B0B608601833,ST_00952,,Cataluña,tarjeta,paid,0,tienda,52.02,10.93,62.95,confirmed,True,10,stable
SO-2026-0000879,2026-06-11,2026-06-11T18:17:17,CUST_500524C778A5,,DC_ZGZ,País Vasco,contrareembolso,paid,0,ecommerce,34.98,6.8,41.78,confirmed,False,4,stable
SO-2026-0000880,2026-06-11,2026-06-11T11:34:05,CUST_BC92039B058C,,DC_BCN,Cataluña,tarjeta,paid,0,ecommerce,15.63,3.05,18.68,confirmed,False,6,stable
SO-2026-0000881,2026-06-11,2026-06-11T16:55:18,CUST_CDFD302B7831,ST_00981,,Cataluña,transferencia,paid,0,tienda,171.28,33.97,205.25,confirmed,True,31,stable
SO-2026-0000882,2026-06-11,2026-06-11T12:33:35,CUST_23326992896E,,DC_SEV,Canarias,tarjeta,paid,0,ecommerce,8.17,1.06,9.23,confirmed,False,3,declining
SO-2026-0000883,2026-06-11,2026-06-11T19:44:22,CUST_929D1CFB655F,,DC_ZGZ,Comunidad Foral de Navarra,tarjeta,paid,0,ecommerce,80.55,15.17,95.72,confirmed,True,20,stable
SO-2026-0000884,2026-06-11,2026-06-11T13:55:27,CUST_DFDA28B2BF21,,DC_VLC,Comunitat Valenciana,contrareembolso,paid,0,ecommerce,47.79,9.35,57.14,confirmed,False,8,stable
SO-2026-0000885,2026-06-11,2026-06-11T18:11:58,CUST_32B821768DD7,,DC_MAD,Comunidad de Madrid,transferencia,paid,0,ecommerce,42.0,5.2,47.2,confirmed,True,5,growing
SO-2026-0000886,2026-06-11,2026-06-11T13:43:15,CUST_CF89E550D736,ST_00277,,Comunitat Valenciana,transferencia,pending,15,tienda,228.48,46.78,275.26,confirmed,True,33,stable
SO-2026-0000887,2026-06-12,2026-06-12T14:20:03,CUST_8B681D61FAC3,,DC_MAD,Comunidad de Madrid,tarjeta,pending,15,ecommerce,36.2,7.6,43.8,confirmed,False,5,declining
SO-2026-0000888,2026-06-12,2026-06-12T19:04:20,CUST_DEF568F45BCE,ST_00981,,Cataluña,transferencia,paid,0,tienda,64.31,13.32,77.63,confirmed,True,24,growing
SO-2026-0000889,2026-06-12,2026-06-12T11:03:25,CUST_175A112FA612,ST_00981,,Cataluña,tarjeta,paid,0,tienda,46.13,9.17,55.3,confirmed,True,12,stable
SO-2026-0000890,2026-06-12,2026-06-12T19:59:38,CUST_7D6688476C56,,DC_BCN,Cataluña,tarjeta,paid,0,ecommerce,32.64,6.85,39.49,confirmed,False,5,stable
SO-2026-0000891,2026-06-12,2026-06-12T09:59:21,CUST_611767C0518B,,DC_MAD,Comunidad de Madrid,tarjeta,paid,0,ecommerce,24.86,4.94,29.8,confirmed,True,5,stable
SO-2026-0000892,2026-06-12,2026-06-12T13:30:38,CUST_99DB8DAB66D3,,DC_SEV,Andalucía,tarjeta,paid,0,ecommerce,21.86,4.59,26.45,confirmed,False,2,stable
SO-2026-0000893,2026-06-13,2026-06-13T19:02:44,CUST_6DAA8861FE18,,DC_ZGZ,Galicia,tarjeta,paid,0,ecommerce,19.96,4.19,24.15,confirmed,False,6,growing
SO-2026-0000894,2026-06-13,2026-06-13T09:52:30,CUST_113620509C62,,DC_BCN,Cataluña,tarjeta,paid,0,ecommerce,39.7,8.21,47.91,confirmed,False,10,growing
SO-2026-0000895,2026-06-13,2026-06-13T12:16:45,CUST_4CE922D90DB3,,DC_BCN,Cataluña,contrareembolso,paid,0,ecommerce,9.89,1.88,11.77,confirmed,False,2,declining
SO-2026-0000896,2026-06-13,2026-06-13T10:57:29,CUST_9DB589A3C811,ST_00952,,Cataluña,tarjeta,paid,0,tienda,23.86,5.01,28.87,confirmed,False,8,declining
SO-2026-0000897,2026-06-14,2026-06-14T15:09:14,CUST_93B712F70C97,,DC_BCN,Cataluña,tarjeta,paid,0,ecommerce,27.14,5.7,32.84,confirmed,False,3,growing
SO-2026-0000898,2026-06-14,2026-06-14T19:02:22,CUST_DEF568F45BCE,ST_00981,,Cataluña,tarjeta,paid,0,tienda,56.28,11.82,68.1,confirmed,False,3,growing
SO-2026-0000899,2026-06-14,2026-06-14T11:12:11,CUST_895C43B38EB4,,DC_SEV,Andalucía,tarjeta,paid,0,ecommerce,55.64,11.68,67.32,confirmed,False,11,stable
SO-2026-0000900,2026-06-15,2026-06-15T19:07:09,CUST_93B712F70C97,ST_00952,,Cataluña,tarjeta,paid,0,tienda,32.86,6.55,39.41,confirmed,True,2,growing
SO-2026-0000901,2026-06-16,2026-06-16T11:49:44,CUST_019059DCABD0,ST_00981,,Cataluña,contrareembolso,paid,0,tienda,28.08,5.37,33.45,confirmed,False,6,stable
SO-2026-0000902,2026-06-16,2026-06-16T20:57:08,CUST_6667E3B56360,,DC_BCN,Cataluña,tarjeta,pending,30,ecommerce,69.46,9.92,79.38,confirmed,False,3,declining
SO-2026-0000903,2026-06-16,2026-06-16T11:48:24,CUST_4CE922D90DB3,,DC_BCN,Cataluña,transferencia,paid,0,ecommerce,8.02,1.68,9.7,confirmed,False,2,declining
SO-2026-0000904,2026-06-16,2026-06-16T18:34:13,CUST_9DB589A3C811,,DC_BCN,Cataluña,tarjeta,paid,0,ecommerce,28.31,5.94,34.25,confirmed,False,5,declining
SO-2026-0000905,2026-06-17,2026-06-17T19:53:33,CUST_3DA7AEE1E86B,,DC_ZGZ,Principado de Asturias,tarjeta,paid,0,ecommerce,47.77,10.03,57.8,confirmed,False,12,growing
SO-2026-0000906,2026-06-17,2026-06-17T18:12:50,CUST_FE74DD83AD03,ST_00952,,Cataluña,tarjeta,paid,0,tienda,17.04,3.58,20.62,confirmed,False,3,declining
SO-2026-0000907,2026-06-18,2026-06-18T13:31:55,CUST_DEF568F45BCE,ST_00981,,Cataluña,contrareembolso,paid,0,tienda,47.54,9.4,56.94,confirmed,False,5,growing
SO-2026-0000908,2026-06-18,2026-06-18T19:11:13,CUST_67B01D7C0098,,DC_BCN,Cataluña,transferencia,pending,15,ecommerce,104.76,21.35,126.11,confirmed,False,17,stable
SO-2026-0000909,2026-06-19,2026-06-19T17:38:03,CUST_13D5709B7D97,ST_01425,,Aragón,contrareembolso,paid,0,tienda,33.97,7.13,41.1,confirmed,True,11,declining
SO-2026-0000910,2026-06-19,2026-06-19T10:06:25,CUST_88CC669B29B8,ST_00277,,Comunitat Valenciana,tarjeta,pending,15,tienda,173.25,36.38,209.63,confirmed,True,21,stable
SO-2026-0000911,2026-06-19,2026-06-19T15:00:57,CUST_DFDA28B2BF21,,DC_VLC,Comunitat Valenciana,tarjeta,paid,0,ecommerce,54.04,11.35,65.39,confirmed,False,5,stable
