sale_id,line_number,product_id,quantity_ordered,quantity_delivered,unit_price_net,discount_pct,tax_rate,line_total_net
SO-2025-0000001,10,PROD_000646,4,4,2.438,0.0,0.21,9.75
SO-2025-0000001,20,PROD_003015,2,2,1.0744,0.0,0.21,2.15
SO-2025-0000001,30,PROD_000148,2,2,1.157,0.0,0.21,2.31
SO-2025-0000001,40,PROD_001236,1,1,2.314,0.0,0.21,2.31
SO-2025-0000001,50,PROD_002577,2,2,4.0909,0.0,0.21,8.18
SO-2025-0000001,60,PROD_002923,3,3,3.2231,0.0,0.21,9.67
SO-2025-0000001,70,PROD_000095,3,3,4.0496,0.0,0.21,12.15
SO-2025-0000001,80,PROD_001878,1,1,1.9835,0.0,0.21,1.98
SO-2025-0000001,90,PROD_001822,2,2,3.4711,0.0,0.21,6.94
SO-2025-0000002,10,PROD_002704,2,1,3.1405,0.0,0.21,3.14
SO-2025-0000002,20,PROD_002182,1,1,0.9091,0.0,0.21,0.91
SO-2025-0000002,30,PROD_002110,2,2,4.9273,0.0,0.1,9.85
SO-2025-0000002,40,PROD_000777,1,1,0.7769,0.0,0.21,0.78
SO-2025-0000002,50,PROD_001918,1,1,1.9091,0.0,0.21,1.91
SO-2025-0000002,60,PROD_001921,3,1,0.4132,0.0,0.21,0.41
SO-2025-0000002,70,PROD_000995,3,3,1.2404,0.0,0.04,3.72
SO-2025-0000002,80,PROD_001024,2,1,2.8926,0.0,0.21,2.89
SO-2025-0000002,90,PROD_000582,4,4,1.1157,0.0,0.21,4.46
SO-2025-0000002,100,PROD_000520,3,3,3.4628,0.0,0.21,10.39
SO-2025-0000003,10,PROD_000670,1,1,0.9091,0.0,0.21,0.91
SO-2025-0000003,20,PROD_001536,1,1,1.9008,0.0,0.21,1.9
SO-2025-0000003,30,PROD_002258,2,2,1.2562,0.0,0.21,2.51
SO-2025-0000003,40,PROD_002520,2,2,5.6364,0.0,0.1,11.27
SO-2025-0000003,50,PROD_001369,4,4,0.7025,0.0,0.21,2.81
SO-2025-0000003,60,PROD_003496,3,3,1.3388,0.0,0.21,4.02
SO-2025-0000003,70,PROD_003436,6,6,0.7438,0.0,0.21,4.46
SO-2025-0000003,80,PROD_003012,2,2,1.1157,0.0,0.21,2.23
SO-2025-0000003,90,PROD_003621,1,1,7.8512,0.0,0.21,7.85
SO-2025-0000003,100,PROD_001308,3,3,1.9008,0.0,0.21,5.7
SO-2025-0000003,110,PROD_003616,1,1,4.6694,0.0,0.21,4.67
SO-2025-0000003,120,PROD_002419,2,2,0.7355,0.0,0.21,1.47
SO-2025-0000003,130,PROD_003176,1,1,3.2231,0.0,0.21,3.22
SO-2025-0000003,140,PROD_003290,1,1,0.9504,0.0,0.21,0.95
SO-2025-0000003,150,PROD_000241,1,1,1.1818,0.0,0.21,1.18
SO-2025-0000003,160,PROD_001916,1,1,1.3462,0.0,0.04,1.35
SO-2025-0000003,170,PROD_002978,1,1,2.2727,0.0,0.21,2.27
SO-2025-0000003,180,PROD_002375,3,3,0.7851,0.0,0.21,2.36
SO-2025-0000003,190,PROD_003522,1,1,0.6198,0.0,0.21,0.62
SO-2025-0000003,200,PROD_000081,4,4,2.405,0.0,0.21,9.62
SO-2025-0000003,210,PROD_003406,3,3,1.2397,0.0,0.21,3.72
SO-2025-0000003,220,PROD_001475,1,1,1.3223,0.0,0.21,1.32
SO-2025-0000003,230,PROD_003381,2,2,3.843,0.0,0.21,7.69
SO-2025-0000003,240,PROD_001194,6,6,0.7025,0.0,0.21,4.21
SO-2025-0000003,250,PROD_001835,1,1,1.7769,0.0,0.21,1.78
SO-2025-0000003,260,PROD_003500,2,2,3.6198,0.0,0.21,7.24
SO-2025-0000003,270,PROD_000637,1,1,3.5207,0.0,0.21,3.52
SO-2025-0000003,280,PROD_002429,3,3,2.9174,0.0,0.21,8.75
SO-2025-0000003,290,PROD_001405,1,1,1.3942,0.0,0.04,1.39
SO-2025-0000003,300,PROD_001535,1,1,1.8843,0.0,0.21,1.88
SO-2025-0000003,310,PROD_000341,3,3,1.5702,0.0,0.21,4.71
SO-2025-0000003,320,PROD_000634,3,3,1.281,0.0,0.21,3.84
SO-2025-0000003,330,PROD_002743,1,1,1.0744,0.0,0.21,1.07
SO-2025-0000003,340,PROD_002373,2,2,2.1901,0.0,0.21,4.38
SO-2025-0000003,350,PROD_000758,2,2,1.3223,0.0,0.21,2.64
SO-2025-0000004,10,PROD_002532,1,1,1.4615,0.0,0.04,1.46
SO-2025-0000004,20,PROD_001037,3,3,3.2231,0.0,0.21,9.67
SO-2025-0000004,30,PROD_000889,2,2,0.7692,0.0,0.04,1.54
SO-2025-0000004,40,PROD_001917,3,3,5.1653,0.0,0.21,15.5
SO-2025-0000004,50,PROD_003054,2,2,1.7355,0.0,0.21,3.47
SO-2025-0000004,60,PROD_001341,2,2,1.7603,0.0,0.21,3.52
SO-2025-0000004,70,PROD_000182,1,1,0.9917,0.0,0.21,0.99
SO-2025-0000004,80,PROD_001719,1,1,1.3636,0.0,0.21,1.36
SO-2025-0000004,90,PROD_001166,2,2,0.8264,0.0,0.21,1.65
SO-2025-0000004,100,PROD_002432,2,2,8.9174,0.0,0.21,17.83
SO-2025-0000005,10,PROD_003494,4,4,1.405,0.0,0.21,5.62
SO-2025-0000005,20,PROD_003055,1,1,1.5702,0.0,0.21,1.57
SO-2025-0000005,30,PROD_000655,1,1,1.9091,0.0,0.21,1.91
SO-2025-0000005,40,PROD_000984,4,4,0.5785,0.0,0.21,2.31
SO-2025-0000005,50,PROD_001852,1,1,3.1322,0.0,0.21,3.13
SO-2025-0000005,60,PROD_000329,1,1,1.281,0.0,0.21,1.28
SO-2025-0000005,70,PROD_001061,1,1,1.2893,0.0,0.21,1.29
SO-2025-0000005,80,PROD_002094,2,2,0.8264,0.0,0.21,1.65
SO-2025-0000005,90,PROD_000798,2,2,1.0744,0.0,0.21,2.15
SO-2025-0000005,100,PROD_000995,3,3,1.2404,0.0,0.04,3.72
SO-2025-0000005,110,PROD_002360,5,5,0.8264,0.0,0.21,4.13
SO-2025-0000005,120,PROD_002217,1,1,2.6538,0.0,0.04,2.65
SO-2025-0000005,130,PROD_002639,1,1,1.9835,0.0,0.21,1.98
SO-2025-0000005,140,PROD_000857,1,1,0.9917,0.0,0.21,0.99
SO-2025-0000005,150,PROD_002369,1,1,0.8264,0.0,0.21,0.83
SO-2025-0000005,160,PROD_001949,1,1,5.0,0.0,0.1,5.0
SO-2025-0000005,170,PROD_000513,4,4,2.6033,0.0,0.21,10.41
SO-2025-0000006,10,PROD_001569,4,4,4.5041,0.0,0.21,18.02
SO-2025-0000006,20,PROD_002364,2,2,0.7438,0.0,0.21,1.49
SO-2025-0000006,30,PROD_001204,1,1,2.0909,0.0,0.1,2.09
SO-2025-0000006,40,PROD_002419,1,1,0.7355,0.0,0.21,0.74
SO-2025-0000006,50,PROD_003195,3,3,0.9091,0.0,0.21,2.73
SO-2025-0000006,60,PROD_001586,1,1,2.1488,0.0,0.21,2.15
SO-2025-0000006,70,PROD_002179,1,1,1.4132,0.0,0.21,1.41
SO-2025-0000006,80,PROD_003454,4,4,2.3967,0.0,0.21,9.59
SO-2025-0000006,90,PROD_003394,1,1,1.4876,0.0,0.21,1.49
SO-2025-0000006,100,PROD_000624,1,1,1.5702,0.0,0.21,1.57
SO-2025-0000006,110,PROD_001354,3,3,1.0096,0.0,0.04,3.03
SO-2025-0000006,120,PROD_002322,1,1,4.0496,0.0,0.21,4.05
SO-2025-0000006,130,PROD_001505,2,2,1.6529,0.0,0.21,3.31
SO-2025-0000006,140,PROD_003423,2,2,2.1488,0.0,0.21,4.3
SO-2025-0000006,150,PROD_002824,1,1,0.7438,0.0,0.21,0.74
SO-2025-0000006,160,PROD_001053,1,1,2.0192,0.0,0.04,2.02
SO-2025-0000006,170,PROD_002743,2,2,1.0744,0.0,0.21,2.15
SO-2025-0000006,180,PROD_000183,2,2,5.7025,0.0,0.21,11.4
SO-2025-0000006,190,PROD_000447,1,1,1.4712,0.0,0.04,1.47
SO-2025-0000006,200,PROD_003115,4,4,8.7934,0.0,0.21,35.17
SO-2025-0000006,210,PROD_002283,3,3,0.9917,0.0,0.21,2.98
SO-2025-0000006,220,PROD_000523,4,4,2.9587,0.0,0.21,11.83
SO-2025-0000006,230,PROD_000776,3,3,1.5289,0.0,0.21,4.59
SO-2025-0000006,240,PROD_002539,1,1,0.8678,0.0,0.21,0.87
SO-2025-0000006,250,PROD_001682,3,3,1.2596,0.0,0.04,3.78
SO-2025-0000006,260,PROD_001031,4,4,1.5702,0.0,0.21,6.28
SO-2025-0000006,270,PROD_001308,1,1,1.9008,0.0,0.21,1.9
SO-2025-0000006,280,PROD_001845,2,2,1.5702,0.0,0.21,3.14
SO-2025-0000006,290,PROD_001925,1,1,2.4793,0.0,0.21,2.48
SO-2025-0000006,300,PROD_002516,1,1,1.4876,0.0,0.21,1.49
SO-2025-0000006,310,PROD_003587,1,1,13.6694,0.0,0.21,13.67
SO-2025-0000007,10,PROD_000831,2,2,1.3462,0.0,0.04,2.69
SO-2025-0000007,20,PROD_002090,2,2,4.6529,0.0,0.21,9.31
SO-2025-0000007,30,PROD_000799,3,3,3.4711,0.0,0.21,10.41
SO-2025-0000007,40,PROD_002493,1,1,5.6446,0.0,0.21,5.64
SO-2025-0000007,50,PROD_002750,1,1,3.2231,0.0,0.21,3.22
SO-2025-0000007,60,PROD_000834,1,1,3.1322,0.0,0.21,3.13
SO-2025-0000007,70,PROD_002066,2,2,9.0909,0.0,0.21,18.18
SO-2025-0000007,80,PROD_002275,2,2,1.405,0.0,0.21,2.81
SO-2025-0000008,10,PROD_000489,4,4,0.8678,0.0,0.21,3.47
SO-2025-0000008,20,PROD_002291,1,1,2.5207,0.0,0.21,2.52
SO-2025-0000008,30,PROD_003490,3,3,1.5702,0.0,0.21,4.71
SO-2025-0000008,40,PROD_002093,2,2,0.9091,0.0,0.21,1.82
SO-2025-0000008,50,PROD_002008,5,5,2.8926,0.0,0.21,14.46
SO-2025-0000009,10,PROD_002459,6,3,0.4132,0.0,0.21,1.24
SO-2025-0000009,20,PROD_002748,5,2,3.2231,0.0,0.21,6.45
SO-2025-0000009,30,PROD_002628,5,2,3.3058,0.0,0.21,6.61
SO-2025-0000009,40,PROD_000153,1,1,1.4959,0.0,0.21,1.5
SO-2025-0000009,50,PROD_001726,1,1,0.9917,0.0,0.21,0.99
SO-2025-0000009,60,PROD_002514,2,2,2.8264,0.0,0.21,5.65
SO-2025-0000009,70,PROD_000330,1,1,1.2397,0.0,0.21,1.24
SO-2025-0000009,80,PROD_002977,1,1,2.0661,0.0,0.21,2.07
SO-2025-0000009,90,PROD_002347,1,1,1.9835,0.0,0.21,1.98
SO-2025-0000009,100,PROD_002914,1,1,2.9752,0.0,0.21,2.98
SO-2025-0000009,110,PROD_000361,2,2,5.4545,0.0,0.21,10.91
SO-2025-0000009,120,PROD_002124,3,3,2.4793,0.0,0.21,7.44
SO-2025-0000009,130,PROD_002572,1,1,1.2893,0.0,0.21,1.29
SO-2025-0000009,140,PROD_001848,3,3,11.9752,0.0,0.21,35.93
SO-2025-0000010,10,PROD_001049,1,1,1.4463,0.0,0.21,1.45
SO-2025-0000010,20,PROD_000669,1,1,2.6446,0.0,0.21,2.64
SO-2025-0000010,30,PROD_001851,5,4,2.2397,0.0,0.21,8.96
SO-2025-0000010,40,PROD_000988,1,1,1.3269,0.0,0.04,1.33
SO-2025-0000010,50,PROD_001214,1,1,1.2788,0.0,0.04,1.28
SO-2025-0000010,60,PROD_002889,1,1,0.9091,0.0,0.21,0.91
SO-2025-0000010,70,PROD_003689,2,2,2.8926,0.0,0.21,5.79
SO-2025-0000010,80,PROD_000869,1,1,1.6116,0.0,0.21,1.61
SO-2025-0000010,90,PROD_003586,1,1,1.5909,0.0,0.1,1.59
SO-2025-0000010,100,PROD_003510,4,3,1.7769,0.0,0.21,5.33
SO-2025-0000010,110,PROD_000811,2,1,3.2645,0.0,0.21,3.26
SO-2025-0000010,120,PROD_002268,3,3,2.438,0.0,0.21,7.31
SO-2025-0000011,10,PROD_002884,1,1,1.157,0.0,0.21,1.16
SO-2025-0000011,20,PROD_001364,1,1,2.2314,0.0,0.21,2.23
SO-2025-0000011,30,PROD_003336,4,3,1.281,0.0,0.21,3.84
SO-2025-0000011,40,PROD_000791,3,3,1.5702,0.0,0.21,4.71
SO-2025-0000011,50,PROD_002202,2,2,3.8017,0.0,0.21,7.6
SO-2025-0000011,60,PROD_002112,4,4,1.2019,0.0,0.04,4.81
SO-2025-0000011,70,PROD_003603,1,1,4.9587,0.0,0.21,4.96
SO-2025-0000011,80,PROD_001521,2,2,0.2397,0.0,0.21,0.48
SO-2025-0000011,90,PROD_003406,6,4,1.2397,0.0,0.21,4.96
SO-2025-0000011,100,PROD_001484,4,4,1.7355,0.0,0.21,6.94
SO-2025-0000011,110,PROD_001295,1,1,5.3719,0.0,0.21,5.37
SO-2025-0000011,120,PROD_000088,1,1,1.281,0.0,0.21,1.28
SO-2025-0000011,130,PROD_000716,1,1,1.0744,0.0,0.21,1.07
SO-2025-0000011,140,PROD_003388,4,4,1.4876,0.0,0.21,5.95
SO-2025-0000011,150,PROD_003290,1,1,0.9504,0.0,0.21,0.95
SO-2025-0000011,160,PROD_001658,1,1,2.1488,0.0,0.21,2.15
SO-2025-0000011,170,PROD_000086,2,2,1.5702,0.0,0.21,3.14
SO-2025-0000011,180,PROD_000335,3,3,4.8512,0.0,0.21,14.55
SO-2025-0000011,190,PROD_001175,3,3,3.0165,0.0,0.21,9.05
SO-2025-0000011,200,PROD_000535,1,1,2.3967,0.0,0.21,2.4
SO-2025-0000011,210,PROD_002756,1,1,1.2397,0.0,0.21,1.24
SO-2025-0000011,220,PROD_002621,1,1,4.8264,0.0,0.21,4.83
SO-2025-0000011,230,PROD_000797,1,1,1.5868,0.0,0.21,1.59
SO-2025-0000011,240,PROD_003457,3,3,4.876,0.0,0.21,14.63
SO-2025-0000011,250,PROD_002671,1,1,1.4463,0.0,0.21,1.45
SO-2025-0000011,260,PROD_001870,1,1,1.1157,0.0,0.21,1.12
SO-2025-0000011,270,PROD_003358,3,1,6.5289,0.0,0.21,6.53
SO-2025-0000011,280,PROD_002962,1,1,2.0661,0.0,0.21,2.07
SO-2025-0000011,290,PROD_000108,7,3,1.5289,0.0,0.21,4.59
SO-2025-0000012,10,PROD_002975,2,2,2.8099,0.0,0.21,5.62
SO-2025-0000012,20,PROD_000673,1,1,0.1157,0.0,0.21,0.12
SO-2025-0000012,30,PROD_000285,1,1,1.5702,0.0,0.21,1.57
SO-2025-0000012,40,PROD_003113,2,2,2.2727,0.0,0.21,4.55
SO-2025-0000012,50,PROD_002600,1,1,5.1488,0.0,0.21,5.15
SO-2025-0000012,60,PROD_000282,4,4,3.876,0.0,0.21,15.5
SO-2025-0000012,70,PROD_000488,1,1,4.8182,0.0,0.21,4.82
SO-2025-0000012,80,PROD_003342,5,5,5.1653,0.0,0.21,25.83
SO-2025-0000012,90,PROD_000315,1,1,2.3554,0.0,0.21,2.36
SO-2025-0000012,100,PROD_000600,3,3,1.3223,0.0,0.21,3.97
SO-2025-0000012,110,PROD_002101,4,4,6.6116,0.0,0.21,26.45
SO-2025-0000013,10,PROD_000493,1,1,3.6942,0.0,0.21,3.69
SO-2025-0000013,20,PROD_002008,5,5,2.8926,0.0,0.21,14.46
SO-2025-0000013,30,PROD_003135,2,2,1.2397,0.0,0.21,2.48
SO-2025-0000013,40,PROD_000686,1,1,0.9504,0.0,0.21,0.95
SO-2025-0000013,50,PROD_001425,3,3,3.5537,0.0,0.21,10.66
SO-2025-0000013,60,PROD_001690,1,1,1.0331,0.0,0.21,1.03
SO-2025-0000013,70,PROD_001452,2,2,0.2397,0.0,0.21,0.48
SO-2025-0000013,80,PROD_001229,1,1,0.9091,0.0,0.21,0.91
SO-2025-0000013,90,PROD_000131,3,3,5.4545,0.0,0.21,16.36
SO-2025-0000013,100,PROD_000918,4,4,1.1901,0.0,0.21,4.76
SO-2025-0000013,110,PROD_001366,2,2,1.1157,0.0,0.21,2.23
SO-2025-0000013,120,PROD_000975,2,2,6.6942,0.0,0.21,13.39
SO-2025-0000013,130,PROD_002803,3,3,0.9091,0.0,0.21,2.73
SO-2025-0000013,140,PROD_001787,1,1,1.1983,0.0,0.21,1.2
SO-2025-0000013,150,PROD_002403,1,1,1.9091,0.0,0.1,1.91
SO-2025-0000013,160,PROD_001094,2,2,1.6529,0.0,0.21,3.31
SO-2025-0000013,170,PROD_001844,1,1,1.0331,0.0,0.21,1.03
SO-2025-0000013,180,PROD_000175,1,1,0.3306,0.0,0.21,0.33
SO-2025-0000013,190,PROD_001537,1,1,4.2066,0.0,0.21,4.21
SO-2025-0000013,200,PROD_002622,1,1,1.5702,0.0,0.21,1.57
SO-2025-0000013,210,PROD_000488,1,1,4.8182,0.0,0.21,4.82
SO-2025-0000013,220,PROD_002219,1,1,4.0496,0.0,0.21,4.05
SO-2025-0000013,230,PROD_003094,1,1,1.6529,0.0,0.21,1.65
SO-2025-0000013,240,PROD_001386,3,3,3.8017,0.0,0.21,11.41
SO-2025-0000013,250,PROD_001732,4,4,1.3223,0.0,0.21,5.29
SO-2025-0000013,260,PROD_003659,3,3,2.3967,0.0,0.21,7.19
SO-2025-0000013,270,PROD_002551,2,2,6.1983,0.0,0.21,12.4
SO-2025-0000013,280,PROD_000272,2,2,1.5702,0.0,0.21,3.14
SO-2025-0000013,290,PROD_001794,2,2,1.7769,0.0,0.21,3.55
SO-2025-0000013,300,PROD_002591,2,2,5.6033,0.0,0.21,11.21
SO-2025-0000013,310,PROD_000150,1,1,0.9091,0.0,0.21,0.91
SO-2025-0000014,10,PROD_001884,1,1,4.0496,0.0,0.21,4.05
SO-2025-0000014,20,PROD_002656,1,1,1.157,0.0,0.21,1.16
SO-2025-0000014,30,PROD_002143,3,3,0.2893,0.0,0.21,0.87
SO-2025-0000014,40,PROD_003562,3,3,1.0744,0.0,0.21,3.22
SO-2025-0000014,50,PROD_001067,1,1,0.2893,0.0,0.21,0.29
SO-2025-0000014,60,PROD_000995,2,2,1.2404,0.0,0.04,2.48
SO-2025-0000014,70,PROD_003451,1,1,1.281,0.0,0.21,1.28
SO-2025-0000014,80,PROD_002604,2,2,0.9504,0.0,0.21,1.9
SO-2025-0000014,90,PROD_001675,2,2,1.719,0.0,0.21,3.44
SO-2025-0000014,100,PROD_002961,3,3,1.2397,0.0,0.21,3.72
SO-2025-0000014,110,PROD_000806,1,1,0.6612,0.0,0.21,0.66
SO-2025-0000014,120,PROD_001981,1,1,9.7686,0.0,0.21,9.77
SO-2025-0000014,130,PROD_003448,3,3,1.3223,0.0,0.21,3.97
SO-2025-0000014,140,PROD_001604,2,2,3.4545,0.0,0.21,6.91
SO-2025-0000014,150,PROD_002008,2,2,2.8926,0.0,0.21,5.79
SO-2025-0000014,160,PROD_000826,2,2,2.0661,0.0,0.21,4.13
SO-2025-0000014,170,PROD_001392,2,2,4.6529,0.0,0.21,9.31
SO-2025-0000015,10,PROD_000345,6,1,0.1405,0.0,0.21,0.14
SO-2025-0000015,20,PROD_001253,4,3,1.0744,0.0,0.21,3.22
SO-2025-0000015,30,PROD_001917,3,3,5.1653,0.0,0.21,15.5
SO-2025-0000015,40,PROD_002682,3,3,12.1405,0.0,0.21,36.42
SO-2025-0000015,50,PROD_001340,2,2,7.405,0.0,0.21,14.81
SO-2025-0000015,60,PROD_002175,5,4,1.4545,0.0,0.21,5.82
SO-2025-0000015,70,PROD_003014,2,2,0.9917,0.0,0.21,1.98
SO-2025-0000015,80,PROD_001093,2,2,1.3223,0.0,0.21,2.64
SO-2025-0000016,10,PROD_002314,2,2,1.8595,0.0,0.21,3.72
SO-2025-0000016,20,PROD_000166,3,3,2.8099,0.0,0.21,8.43
SO-2025-0000016,30,PROD_001897,1,1,8.2645,0.0,0.21,8.26
SO-2025-0000016,40,PROD_000342,4,4,1.1157,0.0,0.21,4.46
SO-2025-0000016,50,PROD_001341,1,1,1.7603,0.0,0.21,1.76
SO-2025-0000016,60,PROD_000610,6,6,3.876,0.0,0.21,23.26
SO-2025-0000016,70,PROD_002983,1,1,1.6529,0.0,0.21,1.65
SO-2025-0000016,80,PROD_001472,3,3,9.7521,0.0,0.21,29.26
SO-2025-0000016,90,PROD_001289,1,1,0.1983,0.0,0.21,0.2
SO-2025-0000016,100,PROD_003490,4,4,1.5702,0.0,0.21,6.28
SO-2025-0000016,110,PROD_001459,1,1,3.2231,0.0,0.21,3.22
SO-2025-0000017,10,PROD_000085,1,1,1.9008,0.0,0.21,1.9
SO-2025-0000017,20,PROD_000293,1,1,1.0744,0.0,0.21,1.07
SO-2025-0000017,30,PROD_000499,2,2,2.3182,0.0,0.1,4.64
SO-2025-0000017,40,PROD_001487,1,1,1.0,0.0,0.21,1.0
SO-2025-0000017,50,PROD_001888,2,2,7.9091,0.0,0.21,15.82
SO-2025-0000018,10,PROD_001394,2,2,3.876,0.0,0.21,7.75
SO-2025-0000018,20,PROD_000855,1,1,0.9504,0.0,0.21,0.95
SO-2025-0000018,30,PROD_001749,3,3,1.3223,0.0,0.21,3.97
SO-2025-0000018,40,PROD_002886,3,3,3.2645,0.0,0.21,9.79
SO-2025-0000018,50,PROD_001617,2,2,0.7025,0.0,0.21,1.41
SO-2025-0000018,60,PROD_002349,1,1,1.5702,0.0,0.21,1.57
SO-2025-0000018,70,PROD_003149,2,2,2.0661,0.0,0.21,4.13
SO-2025-0000018,80,PROD_001389,1,1,5.6033,0.0,0.21,5.6
SO-2025-0000018,90,PROD_001544,4,4,1.3636,0.0,0.21,5.45
SO-2025-0000018,100,PROD_000844,4,4,1.2397,0.0,0.21,4.96
SO-2025-0000018,110,PROD_003045,1,1,2.4793,0.0,0.21,2.48
SO-2025-0000019,10,PROD_000848,1,1,1.3223,0.0,0.21,1.32
SO-2025-0000019,20,PROD_002933,1,1,8.8264,0.0,0.21,8.83
SO-2025-0000019,30,PROD_002357,4,4,4.0496,0.0,0.21,16.2
SO-2025-0000020,10,PROD_002193,2,2,2.8926,0.0,0.21,5.79
SO-2025-0000020,20,PROD_000418,6,6,1.2314,0.0,0.21,7.39
SO-2025-0000020,30,PROD_003664,3,3,2.562,0.0,0.21,7.69
SO-2025-0000020,40,PROD_001600,1,1,1.0577,0.0,0.04,1.06
SO-2025-0000020,50,PROD_002803,3,3,0.9091,0.0,0.21,2.73
SO-2025-0000020,60,PROD_000261,1,1,1.5537,0.0,0.21,1.55
SO-2025-0000021,10,PROD_001351,1,1,2.1157,0.0,0.21,2.12
SO-2025-0000021,20,PROD_001438,1,1,2.7686,0.0,0.21,2.77
SO-2025-0000021,30,PROD_002011,1,1,1.6529,0.0,0.21,1.65
SO-2025-0000021,40,PROD_000128,4,4,16.6364,0.0,0.21,66.55
SO-2025-0000022,10,PROD_003336,1,1,1.281,0.0,0.21,1.28
SO-2025-0000022,20,PROD_003552,1,1,1.9669,0.0,0.21,1.97
SO-2025-0000022,30,PROD_001050,1,1,1.6346,0.0,0.04,1.63
SO-2025-0000022,40,PROD_003509,2,2,1.281,0.0,0.21,2.56
SO-2025-0000022,50,PROD_002480,1,1,9.0909,0.0,0.21,9.09
SO-2025-0000022,60,PROD_003152,6,6,1.6529,0.0,0.21,9.92
SO-2025-0000022,70,PROD_002089,2,2,2.2314,0.0,0.21,4.46
SO-2025-0000022,80,PROD_001696,1,1,2.0826,0.0,0.21,2.08
SO-2025-0000022,90,PROD_003597,2,2,6.8595,0.0,0.21,13.72
SO-2025-0000022,100,PROD_000811,1,1,3.2645,0.0,0.21,3.26
SO-2025-0000022,110,PROD_003587,1,1,13.6694,0.0,0.21,13.67
SO-2025-0000022,120,PROD_001607,2,2,0.8173,0.0,0.04,1.63
SO-2025-0000022,130,PROD_002544,2,2,8.0,0.0,0.1,16.0
SO-2025-0000022,140,PROD_002222,2,2,0.6612,0.0,0.21,1.32
SO-2025-0000022,150,PROD_003551,2,2,1.4793,0.0,0.21,2.96
SO-2025-0000022,160,PROD_003691,2,2,2.0661,0.0,0.21,4.13
SO-2025-0000022,170,PROD_001087,4,4,1.0096,0.0,0.04,4.04
SO-2025-0000022,180,PROD_000637,1,1,3.5207,0.0,0.21,3.52
SO-2025-0000022,190,PROD_003438,2,2,0.7438,0.0,0.21,1.49
SO-2025-0000022,200,PROD_003387,2,2,1.0661,0.0,0.21,2.13
SO-2025-0000023,10,PROD_002387,1,1,0.843,0.0,0.21,0.84
SO-2025-0000023,20,PROD_001499,1,1,2.3967,0.0,0.21,2.4
SO-2025-0000023,30,PROD_002037,2,2,1.3223,0.0,0.21,2.64
SO-2025-0000023,40,PROD_001902,1,1,8.1818,0.0,0.21,8.18
SO-2025-0000023,50,PROD_002688,1,1,9.7107,0.0,0.21,9.71
SO-2025-0000023,60,PROD_000123,2,2,1.5372,0.0,0.21,3.07
SO-2025-0000023,70,PROD_002531,3,3,1.3636,0.0,0.21,4.09
SO-2025-0000023,80,PROD_001803,1,1,2.7273,0.0,0.21,2.73
SO-2025-0000023,90,PROD_001296,2,2,0.9504,0.0,0.21,1.9
SO-2025-0000023,100,PROD_001588,2,2,2.2727,0.0,0.21,4.55
SO-2025-0000023,110,PROD_003149,1,1,2.0661,0.0,0.21,2.07
SO-2025-0000023,120,PROD_001798,4,4,0.8264,0.0,0.21,3.31
SO-2025-0000023,130,PROD_002832,3,3,1.4876,0.0,0.21,4.46
SO-2025-0000023,140,PROD_003350,1,1,0.6198,0.0,0.21,0.62
SO-2025-0000023,150,PROD_000688,1,1,3.8017,0.0,0.21,3.8
SO-2025-0000023,160,PROD_001892,3,3,2.6446,0.0,0.21,7.93
SO-2025-0000024,10,PROD_001804,3,3,0.9504,0.0,0.21,2.85
SO-2025-0000024,20,PROD_000239,1,1,1.157,0.0,0.21,1.16
SO-2025-0000024,30,PROD_002541,3,3,1.0744,0.0,0.21,3.22
SO-2025-0000024,40,PROD_000562,2,2,1.157,0.0,0.21,2.31
SO-2025-0000024,50,PROD_003154,1,1,3.2231,0.0,0.21,3.22
SO-2025-0000024,60,PROD_002199,1,1,1.375,0.0,0.04,1.38
SO-2025-0000024,70,PROD_002396,1,1,0.3545,0.0,0.1,0.35
SO-2025-0000024,80,PROD_001444,2,2,3.719,0.0,0.21,7.44
SO-2025-0000024,90,PROD_000822,2,2,0.8843,0.0,0.21,1.77
SO-2025-0000024,100,PROD_002421,1,1,1.7438,0.0,0.21,1.74
SO-2025-0000024,110,PROD_002238,2,2,1.281,0.0,0.21,2.56
SO-2025-0000024,120,PROD_000939,1,1,1.5702,0.0,0.21,1.57
SO-2025-0000024,130,PROD_002065,1,1,0.7438,0.0,0.21,0.74
SO-2025-0000024,140,PROD_000373,1,1,2.3554,0.0,0.21,2.36
SO-2025-0000024,150,PROD_003082,2,2,2.7273,0.0,0.21,5.45
SO-2025-0000024,160,PROD_002279,1,1,2.562,0.0,0.21,2.56
SO-2025-0000024,170,PROD_000845,1,1,2.281,0.0,0.21,2.28
SO-2025-0000024,180,PROD_001922,1,1,6.9669,0.0,0.21,6.97
SO-2025-0000024,190,PROD_001364,3,3,2.2314,0.0,0.21,6.69
SO-2025-0000024,200,PROD_003088,1,1,5.7355,0.0,0.21,5.74
SO-2025-0000024,210,PROD_002399,2,2,6.6116,0.0,0.21,13.22
SO-2025-0000024,220,PROD_001425,2,2,3.5537,0.0,0.21,7.11
SO-2025-0000024,230,PROD_000135,5,3,1.0165,0.0,0.21,3.05
SO-2025-0000024,240,PROD_003502,2,2,1.5289,0.0,0.21,3.06
SO-2025-0000024,250,PROD_000649,1,1,3.6198,0.0,0.21,3.62
SO-2025-0000024,260,PROD_003063,2,2,3.2231,0.0,0.21,6.45
SO-2025-0000024,270,PROD_002205,1,1,1.2562,0.0,0.21,1.26
SO-2025-0000024,280,PROD_001787,2,2,1.1983,0.0,0.21,2.4
SO-2025-0000024,290,PROD_002387,2,2,0.843,0.0,0.21,1.69
SO-2025-0000024,300,PROD_001752,4,1,2.6529,0.0,0.21,2.65
SO-2025-0000024,310,PROD_000797,3,3,1.5868,0.0,0.21,4.76
SO-2025-0000024,320,PROD_001889,3,3,1.4876,0.0,0.21,4.46
SO-2025-0000024,330,PROD_000487,1,1,4.2975,0.0,0.21,4.3
SO-2025-0000024,340,PROD_001913,2,2,8.2314,0.0,0.21,16.46
SO-2025-0000025,10,PROD_002445,2,2,9.0455,0.0,0.1,18.09
SO-2025-0000026,10,PROD_000486,1,1,4.0496,0.0,0.21,4.05
SO-2025-0000026,20,PROD_000464,5,5,3.595,0.0,0.21,17.98
SO-2025-0000026,30,PROD_001234,1,1,5.4545,0.0,0.21,5.45
SO-2025-0000026,40,PROD_000736,1,1,1.2397,0.0,0.21,1.24
SO-2025-0000026,50,PROD_003671,2,2,1.157,0.0,0.21,2.31
SO-2025-0000026,60,PROD_002629,1,1,0.7438,0.0,0.21,0.74
SO-2025-0000026,70,PROD_001554,1,1,0.8264,0.0,0.21,0.83
SO-2025-0000026,80,PROD_000755,1,1,3.2397,0.0,0.21,3.24
SO-2025-0000026,90,PROD_001482,3,3,2.281,0.0,0.21,6.84
SO-2025-0000026,100,PROD_000361,3,3,5.4545,0.0,0.21,16.36
SO-2025-0000027,10,PROD_000471,3,3,1.1157,0.0,0.21,3.35
SO-2025-0000027,20,PROD_000765,1,1,3.4711,0.0,0.21,3.47
SO-2025-0000027,30,PROD_000497,4,4,6.8182,0.0,0.21,27.27
SO-2025-0000027,40,PROD_001919,2,2,2.4545,0.0,0.21,4.91
SO-2025-0000027,50,PROD_000855,3,3,0.9504,0.0,0.21,2.85
SO-2025-0000027,60,PROD_001749,3,3,1.3223,0.0,0.21,3.97
SO-2025-0000027,70,PROD_001425,1,1,3.5537,0.0,0.21,3.55
SO-2025-0000027,80,PROD_001197,1,1,3.7851,0.0,0.21,3.79
SO-2025-0000027,90,PROD_002103,4,4,6.5537,0.0,0.21,26.21
SO-2025-0000028,10,PROD_001583,1,1,2.3554,0.0,0.21,2.36
SO-2025-0000028,20,PROD_000434,1,1,0.9917,0.0,0.21,0.99
SO-2025-0000028,30,PROD_001065,1,1,2.6346,0.0,0.04,2.63
SO-2025-0000028,40,PROD_001408,1,1,2.1488,0.0,0.21,2.15
SO-2025-0000028,50,PROD_003450,2,2,1.5289,0.0,0.21,3.06
SO-2025-0000028,60,PROD_001806,1,1,1.3223,0.0,0.21,1.32
SO-2025-0000028,70,PROD_000126,4,1,2.2314,0.0,0.21,2.23
SO-2025-0000028,80,PROD_002526,4,4,9.5041,0.0,0.21,38.02
SO-2025-0000029,10,PROD_001210,1,1,3.1818,0.0,0.21,3.18
SO-2025-0000029,20,PROD_003491,3,3,0.7355,0.0,0.21,2.21
SO-2025-0000029,30,PROD_001467,1,1,1.7788,0.0,0.04,1.78
SO-2025-0000029,40,PROD_000324,1,1,1.3223,0.0,0.21,1.32
SO-2025-0000029,50,PROD_000340,1,1,1.5702,0.0,0.21,1.57
SO-2025-0000029,60,PROD_000407,2,2,32.8636,0.0,0.1,65.73
SO-2025-0000029,70,PROD_001611,2,2,1.1157,0.0,0.21,2.23
SO-2025-0000029,80,PROD_003711,4,4,0.9504,0.0,0.21,3.8
SO-2025-0000029,90,PROD_000384,1,1,2.8512,0.0,0.21,2.85
SO-2025-0000029,100,PROD_003494,4,4,1.405,0.0,0.21,5.62
SO-2025-0000029,110,PROD_000950,1,1,1.7769,0.0,0.21,1.78
SO-2025-0000029,120,PROD_003493,3,3,2.6612,0.0,0.21,7.98
SO-2025-0000029,130,PROD_001404,3,3,6.4463,0.0,0.21,19.34
SO-2025-0000029,140,PROD_000270,1,1,1.2397,0.0,0.21,1.24
SO-2025-0000029,150,PROD_000364,1,1,1.5289,0.0,0.21,1.53
SO-2025-0000029,160,PROD_003719,2,2,1.2727,0.0,0.21,2.55
SO-2025-0000030,10,PROD_003481,1,1,0.9421,0.0,0.21,0.94
SO-2025-0000030,20,PROD_003336,2,2,1.281,0.0,0.21,2.56
SO-2025-0000030,30,PROD_002599,3,3,4.3388,0.0,0.21,13.02
SO-2025-0000030,40,PROD_001891,1,1,2.3967,0.0,0.21,2.4
SO-2025-0000030,50,PROD_000838,5,5,1.0331,0.0,0.21,5.17
SO-2025-0000030,60,PROD_001032,5,5,0.8678,0.0,0.21,4.34
SO-2025-0000030,70,PROD_001691,2,2,1.7851,0.0,0.21,3.57
SO-2025-0000030,80,PROD_000727,1,1,3.2231,0.0,0.21,3.22
SO-2025-0000030,90,PROD_002592,2,2,3.7521,0.0,0.21,7.5
SO-2025-0000030,100,PROD_003359,4,4,1.1157,0.0,0.21,4.46
SO-2025-0000030,110,PROD_000841,2,2,2.2893,0.0,0.21,4.58
SO-2025-0000030,120,PROD_003482,3,3,1.3223,0.0,0.21,3.97
SO-2025-0000030,130,PROD_002203,1,1,1.1157,0.0,0.21,1.12
SO-2025-0000030,140,PROD_000192,1,1,5.9587,0.0,0.21,5.96
SO-2025-0000030,150,PROD_002419,1,1,0.7355,0.0,0.21,0.74
SO-2025-0000030,160,PROD_003390,2,2,1.405,0.0,0.21,2.81
SO-2025-0000030,170,PROD_001102,1,1,1.405,0.0,0.21,1.41
SO-2025-0000030,180,PROD_001600,2,2,1.0577,0.0,0.04,2.12
SO-2025-0000030,190,PROD_002385,1,1,3.0083,0.0,0.21,3.01
SO-2025-0000030,200,PROD_000809,1,1,1.157,0.0,0.21,1.16
SO-2025-0000030,210,PROD_001145,5,5,0.9504,0.0,0.21,4.75
SO-2025-0000030,220,PROD_000753,3,3,1.1157,0.0,0.21,3.35
SO-2025-0000030,230,PROD_001390,4,4,3.5702,0.0,0.21,14.28
SO-2025-0000031,10,PROD_002304,2,2,0.9504,0.0,0.21,1.9
SO-2025-0000031,20,PROD_000874,1,1,7.438,0.0,0.21,7.44
SO-2025-0000031,30,PROD_003175,1,1,3.2231,0.0,0.21,3.22
SO-2025-0000031,40,PROD_001443,6,6,3.3058,0.0,0.21,19.83
SO-2025-0000031,50,PROD_001230,2,2,2.1653,0.0,0.21,4.33
SO-2025-0000031,60,PROD_001154,3,3,0.9504,0.0,0.21,2.85
SO-2025-0000031,70,PROD_000678,1,1,5.0,0.0,0.21,5.0
SO-2025-0000031,80,PROD_000294,5,5,1.5702,0.0,0.21,7.85
SO-2025-0000031,90,PROD_003251,1,1,0.9504,0.0,0.21,0.95
SO-2025-0000031,100,PROD_000170,2,2,2.1488,0.0,0.21,4.3
SO-2025-0000031,110,PROD_000902,3,3,1.2981,0.0,0.04,3.89
SO-2025-0000031,120,PROD_001661,1,1,2.5481,0.0,0.04,2.55
SO-2025-0000031,130,PROD_003616,3,3,4.6694,0.0,0.21,14.01
SO-2025-0000031,140,PROD_003621,1,1,7.8512,0.0,0.21,7.85
SO-2025-0000031,150,PROD_000373,1,1,2.3554,0.0,0.21,2.36
SO-2025-0000031,160,PROD_001612,4,4,1.3462,0.0,0.04,5.38
SO-2025-0000031,170,PROD_001896,1,1,1.9091,0.0,0.21,1.91
SO-2025-0000031,180,PROD_002394,3,3,0.7934,0.0,0.21,2.38
SO-2025-0000031,190,PROD_003515,4,4,1.0331,0.0,0.21,4.13
SO-2025-0000031,200,PROD_003560,5,5,4.5455,0.0,0.21,22.73
SO-2025-0000032,10,PROD_002359,1,1,3.2645,0.0,0.21,3.26
SO-2025-0000032,20,PROD_001325,1,1,1.876,0.0,0.21,1.88
SO-2025-0000032,30,PROD_000976,2,2,1.0744,0.0,0.21,2.15
SO-2025-0000032,40,PROD_001757,7,7,2.3967,0.0,0.21,16.78
SO-2025-0000032,50,PROD_003054,1,1,1.7355,0.0,0.21,1.74
SO-2025-0000032,60,PROD_002561,3,3,2.6033,0.0,0.21,7.81
SO-2025-0000032,70,PROD_000223,1,1,0.595,0.0,0.21,0.59
SO-2025-0000032,80,PROD_000702,1,1,2.0661,0.0,0.21,2.07
SO-2025-0000032,90,PROD_000596,2,2,2.3967,0.0,0.21,4.79
SO-2025-0000032,100,PROD_002100,2,2,17.4132,0.0,0.21,34.83
SO-2025-0000033,10,PROD_003111,1,1,1.5289,0.0,0.21,1.53
SO-2025-0000033,20,PROD_000658,1,1,8.7686,0.0,0.21,8.77
SO-2025-0000033,30,PROD_001783,5,3,1.7355,0.0,0.21,5.21
SO-2025-0000033,40,PROD_002024,3,3,1.4463,0.0,0.21,4.34
SO-2025-0000033,50,PROD_003023,1,1,1.3636,0.0,0.21,1.36
SO-2025-0000033,60,PROD_001582,4,3,3.6694,0.0,0.21,11.01
SO-2025-0000034,10,PROD_001818,2,2,11.405,0.0,0.21,22.81
SO-2025-0000034,20,PROD_002177,5,5,2.1488,0.0,0.21,10.74
SO-2025-0000035,10,PROD_001703,2,2,3.2645,0.0,0.21,6.53
SO-2025-0000035,20,PROD_003107,2,2,2.2727,0.0,0.21,4.55
SO-2025-0000035,30,PROD_003123,1,1,2.0661,0.0,0.21,2.07
SO-2025-0000035,40,PROD_003336,3,3,1.281,0.0,0.21,3.84
SO-2025-0000035,50,PROD_002090,4,3,4.6529,0.0,0.21,13.96
SO-2025-0000035,60,PROD_000443,1,1,4.6198,0.0,0.21,4.62
SO-2025-0000035,70,PROD_001505,2,2,1.6529,0.0,0.21,3.31
SO-2025-0000035,80,PROD_003710,3,3,1.2727,0.0,0.21,3.82
SO-2025-0000035,90,PROD_000202,2,2,6.2479,0.0,0.21,12.5
SO-2025-0000035,100,PROD_002491,1,1,2.8512,0.0,0.21,2.85
SO-2025-0000035,110,PROD_003580,2,2,0.9545,0.0,0.1,1.91
SO-2025-0000035,120,PROD_001325,2,2,1.876,0.0,0.21,3.75
SO-2025-0000035,130,PROD_002495,1,1,1.0577,0.0,0.04,1.06
SO-2025-0000035,140,PROD_000845,2,2,2.281,0.0,0.21,4.56
SO-2025-0000036,10,PROD_002094,2,2,0.8264,0.0,0.21,1.65
SO-2025-0000036,20,PROD_001835,1,1,1.7769,0.0,0.21,1.78
SO-2025-0000036,30,PROD_002529,1,1,0.8678,0.0,0.21,0.87
SO-2025-0000036,40,PROD_000197,1,1,3.1818,0.0,0.1,3.18
SO-2025-0000036,50,PROD_000655,2,2,1.9091,0.0,0.21,3.82
SO-2025-0000036,60,PROD_002830,1,1,1.0744,0.0,0.21,1.07
SO-2025-0000036,70,PROD_001811,3,3,1.6116,0.0,0.21,4.83
SO-2025-0000036,80,PROD_002544,2,2,8.0,0.0,0.1,16.0
SO-2025-0000036,90,PROD_001890,2,2,1.7603,0.0,0.21,3.52
SO-2025-0000036,100,PROD_002317,2,2,5.8182,0.0,0.1,11.64
SO-2025-0000036,110,PROD_000062,4,4,3.1736,0.0,0.21,12.69
SO-2025-0000036,120,PROD_003655,2,2,2.2727,0.0,0.21,4.55
SO-2025-0000036,130,PROD_000583,1,1,1.6281,0.0,0.21,1.63
SO-2025-0000036,140,PROD_001461,3,3,1.4545,0.0,0.21,4.36
SO-2025-0000036,150,PROD_002353,2,2,1.0769,0.0,0.04,2.15
SO-2025-0000037,10,PROD_000539,2,2,2.5124,0.0,0.21,5.02
SO-2025-0000037,20,PROD_001757,5,4,2.3967,0.0,0.21,9.59
SO-2025-0000037,30,PROD_000755,2,2,3.2397,0.0,0.21,6.48
SO-2025-0000037,40,PROD_002058,1,1,1.3223,0.0,0.21,1.32
SO-2025-0000037,50,PROD_003142,1,1,3.2231,0.0,0.21,3.22
SO-2025-0000037,60,PROD_001687,3,1,1.2893,0.0,0.21,1.29
SO-2025-0000037,70,PROD_002153,1,1,0.7851,0.0,0.21,0.79
SO-2025-0000037,80,PROD_001494,4,3,0.7025,0.0,0.21,2.11
SO-2025-0000037,90,PROD_003704,1,1,3.7603,0.0,0.21,3.76
SO-2025-0000037,100,PROD_002572,2,2,1.2893,0.0,0.21,2.58
SO-2025-0000037,110,PROD_002568,1,1,1.281,0.0,0.21,1.28
SO-2025-0000037,120,PROD_001033,2,1,3.1736,0.0,0.21,3.17
SO-2025-0000037,130,PROD_000647,2,2,4.0496,0.0,0.21,8.1
SO-2025-0000037,140,PROD_002459,3,3,0.4132,0.0,0.21,1.24
SO-2025-0000037,150,PROD_001359,4,4,2.1901,0.0,0.21,8.76
SO-2025-0000038,10,PROD_000584,1,1,2.0579,0.0,0.21,2.06
SO-2025-0000038,20,PROD_002117,3,3,1.405,0.0,0.21,4.21
SO-2025-0000038,30,PROD_001668,2,2,1.6033,0.0,0.21,3.21
SO-2025-0000038,40,PROD_001585,2,2,3.3058,0.0,0.21,6.61
SO-2025-0000038,50,PROD_002901,1,1,1.5702,0.0,0.21,1.57
SO-2025-0000038,60,PROD_002306,4,4,0.7025,0.0,0.21,2.81
SO-2025-0000038,70,PROD_000559,2,2,1.2562,0.0,0.21,2.51
SO-2025-0000038,80,PROD_003449,3,2,2.8099,0.0,0.21,5.62
SO-2025-0000038,90,PROD_003125,2,2,3.2231,0.0,0.21,6.45
SO-2025-0000038,100,PROD_003581,1,1,4.7934,0.0,0.21,4.79
SO-2025-0000038,110,PROD_002614,1,1,1.314,0.0,0.21,1.31
SO-2025-0000038,120,PROD_003598,1,1,0.9545,0.0,0.1,0.95
SO-2025-0000038,130,PROD_003169,2,2,2.5207,0.0,0.21,5.04
SO-2025-0000038,140,PROD_000565,2,2,2.314,0.0,0.21,4.63
SO-2025-0000039,10,PROD_003169,2,2,2.5207,0.0,0.21,5.04
SO-2025-0000039,20,PROD_000665,2,2,2.4793,0.0,0.21,4.96
SO-2025-0000039,30,PROD_002628,1,1,3.3058,0.0,0.21,3.31
SO-2025-0000039,40,PROD_000363,1,1,1.4793,0.0,0.21,1.48
SO-2025-0000039,50,PROD_000330,2,2,1.2397,0.0,0.21,2.48
SO-2025-0000039,60,PROD_001692,3,3,2.3967,0.0,0.21,7.19
SO-2025-0000039,70,PROD_002297,3,3,3.0413,0.0,0.21,9.12
SO-2025-0000039,80,PROD_001801,1,1,1.3223,0.0,0.21,1.32
SO-2025-0000039,90,PROD_002572,4,4,1.2893,0.0,0.21,5.16
SO-2025-0000039,100,PROD_000524,1,1,2.8512,0.0,0.21,2.85
SO-2025-0000039,110,PROD_000584,2,2,2.0579,0.0,0.21,4.12
SO-2025-0000039,120,PROD_001559,1,1,2.314,0.0,0.21,2.31
SO-2025-0000039,130,PROD_001197,2,2,3.7851,0.0,0.21,7.57
SO-2025-0000040,10,PROD_001921,4,4,0.4132,0.0,0.21,1.65
SO-2025-0000040,20,PROD_001652,3,3,1.2397,0.0,0.21,3.72
SO-2025-0000040,30,PROD_003486,1,1,1.6942,0.0,0.21,1.69
SO-2025-0000040,40,PROD_002940,2,2,1.6529,0.0,0.21,3.31
SO-2025-0000040,50,PROD_002104,4,4,9.6529,0.0,0.21,38.61
SO-2025-0000040,60,PROD_003149,3,3,2.0661,0.0,0.21,6.2
SO-2025-0000041,10,PROD_003169,1,1,2.5207,0.0,0.21,2.52
SO-2025-0000041,20,PROD_002559,1,1,1.1157,0.0,0.21,1.12
SO-2025-0000041,30,PROD_000261,1,1,1.5537,0.0,0.21,1.55
SO-2025-0000041,40,PROD_003655,3,3,2.2727,0.0,0.21,6.82
SO-2025-0000041,50,PROD_001913,1,1,8.2314,0.0,0.21,8.23
SO-2025-0000041,60,PROD_001117,1,1,2.1074,0.0,0.21,2.11
SO-2025-0000041,70,PROD_001718,1,1,2.438,0.0,0.21,2.44
SO-2025-0000041,80,PROD_001147,3,3,2.686,0.0,0.21,8.06
SO-2025-0000041,90,PROD_002097,1,1,36.6545,0.0,0.1,36.65
SO-2025-0000042,10,PROD_001851,4,4,2.2397,0.0,0.21,8.96
SO-2025-0000042,20,PROD_002322,2,2,4.0496,0.0,0.21,8.1
SO-2025-0000042,30,PROD_002083,7,7,4.1818,0.0,0.21,29.27
SO-2025-0000042,40,PROD_000488,1,1,4.8182,0.0,0.21,4.82
SO-2025-0000042,50,PROD_002364,3,3,0.7438,0.0,0.21,2.23
SO-2025-0000042,60,PROD_001484,1,1,1.7355,0.0,0.21,1.74
SO-2025-0000042,70,PROD_000723,2,2,3.2231,0.0,0.21,6.45
SO-2025-0000042,80,PROD_000688,1,1,3.8017,0.0,0.21,3.8
SO-2025-0000042,90,PROD_000697,3,3,4.5455,0.0,0.21,13.64
SO-2025-0000042,100,PROD_001884,1,1,4.0496,0.0,0.21,4.05
SO-2025-0000042,110,PROD_002520,1,1,5.6364,0.0,0.1,5.64
SO-2025-0000042,120,PROD_001807,1,1,0.9504,0.0,0.21,0.95
SO-2025-0000042,130,PROD_000911,1,1,0.8264,0.0,0.21,0.83
SO-2025-0000042,140,PROD_001039,1,1,1.2645,0.0,0.21,1.26
SO-2025-0000042,150,PROD_003628,3,3,1.0744,0.0,0.21,3.22
SO-2025-0000042,160,PROD_001241,1,1,0.6612,0.0,0.21,0.66
SO-2025-0000042,170,PROD_001333,2,2,1.7355,0.0,0.21,3.47
SO-2025-0000042,180,PROD_002679,1,1,3.3058,0.0,0.21,3.31
SO-2025-0000042,190,PROD_002610,1,1,3.2397,0.0,0.21,3.24
SO-2025-0000042,200,PROD_000032,1,1,5.6612,0.0,0.21,5.66
SO-2025-0000042,210,PROD_002062,1,1,2.0661,0.0,0.21,2.07
SO-2025-0000042,220,PROD_002018,2,2,1.9835,0.0,0.21,3.97
SO-2025-0000042,230,PROD_003202,4,4,4.9917,0.0,0.21,19.97
SO-2025-0000043,10,PROD_003518,3,3,1.7355,0.0,0.21,5.21
SO-2025-0000043,20,PROD_001673,2,2,2.4793,0.0,0.21,4.96
SO-2025-0000043,30,PROD_002217,2,2,2.6538,0.0,0.04,5.31
SO-2025-0000043,40,PROD_000817,1,1,1.3462,0.0,0.04,1.35
SO-2025-0000043,50,PROD_001850,4,4,3.0331,0.0,0.21,12.13
SO-2025-0000043,60,PROD_002661,2,2,2.0661,0.0,0.21,4.13
SO-2025-0000043,70,PROD_001108,1,1,1.3636,0.0,0.21,1.36
SO-2025-0000043,80,PROD_002423,1,1,6.8595,0.0,0.21,6.86
SO-2025-0000043,90,PROD_002935,1,1,5.7355,0.0,0.21,5.74
SO-2025-0000043,100,PROD_003502,1,1,1.5289,0.0,0.21,1.53
SO-2025-0000043,110,PROD_002419,3,3,0.7355,0.0,0.21,2.21
SO-2025-0000043,120,PROD_003116,1,1,4.3388,0.0,0.21,4.34
SO-2025-0000043,130,PROD_003016,1,1,0.6198,0.0,0.21,0.62
SO-2025-0000043,140,PROD_001273,3,3,1.6529,0.0,0.21,4.96
SO-2025-0000043,150,PROD_000057,2,2,14.4298,0.0,0.21,28.86
SO-2025-0000043,160,PROD_002016,3,3,4.0413,0.0,0.21,12.12
SO-2025-0000044,10,PROD_001861,3,3,2.8264,0.0,0.21,8.48
SO-2025-0000044,20,PROD_003657,2,2,1.6346,0.0,0.04,3.27
SO-2025-0000044,30,PROD_000064,1,1,1.0744,0.0,0.21,1.07
SO-2025-0000044,40,PROD_000104,1,1,2.3967,0.0,0.21,2.4
SO-2025-0000044,50,PROD_001896,1,1,1.9091,0.0,0.21,1.91
SO-2025-0000044,60,PROD_000241,1,1,1.1818,0.0,0.21,1.18
SO-2025-0000044,70,PROD_002390,4,4,3.3884,0.0,0.21,13.55
SO-2025-0000044,80,PROD_002285,2,2,1.7273,0.0,0.21,3.45
SO-2025-0000044,90,PROD_003088,1,1,5.7355,0.0,0.21,5.74
SO-2025-0000044,100,PROD_001753,3,3,4.4463,0.0,0.21,13.34
SO-2025-0000044,110,PROD_002681,1,1,2.2314,0.0,0.21,2.23
SO-2025-0000044,120,PROD_001545,2,2,1.6827,0.0,0.04,3.37
SO-2025-0000044,130,PROD_000752,2,2,2.8926,0.0,0.21,5.79
SO-2025-0000045,10,PROD_002146,2,2,0.8264,0.0,0.21,1.65
SO-2025-0000045,20,PROD_000466,1,1,0.7025,0.0,0.21,0.7
SO-2025-0000045,30,PROD_000612,4,4,0.6446,0.0,0.21,2.58
SO-2025-0000045,40,PROD_000583,3,3,1.6281,0.0,0.21,4.88
SO-2025-0000045,50,PROD_001010,4,4,1.405,0.0,0.21,5.62
SO-2025-0000045,60,PROD_000560,4,4,3.3058,0.0,0.21,13.22
SO-2025-0000045,70,PROD_000414,2,2,7.2893,0.0,0.21,14.58
SO-2025-0000046,10,PROD_000206,1,1,12.2727,0.0,0.21,12.27
SO-2025-0000046,20,PROD_002134,2,2,1.5289,0.0,0.21,3.06
SO-2025-0000046,30,PROD_001635,7,7,0.7025,0.0,0.21,4.92
SO-2025-0000046,40,PROD_001730,1,1,6.1983,0.0,0.21,6.2
SO-2025-0000046,50,PROD_001387,1,1,6.1983,0.0,0.21,6.2
SO-2025-0000046,60,PROD_002105,2,2,2.314,0.0,0.21,4.63
SO-2025-0000046,70,PROD_000947,6,3,3.0579,0.0,0.21,9.17
SO-2025-0000046,80,PROD_000323,1,1,0.9504,0.0,0.21,0.95
SO-2025-0000046,90,PROD_000170,2,2,2.1488,0.0,0.21,4.3
SO-2025-0000046,100,PROD_001554,2,2,0.8264,0.0,0.21,1.65
SO-2025-0000046,110,PROD_002689,2,2,2.562,0.0,0.21,5.12
SO-2025-0000047,10,PROD_001796,2,2,2.1488,0.0,0.21,4.3
SO-2025-0000047,20,PROD_002680,2,2,3.2645,0.0,0.21,6.53
SO-2025-0000047,30,PROD_002163,1,1,0.7934,0.0,0.21,0.79
SO-2025-0000047,40,PROD_000844,2,2,1.2397,0.0,0.21,2.48
SO-2025-0000047,50,PROD_000206,1,1,12.2727,0.0,0.21,12.27
SO-2025-0000047,60,PROD_000357,1,1,0.8264,0.0,0.21,0.83
SO-2025-0000047,70,PROD_002572,1,1,1.2893,0.0,0.21,1.29
SO-2025-0000047,80,PROD_001229,3,3,0.9091,0.0,0.21,2.73
SO-2025-0000047,90,PROD_000584,5,5,2.0579,0.0,0.21,10.29
SO-2025-0000047,100,PROD_001976,1,1,2.0,0.0,0.21,2.0
SO-2025-0000047,110,PROD_001958,1,1,3.3967,0.0,0.21,3.4
SO-2025-0000047,120,PROD_002494,2,2,8.2066,0.0,0.21,16.41
SO-2025-0000048,10,PROD_003627,1,1,2.4711,0.0,0.21,2.47
SO-2025-0000048,20,PROD_003083,4,4,3.3058,0.0,0.21,13.22
SO-2025-0000048,30,PROD_003176,2,2,3.2231,0.0,0.21,6.45
SO-2025-0000048,40,PROD_002212,5,5,4.0496,0.0,0.21,20.25
SO-2025-0000048,50,PROD_001087,1,1,1.0096,0.0,0.04,1.01
SO-2025-0000048,60,PROD_003139,1,1,4.0496,0.0,0.21,4.05
SO-2025-0000048,70,PROD_000482,3,3,11.405,0.0,0.21,34.21
SO-2025-0000049,10,PROD_001544,1,1,1.3636,0.0,0.21,1.36
SO-2025-0000049,20,PROD_002142,4,4,8.2645,0.0,0.21,33.06
SO-2025-0000049,30,PROD_002111,1,1,2.3554,0.0,0.21,2.36
SO-2025-0000049,40,PROD_001997,3,3,2.2314,0.0,0.21,6.69
SO-2025-0000050,10,PROD_001734,1,1,0.9091,0.0,0.21,0.91
SO-2025-0000050,20,PROD_002073,4,4,0.8264,0.0,0.21,3.31
SO-2025-0000050,30,PROD_000481,1,1,5.2893,0.0,0.21,5.29
SO-2025-0000050,40,PROD_001915,1,1,16.4876,0.0,0.21,16.49
SO-2025-0000050,50,PROD_000603,1,1,0.3636,0.0,0.1,0.36
SO-2025-0000050,60,PROD_001392,2,2,4.6529,0.0,0.21,9.31
SO-2025-0000050,70,PROD_001834,5,5,0.3223,0.0,0.21,1.61
SO-2025-0000050,80,PROD_002621,1,1,4.8264,0.0,0.21,4.83
SO-2025-0000050,90,PROD_000636,1,1,1.7355,0.0,0.21,1.74
SO-2025-0000050,100,PROD_003338,3,3,1.4463,0.0,0.21,4.34
SO-2025-0000050,110,PROD_002100,1,1,17.4132,0.0,0.21,17.41
SO-2025-0000050,120,PROD_000952,1,1,8.2231,0.0,0.21,8.22
SO-2025-0000050,130,PROD_001307,1,1,1.8595,0.0,0.21,1.86
SO-2025-0000050,140,PROD_000027,1,1,2.0661,0.0,0.21,2.07
SO-2025-0000050,150,PROD_002219,1,1,4.0496,0.0,0.21,4.05
SO-2025-0000050,160,PROD_000422,3,1,1.4876,0.0,0.21,1.49
SO-2025-0000050,170,PROD_001769,1,1,0.8512,0.0,0.21,0.85
SO-2025-0000050,180,PROD_000821,1,1,1.6116,0.0,0.21,1.61
SO-2025-0000050,190,PROD_001060,2,2,8.9256,0.0,0.21,17.85
SO-2025-0000051,10,PROD_002215,1,1,1.3223,0.0,0.21,1.32
SO-2025-0000051,20,PROD_000107,3,3,2.686,0.0,0.21,8.06
SO-2025-0000051,30,PROD_002567,2,2,1.7355,0.0,0.21,3.47
SO-2025-0000051,40,PROD_002069,1,1,1.0,0.0,0.04,1.0
SO-2025-0000051,50,PROD_002278,1,1,1.4463,0.0,0.21,1.45
SO-2025-0000051,60,PROD_001286,2,2,2.4711,0.0,0.21,4.94
SO-2025-0000052,10,PROD_003139,1,1,4.0496,0.0,0.21,4.05
SO-2025-0000052,20,PROD_000955,3,3,0.7025,0.0,0.21,2.11
SO-2025-0000052,30,PROD_002502,2,2,1.4423,0.0,0.04,2.88
SO-2025-0000052,40,PROD_001996,2,2,2.4793,0.0,0.21,4.96
SO-2025-0000052,50,PROD_000395,2,2,1.2397,0.0,0.21,2.48
SO-2025-0000052,60,PROD_002260,1,1,0.8182,0.0,0.21,0.82
SO-2025-0000052,70,PROD_000013,1,1,2.0661,0.0,0.21,2.07
SO-2025-0000052,80,PROD_001826,2,2,2.3554,0.0,0.21,4.71
SO-2025-0000052,90,PROD_002828,1,1,2.0661,0.0,0.21,2.07
SO-2025-0000052,100,PROD_001958,4,4,3.3967,0.0,0.21,13.59
SO-2025-0000052,110,PROD_001537,3,3,4.2066,0.0,0.21,12.62
SO-2025-0000053,10,PROD_000485,2,2,13.157,0.0,0.21,26.31
SO-2025-0000053,20,PROD_000572,3,3,2.1488,0.0,0.21,6.45
SO-2025-0000054,10,PROD_001061,2,2,1.2893,0.0,0.21,2.58
SO-2025-0000054,20,PROD_001824,2,2,2.6033,0.0,0.21,5.21
SO-2025-0000054,30,PROD_001842,1,1,0.9091,0.0,0.21,0.91
SO-2025-0000054,40,PROD_000193,1,1,2.5481,0.0,0.04,2.55
SO-2025-0000054,50,PROD_003054,1,1,1.7355,0.0,0.21,1.74
SO-2025-0000054,60,PROD_000966,1,1,3.0579,0.0,0.21,3.06
SO-2025-0000054,70,PROD_000389,1,1,1.4463,0.0,0.21,1.45
SO-2025-0000054,80,PROD_001364,2,2,2.2314,0.0,0.21,4.46
SO-2025-0000054,90,PROD_000498,2,2,4.9504,0.0,0.21,9.9
SO-2025-0000054,100,PROD_000835,1,1,1.2397,0.0,0.21,1.24
SO-2025-0000054,110,PROD_000597,3,3,4.7934,0.0,0.21,14.38
SO-2025-0000054,120,PROD_000681,2,2,0.9615,0.0,0.04,1.92
SO-2025-0000054,130,PROD_000675,1,1,10.0248,0.0,0.21,10.02
SO-2025-0000055,10,PROD_000659,2,2,3.1405,0.0,0.21,6.28
SO-2025-0000055,20,PROD_000925,4,4,1.281,0.0,0.21,5.12
SO-2025-0000055,30,PROD_002289,3,3,0.6198,0.0,0.21,1.86
SO-2025-0000055,40,PROD_002526,1,1,9.5041,0.0,0.21,9.5
SO-2025-0000056,10,PROD_002086,3,3,1.1058,0.0,0.04,3.32
SO-2025-0000056,20,PROD_003496,1,1,1.3388,0.0,0.21,1.34
SO-2025-0000056,30,PROD_000738,2,2,3.2231,0.0,0.21,6.45
SO-2025-0000056,40,PROD_001466,1,1,4.9587,0.0,0.21,4.96
SO-2025-0000056,50,PROD_002697,1,1,1.5289,0.0,0.21,1.53
SO-2025-0000056,60,PROD_002145,1,1,2.1154,0.0,0.04,2.12
SO-2025-0000056,70,PROD_001397,1,1,2.4876,0.0,0.21,2.49
SO-2025-0000056,80,PROD_001866,1,1,1.3223,0.0,0.21,1.32
SO-2025-0000056,90,PROD_000871,3,3,1.6116,0.0,0.21,4.83
SO-2025-0000056,100,PROD_002019,1,1,6.3058,0.0,0.21,6.31
SO-2025-0000056,110,PROD_002639,2,2,1.9835,0.0,0.21,3.97
SO-2025-0000056,120,PROD_000489,1,1,0.8678,0.0,0.21,0.87
SO-2025-0000056,130,PROD_003510,1,1,1.7769,0.0,0.21,1.78
SO-2025-0000056,140,PROD_003574,1,1,10.281,0.0,0.21,10.28
SO-2025-0000056,150,PROD_000552,1,1,1.6116,0.0,0.21,1.61
SO-2025-0000056,160,PROD_001882,1,1,2.0192,0.0,0.04,2.02
SO-2025-0000056,170,PROD_001533,2,2,0.9091,0.0,0.21,1.82
SO-2025-0000056,180,PROD_001996,1,1,2.4793,0.0,0.21,2.48
SO-2025-0000056,190,PROD_003579,5,5,5.5455,0.0,0.21,27.73
SO-2025-0000056,200,PROD_000471,2,2,1.1157,0.0,0.21,2.23
SO-2025-0000056,210,PROD_000450,4,4,1.5289,0.0,0.21,6.12
SO-2025-0000056,220,PROD_003167,3,3,3.2231,0.0,0.21,9.67
SO-2025-0000056,230,PROD_003116,3,3,4.3388,0.0,0.21,13.02
SO-2025-0000057,10,PROD_003141,3,3,1.9835,0.0,0.21,5.95
SO-2025-0000057,20,PROD_000780,2,2,1.0826,0.0,0.21,2.17
SO-2025-0000057,30,PROD_000964,3,3,2.0661,0.0,0.21,6.2
SO-2025-0000057,40,PROD_001604,2,2,3.4545,0.0,0.21,6.91
SO-2025-0000057,50,PROD_001914,1,1,2.2314,0.0,0.21,2.23
SO-2025-0000057,60,PROD_001807,2,2,0.9504,0.0,0.21,1.9
SO-2025-0000057,70,PROD_001975,1,1,0.6731,0.0,0.04,0.67
SO-2025-0000057,80,PROD_001102,1,1,1.405,0.0,0.21,1.41
SO-2025-0000057,90,PROD_002183,6,2,0.8264,0.0,0.21,1.65
SO-2025-0000057,100,PROD_002399,1,1,6.6116,0.0,0.21,6.61
SO-2025-0000057,110,PROD_003180,1,1,2.8099,0.0,0.21,2.81
SO-2025-0000057,120,PROD_003723,4,4,0.7438,0.0,0.21,2.98
SO-2025-0000057,130,PROD_003317,5,2,4.8347,0.0,0.21,9.67
SO-2025-0000057,140,PROD_003290,2,2,0.9504,0.0,0.21,1.9
SO-2025-0000057,150,PROD_001504,5,2,1.6116,0.0,0.21,3.22
SO-2025-0000057,160,PROD_000572,4,4,2.1488,0.0,0.21,8.6
SO-2025-0000057,170,PROD_001317,1,1,2.2314,0.0,0.21,2.23
SO-2025-0000057,180,PROD_002610,2,2,3.2397,0.0,0.21,6.48
SO-2025-0000057,190,PROD_002507,5,5,8.6364,0.0,0.21,43.18
SO-2025-0000057,200,PROD_002683,1,1,2.8926,0.0,0.21,2.89
SO-2025-0000057,210,PROD_001389,3,1,5.6033,0.0,0.21,5.6
SO-2025-0000057,220,PROD_001940,1,1,0.7025,0.0,0.21,0.7
SO-2025-0000057,230,PROD_003014,2,2,0.9917,0.0,0.21,1.98
SO-2025-0000057,240,PROD_001778,1,1,1.405,0.0,0.21,1.41
SO-2025-0000057,250,PROD_001977,1,1,6.6612,0.0,0.21,6.66
SO-2025-0000057,260,PROD_003602,2,2,8.6777,0.0,0.21,17.36
SO-2025-0000057,270,PROD_001420,2,2,0.8678,0.0,0.21,1.74
SO-2025-0000057,280,PROD_001952,2,2,9.6446,0.0,0.21,19.29
SO-2025-0000057,290,PROD_003496,2,2,1.3388,0.0,0.21,2.68
SO-2025-0000057,300,PROD_002203,1,1,1.1157,0.0,0.21,1.12
SO-2025-0000057,310,PROD_000559,3,3,1.2562,0.0,0.21,3.77
SO-2025-0000057,320,PROD_001358,3,3,6.686,0.0,0.21,20.06
SO-2025-0000057,330,PROD_001093,1,1,1.3223,0.0,0.21,1.32
SO-2025-0000057,340,PROD_000788,1,1,7.6446,0.0,0.21,7.64
SO-2025-0000058,10,PROD_000192,2,2,5.9587,0.0,0.21,11.92
SO-2025-0000058,20,PROD_000463,3,3,1.9835,0.0,0.21,5.95
SO-2025-0000058,30,PROD_000419,5,5,2.4876,0.0,0.21,12.44
SO-2025-0000058,40,PROD_002423,1,1,6.8595,0.0,0.21,6.86
SO-2025-0000059,10,PROD_002151,2,2,1.7355,0.0,0.21,3.47
SO-2025-0000059,20,PROD_002953,1,1,0.8678,0.0,0.21,0.87
SO-2025-0000059,30,PROD_001294,4,4,0.9917,0.0,0.21,3.97
SO-2025-0000059,40,PROD_001254,1,1,19.0083,0.0,0.21,19.01
SO-2025-0000059,50,PROD_002253,1,1,0.625,0.0,0.04,0.62
SO-2025-0000059,60,PROD_001637,2,2,3.2149,0.0,0.21,6.43
SO-2025-0000060,10,PROD_003415,1,1,0.9421,0.0,0.21,0.94
SO-2025-0000060,20,PROD_003629,2,2,2.2231,0.0,0.21,4.45
SO-2025-0000060,30,PROD_001902,1,1,8.1818,0.0,0.21,8.18
SO-2025-0000060,40,PROD_002520,1,1,5.6364,0.0,0.1,5.64
SO-2025-0000060,50,PROD_001913,1,1,8.2314,0.0,0.21,8.23
SO-2025-0000060,60,PROD_001715,1,1,1.4876,0.0,0.21,1.49
SO-2025-0000060,70,PROD_000912,1,1,2.7438,0.0,0.21,2.74
SO-2025-0000061,10,PROD_001154,2,2,0.9504,0.0,0.21,1.9
SO-2025-0000061,20,PROD_001739,2,2,2.1901,0.0,0.21,4.38
SO-2025-0000061,30,PROD_001318,1,1,2.6033,0.0,0.21,2.6
SO-2025-0000061,40,PROD_001911,2,2,0.8264,0.0,0.21,1.65
SO-2025-0000061,50,PROD_003067,3,3,1.4876,0.0,0.21,4.46
SO-2025-0000061,60,PROD_001194,2,2,0.7025,0.0,0.21,1.41
SO-2025-0000061,70,PROD_003058,2,2,1.4876,0.0,0.21,2.98
SO-2025-0000061,80,PROD_000388,3,3,1.4876,0.0,0.21,4.46
SO-2025-0000061,90,PROD_001224,1,1,2.562,0.0,0.21,2.56
SO-2025-0000061,100,PROD_001021,6,6,0.8182,0.0,0.21,4.91
SO-2025-0000061,110,PROD_003510,1,1,1.7769,0.0,0.21,1.78
SO-2025-0000061,120,PROD_002513,1,1,3.5207,0.0,0.21,3.52
SO-2025-0000061,130,PROD_000714,2,2,2.7686,0.0,0.21,5.54
SO-2025-0000061,140,PROD_002157,1,1,3.3306,0.0,0.21,3.33
SO-2025-0000061,150,PROD_003330,1,1,1.5289,0.0,0.21,1.53
SO-2025-0000061,160,PROD_003428,3,3,1.281,0.0,0.21,3.84
SO-2025-0000061,170,PROD_002086,2,2,1.1058,0.0,0.04,2.21
SO-2025-0000061,180,PROD_000990,4,4,2.3967,0.0,0.21,9.59
SO-2025-0000062,10,PROD_001142,1,1,0.3058,0.0,0.21,0.31
SO-2025-0000062,20,PROD_002968,1,1,3.2645,0.0,0.21,3.26
SO-2025-0000062,30,PROD_000189,1,1,2.1901,0.0,0.21,2.19
SO-2025-0000062,40,PROD_002856,1,1,0.6612,0.0,0.21,0.66
SO-2025-0000062,50,PROD_001420,2,2,0.8678,0.0,0.21,1.74
SO-2025-0000062,60,PROD_000487,1,1,4.2975,0.0,0.21,4.3
SO-2025-0000062,70,PROD_002129,3,3,3.2645,0.0,0.21,9.79
SO-2025-0000062,80,PROD_001545,2,2,1.6827,0.0,0.04,3.37
SO-2025-0000062,90,PROD_001986,1,1,2.6364,0.0,0.21,2.64
SO-2025-0000062,100,PROD_002279,3,3,2.562,0.0,0.21,7.69
SO-2025-0000062,110,PROD_001031,6,6,1.5702,0.0,0.21,9.42
SO-2025-0000062,120,PROD_002132,3,3,4.6281,0.0,0.21,13.88
SO-2025-0000062,130,PROD_001054,1,1,0.8264,0.0,0.21,0.83
SO-2025-0000062,140,PROD_000559,3,3,1.2562,0.0,0.21,3.77
SO-2025-0000062,150,PROD_001818,1,1,11.405,0.0,0.21,11.4
SO-2025-0000063,10,PROD_002284,2,2,2.8099,0.0,0.21,5.62
SO-2025-0000063,20,PROD_000757,1,1,1.9835,0.0,0.21,1.98
SO-2025-0000063,30,PROD_003643,1,1,0.6612,0.0,0.21,0.66
SO-2025-0000063,40,PROD_000500,3,3,0.9917,0.0,0.21,2.98
SO-2025-0000063,50,PROD_000213,5,5,4.0909,0.0,0.21,20.45
SO-2025-0000063,60,PROD_002097,2,2,36.6545,0.0,0.1,73.31
SO-2025-0000064,10,PROD_001379,5,5,0.2645,0.0,0.21,1.32
SO-2025-0000064,20,PROD_003538,1,1,2.4711,0.0,0.21,2.47
SO-2025-0000064,30,PROD_001969,3,3,2.719,0.0,0.21,8.16
SO-2025-0000064,40,PROD_000189,2,2,2.1901,0.0,0.21,4.38
SO-2025-0000064,50,PROD_002616,1,1,1.5702,0.0,0.21,1.57
SO-2025-0000064,60,PROD_000845,2,2,2.281,0.0,0.21,4.56
SO-2025-0000064,70,PROD_003223,2,2,2.8926,0.0,0.21,5.79
SO-2025-0000064,80,PROD_002871,1,1,0.9091,0.0,0.21,0.91
SO-2025-0000064,90,PROD_002670,2,2,1.6116,0.0,0.21,3.22
SO-2025-0000064,100,PROD_002688,1,1,9.7107,0.0,0.21,9.71
SO-2025-0000064,110,PROD_001330,1,1,0.6727,0.0,0.1,0.67
SO-2025-0000064,120,PROD_002309,1,1,2.2727,0.0,0.21,2.27
SO-2025-0000064,130,PROD_002775,1,1,2.5207,0.0,0.21,2.52
SO-2025-0000064,140,PROD_001411,4,4,1.7273,0.0,0.21,6.91
SO-2025-0000064,150,PROD_001749,3,3,1.3223,0.0,0.21,3.97
SO-2025-0000064,160,PROD_001866,1,1,1.3223,0.0,0.21,1.32
SO-2025-0000064,170,PROD_002349,1,1,1.5702,0.0,0.21,1.57
SO-2025-0000064,180,PROD_000361,2,2,5.4545,0.0,0.21,10.91
SO-2025-0000064,190,PROD_001910,4,4,0.7851,0.0,0.21,3.14
SO-2025-0000064,200,PROD_001844,2,1,1.0331,0.0,0.21,1.03
SO-2025-0000064,210,PROD_002282,1,1,1.8017,0.0,0.21,1.8
SO-2025-0000064,220,PROD_000966,3,3,3.0579,0.0,0.21,9.17
SO-2025-0000064,230,PROD_003649,3,2,1.3636,0.0,0.21,2.73
SO-2025-0000064,240,PROD_000638,1,1,1.3306,0.0,0.21,1.33
SO-2025-0000064,250,PROD_001709,6,3,4.6281,0.0,0.21,13.88
SO-2025-0000064,260,PROD_001359,2,2,2.1901,0.0,0.21,4.38
SO-2025-0000064,270,PROD_001952,4,4,9.6446,0.0,0.21,38.58
SO-2025-0000064,280,PROD_000224,3,2,1.9421,0.0,0.21,3.88
SO-2025-0000064,290,PROD_002569,1,1,1.6529,0.0,0.21,1.65
SO-2025-0000064,300,PROD_002352,9,6,2.314,0.0,0.21,13.88
SO-2025-0000064,310,PROD_000272,3,1,1.5702,0.0,0.21,1.57
SO-2025-0000064,320,PROD_002144,4,3,1.7355,0.0,0.21,5.21
SO-2025-0000064,330,PROD_000727,1,1,3.2231,0.0,0.21,3.22
SO-2025-0000064,340,PROD_003089,1,1,3.4711,0.0,0.21,3.47
SO-2025-0000065,10,PROD_001937,2,2,1.281,0.0,0.21,2.56
SO-2025-0000065,20,PROD_001818,2,2,11.405,0.0,0.21,22.81
SO-2025-0000065,30,PROD_001240,1,1,3.1818,0.0,0.21,3.18
SO-2025-0000065,40,PROD_001874,1,1,1.6116,0.0,0.21,1.61
SO-2025-0000065,50,PROD_001032,4,4,0.8678,0.0,0.21,3.47
SO-2025-0000065,60,PROD_000202,2,2,6.2479,0.0,0.21,12.5
SO-2025-0000065,70,PROD_001946,1,1,0.2645,0.0,0.21,0.26
SO-2025-0000065,80,PROD_003502,3,3,1.5289,0.0,0.21,4.59
SO-2025-0000065,90,PROD_001921,3,3,0.4132,0.0,0.21,1.24
SO-2025-0000065,100,PROD_002672,3,3,0.5372,0.0,0.21,1.61
SO-2025-0000065,110,PROD_001394,3,3,3.876,0.0,0.21,11.63
SO-2025-0000065,120,PROD_001783,2,2,1.7355,0.0,0.21,3.47
SO-2025-0000065,130,PROD_002116,4,4,1.5289,0.0,0.21,6.12
SO-2025-0000066,10,PROD_000885,2,2,1.3884,0.0,0.21,2.78
SO-2025-0000066,20,PROD_000152,1,1,0.9504,0.0,0.21,0.95
SO-2025-0000066,30,PROD_002484,3,1,2.1488,0.0,0.21,2.15
SO-2025-0000066,40,PROD_002124,1,1,2.4793,0.0,0.21,2.48
SO-2025-0000066,50,PROD_002351,7,4,2.1488,0.0,0.21,8.6
SO-2025-0000067,10,PROD_001890,1,1,1.7603,0.0,0.21,1.76
SO-2025-0000067,20,PROD_003057,2,2,3.2231,0.0,0.21,6.45
SO-2025-0000067,30,PROD_001771,2,2,2.8512,0.0,0.21,5.7
SO-2025-0000067,40,PROD_000440,1,1,6.3636,0.0,0.21,6.36
SO-2025-0000067,50,PROD_003149,3,3,2.0661,0.0,0.21,6.2
SO-2025-0000068,10,PROD_000518,4,4,17.0826,0.0,0.21,68.33
SO-2025-0000069,10,PROD_000258,1,1,1.1818,0.0,0.21,1.18
SO-2025-0000069,20,PROD_003069,1,1,1.3636,0.0,0.21,1.36
SO-2025-0000069,30,PROD_000538,2,2,1.4423,0.0,0.04,2.88
SO-2025-0000069,40,PROD_000445,1,1,2.4545,0.0,0.21,2.45
SO-2025-0000069,50,PROD_002386,1,1,3.157,0.0,0.21,3.16
SO-2025-0000069,60,PROD_000685,1,1,0.5372,0.0,0.21,0.54
SO-2025-0000069,70,PROD_001263,2,2,4.8926,0.0,0.21,9.79
SO-2025-0000069,80,PROD_001488,4,4,9.0909,0.0,0.21,36.36
SO-2025-0000070,10,PROD_002065,1,1,0.7438,0.0,0.21,0.74
SO-2025-0000070,20,PROD_002479,4,4,1.9174,0.0,0.21,7.67
SO-2025-0000070,30,PROD_001108,1,1,1.3636,0.0,0.21,1.36
SO-2025-0000070,40,PROD_001157,1,1,1.1488,0.0,0.21,1.15
SO-2025-0000070,50,PROD_002765,1,1,1.0744,0.0,0.21,1.07
SO-2025-0000070,60,PROD_003597,1,1,6.8595,0.0,0.21,6.86
SO-2025-0000070,70,PROD_002383,1,1,1.5289,0.0,0.21,1.53
SO-2025-0000070,80,PROD_000351,2,2,2.6942,0.0,0.21,5.39
SO-2025-0000070,90,PROD_003082,2,2,2.7273,0.0,0.21,5.45
SO-2025-0000070,100,PROD_001548,1,1,2.6442,0.0,0.04,2.64
SO-2025-0000070,110,PROD_003451,2,2,1.281,0.0,0.21,2.56
SO-2025-0000070,120,PROD_001433,1,1,3.2645,0.0,0.21,3.26
SO-2025-0000070,130,PROD_001957,1,1,3.4711,0.0,0.21,3.47
SO-2025-0000070,140,PROD_003481,1,1,0.9421,0.0,0.21,0.94
SO-2025-0000070,150,PROD_001109,4,4,2.1901,0.0,0.21,8.76
SO-2025-0000070,160,PROD_002013,3,3,1.3462,0.0,0.04,4.04
SO-2025-0000070,170,PROD_000976,1,1,1.0744,0.0,0.21,1.07
SO-2025-0000070,180,PROD_003359,2,2,1.1157,0.0,0.21,2.23
SO-2025-0000070,190,PROD_001058,2,2,1.1983,0.0,0.21,2.4
SO-2025-0000070,200,PROD_003323,3,3,0.9917,0.0,0.21,2.98
SO-2025-0000070,210,PROD_003037,1,1,3.1901,0.0,0.21,3.19
SO-2025-0000070,220,PROD_000094,3,3,1.4876,0.0,0.21,4.46
SO-2025-0000070,230,PROD_003508,2,2,1.1983,0.0,0.21,2.4
SO-2025-0000070,240,PROD_001319,3,3,5.6446,0.0,0.21,16.93
SO-2025-0000070,250,PROD_002618,1,1,0.9339,0.0,0.21,0.93
SO-2025-0000070,260,PROD_003425,2,2,2.6281,0.0,0.21,5.26
SO-2025-0000070,270,PROD_000680,2,2,2.2727,0.0,0.21,4.55
SO-2025-0000070,280,PROD_003390,1,1,1.405,0.0,0.21,1.41
SO-2025-0000070,290,PROD_003602,2,2,8.6777,0.0,0.21,17.36
SO-2025-0000070,300,PROD_001540,2,2,0.7438,0.0,0.21,1.49
SO-2025-0000070,310,PROD_003709,1,1,1.6116,0.0,0.21,1.61
SO-2025-0000070,320,PROD_000660,1,1,9.2885,0.0,0.04,9.29
SO-2025-0000070,330,PROD_000066,4,4,1.4463,0.0,0.21,5.79
SO-2025-0000070,340,PROD_003042,1,1,2.8926,0.0,0.21,2.89
SO-2025-0000070,350,PROD_001877,4,4,4.9174,0.0,0.21,19.67
SO-2025-0000071,10,PROD_000846,1,1,1.1488,0.0,0.21,1.15
SO-2025-0000071,20,PROD_002474,2,2,1.2479,0.0,0.21,2.5
SO-2025-0000071,30,PROD_001070,1,1,0.8173,0.0,0.04,0.82
SO-2025-0000071,40,PROD_001122,4,4,0.9917,0.0,0.21,3.97
SO-2025-0000071,50,PROD_002596,3,1,4.9917,0.0,0.21,4.99
SO-2025-0000071,60,PROD_002568,1,1,1.281,0.0,0.21,1.28
SO-2025-0000071,70,PROD_000204,5,5,4.6612,0.0,0.21,23.31
SO-2025-0000071,80,PROD_003002,1,1,0.8678,0.0,0.21,0.87
SO-2025-0000071,90,PROD_003373,8,7,1.8182,0.0,0.21,12.73
SO-2025-0000071,100,PROD_001443,1,1,3.3058,0.0,0.21,3.31
SO-2025-0000072,10,PROD_001287,1,1,2.405,0.0,0.21,2.4
SO-2025-0000072,20,PROD_002256,4,4,1.0962,0.0,0.04,4.38
SO-2025-0000072,30,PROD_003425,2,2,2.6281,0.0,0.21,5.26
SO-2025-0000072,40,PROD_000484,1,1,2.6777,0.0,0.21,2.68
SO-2025-0000072,50,PROD_000674,2,2,0.8182,0.0,0.21,1.64
SO-2025-0000072,60,PROD_002414,1,1,2.314,0.0,0.21,2.31
SO-2025-0000072,70,PROD_000888,1,1,1.4463,0.0,0.21,1.45
SO-2025-0000072,80,PROD_002280,1,1,1.6529,0.0,0.21,1.65
SO-2025-0000072,90,PROD_000395,1,1,1.2397,0.0,0.21,1.24
SO-2025-0000072,100,PROD_002553,3,3,3.0165,0.0,0.21,9.05
SO-2025-0000073,10,PROD_001093,1,1,1.3223,0.0,0.21,1.32
SO-2025-0000073,20,PROD_001038,1,1,2.3554,0.0,0.21,2.36
SO-2025-0000073,30,PROD_003670,3,1,2.4793,0.0,0.21,2.48
SO-2025-0000073,40,PROD_002560,2,2,2.0661,0.0,0.21,4.13
SO-2025-0000073,50,PROD_002913,1,1,4.3802,0.0,0.21,4.38
SO-2025-0000073,60,PROD_001623,1,1,3.5537,0.0,0.21,3.55
SO-2025-0000073,70,PROD_000219,3,3,0.8678,0.0,0.21,2.6
SO-2025-0000073,80,PROD_001387,3,2,6.1983,0.0,0.21,12.4
SO-2025-0000073,90,PROD_003173,1,1,3.2231,0.0,0.21,3.22
SO-2025-0000073,100,PROD_001698,1,1,3.2231,0.0,0.21,3.22
SO-2025-0000073,110,PROD_001617,1,1,0.7025,0.0,0.21,0.7
SO-2025-0000073,120,PROD_002397,2,2,7.9339,0.0,0.21,15.87
SO-2025-0000073,130,PROD_001358,2,2,6.686,0.0,0.21,13.37
SO-2025-0000074,10,PROD_002219,1,1,4.0496,0.0,0.21,4.05
SO-2025-0000074,20,PROD_000631,1,1,3.6198,0.0,0.21,3.62
SO-2025-0000074,30,PROD_001794,1,1,1.7769,0.0,0.21,1.78
SO-2025-0000074,40,PROD_003249,1,1,3.2645,0.0,0.21,3.26
SO-2025-0000074,50,PROD_002379,1,1,5.7025,0.0,0.21,5.7
SO-2025-0000074,60,PROD_002206,1,1,0.5785,0.0,0.21,0.58
SO-2025-0000074,70,PROD_002628,1,1,3.3058,0.0,0.21,3.31
SO-2025-0000074,80,PROD_001181,5,5,1.0744,0.0,0.21,5.37
SO-2025-0000074,90,PROD_001844,3,3,1.0331,0.0,0.21,3.1
SO-2025-0000074,100,PROD_000206,1,1,12.2727,0.0,0.21,12.27
SO-2025-0000074,110,PROD_000844,2,2,1.2397,0.0,0.21,2.48
SO-2025-0000074,120,PROD_000323,1,1,0.9504,0.0,0.21,0.95
SO-2025-0000074,130,PROD_003670,3,3,2.4793,0.0,0.21,7.44
SO-2025-0000074,140,PROD_002260,2,2,0.8182,0.0,0.21,1.64
SO-2025-0000074,150,PROD_001387,1,1,6.1983,0.0,0.21,6.2
SO-2025-0000074,160,PROD_002129,3,3,3.2645,0.0,0.21,9.79
SO-2025-0000074,170,PROD_002490,1,1,2.4628,0.0,0.21,2.46
SO-2025-0000074,180,PROD_002420,1,1,1.9835,0.0,0.21,1.98
SO-2025-0000074,190,PROD_002089,4,4,2.2314,0.0,0.21,8.93
SO-2025-0000074,200,PROD_000959,3,3,3.1322,0.0,0.21,9.4
SO-2025-0000075,10,PROD_002924,1,1,1.4463,0.0,0.21,1.45
SO-2025-0000075,20,PROD_000445,1,1,2.4545,0.0,0.21,2.45
SO-2025-0000075,30,PROD_000705,2,2,2.1488,0.0,0.21,4.3
SO-2025-0000075,40,PROD_000139,1,1,4.0992,0.0,0.21,4.1
SO-2025-0000075,50,PROD_002428,2,2,2.2314,0.0,0.21,4.46
SO-2025-0000075,60,PROD_000515,1,1,2.8512,0.0,0.21,2.85
SO-2025-0000075,70,PROD_001836,3,3,1.5702,0.0,0.21,4.71
SO-2025-0000075,80,PROD_003087,5,5,1.7355,0.0,0.21,8.68
SO-2025-0000075,90,PROD_003418,3,3,2.405,0.0,0.21,7.21
SO-2025-0000076,10,PROD_002803,3,3,0.9091,0.0,0.21,2.73
SO-2025-0000076,20,PROD_002646,1,1,1.2397,0.0,0.21,1.24
SO-2025-0000076,30,PROD_003476,1,1,1.2893,0.0,0.21,1.29
SO-2025-0000076,40,PROD_000345,1,1,0.1405,0.0,0.21,0.14
SO-2025-0000076,50,PROD_001536,1,1,1.9008,0.0,0.21,1.9
SO-2025-0000076,60,PROD_002615,2,2,1.1157,0.0,0.21,2.23
SO-2025-0000076,70,PROD_003346,1,1,0.7769,0.0,0.21,0.78
SO-2025-0000076,80,PROD_003457,1,1,4.876,0.0,0.21,4.88
SO-2025-0000076,90,PROD_000716,2,2,1.0744,0.0,0.21,2.15
SO-2025-0000076,100,PROD_001816,1,1,1.157,0.0,0.21,1.16
SO-2025-0000076,110,PROD_001046,4,4,0.9917,0.0,0.21,3.97
SO-2025-0000076,120,PROD_001114,6,3,2.3471,0.0,0.21,7.04
SO-2025-0000076,130,PROD_003510,2,2,1.7769,0.0,0.21,3.55
SO-2025-0000076,140,PROD_000534,3,3,1.0577,0.0,0.04,3.17
SO-2025-0000076,150,PROD_003113,2,2,2.2727,0.0,0.21,4.55
SO-2025-0000076,160,PROD_000372,1,1,1.7769,0.0,0.21,1.78
SO-2025-0000076,170,PROD_002552,1,1,1.0744,0.0,0.21,1.07
SO-2025-0000076,180,PROD_002104,1,1,9.6529,0.0,0.21,9.65
SO-2025-0000076,190,PROD_003128,2,2,3.2231,0.0,0.21,6.45
SO-2025-0000076,200,PROD_000393,5,5,1.3636,0.0,0.21,6.82
SO-2025-0000076,210,PROD_000645,4,2,0.9835,0.0,0.21,1.97
SO-2025-0000076,220,PROD_001769,1,1,0.8512,0.0,0.21,0.85
SO-2025-0000076,230,PROD_001324,4,1,0.7025,0.0,0.21,0.7
SO-2025-0000076,240,PROD_000416,1,1,1.6446,0.0,0.21,1.64
SO-2025-0000076,250,PROD_001569,1,1,4.5041,0.0,0.21,4.5
SO-2025-0000076,260,PROD_003593,3,3,2.0,0.0,0.1,6.0
SO-2025-0000076,270,PROD_001871,4,4,1.8512,0.0,0.21,7.4
SO-2025-0000076,280,PROD_002388,2,1,1.9835,0.0,0.21,1.98
SO-2025-0000076,290,PROD_002073,2,2,0.8264,0.0,0.21,1.65
SO-2025-0000076,300,PROD_003621,2,2,7.8512,0.0,0.21,15.7
SO-2025-0000076,310,PROD_003587,1,1,13.6694,0.0,0.21,13.67
SO-2025-0000077,10,PROD_001802,1,1,2.562,0.0,0.21,2.56
SO-2025-0000077,20,PROD_001227,2,2,1.0992,0.0,0.21,2.2
SO-2025-0000077,30,PROD_002382,3,3,2.314,0.0,0.21,6.94
SO-2025-0000077,40,PROD_000316,1,1,5.1818,0.0,0.21,5.18
SO-2025-0000077,50,PROD_002217,1,1,2.6538,0.0,0.04,2.65
SO-2025-0000077,60,PROD_000925,1,1,1.281,0.0,0.21,1.28
SO-2025-0000077,70,PROD_001913,1,1,8.2314,0.0,0.21,8.23
SO-2025-0000078,10,PROD_001623,1,1,3.5537,0.0,0.21,3.55
SO-2025-0000078,20,PROD_000369,1,1,6.0744,0.0,0.21,6.07
SO-2025-0000078,30,PROD_000183,1,1,5.7025,0.0,0.21,5.7
SO-2025-0000078,40,PROD_001940,4,4,0.7025,0.0,0.21,2.81
SO-2025-0000078,50,PROD_001180,2,2,1.3636,0.0,0.21,2.73
SO-2025-0000078,60,PROD_001740,1,1,0.7521,0.0,0.21,0.75
SO-2025-0000078,70,PROD_000921,5,5,2.2727,0.0,0.21,11.36
SO-2025-0000078,80,PROD_002991,1,1,10.2975,0.0,0.21,10.3
SO-2025-0000078,90,PROD_001082,1,1,1.7273,0.0,0.21,1.73
SO-2025-0000078,100,PROD_002122,1,1,4.2562,0.0,0.21,4.26
SO-2025-0000078,110,PROD_000091,2,2,2.6446,0.0,0.21,5.29
SO-2025-0000078,120,PROD_000693,3,3,2.2727,0.0,0.21,6.82
SO-2025-0000078,130,PROD_000885,1,1,1.3884,0.0,0.21,1.39
SO-2025-0000078,140,PROD_001154,6,6,0.9504,0.0,0.21,5.7
SO-2025-0000078,150,PROD_000674,1,1,0.8182,0.0,0.21,0.82
SO-2025-0000078,160,PROD_003331,6,6,1.5289,0.0,0.21,9.17
SO-2025-0000078,170,PROD_000204,3,3,4.6612,0.0,0.21,13.98
SO-2025-0000078,180,PROD_003203,2,2,1.7769,0.0,0.21,3.55
SO-2025-0000078,190,PROD_000162,2,2,0.4711,0.0,0.21,0.94
SO-2025-0000078,200,PROD_001015,1,1,1.0962,0.0,0.04,1.1
SO-2025-0000078,210,PROD_000315,1,1,2.3554,0.0,0.21,2.36
SO-2025-0000078,220,PROD_000485,1,1,13.157,0.0,0.21,13.16
SO-2025-0000079,10,PROD_000959,1,1,3.1322,0.0,0.21,3.13
SO-2025-0000079,20,PROD_001015,1,1,1.0962,0.0,0.04,1.1
SO-2025-0000079,30,PROD_003161,1,1,3.9669,0.0,0.21,3.97
SO-2025-0000079,40,PROD_001308,4,4,1.9008,0.0,0.21,7.6
SO-2025-0000079,50,PROD_002520,2,2,5.6364,0.0,0.1,11.27
SO-2025-0000080,10,PROD_002146,2,2,0.8264,0.0,0.21,1.65
SO-2025-0000080,20,PROD_003021,1,1,3.2231,0.0,0.21,3.22
SO-2025-0000080,30,PROD_000102,3,3,3.0331,0.0,0.21,9.1
SO-2025-0000080,40,PROD_001708,7,2,0.9504,0.0,0.21,1.9
SO-2025-0000080,50,PROD_003127,1,1,3.2231,0.0,0.21,3.22
SO-2025-0000080,60,PROD_001645,2,2,1.686,0.0,0.21,3.37
SO-2025-0000080,70,PROD_003570,2,2,0.6198,0.0,0.21,1.24
SO-2025-0000080,80,PROD_002987,1,1,2.7686,0.0,0.21,2.77
SO-2025-0000080,90,PROD_002137,2,1,0.686,0.0,0.21,0.69
SO-2025-0000080,100,PROD_002504,1,1,2.1488,0.0,0.21,2.15
SO-2025-0000080,110,PROD_001870,3,1,1.1157,0.0,0.21,1.12
SO-2025-0000080,120,PROD_000436,3,2,1.9327,0.0,0.04,3.87
SO-2025-0000080,130,PROD_001852,3,3,3.1322,0.0,0.21,9.4
SO-2025-0000080,140,PROD_000919,2,2,2.8099,0.0,0.21,5.62
SO-2025-0000080,150,PROD_001126,5,1,0.7025,0.0,0.21,0.7
SO-2025-0000080,160,PROD_003371,6,6,1.5289,0.0,0.21,9.17
SO-2025-0000081,10,PROD_001615,1,1,1.9421,0.0,0.21,1.94
SO-2025-0000081,20,PROD_001877,3,3,4.9174,0.0,0.21,14.75
SO-2025-0000081,30,PROD_001884,1,1,4.0496,0.0,0.21,4.05
SO-2025-0000081,40,PROD_002030,1,1,2.2727,0.0,0.21,2.27
SO-2025-0000081,50,PROD_000265,6,6,1.6942,0.0,0.21,10.17
SO-2025-0000081,60,PROD_001801,1,1,1.3223,0.0,0.21,1.32
SO-2025-0000081,70,PROD_000315,1,1,2.3554,0.0,0.21,2.36
SO-2025-0000081,80,PROD_002414,5,5,2.314,0.0,0.21,11.57
SO-2025-0000081,90,PROD_000747,2,2,3.2231,0.0,0.21,6.45
SO-2025-0000081,100,PROD_000844,2,2,1.2397,0.0,0.21,2.48
SO-2025-0000081,110,PROD_003132,2,2,3.2231,0.0,0.21,6.45
SO-2025-0000081,120,PROD_002183,10,10,0.8264,0.0,0.21,8.26
SO-2025-0000081,130,PROD_000759,1,1,2.8926,0.0,0.21,2.89
SO-2025-0000081,140,PROD_000608,1,1,0.9091,0.0,0.21,0.91
SO-2025-0000081,150,PROD_003250,2,2,1.1157,0.0,0.21,2.23
SO-2025-0000081,160,PROD_002732,1,1,4.0909,0.0,0.21,4.09
SO-2025-0000081,170,PROD_001656,3,3,0.6612,0.0,0.21,1.98
SO-2025-0000081,180,PROD_002718,2,2,3.2231,0.0,0.21,6.45
SO-2025-0000081,190,PROD_002581,1,1,0.4132,0.0,0.21,0.41
SO-2025-0000081,200,PROD_001990,1,1,4.9587,0.0,0.21,4.96
SO-2025-0000081,210,PROD_000789,6,6,1.3223,0.0,0.21,7.93
SO-2025-0000081,220,PROD_001861,1,1,2.8264,0.0,0.21,2.83
SO-2025-0000081,230,PROD_001908,2,2,2.314,0.0,0.21,4.63
SO-2025-0000081,240,PROD_003004,3,3,0.8264,0.0,0.21,2.48
SO-2025-0000081,250,PROD_000413,1,1,0.5372,0.0,0.21,0.54
SO-2025-0000081,260,PROD_001387,2,2,6.1983,0.0,0.21,12.4
SO-2025-0000081,270,PROD_000590,2,2,1.0744,0.0,0.21,2.15
SO-2025-0000081,280,PROD_001362,4,4,1.3223,0.0,0.21,5.29
SO-2025-0000081,290,PROD_000126,1,1,2.2314,0.0,0.21,2.23
SO-2025-0000081,300,PROD_000523,3,3,2.9587,0.0,0.21,8.88
SO-2025-0000081,310,PROD_002012,2,2,1.1983,0.0,0.21,2.4
SO-2025-0000081,320,PROD_000768,1,1,3.3884,0.0,0.21,3.39
SO-2025-0000081,330,PROD_000550,1,1,3.2645,0.0,0.21,3.26
SO-2025-0000081,340,PROD_001756,1,1,0.9091,0.0,0.21,0.91
SO-2025-0000081,350,PROD_002830,3,3,1.0744,0.0,0.21,3.22
SO-2025-0000081,360,PROD_001333,1,1,1.7355,0.0,0.21,1.74
SO-2025-0000081,370,PROD_000841,1,1,2.2893,0.0,0.21,2.29
SO-2025-0000081,380,PROD_002202,1,1,3.8017,0.0,0.21,3.8
SO-2025-0000082,10,PROD_003344,2,2,0.7769,0.0,0.21,1.55
SO-2025-0000082,20,PROD_002812,1,1,3.0992,0.0,0.21,3.1
SO-2025-0000082,30,PROD_001925,3,3,2.4793,0.0,0.21,7.44
SO-2025-0000082,40,PROD_002039,2,2,3.6364,0.0,0.21,7.27
SO-2025-0000082,50,PROD_002525,2,2,2.314,0.0,0.21,4.63
SO-2025-0000082,60,PROD_001145,2,2,0.9504,0.0,0.21,1.9
SO-2025-0000082,70,PROD_000973,3,3,1.2562,0.0,0.21,3.77
SO-2025-0000082,80,PROD_001869,1,1,4.3058,0.0,0.21,4.31
SO-2025-0000082,90,PROD_000817,2,2,1.3462,0.0,0.04,2.69
SO-2025-0000082,100,PROD_000529,1,1,0.8678,0.0,0.21,0.87
SO-2025-0000082,110,PROD_002253,3,3,0.625,0.0,0.04,1.88
SO-2025-0000082,120,PROD_003649,1,1,1.3636,0.0,0.21,1.36
SO-2025-0000082,130,PROD_000462,5,5,1.3942,0.0,0.04,6.97
SO-2025-0000082,140,PROD_002630,2,2,2.3967,0.0,0.21,4.79
SO-2025-0000082,150,PROD_000090,1,1,1.6116,0.0,0.21,1.61
SO-2025-0000082,160,PROD_001958,5,5,3.3967,0.0,0.21,16.98
SO-2025-0000082,170,PROD_000680,2,2,2.2727,0.0,0.21,4.55
SO-2025-0000082,180,PROD_001896,1,1,1.9091,0.0,0.21,1.91
SO-2025-0000082,190,PROD_000349,1,1,2.314,0.0,0.21,2.31
SO-2025-0000082,200,PROD_000509,1,1,2.6446,0.0,0.21,2.64
SO-2025-0000082,210,PROD_002795,2,2,1.314,0.0,0.21,2.63
SO-2025-0000082,220,PROD_001716,1,1,4.0496,0.0,0.21,4.05
SO-2025-0000082,230,PROD_003563,2,2,5.7025,0.0,0.21,11.4
SO-2025-0000082,240,PROD_000890,1,1,4.7521,0.0,0.21,4.75
SO-2025-0000082,250,PROD_002350,1,1,5.4132,0.0,0.21,5.41
SO-2025-0000082,260,PROD_003594,2,2,3.4298,0.0,0.21,6.86
SO-2025-0000082,270,PROD_003092,1,1,2.0661,0.0,0.21,2.07
SO-2025-0000082,280,PROD_003515,3,3,1.0331,0.0,0.21,3.1
SO-2025-0000082,290,PROD_001914,4,4,2.2314,0.0,0.21,8.93
SO-2025-0000082,300,PROD_000428,3,3,2.6694,0.0,0.21,8.01
SO-2025-0000082,310,PROD_001317,3,3,2.2314,0.0,0.21,6.69
SO-2025-0000082,320,PROD_000537,2,2,9.6281,0.0,0.21,19.26
SO-2025-0000082,330,PROD_000631,3,3,3.6198,0.0,0.21,10.86
SO-2025-0000082,340,PROD_003666,1,1,1.4876,0.0,0.21,1.49
SO-2025-0000082,350,PROD_002235,1,1,0.7025,0.0,0.21,0.7
SO-2025-0000082,360,PROD_001780,3,3,1.7355,0.0,0.21,5.21
SO-2025-0000082,370,PROD_001799,2,2,1.9504,0.0,0.21,3.9
SO-2025-0000082,380,PROD_003626,3,3,10.9504,0.0,0.21,32.85
SO-2025-0000083,10,PROD_000471,2,2,1.1157,0.0,0.21,2.23
SO-2025-0000083,20,PROD_002373,5,5,2.1901,0.0,0.21,10.95
SO-2025-0000083,30,PROD_003525,1,1,1.5289,0.0,0.21,1.53
SO-2025-0000083,40,PROD_001553,1,1,13.2975,0.0,0.21,13.3
SO-2025-0000083,50,PROD_001072,3,3,1.3223,0.0,0.21,3.97
SO-2025-0000083,60,PROD_000426,5,1,0.9917,0.0,0.21,0.99
SO-2025-0000083,70,PROD_003054,1,1,1.7355,0.0,0.21,1.74
SO-2025-0000083,80,PROD_000062,1,1,3.1736,0.0,0.21,3.17
SO-2025-0000083,90,PROD_002165,2,2,2.314,0.0,0.21,4.63
SO-2025-0000083,100,PROD_001835,2,2,1.7769,0.0,0.21,3.55
SO-2025-0000083,110,PROD_001084,1,1,2.3471,0.0,0.21,2.35
SO-2025-0000083,120,PROD_001990,2,2,4.9587,0.0,0.21,9.92
SO-2025-0000083,130,PROD_003599,2,2,4.9587,0.0,0.21,9.92
SO-2025-0000084,10,PROD_003727,4,4,3.719,0.0,0.21,14.88
SO-2025-0000084,20,PROD_003600,2,2,7.7273,0.0,0.21,15.45
SO-2025-0000084,30,PROD_000097,1,1,1.2397,0.0,0.21,1.24
SO-2025-0000084,40,PROD_002715,4,4,2.8926,0.0,0.21,11.57
SO-2025-0000084,50,PROD_002008,1,1,2.8926,0.0,0.21,2.89
SO-2025-0000084,60,PROD_001284,1,1,1.0661,0.0,0.21,1.07
SO-2025-0000084,70,PROD_000899,5,5,1.843,0.0,0.21,9.21
SO-2025-0000084,80,PROD_001079,2,2,4.3388,0.0,0.21,8.68
SO-2025-0000084,90,PROD_003336,3,2,1.281,0.0,0.21,2.56
SO-2025-0000084,100,PROD_001389,4,4,5.6033,0.0,0.21,22.41
SO-2025-0000085,10,PROD_000268,2,2,1.405,0.0,0.21,2.81
SO-2025-0000085,20,PROD_000156,1,1,0.3719,0.0,0.21,0.37
SO-2025-0000085,30,PROD_001801,1,1,1.3223,0.0,0.21,1.32
SO-2025-0000085,40,PROD_002011,2,2,1.6529,0.0,0.21,3.31
SO-2025-0000085,50,PROD_002769,6,6,2.2562,0.0,0.21,13.54
SO-2025-0000085,60,PROD_003636,1,1,1.5537,0.0,0.21,1.55
SO-2025-0000085,70,PROD_000749,2,2,0.8264,0.0,0.21,1.65
SO-2025-0000085,80,PROD_000512,1,1,4.4628,0.0,0.21,4.46
SO-2025-0000085,90,PROD_003184,2,2,3.2231,0.0,0.21,6.45
SO-2025-0000085,100,PROD_000457,1,1,5.9504,0.0,0.21,5.95
SO-2025-0000085,110,PROD_000844,4,4,1.2397,0.0,0.21,4.96
SO-2025-0000085,120,PROD_002008,4,4,2.8926,0.0,0.21,11.57
SO-2025-0000085,130,PROD_001947,2,2,5.314,0.0,0.21,10.63
SO-2025-0000085,140,PROD_001558,1,1,4.595,0.0,0.21,4.59
SO-2025-0000085,150,PROD_000413,1,1,0.5372,0.0,0.21,0.54
SO-2025-0000085,160,PROD_001554,2,2,0.8264,0.0,0.21,1.65
SO-2025-0000085,170,PROD_000272,1,1,1.5702,0.0,0.21,1.57
SO-2025-0000085,180,PROD_000963,4,4,0.6777,0.0,0.21,2.71
SO-2025-0000085,190,PROD_000755,1,1,3.2397,0.0,0.21,3.24
SO-2025-0000085,200,PROD_000952,1,1,8.2231,0.0,0.21,8.22
SO-2025-0000085,210,PROD_000131,2,2,5.4545,0.0,0.21,10.91
SO-2025-0000085,220,PROD_000967,1,1,1.7355,0.0,0.21,1.74
SO-2025-0000085,230,PROD_001559,3,3,2.314,0.0,0.21,6.94
SO-2025-0000085,240,PROD_000588,2,2,3.5124,0.0,0.21,7.02
SO-2025-0000085,250,PROD_000443,3,3,4.6198,0.0,0.21,13.86
SO-2025-0000085,260,PROD_002379,4,4,5.7025,0.0,0.21,22.81
SO-2025-0000085,270,PROD_002681,1,1,2.2314,0.0,0.21,2.23
SO-2025-0000085,280,PROD_000426,2,2,0.9917,0.0,0.21,1.98
SO-2025-0000085,290,PROD_002341,3,3,2.1322,0.0,0.21,6.4
SO-2025-0000086,10,PROD_000086,1,1,1.5702,0.0,0.21,1.57
SO-2025-0000086,20,PROD_000988,1,1,1.3269,0.0,0.04,1.33
SO-2025-0000086,30,PROD_001276,2,2,0.9091,0.0,0.21,1.82
SO-2025-0000086,40,PROD_003488,7,7,0.6116,0.0,0.21,4.28
SO-2025-0000086,50,PROD_002039,1,1,3.6364,0.0,0.21,3.64
SO-2025-0000086,60,PROD_003527,1,1,2.405,0.0,0.21,2.4
SO-2025-0000086,70,PROD_000544,2,2,1.9008,0.0,0.21,3.8
SO-2025-0000086,80,PROD_002494,2,2,8.2066,0.0,0.21,16.41
SO-2025-0000086,90,PROD_003657,1,1,1.6346,0.0,0.04,1.63
SO-2025-0000086,100,PROD_001854,2,2,1.9008,0.0,0.21,3.8
SO-2025-0000086,110,PROD_002652,1,1,1.3223,0.0,0.21,1.32
SO-2025-0000086,120,PROD_002827,1,1,3.2231,0.0,0.21,3.22
SO-2025-0000086,130,PROD_002372,1,1,1.6529,0.0,0.21,1.65
SO-2025-0000086,140,PROD_002349,2,2,1.5702,0.0,0.21,3.14
SO-2025-0000086,150,PROD_002235,5,5,0.7025,0.0,0.21,3.51
SO-2025-0000086,160,PROD_000460,1,1,2.4876,0.0,0.21,2.49
SO-2025-0000086,170,PROD_002930,1,1,1.5702,0.0,0.21,1.57
SO-2025-0000086,180,PROD_001930,1,1,1.3942,0.0,0.04,1.39
SO-2025-0000086,190,PROD_000676,1,1,1.3636,0.0,0.1,1.36
SO-2025-0000086,200,PROD_002198,1,1,1.0744,0.0,0.21,1.07
SO-2025-0000086,210,PROD_000575,1,1,2.3554,0.0,0.21,2.36
SO-2025-0000086,220,PROD_003521,1,1,2.4793,0.0,0.21,2.48
SO-2025-0000086,230,PROD_003587,4,4,13.6694,0.0,0.21,54.68
SO-2025-0000086,240,PROD_002059,3,3,2.686,0.0,0.21,8.06
SO-2025-0000086,250,PROD_001475,1,1,1.3223,0.0,0.21,1.32
SO-2025-0000086,260,PROD_002961,1,1,1.2397,0.0,0.21,1.24
SO-2025-0000086,270,PROD_002341,1,1,2.1322,0.0,0.21,2.13
SO-2025-0000086,280,PROD_003454,1,1,2.3967,0.0,0.21,2.4
SO-2025-0000086,290,PROD_000440,2,2,6.3636,0.0,0.21,12.73
SO-2025-0000086,300,PROD_000683,1,1,8.6612,0.0,0.21,8.66
SO-2025-0000086,310,PROD_001138,2,2,2.2066,0.0,0.21,4.41
SO-2025-0000086,320,PROD_000459,1,1,2.3967,0.0,0.21,2.4
SO-2025-0000086,330,PROD_002106,5,5,4.8017,0.0,0.21,24.01
SO-2025-0000086,340,PROD_000014,2,2,1.405,0.0,0.21,2.81
SO-2025-0000086,350,PROD_000203,1,1,0.7438,0.0,0.21,0.74
SO-2025-0000086,360,PROD_001683,1,1,0.8678,0.0,0.21,0.87
SO-2025-0000086,370,PROD_000163,4,4,0.8678,0.0,0.21,3.47
SO-2025-0000086,380,PROD_003577,3,3,5.5455,0.0,0.21,16.64
SO-2025-0000086,390,PROD_000453,1,1,3.4711,0.0,0.21,3.47
SO-2025-0000086,400,PROD_001145,2,2,0.9504,0.0,0.21,1.9
SO-2025-0000086,410,PROD_001809,3,3,3.1074,0.0,0.21,9.32
SO-2025-0000086,420,PROD_002196,1,1,1.9008,0.0,0.21,1.9
SO-2025-0000086,430,PROD_001057,1,1,0.8678,0.0,0.21,0.87
SO-2025-0000086,440,PROD_000802,1,1,4.0826,0.0,0.21,4.08
SO-2025-0000086,450,PROD_001975,4,4,0.6731,0.0,0.04,2.69
SO-2025-0000087,10,PROD_001875,1,1,2.8926,0.0,0.21,2.89
SO-2025-0000087,20,PROD_001317,2,2,2.2314,0.0,0.21,4.46
SO-2025-0000087,30,PROD_000101,1,1,1.6612,0.0,0.21,1.66
SO-2025-0000087,40,PROD_001350,1,1,8.0769,0.0,0.04,8.08
SO-2025-0000087,50,PROD_001120,1,1,6.6942,0.0,0.21,6.69
SO-2025-0000087,60,PROD_003449,2,2,2.8099,0.0,0.21,5.62
SO-2025-0000087,70,PROD_002074,1,1,1.3636,0.0,0.21,1.36
SO-2025-0000087,80,PROD_000889,1,1,0.7692,0.0,0.04,0.77
SO-2025-0000087,90,PROD_003056,1,1,1.5702,0.0,0.21,1.57
SO-2025-0000087,100,PROD_002345,1,1,1.2066,0.0,0.21,1.21
SO-2025-0000087,110,PROD_003657,2,2,1.6346,0.0,0.04,3.27
SO-2025-0000087,120,PROD_001975,2,2,0.6731,0.0,0.04,1.35
SO-2025-0000087,130,PROD_000125,4,4,3.7686,0.0,0.21,15.07
SO-2025-0000087,140,PROD_001537,7,7,4.2066,0.0,0.21,29.45
SO-2025-0000087,150,PROD_001048,1,1,1.1157,0.0,0.21,1.12
SO-2025-0000087,160,PROD_002249,2,2,1.6529,0.0,0.21,3.31
SO-2025-0000087,170,PROD_001256,1,1,21.2182,0.0,0.1,21.22
SO-2025-0000087,180,PROD_000453,1,1,3.4711,0.0,0.21,3.47
SO-2025-0000087,190,PROD_002014,1,1,3.8017,0.0,0.21,3.8
SO-2025-0000087,200,PROD_001230,1,1,2.1653,0.0,0.21,2.17
SO-2025-0000087,210,PROD_001698,1,1,3.2231,0.0,0.21,3.22
SO-2025-0000087,220,PROD_000168,1,1,1.9008,0.0,0.21,1.9
SO-2025-0000087,230,PROD_000608,1,1,0.9091,0.0,0.21,0.91
SO-2025-0000087,240,PROD_002980,1,1,2.2727,0.0,0.21,2.27
SO-2025-0000087,250,PROD_002020,1,1,4.9587,0.0,0.21,4.96
SO-2025-0000087,260,PROD_002834,1,1,3.3884,0.0,0.21,3.39
SO-2025-0000087,270,PROD_003602,2,2,8.6777,0.0,0.21,17.36
SO-2025-0000087,280,PROD_002621,1,1,4.8264,0.0,0.21,4.83
SO-2025-0000088,10,PROD_001658,1,1,2.1488,0.0,0.21,2.15
SO-2025-0000088,20,PROD_000606,2,2,1.1346,0.0,0.04,2.27
SO-2025-0000088,30,PROD_000625,1,1,1.6116,0.0,0.21,1.61
SO-2025-0000088,40,PROD_002350,1,1,5.4132,0.0,0.21,5.41
SO-2025-0000088,50,PROD_000688,1,1,3.8017,0.0,0.21,3.8
SO-2025-0000088,60,PROD_001637,1,1,3.2149,0.0,0.21,3.21
SO-2025-0000088,70,PROD_001557,7,7,0.2893,0.0,0.21,2.03
SO-2025-0000088,80,PROD_001254,3,3,19.0083,0.0,0.21,57.02
SO-2025-0000089,10,PROD_002199,1,1,1.375,0.0,0.04,1.38
SO-2025-0000089,20,PROD_003420,1,1,0.6198,0.0,0.21,0.62
SO-2025-0000089,30,PROD_000152,1,1,0.9504,0.0,0.21,0.95
SO-2025-0000089,40,PROD_001673,1,1,2.4793,0.0,0.21,2.48
SO-2025-0000089,50,PROD_000226,1,1,1.405,0.0,0.21,1.41
SO-2025-0000089,60,PROD_002373,2,2,2.1901,0.0,0.21,4.38
SO-2025-0000089,70,PROD_001254,3,3,19.0083,0.0,0.21,57.02
SO-2025-0000090,10,PROD_002430,3,3,1.5702,0.0,0.21,4.71
SO-2025-0000090,20,PROD_003689,1,1,2.8926,0.0,0.21,2.89
SO-2025-0000090,30,PROD_001546,1,1,3.1818,0.0,0.21,3.18
SO-2025-0000090,40,PROD_003583,2,2,1.2273,0.0,0.1,2.45
SO-2025-0000090,50,PROD_002925,2,2,1.5702,0.0,0.21,3.14
SO-2025-0000090,60,PROD_001228,1,1,1.6529,0.0,0.21,1.65
SO-2025-0000090,70,PROD_002608,1,1,1.6198,0.0,0.21,1.62
SO-2025-0000090,80,PROD_000169,5,5,2.5207,0.0,0.21,12.6
SO-2025-0000090,90,PROD_002629,1,1,0.7438,0.0,0.21,0.74
SO-2025-0000090,100,PROD_002467,1,1,5.3884,0.0,0.21,5.39
SO-2025-0000090,110,PROD_000193,1,1,2.5481,0.0,0.04,2.55
SO-2025-0000090,120,PROD_003519,1,1,1.405,0.0,0.21,1.41
SO-2025-0000090,130,PROD_000085,1,1,1.9008,0.0,0.21,1.9
SO-2025-0000090,140,PROD_000569,3,3,4.3388,0.0,0.21,13.02
SO-2025-0000090,150,PROD_001079,1,1,4.3388,0.0,0.21,4.34
SO-2025-0000090,160,PROD_003491,1,1,0.7355,0.0,0.21,0.74
SO-2025-0000090,170,PROD_001405,1,1,1.3942,0.0,0.04,1.39
SO-2025-0000090,180,PROD_000639,7,3,1.5702,0.0,0.21,4.71
SO-2025-0000090,190,PROD_003404,2,1,3.9669,0.0,0.21,3.97
SO-2025-0000090,200,PROD_000558,8,4,1.438,0.0,0.21,5.75
SO-2025-0000090,210,PROD_002343,4,2,16.3388,0.0,0.21,32.68
SO-2026-0000091,10,PROD_001724,1,1,2.2115,0.0,0.04,2.21
SO-2026-0000091,20,PROD_000851,1,1,0.9091,0.0,0.21,0.91
SO-2026-0000091,30,PROD_001010,1,1,1.405,0.0,0.21,1.41
SO-2026-0000091,40,PROD_001923,4,4,32.7818,0.0,0.1,131.13
SO-2026-0000092,10,PROD_003636,3,3,1.5537,0.0,0.21,4.66
SO-2026-0000092,20,PROD_001141,1,1,2.314,0.0,0.21,2.31
SO-2026-0000092,30,PROD_001362,1,1,1.3223,0.0,0.21,1.32
SO-2026-0000092,40,PROD_001040,1,1,0.9504,0.0,0.21,0.95
SO-2026-0000092,50,PROD_001576,1,1,0.8264,0.0,0.21,0.83
SO-2026-0000092,60,PROD_002680,1,1,3.2645,0.0,0.21,3.26
SO-2026-0000092,70,PROD_001523,2,2,3.9917,0.0,0.21,7.98
SO-2026-0000092,80,PROD_000323,1,1,0.9504,0.0,0.21,0.95
SO-2026-0000092,90,PROD_001497,1,1,2.6033,0.0,0.21,2.6
SO-2026-0000092,100,PROD_001983,2,2,1.8595,0.0,0.21,3.72
SO-2026-0000092,110,PROD_000711,2,2,0.9339,0.0,0.21,1.87
SO-2026-0000092,120,PROD_001926,2,2,5.6446,0.0,0.21,11.29
SO-2026-0000093,10,PROD_000006,3,3,2.0661,0.0,0.21,6.2
SO-2026-0000093,20,PROD_003652,4,4,1.6033,0.0,0.21,6.41
SO-2026-0000093,30,PROD_003090,1,1,3.2231,0.0,0.21,3.22
SO-2026-0000093,40,PROD_000527,1,1,0.6731,0.0,0.04,0.67
SO-2026-0000093,50,PROD_002545,2,2,1.157,0.0,0.21,2.31
SO-2026-0000093,60,PROD_002405,1,1,1.4876,0.0,0.21,1.49
SO-2026-0000093,70,PROD_003070,2,2,0.8678,0.0,0.21,1.74
SO-2026-0000093,80,PROD_003428,2,2,1.281,0.0,0.21,2.56
SO-2026-0000093,90,PROD_002445,1,1,9.0455,0.0,0.1,9.05
SO-2026-0000093,100,PROD_000202,3,3,6.2479,0.0,0.21,18.74
SO-2026-0000093,110,PROD_002269,2,2,1.5385,0.0,0.04,3.08
SO-2026-0000093,120,PROD_001990,3,3,4.9587,0.0,0.21,14.88
SO-2026-0000094,10,PROD_000941,2,2,2.7438,0.0,0.21,5.49
SO-2026-0000094,20,PROD_001929,1,1,3.6942,0.0,0.21,3.69
SO-2026-0000094,30,PROD_002405,5,5,1.4876,0.0,0.21,7.44
SO-2026-0000094,40,PROD_002098,1,1,4.0909,0.0,0.21,4.09
SO-2026-0000095,10,PROD_003092,1,1,2.0661,0.0,0.21,2.07
SO-2026-0000095,20,PROD_001484,1,1,1.7355,0.0,0.21,1.74
SO-2026-0000095,30,PROD_002536,1,1,1.0413,0.0,0.21,1.04
SO-2026-0000095,40,PROD_001292,1,1,8.3455,0.0,0.1,8.35
SO-2026-0000095,50,PROD_001742,1,1,2.9669,0.0,0.21,2.97
SO-2026-0000095,60,PROD_001422,1,1,0.9917,0.0,0.21,0.99
SO-2026-0000095,70,PROD_002998,1,1,0.8347,0.0,0.21,0.83
SO-2026-0000095,80,PROD_001257,4,4,2.5207,0.0,0.21,10.08
SO-2026-0000096,10,PROD_000850,1,1,0.8264,0.0,0.21,0.83
SO-2026-0000096,20,PROD_002213,8,8,1.4876,0.0,0.21,11.9
SO-2026-0000096,30,PROD_000481,2,2,5.2893,0.0,0.21,10.58
SO-2026-0000096,40,PROD_002080,1,1,1.1157,0.0,0.21,1.12
SO-2026-0000096,50,PROD_003380,1,1,0.7851,0.0,0.21,0.79
SO-2026-0000096,60,PROD_001571,3,3,0.6612,0.0,0.21,1.98
SO-2026-0000096,70,PROD_000952,3,3,8.2231,0.0,0.21,24.67
SO-2026-0000097,10,PROD_002040,5,5,1.9835,0.0,0.21,9.92
SO-2026-0000097,20,PROD_000206,1,1,12.2727,0.0,0.21,12.27
SO-2026-0000097,30,PROD_001554,2,2,0.8264,0.0,0.21,1.65
SO-2026-0000097,40,PROD_000621,6,6,1.405,0.0,0.21,8.43
SO-2026-0000097,50,PROD_000837,3,3,2.1901,0.0,0.21,6.57
SO-2026-0000097,60,PROD_000498,2,2,4.9504,0.0,0.21,9.9
SO-2026-0000098,10,PROD_001876,2,2,0.9752,0.0,0.21,1.95
SO-2026-0000098,20,PROD_000419,1,1,2.4876,0.0,0.21,2.49
SO-2026-0000098,30,PROD_003655,3,3,2.2727,0.0,0.21,6.82
SO-2026-0000098,40,PROD_001739,5,5,2.1901,0.0,0.21,10.95
SO-2026-0000098,50,PROD_000180,4,4,1.25,0.0,0.04,5.0
SO-2026-0000098,60,PROD_002005,5,5,1.6529,0.0,0.21,8.26
SO-2026-0000099,10,PROD_003173,1,1,3.2231,0.0,0.21,3.22
SO-2026-0000099,20,PROD_001782,4,4,1.0744,0.0,0.21,4.3
SO-2026-0000099,30,PROD_001990,1,1,4.9587,0.0,0.21,4.96
SO-2026-0000099,40,PROD_002279,1,1,2.562,0.0,0.21,2.56
SO-2026-0000099,50,PROD_002283,2,2,0.9917,0.0,0.21,1.98
SO-2026-0000099,60,PROD_000657,1,1,0.6281,0.0,0.21,0.63
SO-2026-0000099,70,PROD_001408,4,4,2.1488,0.0,0.21,8.6
SO-2026-0000099,80,PROD_003105,2,2,1.6116,0.0,0.21,3.22
SO-2026-0000099,90,PROD_001347,3,3,5.9256,0.0,0.21,17.78
SO-2026-0000099,100,PROD_002587,1,1,2.9752,0.0,0.21,2.98
SO-2026-0000099,110,PROD_002494,1,1,8.2066,0.0,0.21,8.21
SO-2026-0000100,10,PROD_001667,1,1,1.3462,0.0,0.04,1.35
SO-2026-0000100,20,PROD_000580,2,2,0.9091,0.0,0.21,1.82
SO-2026-0000100,30,PROD_000934,2,2,0.8654,0.0,0.04,1.73
SO-2026-0000100,40,PROD_000953,3,3,1.8182,0.0,0.21,5.45
SO-2026-0000100,50,PROD_001484,3,3,1.7355,0.0,0.21,5.21
SO-2026-0000100,60,PROD_000322,1,1,5.8678,0.0,0.21,5.87
SO-2026-0000100,70,PROD_002337,3,3,0.9135,0.0,0.04,2.74
SO-2026-0000100,80,PROD_000326,5,5,0.7025,0.0,0.21,3.51
SO-2026-0000100,90,PROD_000718,3,3,1.7686,0.0,0.21,5.31
SO-2026-0000100,100,PROD_000662,1,1,2.7438,0.0,0.21,2.74
SO-2026-0000100,110,PROD_000171,1,1,8.1364,0.0,0.1,8.14
SO-2026-0000101,10,PROD_000676,1,1,1.3636,0.0,0.1,1.36
SO-2026-0000101,20,PROD_002514,1,1,2.8264,0.0,0.21,2.83
SO-2026-0000101,30,PROD_003057,2,2,3.2231,0.0,0.21,6.45
SO-2026-0000102,10,PROD_001074,1,1,2.8926,0.0,0.21,2.89
SO-2026-0000102,20,PROD_000934,3,3,0.8654,0.0,0.04,2.6
SO-2026-0000102,30,PROD_001846,3,3,4.3388,0.0,0.21,13.02
SO-2026-0000102,40,PROD_002514,2,2,2.8264,0.0,0.21,5.65
SO-2026-0000103,10,PROD_001801,1,1,1.3223,0.0,0.21,1.32
SO-2026-0000103,20,PROD_000481,3,3,5.2893,0.0,0.21,15.87
SO-2026-0000103,30,PROD_002551,1,1,6.1983,0.0,0.21,6.2
SO-2026-0000103,40,PROD_001761,2,2,2.3967,0.0,0.21,4.79
SO-2026-0000103,50,PROD_000303,8,8,2.3967,0.0,0.21,19.17
SO-2026-0000103,60,PROD_000208,2,2,1.2397,0.0,0.21,2.48
SO-2026-0000103,70,PROD_002910,1,1,2.314,0.0,0.21,2.31
SO-2026-0000103,80,PROD_001749,1,1,1.3223,0.0,0.21,1.32
SO-2026-0000103,90,PROD_000855,1,1,0.9504,0.0,0.21,0.95
SO-2026-0000103,100,PROD_002592,2,2,3.7521,0.0,0.21,7.5
SO-2026-0000104,10,PROD_003468,4,4,0.7025,0.0,0.21,2.81
SO-2026-0000104,20,PROD_001384,2,2,3.7107,0.0,0.21,7.42
SO-2026-0000104,30,PROD_002973,2,2,3.2231,0.0,0.21,6.45
SO-2026-0000104,40,PROD_001987,1,1,1.4423,0.0,0.04,1.44
SO-2026-0000104,50,PROD_000492,5,4,8.5537,0.0,0.21,34.21
SO-2026-0000104,60,PROD_003664,1,1,2.562,0.0,0.21,2.56
SO-2026-0000104,70,PROD_003496,1,1,1.3388,0.0,0.21,1.34
SO-2026-0000104,80,PROD_003004,1,1,0.8264,0.0,0.21,0.83
SO-2026-0000104,90,PROD_003071,1,1,2.6446,0.0,0.21,2.64
SO-2026-0000104,100,PROD_003419,3,3,1.7355,0.0,0.21,5.21
SO-2026-0000104,110,PROD_000096,5,5,1.8182,0.0,0.21,9.09
SO-2026-0000104,120,PROD_002597,1,1,3.719,0.0,0.21,3.72
SO-2026-0000104,130,PROD_000578,4,4,2.686,0.0,0.21,10.74
SO-2026-0000104,140,PROD_003286,3,2,0.9504,0.0,0.21,1.9
SO-2026-0000104,150,PROD_000533,1,1,5.1322,0.0,0.21,5.13
SO-2026-0000104,160,PROD_001324,4,4,0.7025,0.0,0.21,2.81
SO-2026-0000104,170,PROD_001567,3,3,2.1901,0.0,0.21,6.57
SO-2026-0000104,180,PROD_000051,4,3,1.0744,0.0,0.21,3.22
SO-2026-0000104,190,PROD_001333,1,1,1.7355,0.0,0.21,1.74
SO-2026-0000104,200,PROD_003417,1,1,1.1157,0.0,0.21,1.12
SO-2026-0000104,210,PROD_002451,2,2,2.314,0.0,0.21,4.63
SO-2026-0000104,220,PROD_001479,2,2,2.1074,0.0,0.21,4.21
SO-2026-0000104,230,PROD_000952,1,1,8.2231,0.0,0.21,8.22
SO-2026-0000104,240,PROD_000598,2,2,1.7692,0.0,0.04,3.54
SO-2026-0000104,250,PROD_003652,4,3,1.6033,0.0,0.21,4.81
SO-2026-0000104,260,PROD_001108,3,3,1.3636,0.0,0.21,4.09
SO-2026-0000104,270,PROD_003099,1,1,1.9421,0.0,0.21,1.94
SO-2026-0000104,280,PROD_000174,1,1,2.3884,0.0,0.21,2.39
SO-2026-0000104,290,PROD_003185,2,2,3.2231,0.0,0.21,6.45
SO-2026-0000104,300,PROD_001823,2,2,2.0661,0.0,0.21,4.13
SO-2026-0000104,310,PROD_002830,1,1,1.0744,0.0,0.21,1.07
SO-2026-0000104,320,PROD_003424,2,2,1.1983,0.0,0.21,2.4
SO-2026-0000104,330,PROD_001358,4,1,6.686,0.0,0.21,6.69
SO-2026-0000104,340,PROD_003451,3,3,1.281,0.0,0.21,3.84
SO-2026-0000104,350,PROD_002576,1,1,1.5289,0.0,0.21,1.53
SO-2026-0000104,360,PROD_000903,4,1,0.6612,0.0,0.21,0.66
SO-2026-0000104,370,PROD_001535,1,1,1.8843,0.0,0.21,1.88
SO-2026-0000104,380,PROD_001237,3,2,1.9917,0.0,0.21,3.98
SO-2026-0000104,390,PROD_002513,1,1,3.5207,0.0,0.21,3.52
SO-2026-0000104,400,PROD_002361,1,1,0.7438,0.0,0.21,0.74
SO-2026-0000104,410,PROD_003316,1,1,0.9091,0.0,0.21,0.91
SO-2026-0000104,420,PROD_000385,1,1,0.9917,0.0,0.21,0.99
SO-2026-0000104,430,PROD_000813,3,3,1.3636,0.0,0.21,4.09
SO-2026-0000104,440,PROD_000469,3,1,4.3471,0.0,0.21,4.35
SO-2026-0000104,450,PROD_003599,1,1,4.9587,0.0,0.21,4.96
SO-2026-0000105,10,PROD_002504,2,2,2.1488,0.0,0.21,4.3
SO-2026-0000105,20,PROD_001017,5,5,3.2231,0.0,0.21,16.12
SO-2026-0000105,30,PROD_002555,1,1,0.8264,0.0,0.21,0.83
SO-2026-0000105,40,PROD_001397,2,2,2.4876,0.0,0.21,4.98
SO-2026-0000105,50,PROD_002313,1,1,1.2149,0.0,0.21,1.21
SO-2026-0000105,60,PROD_003390,2,2,1.405,0.0,0.21,2.81
SO-2026-0000105,70,PROD_000576,2,2,1.157,0.0,0.21,2.31
SO-2026-0000105,80,PROD_002436,5,5,2.8512,0.0,0.21,14.26
SO-2026-0000106,10,PROD_003026,1,1,1.2397,0.0,0.21,1.24
SO-2026-0000106,20,PROD_001405,1,1,1.3942,0.0,0.04,1.39
SO-2026-0000106,30,PROD_002828,2,2,2.0661,0.0,0.21,4.13
SO-2026-0000106,40,PROD_002357,4,4,4.0496,0.0,0.21,16.2
SO-2026-0000106,50,PROD_001358,1,1,6.686,0.0,0.21,6.69
SO-2026-0000106,60,PROD_001394,2,2,3.876,0.0,0.21,7.75
SO-2026-0000106,70,PROD_002188,3,3,5.3388,0.0,0.21,16.02
SO-2026-0000107,10,PROD_000636,1,1,1.7355,0.0,0.21,1.74
SO-2026-0000107,20,PROD_002257,2,2,1.3636,0.0,0.21,2.73
SO-2026-0000107,30,PROD_003442,7,4,0.8264,0.0,0.21,3.31
SO-2026-0000107,40,PROD_003380,3,3,0.7851,0.0,0.21,2.36
SO-2026-0000107,50,PROD_003722,2,2,2.686,0.0,0.21,5.37
SO-2026-0000107,60,PROD_003377,1,1,1.4463,0.0,0.21,1.45
SO-2026-0000107,70,PROD_002464,1,1,0.9615,0.0,0.04,0.96
SO-2026-0000107,80,PROD_002649,3,3,1.2397,0.0,0.21,3.72
SO-2026-0000107,90,PROD_003219,1,1,3.2231,0.0,0.21,3.22
SO-2026-0000107,100,PROD_000794,1,1,0.9504,0.0,0.21,0.95
SO-2026-0000107,110,PROD_000082,1,1,2.0992,0.0,0.21,2.1
SO-2026-0000107,120,PROD_001605,1,1,2.8099,0.0,0.21,2.81
SO-2026-0000107,130,PROD_000945,1,1,1.1983,0.0,0.21,1.2
SO-2026-0000107,140,PROD_000092,5,5,2.9835,0.0,0.21,14.92
SO-2026-0000108,10,PROD_001052,1,1,2.5207,0.0,0.21,2.52
SO-2026-0000108,20,PROD_000481,1,1,5.2893,0.0,0.21,5.29
SO-2026-0000108,30,PROD_000595,1,1,0.9504,0.0,0.21,0.95
SO-2026-0000108,40,PROD_000608,1,1,0.9091,0.0,0.21,0.91
SO-2026-0000108,50,PROD_002933,1,1,8.8264,0.0,0.21,8.83
SO-2026-0000108,60,PROD_000384,1,1,2.8512,0.0,0.21,2.85
SO-2026-0000108,70,PROD_003616,2,2,4.6694,0.0,0.21,9.34
SO-2026-0000108,80,PROD_001589,2,2,1.7355,0.0,0.21,3.47
SO-2026-0000108,90,PROD_000433,1,1,1.1983,0.0,0.21,1.2
SO-2026-0000108,100,PROD_001225,2,2,2.4793,0.0,0.21,4.96
SO-2026-0000108,110,PROD_002585,2,2,0.8264,0.0,0.21,1.65
SO-2026-0000108,120,PROD_002902,1,1,1.6529,0.0,0.21,1.65
SO-2026-0000108,130,PROD_000146,1,1,2.3884,0.0,0.21,2.39
SO-2026-0000108,140,PROD_002737,1,1,0.9917,0.0,0.21,0.99
SO-2026-0000108,150,PROD_002592,2,2,3.7521,0.0,0.21,7.5
SO-2026-0000108,160,PROD_000105,2,2,1.6942,0.0,0.21,3.39
SO-2026-0000108,170,PROD_000543,1,1,6.0083,0.0,0.21,6.01
SO-2026-0000108,180,PROD_001120,2,2,6.6942,0.0,0.21,13.39
SO-2026-0000108,190,PROD_003287,2,2,2.8099,0.0,0.21,5.62
SO-2026-0000108,200,PROD_002444,4,4,1.9421,0.0,0.21,7.77
SO-2026-0000108,210,PROD_001926,1,1,5.6446,0.0,0.21,5.64
SO-2026-0000108,220,PROD_002165,1,1,2.314,0.0,0.21,2.31
SO-2026-0000108,230,PROD_000778,2,2,10.124,0.0,0.21,20.25
SO-2026-0000109,10,PROD_002929,1,1,2.8099,0.0,0.21,2.81
SO-2026-0000109,20,PROD_001575,1,1,0.8264,0.0,0.21,0.83
SO-2026-0000109,30,PROD_002391,1,1,2.8182,0.0,0.21,2.82
SO-2026-0000109,40,PROD_001256,1,1,21.2182,0.0,0.1,21.22
SO-2026-0000110,10,PROD_003196,3,3,2.0661,0.0,0.21,6.2
SO-2026-0000110,20,PROD_001406,5,5,6.5702,0.0,0.21,32.85
SO-2026-0000111,10,PROD_001690,3,3,1.0331,0.0,0.21,3.1
SO-2026-0000111,20,PROD_001726,1,1,0.9917,0.0,0.21,0.99
SO-2026-0000111,30,PROD_001162,2,2,3.6364,0.0,0.21,7.27
SO-2026-0000111,40,PROD_000325,4,4,5.5455,0.0,0.21,22.18
SO-2026-0000111,50,PROD_001843,2,2,1.4463,0.0,0.21,2.89
SO-2026-0000111,60,PROD_001122,1,1,0.9917,0.0,0.21,0.99
SO-2026-0000111,70,PROD_002590,1,1,3.8099,0.0,0.21,3.81
SO-2026-0000111,80,PROD_000250,2,2,0.6612,0.0,0.21,1.32
SO-2026-0000112,10,PROD_001448,1,1,0.7438,0.0,0.21,0.74
SO-2026-0000112,20,PROD_001779,2,2,5.4876,0.0,0.21,10.98
SO-2026-0000112,30,PROD_002638,1,1,2.0661,0.0,0.21,2.07
SO-2026-0000112,40,PROD_002639,1,1,1.9835,0.0,0.21,1.98
SO-2026-0000112,50,PROD_002599,1,1,4.3388,0.0,0.21,4.34
SO-2026-0000112,60,PROD_002428,1,1,2.2314,0.0,0.21,2.23
SO-2026-0000112,70,PROD_001189,2,2,1.6529,0.0,0.21,3.31
SO-2026-0000112,80,PROD_002515,1,1,1.4423,0.0,0.04,1.44
SO-2026-0000112,90,PROD_002154,2,2,1.8595,0.0,0.21,3.72
SO-2026-0000112,100,PROD_000544,2,2,1.9008,0.0,0.21,3.8
SO-2026-0000112,110,PROD_003616,4,1,4.6694,0.0,0.21,4.67
SO-2026-0000112,120,PROD_003574,5,5,10.281,0.0,0.21,51.41
SO-2026-0000112,130,PROD_001096,2,2,9.1983,0.0,0.21,18.4
SO-2026-0000112,140,PROD_003007,1,1,1.1983,0.0,0.21,1.2
SO-2026-0000112,150,PROD_003251,1,1,0.9504,0.0,0.21,0.95
SO-2026-0000112,160,PROD_002827,2,1,3.2231,0.0,0.21,3.22
SO-2026-0000112,170,PROD_001378,1,1,1.9835,0.0,0.21,1.98
SO-2026-0000112,180,PROD_003450,4,4,1.5289,0.0,0.21,6.12
SO-2026-0000112,190,PROD_001406,1,1,6.5702,0.0,0.21,6.57
SO-2026-0000112,200,PROD_001804,2,2,0.9504,0.0,0.21,1.9
SO-2026-0000112,210,PROD_000680,5,3,2.2727,0.0,0.21,6.82
SO-2026-0000112,220,PROD_003577,1,1,5.5455,0.0,0.21,5.55
SO-2026-0000112,230,PROD_001955,3,3,2.3884,0.0,0.21,7.17
SO-2026-0000112,240,PROD_002099,1,1,8.1818,0.0,0.21,8.18
SO-2026-0000112,250,PROD_001746,4,4,1.6529,0.0,0.21,6.61
SO-2026-0000112,260,PROD_000813,2,2,1.3636,0.0,0.21,2.73
SO-2026-0000112,270,PROD_002259,1,1,1.281,0.0,0.21,1.28
SO-2026-0000112,280,PROD_001696,1,1,2.0826,0.0,0.21,2.08
SO-2026-0000112,290,PROD_001979,1,1,6.5702,0.0,0.21,6.57
SO-2026-0000112,300,PROD_001433,1,1,3.2645,0.0,0.21,3.26
SO-2026-0000112,310,PROD_000143,1,1,1.4463,0.0,0.21,1.45
SO-2026-0000112,320,PROD_002895,1,1,1.3719,0.0,0.21,1.37
SO-2026-0000112,330,PROD_000769,1,1,1.2397,0.0,0.21,1.24
SO-2026-0000113,10,PROD_000263,3,3,1.7355,0.0,0.21,5.21
SO-2026-0000113,20,PROD_001222,1,1,2.6116,0.0,0.21,2.61
SO-2026-0000113,30,PROD_002901,1,1,1.5702,0.0,0.21,1.57
SO-2026-0000113,40,PROD_001889,5,5,1.4876,0.0,0.21,7.44
SO-2026-0000114,10,PROD_002351,2,2,2.1488,0.0,0.21,4.3
SO-2026-0000114,20,PROD_000490,3,3,1.1157,0.0,0.21,3.35
SO-2026-0000114,30,PROD_002529,9,9,0.8678,0.0,0.21,7.81
SO-2026-0000114,40,PROD_001256,1,1,21.2182,0.0,0.1,21.22
SO-2026-0000114,50,PROD_000343,4,4,1.0744,0.0,0.21,4.3
SO-2026-0000114,60,PROD_001225,1,1,2.4793,0.0,0.21,2.48
SO-2026-0000114,70,PROD_000534,1,1,1.0577,0.0,0.04,1.06
SO-2026-0000114,80,PROD_001351,1,1,2.1157,0.0,0.21,2.12
SO-2026-0000114,90,PROD_000468,3,3,0.9917,0.0,0.21,2.98
SO-2026-0000114,100,PROD_001292,1,1,8.3455,0.0,0.1,8.35
SO-2026-0000114,110,PROD_001483,4,4,3.2562,0.0,0.21,13.02
SO-2026-0000115,10,PROD_002290,3,1,1.2397,0.0,0.21,1.24
SO-2026-0000115,20,PROD_000871,2,1,1.6116,0.0,0.21,1.61
SO-2026-0000115,30,PROD_001876,2,2,0.9752,0.0,0.21,1.95
SO-2026-0000115,40,PROD_000258,2,2,1.1818,0.0,0.21,2.36
SO-2026-0000115,50,PROD_001548,2,2,2.6442,0.0,0.04,5.29
SO-2026-0000115,60,PROD_002331,2,2,3.7025,0.0,0.21,7.41
SO-2026-0000115,70,PROD_002408,2,2,2.1901,0.0,0.21,4.38
SO-2026-0000115,80,PROD_000797,1,1,1.5868,0.0,0.21,1.59
SO-2026-0000115,90,PROD_001308,2,2,1.9008,0.0,0.21,3.8
SO-2026-0000115,100,PROD_002965,2,2,3.2231,0.0,0.21,6.45
SO-2026-0000116,10,PROD_003113,6,6,2.2727,0.0,0.21,13.64
SO-2026-0000117,10,PROD_002446,1,1,1.9008,0.0,0.21,1.9
SO-2026-0000117,20,PROD_002994,2,2,1.6529,0.0,0.21,3.31
SO-2026-0000117,30,PROD_001332,1,1,2.5865,0.0,0.04,2.59
SO-2026-0000117,40,PROD_001544,1,1,1.3636,0.0,0.21,1.36
SO-2026-0000117,50,PROD_002557,4,4,0.9917,0.0,0.21,3.97
SO-2026-0000117,60,PROD_001466,5,5,4.9587,0.0,0.21,24.79
SO-2026-0000117,70,PROD_002044,1,1,0.6731,0.0,0.04,0.67
SO-2026-0000117,80,PROD_000104,2,2,2.3967,0.0,0.21,4.79
SO-2026-0000117,90,PROD_000862,2,2,0.6612,0.0,0.21,1.32
SO-2026-0000117,100,PROD_001658,2,2,2.1488,0.0,0.21,4.3
SO-2026-0000117,110,PROD_001429,4,4,8.6777,0.0,0.21,34.71
SO-2026-0000118,10,PROD_000681,1,1,0.9615,0.0,0.04,0.96
SO-2026-0000118,20,PROD_000424,1,1,16.3636,0.0,0.1,16.36
SO-2026-0000119,10,PROD_000810,5,5,1.4231,0.0,0.04,7.12
SO-2026-0000119,20,PROD_000679,2,2,1.5289,0.0,0.21,3.06
SO-2026-0000119,30,PROD_000640,4,4,1.8182,0.0,0.21,7.27
SO-2026-0000119,40,PROD_001528,4,4,5.8678,0.0,0.21,23.47
SO-2026-0000120,10,PROD_001785,1,1,2.5868,0.0,0.21,2.59
SO-2026-0000120,20,PROD_001488,2,2,9.0909,0.0,0.21,18.18
SO-2026-0000120,30,PROD_002169,1,1,1.4876,0.0,0.21,1.49
SO-2026-0000120,40,PROD_001882,3,3,2.0192,0.0,0.04,6.06
SO-2026-0000120,50,PROD_000428,1,1,2.6694,0.0,0.21,2.67
SO-2026-0000120,60,PROD_002129,2,2,3.2645,0.0,0.21,6.53
SO-2026-0000120,70,PROD_002331,1,1,3.7025,0.0,0.21,3.7
SO-2026-0000120,80,PROD_001528,3,3,5.8678,0.0,0.21,17.6
SO-2026-0000120,90,PROD_003616,1,1,4.6694,0.0,0.21,4.67
SO-2026-0000120,100,PROD_000271,1,1,1.875,0.0,0.04,1.88
SO-2026-0000120,110,PROD_000106,1,1,6.5289,0.0,0.21,6.53
SO-2026-0000120,120,PROD_001535,2,2,1.8843,0.0,0.21,3.77
SO-2026-0000120,130,PROD_002050,1,1,3.9669,0.0,0.21,3.97
SO-2026-0000120,140,PROD_000886,2,2,1.4876,0.0,0.21,2.98
SO-2026-0000120,150,PROD_001348,3,3,1.1157,0.0,0.21,3.35
SO-2026-0000120,160,PROD_003069,2,2,1.3636,0.0,0.21,2.73
SO-2026-0000120,170,PROD_000871,5,5,1.6116,0.0,0.21,8.06
SO-2026-0000120,180,PROD_002301,1,1,0.7025,0.0,0.21,0.7
SO-2026-0000120,190,PROD_000237,1,1,1.6529,0.0,0.21,1.65
SO-2026-0000120,200,PROD_002361,3,3,0.7438,0.0,0.21,2.23
SO-2026-0000120,210,PROD_003725,4,4,1.4298,0.0,0.21,5.72
SO-2026-0000120,220,PROD_002020,2,2,4.9587,0.0,0.21,9.92
SO-2026-0000121,10,PROD_002366,1,1,5.3719,0.0,0.21,5.37
SO-2026-0000121,20,PROD_000317,1,1,1.1653,0.0,0.21,1.17
SO-2026-0000121,30,PROD_001806,3,3,1.3223,0.0,0.21,3.97
SO-2026-0000121,40,PROD_002628,2,2,3.3058,0.0,0.21,6.61
SO-2026-0000121,50,PROD_003450,6,6,1.5289,0.0,0.21,9.17
SO-2026-0000121,60,PROD_003216,1,1,1.5702,0.0,0.21,1.57
SO-2026-0000122,10,PROD_002120,2,2,3.7686,0.0,0.21,7.54
SO-2026-0000122,20,PROD_002629,1,1,0.7438,0.0,0.21,0.74
SO-2026-0000122,30,PROD_002639,2,2,1.9835,0.0,0.21,3.97
SO-2026-0000122,40,PROD_000897,4,4,0.6612,0.0,0.21,2.64
SO-2026-0000122,50,PROD_002688,2,2,9.7107,0.0,0.21,19.42
SO-2026-0000123,10,PROD_001876,2,2,0.9752,0.0,0.21,1.95
SO-2026-0000123,20,PROD_002462,1,1,0.8264,0.0,0.21,0.83
SO-2026-0000123,30,PROD_000215,2,2,2.4793,0.0,0.21,4.96
SO-2026-0000123,40,PROD_000663,1,1,2.7273,0.0,0.1,2.73
SO-2026-0000123,50,PROD_000531,1,1,1.9835,0.0,0.21,1.98
SO-2026-0000123,60,PROD_002054,1,1,1.2562,0.0,0.21,1.26
SO-2026-0000123,70,PROD_000241,1,1,1.1818,0.0,0.21,1.18
SO-2026-0000123,80,PROD_003106,1,1,3.3058,0.0,0.21,3.31
SO-2026-0000123,90,PROD_002961,2,2,1.2397,0.0,0.21,2.48
SO-2026-0000123,100,PROD_000727,3,3,3.2231,0.0,0.21,9.67
SO-2026-0000123,110,PROD_000759,2,2,2.8926,0.0,0.21,5.79
SO-2026-0000123,120,PROD_000802,2,2,4.0826,0.0,0.21,8.17
SO-2026-0000124,10,PROD_000634,2,1,1.281,0.0,0.21,1.28
SO-2026-0000124,20,PROD_002190,2,2,1.157,0.0,0.21,2.31
SO-2026-0000124,30,PROD_000268,2,2,1.405,0.0,0.21,2.81
SO-2026-0000124,40,PROD_000168,1,1,1.9008,0.0,0.21,1.9
SO-2026-0000124,50,PROD_001167,4,4,1.3636,0.0,0.21,5.45
SO-2026-0000124,60,PROD_001768,1,1,2.7438,0.0,0.21,2.74
SO-2026-0000124,70,PROD_001593,6,6,0.8264,0.0,0.21,4.96
SO-2026-0000124,80,PROD_002259,1,1,1.281,0.0,0.21,1.28
SO-2026-0000124,90,PROD_000959,2,1,3.1322,0.0,0.21,3.13
SO-2026-0000124,100,PROD_001600,1,1,1.0577,0.0,0.04,1.06
SO-2026-0000124,110,PROD_003286,4,4,0.9504,0.0,0.21,3.8
SO-2026-0000125,10,PROD_002226,4,4,1.7885,0.0,0.04,7.15
SO-2026-0000125,20,PROD_003338,1,1,1.4463,0.0,0.21,1.45
SO-2026-0000125,30,PROD_002293,1,1,0.8264,0.0,0.21,0.83
SO-2026-0000125,40,PROD_003248,3,3,2.0661,0.0,0.21,6.2
SO-2026-0000125,50,PROD_001064,2,2,2.7273,0.0,0.21,5.45
SO-2026-0000125,60,PROD_000409,2,2,2.2314,0.0,0.21,4.46
SO-2026-0000125,70,PROD_001941,3,3,3.124,0.0,0.21,9.37
SO-2026-0000126,10,PROD_000354,1,1,1.4876,0.0,0.21,1.49
SO-2026-0000126,20,PROD_002259,1,1,1.281,0.0,0.21,1.28
SO-2026-0000126,30,PROD_000033,1,1,3.7603,0.0,0.21,3.76
SO-2026-0000126,40,PROD_003481,1,1,0.9421,0.0,0.21,0.94
SO-2026-0000126,50,PROD_000488,1,1,4.8182,0.0,0.21,4.82
SO-2026-0000126,60,PROD_003603,2,2,4.9587,0.0,0.21,9.92
SO-2026-0000126,70,PROD_000535,1,1,2.3967,0.0,0.21,2.4
SO-2026-0000126,80,PROD_002012,4,4,1.1983,0.0,0.21,4.79
SO-2026-0000126,90,PROD_003103,3,3,1.5702,0.0,0.21,4.71
SO-2026-0000126,100,PROD_000433,3,3,1.1983,0.0,0.21,3.59
SO-2026-0000126,110,PROD_000340,2,2,1.5702,0.0,0.21,3.14
SO-2026-0000126,120,PROD_002977,3,2,2.0661,0.0,0.21,4.13
SO-2026-0000126,130,PROD_002422,1,1,4.6529,0.0,0.21,4.65
SO-2026-0000126,140,PROD_001910,2,2,0.7851,0.0,0.21,1.57
SO-2026-0000126,150,PROD_002467,2,2,5.3884,0.0,0.21,10.78
SO-2026-0000126,160,PROD_000088,2,2,1.281,0.0,0.21,2.56
SO-2026-0000126,170,PROD_000375,1,1,0.8678,0.0,0.21,0.87
SO-2026-0000126,180,PROD_003251,2,2,0.9504,0.0,0.21,1.9
SO-2026-0000126,190,PROD_003330,4,2,1.5289,0.0,0.21,3.06
SO-2026-0000126,200,PROD_002905,5,2,3.3884,0.0,0.21,6.78
SO-2026-0000126,210,PROD_003295,2,2,1.0331,0.0,0.21,2.07
SO-2026-0000126,220,PROD_003477,3,3,1.1074,0.0,0.21,3.32
SO-2026-0000126,230,PROD_000343,5,5,1.0744,0.0,0.21,5.37
SO-2026-0000126,240,PROD_001644,4,1,0.7273,0.0,0.21,0.73
SO-2026-0000126,250,PROD_003451,3,3,1.281,0.0,0.21,3.84
SO-2026-0000126,260,PROD_000559,1,1,1.2562,0.0,0.21,1.26
SO-2026-0000126,270,PROD_000519,1,1,2.0661,0.0,0.21,2.07
SO-2026-0000126,280,PROD_000412,1,1,4.7521,0.0,0.21,4.75
SO-2026-0000126,290,PROD_001914,1,1,2.2314,0.0,0.21,2.23
SO-2026-0000126,300,PROD_000966,5,4,3.0579,0.0,0.21,12.23
SO-2026-0000126,310,PROD_000708,5,5,0.8264,0.0,0.21,4.13
SO-2026-0000126,320,PROD_000619,3,3,6.3554,0.0,0.21,19.07
SO-2026-0000127,10,PROD_003682,1,1,1.1157,0.0,0.21,1.12
SO-2026-0000127,20,PROD_000401,1,1,0.9091,0.0,0.21,0.91
SO-2026-0000127,30,PROD_002630,2,2,2.3967,0.0,0.21,4.79
SO-2026-0000127,40,PROD_003169,2,2,2.5207,0.0,0.21,5.04
SO-2026-0000127,50,PROD_001402,1,1,2.5207,0.0,0.21,2.52
SO-2026-0000127,60,PROD_001757,3,3,2.3967,0.0,0.21,7.19
SO-2026-0000128,10,PROD_001949,3,3,5.0,0.0,0.1,15.0
SO-2026-0000129,10,PROD_000863,1,1,1.7727,0.0,0.1,1.77
SO-2026-0000129,20,PROD_002111,1,1,2.3554,0.0,0.21,2.36
SO-2026-0000129,30,PROD_002959,1,1,2.0661,0.0,0.21,2.07
SO-2026-0000129,40,PROD_000677,1,1,2.2562,0.0,0.21,2.26
SO-2026-0000129,50,PROD_000903,2,2,0.6612,0.0,0.21,1.32
SO-2026-0000129,60,PROD_002507,1,1,8.6364,0.0,0.21,8.64
SO-2026-0000129,70,PROD_000610,2,2,3.876,0.0,0.21,7.75
SO-2026-0000129,80,PROD_001818,1,1,11.405,0.0,0.21,11.4
SO-2026-0000129,90,PROD_001814,1,1,2.4876,0.0,0.21,2.49
SO-2026-0000129,100,PROD_000624,1,1,1.5702,0.0,0.21,1.57
SO-2026-0000129,110,PROD_003130,1,1,3.3058,0.0,0.21,3.31
SO-2026-0000129,120,PROD_001300,2,2,1.0331,0.0,0.21,2.07
SO-2026-0000129,130,PROD_001077,1,1,0.7438,0.0,0.21,0.74
SO-2026-0000129,140,PROD_000500,6,3,0.9917,0.0,0.21,2.98
SO-2026-0000129,150,PROD_001465,2,2,1.8182,0.0,0.21,3.64
SO-2026-0000129,160,PROD_000286,4,4,1.0744,0.0,0.21,4.3
SO-2026-0000129,170,PROD_003417,2,2,1.1157,0.0,0.21,2.23
SO-2026-0000129,180,PROD_001978,1,1,1.0962,0.0,0.04,1.1
SO-2026-0000129,190,PROD_002940,1,1,1.6529,0.0,0.21,1.65
SO-2026-0000130,10,PROD_002105,2,2,2.314,0.0,0.21,4.63
SO-2026-0000130,20,PROD_002209,4,4,0.7851,0.0,0.21,3.14
SO-2026-0000130,30,PROD_001552,2,2,1.4628,0.0,0.21,2.93
SO-2026-0000130,40,PROD_001914,1,1,2.2314,0.0,0.21,2.23
SO-2026-0000130,50,PROD_000486,1,1,4.0496,0.0,0.21,4.05
SO-2026-0000130,60,PROD_001122,4,2,0.9917,0.0,0.21,1.98
SO-2026-0000130,70,PROD_001896,1,1,1.9091,0.0,0.21,1.91
SO-2026-0000130,80,PROD_003342,1,1,5.1653,0.0,0.21,5.17
SO-2026-0000130,90,PROD_003457,5,3,4.876,0.0,0.21,14.63
SO-2026-0000130,100,PROD_001612,1,1,1.3462,0.0,0.04,1.35
SO-2026-0000130,110,PROD_000797,1,1,1.5868,0.0,0.21,1.59
SO-2026-0000130,120,PROD_001977,1,1,6.6612,0.0,0.21,6.66
SO-2026-0000131,10,PROD_003045,1,1,2.4793,0.0,0.21,2.48
SO-2026-0000131,20,PROD_002723,1,1,3.2231,0.0,0.21,3.22
SO-2026-0000131,30,PROD_002120,5,5,3.7686,0.0,0.21,18.84
SO-2026-0000131,40,PROD_000272,4,4,1.5702,0.0,0.21,6.28
SO-2026-0000131,50,PROD_001681,5,5,0.7934,0.0,0.21,3.97
SO-2026-0000131,60,PROD_003264,1,1,4.7107,0.0,0.21,4.71
SO-2026-0000131,70,PROD_001567,1,1,2.1901,0.0,0.21,2.19
SO-2026-0000131,80,PROD_001984,2,2,2.3554,0.0,0.21,4.71
SO-2026-0000131,90,PROD_002551,1,1,6.1983,0.0,0.21,6.2
SO-2026-0000131,100,PROD_002913,2,2,4.3802,0.0,0.21,8.76
SO-2026-0000131,110,PROD_002347,1,1,1.9835,0.0,0.21,1.98
SO-2026-0000131,120,PROD_003388,2,2,1.4876,0.0,0.21,2.98
SO-2026-0000131,130,PROD_000954,3,3,1.8818,0.0,0.1,5.65
SO-2026-0000131,140,PROD_003095,1,1,4.0083,0.0,0.21,4.01
SO-2026-0000131,150,PROD_001791,1,1,1.9008,0.0,0.21,1.9
SO-2026-0000131,160,PROD_002420,3,1,1.9835,0.0,0.21,1.98
SO-2026-0000131,170,PROD_001150,1,1,2.1488,0.0,0.21,2.15
SO-2026-0000131,180,PROD_000189,1,1,2.1901,0.0,0.21,2.19
SO-2026-0000131,190,PROD_002998,1,1,0.8347,0.0,0.21,0.83
SO-2026-0000131,200,PROD_002166,1,1,1.6116,0.0,0.21,1.61
SO-2026-0000131,210,PROD_001942,1,1,3.0331,0.0,0.21,3.03
SO-2026-0000131,220,PROD_002309,1,1,2.2727,0.0,0.21,2.27
SO-2026-0000131,230,PROD_002288,2,2,2.5289,0.0,0.21,5.06
SO-2026-0000131,240,PROD_000422,2,2,1.4876,0.0,0.21,2.98
SO-2026-0000131,250,PROD_001234,2,2,5.4545,0.0,0.21,10.91
SO-2026-0000131,260,PROD_000612,5,3,0.6446,0.0,0.21,1.93
SO-2026-0000131,270,PROD_000414,7,6,7.2893,0.0,0.21,43.74
SO-2026-0000132,10,PROD_000504,3,3,3.1736,0.0,0.21,9.52
SO-2026-0000132,20,PROD_001354,1,1,1.0096,0.0,0.04,1.01
SO-2026-0000132,30,PROD_002176,3,3,2.8099,0.0,0.21,8.43
SO-2026-0000132,40,PROD_000428,2,2,2.6694,0.0,0.21,5.34
SO-2026-0000133,10,PROD_003597,1,1,6.8595,0.0,0.21,6.86
SO-2026-0000133,20,PROD_000494,2,2,4.4959,0.0,0.21,8.99
SO-2026-0000133,30,PROD_001100,1,1,1.6529,0.0,0.21,1.65
SO-2026-0000133,40,PROD_003712,1,1,2.8099,0.0,0.21,2.81
SO-2026-0000133,50,PROD_001350,1,1,8.0769,0.0,0.04,8.08
SO-2026-0000133,60,PROD_002506,4,4,8.8347,0.0,0.21,35.34
SO-2026-0000133,70,PROD_003275,1,1,0.7355,0.0,0.21,0.74
SO-2026-0000133,80,PROD_001109,4,4,2.1901,0.0,0.21,8.76
SO-2026-0000133,90,PROD_001340,1,1,7.405,0.0,0.21,7.41
SO-2026-0000133,100,PROD_000699,1,1,1.2397,0.0,0.21,1.24
SO-2026-0000133,110,PROD_001404,3,3,6.4463,0.0,0.21,19.34
SO-2026-0000133,120,PROD_001333,1,1,1.7355,0.0,0.21,1.74
SO-2026-0000133,130,PROD_002380,1,1,0.3058,0.0,0.21,0.31
SO-2026-0000133,140,PROD_003419,3,3,1.7355,0.0,0.21,5.21
SO-2026-0000133,150,PROD_001595,5,5,5.2479,0.0,0.21,26.24
SO-2026-0000133,160,PROD_003207,4,4,2.0661,0.0,0.21,8.26
SO-2026-0000133,170,PROD_001986,1,1,2.6364,0.0,0.21,2.64
SO-2026-0000133,180,PROD_000426,2,2,0.9917,0.0,0.21,1.98
SO-2026-0000133,190,PROD_002453,1,1,4.4628,0.0,0.21,4.46
SO-2026-0000133,200,PROD_000520,3,3,3.4628,0.0,0.21,10.39
SO-2026-0000133,210,PROD_002175,7,7,1.4545,0.0,0.21,10.18
SO-2026-0000133,220,PROD_003092,4,4,2.0661,0.0,0.21,8.26
SO-2026-0000133,230,PROD_003090,1,1,3.2231,0.0,0.21,3.22
SO-2026-0000133,240,PROD_001070,2,2,0.8173,0.0,0.04,1.63
SO-2026-0000133,250,PROD_000812,2,2,1.5289,0.0,0.21,3.06
SO-2026-0000133,260,PROD_003141,3,3,1.9835,0.0,0.21,5.95
SO-2026-0000133,270,PROD_003579,1,1,5.5455,0.0,0.21,5.55
SO-2026-0000133,280,PROD_001528,3,3,5.8678,0.0,0.21,17.6
SO-2026-0000134,10,PROD_001973,2,2,0.7025,0.0,0.21,1.41
SO-2026-0000134,20,PROD_000933,1,1,2.8099,0.0,0.21,2.81
SO-2026-0000134,30,PROD_000615,1,1,2.2314,0.0,0.21,2.23
SO-2026-0000134,40,PROD_002278,1,1,1.4463,0.0,0.21,1.45
SO-2026-0000134,50,PROD_000647,4,4,4.0496,0.0,0.21,16.2
SO-2026-0000135,10,PROD_000396,3,3,0.7025,0.0,0.21,2.11
SO-2026-0000135,20,PROD_000097,3,3,1.2397,0.0,0.21,3.72
SO-2026-0000135,30,PROD_000442,2,2,2.1405,0.0,0.21,4.28
SO-2026-0000135,40,PROD_003223,2,2,2.8926,0.0,0.21,5.79
SO-2026-0000135,50,PROD_001027,1,1,0.8264,0.0,0.21,0.83
SO-2026-0000135,60,PROD_002359,1,1,3.2645,0.0,0.21,3.26
SO-2026-0000135,70,PROD_000284,2,2,1.0744,0.0,0.21,2.15
SO-2026-0000135,80,PROD_000881,1,1,1.281,0.0,0.21,1.28
SO-2026-0000135,90,PROD_001769,1,1,0.8512,0.0,0.21,0.85
SO-2026-0000135,100,PROD_002616,3,3,1.5702,0.0,0.21,4.71
SO-2026-0000135,110,PROD_001620,3,3,1.2893,0.0,0.21,3.87
SO-2026-0000135,120,PROD_001475,2,2,1.3223,0.0,0.21,2.64
SO-2026-0000135,130,PROD_001440,3,3,1.1157,0.0,0.21,3.35
SO-2026-0000135,140,PROD_001331,2,2,2.8512,0.0,0.21,5.7
SO-2026-0000136,10,PROD_000651,3,3,6.6818,0.0,0.1,20.05
SO-2026-0000136,20,PROD_000006,1,1,2.0661,0.0,0.21,2.07
SO-2026-0000136,30,PROD_003321,2,2,0.7851,0.0,0.21,1.57
SO-2026-0000136,40,PROD_002830,2,2,1.0744,0.0,0.21,2.15
SO-2026-0000136,50,PROD_003283,2,2,1.6116,0.0,0.21,3.22
SO-2026-0000136,60,PROD_001084,1,1,2.3471,0.0,0.21,2.35
SO-2026-0000136,70,PROD_002935,3,3,5.7355,0.0,0.21,17.21
SO-2026-0000136,80,PROD_001168,2,2,1.6529,0.0,0.21,3.31
SO-2026-0000136,90,PROD_003584,1,1,8.9669,0.0,0.21,8.97
SO-2026-0000136,100,PROD_002310,3,3,5.4132,0.0,0.21,16.24
SO-2026-0000136,110,PROD_000139,2,2,4.0992,0.0,0.21,8.2
SO-2026-0000136,120,PROD_000271,6,2,1.875,0.0,0.04,3.75
SO-2026-0000136,130,PROD_000689,3,2,2.7686,0.0,0.21,5.54
SO-2026-0000136,140,PROD_002285,3,3,1.7273,0.0,0.21,5.18
SO-2026-0000136,150,PROD_002688,1,1,9.7107,0.0,0.21,9.71
SO-2026-0000136,160,PROD_001388,5,4,4.2149,0.0,0.21,16.86
SO-2026-0000137,10,PROD_002350,1,1,5.4132,0.0,0.21,5.41
SO-2026-0000137,20,PROD_000362,3,3,1.3223,0.0,0.21,3.97
SO-2026-0000138,10,PROD_002271,3,3,5.3636,0.0,0.1,16.09
SO-2026-0000138,20,PROD_000302,1,1,1.4876,0.0,0.21,1.49
SO-2026-0000138,30,PROD_001118,1,1,0.9835,0.0,0.21,0.98
SO-2026-0000138,40,PROD_002432,1,1,8.9174,0.0,0.21,8.92
SO-2026-0000139,10,PROD_001295,1,1,5.3719,0.0,0.21,5.37
SO-2026-0000139,20,PROD_000481,1,1,5.2893,0.0,0.21,5.29
SO-2026-0000139,30,PROD_000694,1,1,1.4463,0.0,0.21,1.45
SO-2026-0000139,40,PROD_000327,3,3,0.7025,0.0,0.21,2.11
SO-2026-0000139,50,PROD_003535,2,2,2.438,0.0,0.21,4.88
SO-2026-0000139,60,PROD_001310,1,1,1.0962,0.0,0.04,1.1
SO-2026-0000139,70,PROD_003624,1,1,3.5124,0.0,0.21,3.51
SO-2026-0000139,80,PROD_003333,1,1,1.6529,0.0,0.21,1.65
SO-2026-0000139,90,PROD_002349,2,2,1.5702,0.0,0.21,3.14
SO-2026-0000139,100,PROD_001210,2,2,3.1818,0.0,0.21,6.36
SO-2026-0000140,10,PROD_000579,1,1,2.686,0.0,0.21,2.69
SO-2026-0000140,20,PROD_001222,2,2,2.6116,0.0,0.21,5.22
SO-2026-0000140,30,PROD_000797,1,1,1.5868,0.0,0.21,1.59
SO-2026-0000140,40,PROD_000599,1,1,2.3077,0.0,0.04,2.31
SO-2026-0000140,50,PROD_001896,2,2,1.9091,0.0,0.21,3.82
SO-2026-0000140,60,PROD_001536,1,1,1.9008,0.0,0.21,1.9
SO-2026-0000140,70,PROD_003518,5,5,1.7355,0.0,0.21,8.68
SO-2026-0000141,10,PROD_001117,1,1,2.1074,0.0,0.21,2.11
SO-2026-0000141,20,PROD_000565,6,6,2.314,0.0,0.21,13.88
SO-2026-0000142,10,PROD_003496,3,3,1.3388,0.0,0.21,4.02
SO-2026-0000142,20,PROD_000453,4,4,3.4711,0.0,0.21,13.88
SO-2026-0000142,30,PROD_002271,1,1,5.3636,0.0,0.1,5.36
SO-2026-0000142,40,PROD_002456,2,2,2.6033,0.0,0.21,5.21
SO-2026-0000142,50,PROD_002803,1,1,0.9091,0.0,0.21,0.91
SO-2026-0000142,60,PROD_001417,2,2,1.9504,0.0,0.21,3.9
SO-2026-0000142,70,PROD_003724,2,2,1.3967,0.0,0.21,2.79
SO-2026-0000142,80,PROD_003600,4,4,7.7273,0.0,0.21,30.91
SO-2026-0000143,10,PROD_002046,1,1,7.6446,0.0,0.21,7.64
SO-2026-0000143,20,PROD_001324,6,6,0.7025,0.0,0.21,4.21
SO-2026-0000143,30,PROD_003528,1,1,2.9339,0.0,0.21,2.93
SO-2026-0000143,40,PROD_001846,2,2,4.3388,0.0,0.21,8.68
SO-2026-0000143,50,PROD_001875,1,1,2.8926,0.0,0.21,2.89
SO-2026-0000143,60,PROD_002594,2,2,0.3802,0.0,0.21,0.76
SO-2026-0000143,70,PROD_000484,1,1,2.6777,0.0,0.21,2.68
SO-2026-0000143,80,PROD_000465,2,2,14.9256,0.0,0.21,29.85
SO-2026-0000143,90,PROD_003619,1,1,16.0331,0.0,0.21,16.03
SO-2026-0000144,10,PROD_003533,2,2,4.0909,0.0,0.21,8.18
SO-2026-0000144,20,PROD_000157,2,2,0.7025,0.0,0.21,1.41
SO-2026-0000144,30,PROD_003468,2,2,0.7025,0.0,0.21,1.41
SO-2026-0000144,40,PROD_000130,2,2,2.686,0.0,0.21,5.37
SO-2026-0000144,50,PROD_000408,1,1,1.1157,0.0,0.21,1.12
SO-2026-0000144,60,PROD_000396,2,2,0.7025,0.0,0.21,1.41
SO-2026-0000144,70,PROD_003189,1,1,2.2562,0.0,0.21,2.26
SO-2026-0000144,80,PROD_000539,1,1,2.5124,0.0,0.21,2.51
SO-2026-0000144,90,PROD_001488,1,1,9.0909,0.0,0.21,9.09
SO-2026-0000144,100,PROD_001048,1,1,1.1157,0.0,0.21,1.12
SO-2026-0000144,110,PROD_003725,1,1,1.4298,0.0,0.21,1.43
SO-2026-0000144,120,PROD_000967,3,3,1.7355,0.0,0.21,5.21
SO-2026-0000144,130,PROD_002011,2,2,1.6529,0.0,0.21,3.31
SO-2026-0000145,10,PROD_002138,1,1,1.7521,0.0,0.21,1.75
SO-2026-0000145,20,PROD_003273,3,3,3.3058,0.0,0.21,9.92
SO-2026-0000145,30,PROD_000441,3,3,6.5702,0.0,0.21,19.71
SO-2026-0000145,40,PROD_000247,1,1,2.0661,0.0,0.21,2.07
SO-2026-0000145,50,PROD_002238,2,2,1.281,0.0,0.21,2.56
SO-2026-0000145,60,PROD_000124,2,2,0.8173,0.0,0.04,1.63
SO-2026-0000145,70,PROD_001658,1,1,2.1488,0.0,0.21,2.15
SO-2026-0000145,80,PROD_002445,3,3,9.0455,0.0,0.1,27.14
SO-2026-0000146,10,PROD_000269,1,1,2.3554,0.0,0.21,2.36
SO-2026-0000146,20,PROD_000099,2,2,2.6446,0.0,0.21,5.29
SO-2026-0000146,30,PROD_000153,2,2,1.4959,0.0,0.21,2.99
SO-2026-0000146,40,PROD_001978,3,3,1.0962,0.0,0.04,3.29
SO-2026-0000146,50,PROD_001041,3,1,1.157,0.0,0.21,1.16
SO-2026-0000146,60,PROD_000747,1,1,3.2231,0.0,0.21,3.22
SO-2026-0000146,70,PROD_002254,1,1,1.6529,0.0,0.21,1.65
SO-2026-0000146,80,PROD_000754,5,5,2.2562,0.0,0.21,11.28
SO-2026-0000146,90,PROD_001528,1,1,5.8678,0.0,0.21,5.87
SO-2026-0000146,100,PROD_001626,1,1,2.0962,0.0,0.04,2.1
SO-2026-0000146,110,PROD_002301,1,1,0.7025,0.0,0.21,0.7
SO-2026-0000146,120,PROD_003650,3,1,1.5702,0.0,0.21,1.57
SO-2026-0000146,130,PROD_001709,1,1,4.6281,0.0,0.21,4.63
SO-2026-0000146,140,PROD_000482,3,1,11.405,0.0,0.21,11.4
SO-2026-0000146,150,PROD_000651,1,1,6.6818,0.0,0.1,6.68
SO-2026-0000146,160,PROD_000856,1,1,1.9135,0.0,0.04,1.91
SO-2026-0000146,170,PROD_003701,2,2,0.9504,0.0,0.21,1.9
SO-2026-0000146,180,PROD_002865,1,1,1.314,0.0,0.21,1.31
SO-2026-0000146,190,PROD_002827,1,1,3.2231,0.0,0.21,3.22
SO-2026-0000146,200,PROD_000251,1,1,1.9231,0.0,0.04,1.92
SO-2026-0000146,210,PROD_001768,1,1,2.7438,0.0,0.21,2.74
SO-2026-0000146,220,PROD_002312,1,1,0.7025,0.0,0.21,0.7
SO-2026-0000146,230,PROD_003719,1,1,1.2727,0.0,0.21,1.27
SO-2026-0000146,240,PROD_001340,3,3,7.405,0.0,0.21,22.21
SO-2026-0000147,10,PROD_000669,1,1,2.6446,0.0,0.21,2.64
SO-2026-0000147,20,PROD_001157,5,5,1.1488,0.0,0.21,5.74
SO-2026-0000147,30,PROD_003522,2,2,0.6198,0.0,0.21,1.24
SO-2026-0000147,40,PROD_001791,1,1,1.9008,0.0,0.21,1.9
SO-2026-0000147,50,PROD_001386,1,1,3.8017,0.0,0.21,3.8
SO-2026-0000147,60,PROD_001698,1,1,3.2231,0.0,0.21,3.22
SO-2026-0000147,70,PROD_001413,1,1,3.0826,0.0,0.21,3.08
SO-2026-0000147,80,PROD_001875,2,2,2.8926,0.0,0.21,5.79
SO-2026-0000147,90,PROD_002387,4,4,0.843,0.0,0.21,3.37
SO-2026-0000147,100,PROD_000096,1,1,1.8182,0.0,0.21,1.82
SO-2026-0000147,110,PROD_002129,4,1,3.2645,0.0,0.21,3.26
SO-2026-0000147,120,PROD_000036,2,2,1.314,0.0,0.21,2.63
SO-2026-0000147,130,PROD_001476,1,1,1.2397,0.0,0.21,1.24
SO-2026-0000147,140,PROD_003527,1,1,2.405,0.0,0.21,2.4
SO-2026-0000147,150,PROD_002270,1,1,0.8678,0.0,0.21,0.87
SO-2026-0000147,160,PROD_003373,5,5,1.8182,0.0,0.21,9.09
SO-2026-0000147,170,PROD_001141,2,2,2.314,0.0,0.21,4.63
SO-2026-0000147,180,PROD_002081,2,2,4.0413,0.0,0.21,8.08
SO-2026-0000147,190,PROD_001607,2,2,0.8173,0.0,0.04,1.63
SO-2026-0000147,200,PROD_000392,1,1,1.1538,0.0,0.04,1.15
SO-2026-0000147,210,PROD_002687,3,3,3.2231,0.0,0.21,9.67
SO-2026-0000147,220,PROD_000188,4,4,2.3554,0.0,0.21,9.42
SO-2026-0000147,230,PROD_000480,6,4,3.0165,0.0,0.21,12.07
SO-2026-0000148,10,PROD_000638,5,5,1.3306,0.0,0.21,6.65
SO-2026-0000148,20,PROD_003015,1,1,1.0744,0.0,0.21,1.07
SO-2026-0000148,30,PROD_000723,1,1,3.2231,0.0,0.21,3.22
SO-2026-0000148,40,PROD_000847,3,3,0.8678,0.0,0.21,2.6
SO-2026-0000148,50,PROD_000249,1,1,0.6281,0.0,0.21,0.63
SO-2026-0000148,60,PROD_000875,2,2,1.2893,0.0,0.21,2.58
SO-2026-0000148,70,PROD_000919,2,1,2.8099,0.0,0.21,2.81
SO-2026-0000148,80,PROD_002015,1,1,1.3636,0.0,0.21,1.36
SO-2026-0000148,90,PROD_002564,3,3,1.3223,0.0,0.21,3.97
SO-2026-0000148,100,PROD_000705,1,1,2.1488,0.0,0.21,2.15
SO-2026-0000148,110,PROD_003016,2,2,0.6198,0.0,0.21,1.24
SO-2026-0000149,10,PROD_001593,2,2,0.8264,0.0,0.21,1.65
SO-2026-0000149,20,PROD_001020,3,3,0.9091,0.0,0.21,2.73
SO-2026-0000149,30,PROD_002289,2,2,0.6198,0.0,0.21,1.24
SO-2026-0000149,40,PROD_002350,1,1,5.4132,0.0,0.21,5.41
SO-2026-0000149,50,PROD_003712,1,1,2.8099,0.0,0.21,2.81
SO-2026-0000149,60,PROD_000517,5,5,3.1983,0.0,0.21,15.99
SO-2026-0000150,10,PROD_003151,1,1,3.2231,0.0,0.21,3.22
SO-2026-0000150,20,PROD_000093,1,1,2.1488,0.0,0.21,2.15
SO-2026-0000150,30,PROD_001311,1,1,3.0455,0.0,0.1,3.05
SO-2026-0000150,40,PROD_001259,2,2,0.2727,0.0,0.21,0.55
SO-2026-0000150,50,PROD_003500,2,2,3.6198,0.0,0.21,7.24
SO-2026-0000150,60,PROD_000084,2,2,1.1983,0.0,0.21,2.4
SO-2026-0000150,70,PROD_002040,4,4,1.9835,0.0,0.21,7.93
SO-2026-0000150,80,PROD_003420,2,2,0.6198,0.0,0.21,1.24
SO-2026-0000150,90,PROD_002357,1,1,4.0496,0.0,0.21,4.05
SO-2026-0000150,100,PROD_002609,1,1,1.0744,0.0,0.21,1.07
SO-2026-0000150,110,PROD_001483,3,3,3.2562,0.0,0.21,9.77
SO-2026-0000150,120,PROD_000600,1,1,1.3223,0.0,0.21,1.32
SO-2026-0000150,130,PROD_003567,2,2,2.8926,0.0,0.21,5.79
SO-2026-0000150,140,PROD_003185,1,1,3.2231,0.0,0.21,3.22
SO-2026-0000150,150,PROD_000913,1,1,3.1322,0.0,0.21,3.13
SO-2026-0000151,10,PROD_003689,1,1,2.8926,0.0,0.21,2.89
SO-2026-0000151,20,PROD_000649,2,2,3.6198,0.0,0.21,7.24
SO-2026-0000151,30,PROD_000480,6,6,3.0165,0.0,0.21,18.1
SO-2026-0000151,40,PROD_002933,1,1,8.8264,0.0,0.21,8.83
SO-2026-0000151,50,PROD_002119,1,1,4.9174,0.0,0.21,4.92
SO-2026-0000151,60,PROD_003538,2,2,2.4711,0.0,0.21,4.94
SO-2026-0000151,70,PROD_000422,2,2,1.4876,0.0,0.21,2.98
SO-2026-0000151,80,PROD_002044,1,1,0.6731,0.0,0.04,0.67
SO-2026-0000151,90,PROD_000794,1,1,0.9504,0.0,0.21,0.95
SO-2026-0000151,100,PROD_000095,2,2,4.0496,0.0,0.21,8.1
SO-2026-0000151,110,PROD_002673,1,1,2.4793,0.0,0.21,2.48
SO-2026-0000151,120,PROD_002689,1,1,2.562,0.0,0.21,2.56
SO-2026-0000152,10,PROD_001940,2,2,0.7025,0.0,0.21,1.41
SO-2026-0000152,20,PROD_000681,5,5,0.9615,0.0,0.04,4.81
SO-2026-0000152,30,PROD_003419,3,3,1.7355,0.0,0.21,5.21
SO-2026-0000152,40,PROD_002085,3,3,0.6612,0.0,0.21,1.98
SO-2026-0000152,50,PROD_001513,1,1,6.0083,0.0,0.21,6.01
SO-2026-0000152,60,PROD_001928,1,1,0.4793,0.0,0.21,0.48
SO-2026-0000152,70,PROD_002716,1,1,3.719,0.0,0.21,3.72
SO-2026-0000152,80,PROD_001069,6,6,2.3967,0.0,0.21,14.38
SO-2026-0000152,90,PROD_002144,1,1,1.7355,0.0,0.21,1.74
SO-2026-0000152,100,PROD_002487,1,1,11.1405,0.0,0.21,11.14
SO-2026-0000153,10,PROD_001979,4,4,6.5702,0.0,0.21,26.28
SO-2026-0000154,10,PROD_003423,4,4,2.1488,0.0,0.21,8.6
SO-2026-0000154,20,PROD_003493,1,1,2.6612,0.0,0.21,2.66
SO-2026-0000154,30,PROD_003582,2,2,4.7521,0.0,0.21,9.5
SO-2026-0000154,40,PROD_001909,2,2,6.3182,0.0,0.1,12.64
SO-2026-0000154,50,PROD_001138,1,1,2.2066,0.0,0.21,2.21
SO-2026-0000154,60,PROD_001916,4,4,1.3462,0.0,0.04,5.38
SO-2026-0000154,70,PROD_001939,3,3,4.7686,0.0,0.21,14.31
SO-2026-0000154,80,PROD_000677,1,1,2.2562,0.0,0.21,2.26
SO-2026-0000154,90,PROD_002571,1,1,21.2182,0.0,0.1,21.22
SO-2026-0000154,100,PROD_002818,1,1,1.8595,0.0,0.21,1.86
SO-2026-0000154,110,PROD_003176,2,2,3.2231,0.0,0.21,6.45
SO-2026-0000154,120,PROD_000550,6,6,3.2645,0.0,0.21,19.59
SO-2026-0000154,130,PROD_002008,2,2,2.8926,0.0,0.21,5.79
SO-2026-0000154,140,PROD_002404,1,1,2.1901,0.0,0.21,2.19
SO-2026-0000154,150,PROD_001093,1,1,1.3223,0.0,0.21,1.32
SO-2026-0000154,160,PROD_001207,4,4,2.3182,0.0,0.1,9.27
SO-2026-0000154,170,PROD_003214,1,1,0.7438,0.0,0.21,0.74
SO-2026-0000154,180,PROD_003111,1,1,1.5289,0.0,0.21,1.53
SO-2026-0000154,190,PROD_003007,1,1,1.1983,0.0,0.21,1.2
SO-2026-0000154,200,PROD_001942,3,3,3.0331,0.0,0.21,9.1
SO-2026-0000154,210,PROD_001667,1,1,1.3462,0.0,0.04,1.35
SO-2026-0000154,220,PROD_002621,1,1,4.8264,0.0,0.21,4.83
SO-2026-0000154,230,PROD_003371,4,4,1.5289,0.0,0.21,6.12
SO-2026-0000154,240,PROD_000670,1,1,0.9091,0.0,0.21,0.91
SO-2026-0000154,250,PROD_001034,1,1,1.375,0.0,0.04,1.38
SO-2026-0000154,260,PROD_000412,1,1,4.7521,0.0,0.21,4.75
SO-2026-0000154,270,PROD_001929,1,1,3.6942,0.0,0.21,3.69
SO-2026-0000154,280,PROD_002337,2,2,0.9135,0.0,0.04,1.83
SO-2026-0000155,10,PROD_003364,1,1,0.7438,0.0,0.21,0.74
SO-2026-0000155,20,PROD_001827,2,2,2.2479,0.0,0.21,4.5
SO-2026-0000155,30,PROD_001727,1,1,1.3636,0.0,0.21,1.36
SO-2026-0000155,40,PROD_001951,1,1,2.5702,0.0,0.21,2.57
SO-2026-0000155,50,PROD_000366,2,2,1.281,0.0,0.21,2.56
SO-2026-0000155,60,PROD_003668,1,1,2.6442,0.0,0.04,2.64
SO-2026-0000155,70,PROD_003496,3,3,1.3388,0.0,0.21,4.02
SO-2026-0000155,80,PROD_001517,3,3,9.3818,0.0,0.1,28.15
SO-2026-0000156,10,PROD_001866,2,2,1.3223,0.0,0.21,2.64
SO-2026-0000156,20,PROD_001540,1,1,0.7438,0.0,0.21,0.74
SO-2026-0000156,30,PROD_001427,2,2,5.8595,0.0,0.21,11.72
SO-2026-0000156,40,PROD_001979,1,1,6.5702,0.0,0.21,6.57
SO-2026-0000156,50,PROD_000412,2,2,4.7521,0.0,0.21,9.5
SO-2026-0000156,60,PROD_001765,1,1,0.7025,0.0,0.21,0.7
SO-2026-0000156,70,PROD_003150,3,3,1.562,0.0,0.21,4.69
SO-2026-0000156,80,PROD_003032,2,2,2.314,0.0,0.21,4.63
SO-2026-0000156,90,PROD_000270,2,2,1.2397,0.0,0.21,2.48
SO-2026-0000156,100,PROD_003577,3,3,5.5455,0.0,0.21,16.64
SO-2026-0000156,110,PROD_003525,3,3,1.5289,0.0,0.21,4.59
SO-2026-0000156,120,PROD_002033,4,4,1.2596,0.0,0.04,5.04
SO-2026-0000156,130,PROD_002656,3,3,1.157,0.0,0.21,3.47
SO-2026-0000156,140,PROD_000501,1,1,2.1488,0.0,0.21,2.15
SO-2026-0000156,150,PROD_001467,1,1,1.7788,0.0,0.04,1.78
SO-2026-0000156,160,PROD_000543,2,2,6.0083,0.0,0.21,12.02
SO-2026-0000156,170,PROD_003176,4,4,3.2231,0.0,0.21,12.89
SO-2026-0000156,180,PROD_000483,2,2,1.5385,0.0,0.04,3.08
SO-2026-0000156,190,PROD_000945,5,5,1.1983,0.0,0.21,5.99
SO-2026-0000156,200,PROD_003657,2,2,1.6346,0.0,0.04,3.27
SO-2026-0000156,210,PROD_003649,4,4,1.3636,0.0,0.21,5.45
SO-2026-0000156,220,PROD_001969,4,4,2.719,0.0,0.21,10.88
SO-2026-0000156,230,PROD_000032,1,1,5.6612,0.0,0.21,5.66
SO-2026-0000156,240,PROD_000064,1,1,1.0744,0.0,0.21,1.07
SO-2026-0000156,250,PROD_001364,1,1,2.2314,0.0,0.21,2.23
SO-2026-0000156,260,PROD_001983,1,1,1.8595,0.0,0.21,1.86
SO-2026-0000156,270,PROD_001925,3,3,2.4793,0.0,0.21,7.44
SO-2026-0000156,280,PROD_000203,3,3,0.7438,0.0,0.21,2.23
SO-2026-0000156,290,PROD_003621,1,1,7.8512,0.0,0.21,7.85
SO-2026-0000156,300,PROD_000280,1,1,1.8512,0.0,0.21,1.85
SO-2026-0000156,310,PROD_003691,3,3,2.0661,0.0,0.21,6.2
SO-2026-0000156,320,PROD_001531,4,4,1.1983,0.0,0.21,4.79
SO-2026-0000156,330,PROD_003435,4,4,1.281,0.0,0.21,5.12
SO-2026-0000156,340,PROD_001527,1,1,2.4793,0.0,0.21,2.48
SO-2026-0000156,350,PROD_000244,2,2,0.8017,0.0,0.21,1.6
SO-2026-0000156,360,PROD_000391,1,1,0.9752,0.0,0.21,0.98
SO-2026-0000156,370,PROD_001918,5,5,1.9091,0.0,0.21,9.55
SO-2026-0000156,380,PROD_000799,1,1,3.4711,0.0,0.21,3.47
SO-2026-0000157,10,PROD_000798,4,4,1.0744,0.0,0.21,4.3
SO-2026-0000157,20,PROD_000190,1,1,1.7788,0.0,0.04,1.78
SO-2026-0000157,30,PROD_001427,3,3,5.8595,0.0,0.21,17.58
SO-2026-0000157,40,PROD_000316,1,1,5.1818,0.0,0.21,5.18
SO-2026-0000158,10,PROD_001220,2,2,1.8595,0.0,0.21,3.72
SO-2026-0000158,20,PROD_000516,1,1,4.3388,0.0,0.21,4.34
SO-2026-0000158,30,PROD_001661,1,1,2.5481,0.0,0.04,2.55
SO-2026-0000158,40,PROD_000811,1,1,3.2645,0.0,0.21,3.26
SO-2026-0000158,50,PROD_001462,2,2,2.6364,0.0,0.21,5.27
SO-2026-0000158,60,PROD_003180,2,2,2.8099,0.0,0.21,5.62
SO-2026-0000158,70,PROD_001194,3,3,0.7025,0.0,0.21,2.11
SO-2026-0000158,80,PROD_001796,1,1,2.1488,0.0,0.21,2.15
SO-2026-0000158,90,PROD_003626,2,2,10.9504,0.0,0.21,21.9
SO-2026-0000158,100,PROD_001986,1,1,2.6364,0.0,0.21,2.64
SO-2026-0000159,10,PROD_001017,2,2,3.2231,0.0,0.21,6.45
SO-2026-0000159,20,PROD_001286,1,1,2.4711,0.0,0.21,2.47
SO-2026-0000159,30,PROD_002017,1,1,1.1157,0.0,0.21,1.12
SO-2026-0000159,40,PROD_002305,1,1,0.8264,0.0,0.21,0.83
SO-2026-0000159,50,PROD_002512,2,2,1.6529,0.0,0.21,3.31
SO-2026-0000159,60,PROD_002543,3,3,1.9835,0.0,0.21,5.95
SO-2026-0000160,10,PROD_002202,2,2,3.8017,0.0,0.21,7.6
SO-2026-0000160,20,PROD_000404,1,1,0.8264,0.0,0.21,0.83
SO-2026-0000160,30,PROD_002333,1,1,0.9504,0.0,0.21,0.95
SO-2026-0000160,40,PROD_000669,1,1,2.6446,0.0,0.21,2.64
SO-2026-0000160,50,PROD_000392,2,2,1.1538,0.0,0.04,2.31
SO-2026-0000160,60,PROD_001295,5,4,5.3719,0.0,0.21,21.49
SO-2026-0000160,70,PROD_003128,2,2,3.2231,0.0,0.21,6.45
SO-2026-0000160,80,PROD_003050,1,1,1.9835,0.0,0.21,1.98
SO-2026-0000160,90,PROD_002889,2,2,0.9091,0.0,0.21,1.82
SO-2026-0000160,100,PROD_001830,2,1,2.8926,0.0,0.21,2.89
SO-2026-0000161,10,PROD_002905,1,1,3.3884,0.0,0.21,3.39
SO-2026-0000161,20,PROD_000950,3,3,1.7769,0.0,0.21,5.33
SO-2026-0000161,30,PROD_002437,1,1,1.405,0.0,0.21,1.41
SO-2026-0000161,40,PROD_000457,1,1,5.9504,0.0,0.21,5.95
SO-2026-0000161,50,PROD_001141,1,1,2.314,0.0,0.21,2.31
SO-2026-0000161,60,PROD_002081,1,1,4.0413,0.0,0.21,4.04
SO-2026-0000161,70,PROD_001886,2,2,16.6777,0.0,0.21,33.36
SO-2026-0000162,10,PROD_003046,2,2,1.5702,0.0,0.21,3.14
SO-2026-0000162,20,PROD_001888,3,3,7.9091,0.0,0.21,23.73
SO-2026-0000162,30,PROD_003305,2,2,1.0331,0.0,0.21,2.07
SO-2026-0000162,40,PROD_000251,1,1,1.9231,0.0,0.04,1.92
SO-2026-0000162,50,PROD_002385,2,2,3.0083,0.0,0.21,6.02
SO-2026-0000162,60,PROD_000099,2,2,2.6446,0.0,0.21,5.29
SO-2026-0000162,70,PROD_000095,1,1,4.0496,0.0,0.21,4.05
SO-2026-0000162,80,PROD_002158,1,1,3.0577,0.0,0.04,3.06
SO-2026-0000162,90,PROD_002977,1,1,2.0661,0.0,0.21,2.07
SO-2026-0000162,100,PROD_003515,3,3,1.0331,0.0,0.21,3.1
SO-2026-0000163,10,PROD_001934,3,3,3.2645,0.0,0.21,9.79
SO-2026-0000163,20,PROD_002139,3,3,0.2893,0.0,0.21,0.87
SO-2026-0000163,30,PROD_002194,1,1,1.1154,0.0,0.04,1.12
SO-2026-0000163,40,PROD_001454,1,1,1.0,0.0,0.21,1.0
SO-2026-0000163,50,PROD_000262,3,3,0.6446,0.0,0.21,1.93
SO-2026-0000163,60,PROD_002481,1,1,3.2231,0.0,0.21,3.22
SO-2026-0000164,10,PROD_000415,1,1,0.8264,0.0,0.21,0.83
SO-2026-0000164,20,PROD_003612,4,4,1.4463,0.0,0.21,5.79
SO-2026-0000164,30,PROD_002889,1,1,0.9091,0.0,0.21,0.91
SO-2026-0000164,40,PROD_001137,1,1,1.281,0.0,0.21,1.28
SO-2026-0000164,50,PROD_000507,2,2,2.1157,0.0,0.21,4.23
SO-2026-0000164,60,PROD_000478,2,2,11.3388,0.0,0.21,22.68
SO-2026-0000164,70,PROD_000661,3,3,2.4876,0.0,0.21,7.46
SO-2026-0000164,80,PROD_000624,1,1,1.5702,0.0,0.21,1.57
SO-2026-0000164,90,PROD_003445,1,1,0.9421,0.0,0.21,0.94
SO-2026-0000164,100,PROD_002540,1,1,1.2019,0.0,0.04,1.2
SO-2026-0000164,110,PROD_003702,3,3,0.8678,0.0,0.21,2.6
SO-2026-0000164,120,PROD_003342,2,2,5.1653,0.0,0.21,10.33
SO-2026-0000165,10,PROD_000631,3,2,3.6198,0.0,0.21,7.24
SO-2026-0000165,20,PROD_001621,1,1,1.8595,0.0,0.21,1.86
SO-2026-0000165,30,PROD_000280,2,2,1.8512,0.0,0.21,3.7
SO-2026-0000165,40,PROD_003169,1,1,2.5207,0.0,0.21,2.52
SO-2026-0000165,50,PROD_000064,3,3,1.0744,0.0,0.21,3.22
SO-2026-0000165,60,PROD_003670,2,2,2.4793,0.0,0.21,4.96
SO-2026-0000165,70,PROD_000485,1,1,13.157,0.0,0.21,13.16
SO-2026-0000165,80,PROD_001369,4,3,0.7025,0.0,0.21,2.11
SO-2026-0000165,90,PROD_001333,1,1,1.7355,0.0,0.21,1.74
SO-2026-0000165,100,PROD_000534,1,1,1.0577,0.0,0.04,1.06
SO-2026-0000165,110,PROD_002872,2,2,1.2397,0.0,0.21,2.48
SO-2026-0000165,120,PROD_002362,2,2,3.2645,0.0,0.21,6.53
SO-2026-0000165,130,PROD_002475,2,2,2.4793,0.0,0.21,4.96
SO-2026-0000165,140,PROD_001528,1,1,5.8678,0.0,0.21,5.87
SO-2026-0000165,150,PROD_001687,4,4,1.2893,0.0,0.21,5.16
SO-2026-0000166,10,PROD_001703,2,2,3.2645,0.0,0.21,6.53
SO-2026-0000166,20,PROD_002716,1,1,3.719,0.0,0.21,3.72
SO-2026-0000166,30,PROD_002090,2,1,4.6529,0.0,0.21,4.65
SO-2026-0000166,40,PROD_003041,1,1,1.8182,0.0,0.21,1.82
SO-2026-0000166,50,PROD_000779,3,2,1.2893,0.0,0.21,2.58
SO-2026-0000166,60,PROD_000459,3,3,2.3967,0.0,0.21,7.19
SO-2026-0000167,10,PROD_001443,3,3,3.3058,0.0,0.21,9.92
SO-2026-0000167,20,PROD_002913,1,1,4.3802,0.0,0.21,4.38
SO-2026-0000167,30,PROD_001730,1,1,6.1983,0.0,0.21,6.2
SO-2026-0000167,40,PROD_000685,2,2,0.5372,0.0,0.21,1.07
SO-2026-0000167,50,PROD_001690,1,1,1.0331,0.0,0.21,1.03
SO-2026-0000167,60,PROD_001554,2,2,0.8264,0.0,0.21,1.65
SO-2026-0000167,70,PROD_000408,1,1,1.1157,0.0,0.21,1.12
SO-2026-0000167,80,PROD_002572,1,1,1.2893,0.0,0.21,1.29
SO-2026-0000167,90,PROD_002670,1,1,1.6116,0.0,0.21,1.61
SO-2026-0000168,10,PROD_002936,1,1,3.3058,0.0,0.21,3.31
SO-2026-0000168,20,PROD_003392,3,3,1.4463,0.0,0.21,4.34
SO-2026-0000168,30,PROD_002915,2,2,2.0661,0.0,0.21,4.13
SO-2026-0000168,40,PROD_000698,1,1,2.2727,0.0,0.21,2.27
SO-2026-0000168,50,PROD_000868,1,1,0.6281,0.0,0.21,0.63
SO-2026-0000168,60,PROD_000625,2,2,1.6116,0.0,0.21,3.22
SO-2026-0000168,70,PROD_001292,2,2,8.3455,0.0,0.1,16.69
SO-2026-0000169,10,PROD_000325,1,1,5.5455,0.0,0.21,5.55
SO-2026-0000169,20,PROD_003574,2,2,10.281,0.0,0.21,20.56
SO-2026-0000169,30,PROD_003277,1,1,16.5372,0.0,0.21,16.54
SO-2026-0000169,40,PROD_000677,3,2,2.2562,0.0,0.21,4.51
SO-2026-0000169,50,PROD_001389,1,1,5.6033,0.0,0.21,5.6
SO-2026-0000169,60,PROD_002542,2,2,1.438,0.0,0.21,2.88
SO-2026-0000169,70,PROD_002936,2,2,3.3058,0.0,0.21,6.61
SO-2026-0000169,80,PROD_001519,2,2,7.0661,0.0,0.21,14.13
SO-2026-0000170,10,PROD_001742,2,2,2.9669,0.0,0.21,5.93
SO-2026-0000170,20,PROD_000383,3,3,2.438,0.0,0.21,7.31
SO-2026-0000170,30,PROD_000212,2,2,2.2727,0.0,0.21,4.55
SO-2026-0000170,40,PROD_000142,2,2,1.6529,0.0,0.21,3.31
SO-2026-0000170,50,PROD_002686,1,1,1.6529,0.0,0.21,1.65
SO-2026-0000170,60,PROD_000596,1,1,2.3967,0.0,0.21,2.4
SO-2026-0000170,70,PROD_000013,1,1,2.0661,0.0,0.21,2.07
SO-2026-0000170,80,PROD_000476,3,3,0.3846,0.0,0.04,1.15
SO-2026-0000170,90,PROD_002462,3,3,0.8264,0.0,0.21,2.48
SO-2026-0000170,100,PROD_001286,1,1,2.4711,0.0,0.21,2.47
SO-2026-0000170,110,PROD_000526,3,3,0.4959,0.0,0.21,1.49
SO-2026-0000170,120,PROD_000052,1,1,0.6198,0.0,0.21,0.62
SO-2026-0000170,130,PROD_000366,1,1,1.281,0.0,0.21,1.28
SO-2026-0000170,140,PROD_000220,3,3,0.9917,0.0,0.21,2.98
SO-2026-0000170,150,PROD_001779,1,1,5.4876,0.0,0.21,5.49
SO-2026-0000170,160,PROD_000376,1,1,6.6116,0.0,0.21,6.61
SO-2026-0000171,10,PROD_001946,3,3,0.2645,0.0,0.21,0.79
SO-2026-0000171,20,PROD_001161,2,2,0.2975,0.0,0.21,0.59
SO-2026-0000171,30,PROD_001609,2,2,2.4876,0.0,0.21,4.98
SO-2026-0000171,40,PROD_001987,1,1,1.4423,0.0,0.04,1.44
SO-2026-0000171,50,PROD_001692,3,3,2.3967,0.0,0.21,7.19
SO-2026-0000171,60,PROD_002033,2,2,1.2596,0.0,0.04,2.52
SO-2026-0000171,70,PROD_000424,1,1,16.3636,0.0,0.1,16.36
SO-2026-0000172,10,PROD_002905,1,1,3.3884,0.0,0.21,3.39
SO-2026-0000172,20,PROD_003406,4,4,1.2397,0.0,0.21,4.96
SO-2026-0000172,30,PROD_001018,1,1,1.8926,0.0,0.21,1.89
SO-2026-0000172,40,PROD_000093,4,4,2.1488,0.0,0.21,8.6
SO-2026-0000172,50,PROD_002003,4,4,1.9421,0.0,0.21,7.77
SO-2026-0000172,60,PROD_001191,1,1,0.7025,0.0,0.21,0.7
SO-2026-0000172,70,PROD_001684,2,2,0.8678,0.0,0.21,1.74
SO-2026-0000172,80,PROD_000549,2,2,2.1488,0.0,0.21,4.3
SO-2026-0000172,90,PROD_001716,3,3,4.0496,0.0,0.21,12.15
SO-2026-0000173,10,PROD_001128,5,3,1.5289,0.0,0.21,4.59
SO-2026-0000173,20,PROD_001916,1,1,1.3462,0.0,0.04,1.35
SO-2026-0000173,30,PROD_001773,2,2,2.1901,0.0,0.21,4.38
SO-2026-0000173,40,PROD_001546,1,1,3.1818,0.0,0.21,3.18
SO-2026-0000173,50,PROD_001540,1,1,0.7438,0.0,0.21,0.74
SO-2026-0000173,60,PROD_000317,1,1,1.1653,0.0,0.21,1.17
SO-2026-0000173,70,PROD_001978,4,4,1.0962,0.0,0.04,4.38
SO-2026-0000173,80,PROD_001516,3,3,2.8926,0.0,0.21,8.68
SO-2026-0000173,90,PROD_003459,1,1,2.0661,0.0,0.21,2.07
SO-2026-0000173,100,PROD_000170,3,3,2.1488,0.0,0.21,6.45
SO-2026-0000173,110,PROD_002304,4,4,0.9504,0.0,0.21,3.8
SO-2026-0000173,120,PROD_000321,1,1,5.3719,0.0,0.21,5.37
SO-2026-0000173,130,PROD_000684,3,3,1.6446,0.0,0.21,4.93
SO-2026-0000173,140,PROD_000057,2,2,14.4298,0.0,0.21,28.86
SO-2026-0000174,10,PROD_001803,4,4,2.7273,0.0,0.21,10.91
SO-2026-0000174,20,PROD_001284,1,1,1.0661,0.0,0.21,1.07
SO-2026-0000174,30,PROD_003567,1,1,2.8926,0.0,0.21,2.89
SO-2026-0000174,40,PROD_003489,3,3,1.3223,0.0,0.21,3.97
SO-2026-0000174,50,PROD_001960,2,2,2.2893,0.0,0.21,4.58
SO-2026-0000174,60,PROD_000079,3,3,2.0661,0.0,0.21,6.2
SO-2026-0000174,70,PROD_001126,1,1,0.7025,0.0,0.21,0.7
SO-2026-0000174,80,PROD_001025,2,2,2.3967,0.0,0.21,4.79
SO-2026-0000174,90,PROD_000580,2,2,0.9091,0.0,0.21,1.82
SO-2026-0000174,100,PROD_002360,3,3,0.8264,0.0,0.21,2.48
SO-2026-0000174,110,PROD_000053,1,1,1.6529,0.0,0.21,1.65
SO-2026-0000174,120,PROD_002087,6,6,2.1488,0.0,0.21,12.89
SO-2026-0000174,130,PROD_000634,1,1,1.281,0.0,0.21,1.28
SO-2026-0000175,10,PROD_002350,1,1,5.4132,0.0,0.21,5.41
SO-2026-0000175,20,PROD_002743,2,2,1.0744,0.0,0.21,2.15
SO-2026-0000175,30,PROD_000122,2,2,3.6281,0.0,0.21,7.26
SO-2026-0000175,40,PROD_000392,1,1,1.1538,0.0,0.04,1.15
SO-2026-0000176,10,PROD_002755,1,1,2.0661,0.0,0.21,2.07
SO-2026-0000176,20,PROD_000625,3,3,1.6116,0.0,0.21,4.83
SO-2026-0000176,30,PROD_000206,1,1,12.2727,0.0,0.21,12.27
SO-2026-0000176,40,PROD_002775,3,3,2.5207,0.0,0.21,7.56
SO-2026-0000176,50,PROD_001114,2,2,2.3471,0.0,0.21,4.69
SO-2026-0000176,60,PROD_000736,2,2,1.2397,0.0,0.21,2.48
SO-2026-0000176,70,PROD_000453,2,2,3.4711,0.0,0.21,6.94
SO-2026-0000176,80,PROD_002824,4,4,0.7438,0.0,0.21,2.98
SO-2026-0000176,90,PROD_002385,1,1,3.0083,0.0,0.21,3.01
SO-2026-0000176,100,PROD_001052,1,1,2.5207,0.0,0.21,2.52
SO-2026-0000176,110,PROD_001154,4,4,0.9504,0.0,0.21,3.8
SO-2026-0000176,120,PROD_000628,1,1,2.6612,0.0,0.21,2.66
SO-2026-0000176,130,PROD_000865,6,6,1.9231,0.0,0.04,11.54
SO-2026-0000176,140,PROD_000518,6,6,17.0826,0.0,0.21,102.5
SO-2026-0000177,10,PROD_000171,1,1,8.1364,0.0,0.1,8.14
SO-2026-0000177,20,PROD_000320,2,2,1.9835,0.0,0.21,3.97
SO-2026-0000177,30,PROD_000247,1,1,2.0661,0.0,0.21,2.07
SO-2026-0000177,40,PROD_002659,1,1,3.3884,0.0,0.21,3.39
SO-2026-0000177,50,PROD_001982,2,2,1.0577,0.0,0.04,2.12
SO-2026-0000177,60,PROD_002400,1,1,1.0577,0.0,0.04,1.06
SO-2026-0000177,70,PROD_000255,5,3,0.5372,0.0,0.21,1.61
SO-2026-0000177,80,PROD_000409,2,2,2.2314,0.0,0.21,4.46
SO-2026-0000177,90,PROD_002408,9,7,2.1901,0.0,0.21,15.33
SO-2026-0000178,10,PROD_003681,1,1,1.3942,0.0,0.04,1.39
SO-2026-0000178,20,PROD_000327,3,3,0.7025,0.0,0.21,2.11
SO-2026-0000178,30,PROD_003404,3,3,3.9669,0.0,0.21,11.9
SO-2026-0000178,40,PROD_002507,1,1,8.6364,0.0,0.21,8.64
SO-2026-0000178,50,PROD_002508,5,5,7.8099,0.0,0.21,39.05
SO-2026-0000179,10,PROD_003457,3,3,4.876,0.0,0.21,14.63
SO-2026-0000179,20,PROD_003219,3,3,3.2231,0.0,0.21,9.67
SO-2026-0000179,30,PROD_001236,3,3,2.314,0.0,0.21,6.94
SO-2026-0000179,40,PROD_002903,1,1,1.0744,0.0,0.21,1.07
SO-2026-0000180,10,PROD_002272,2,2,2.686,0.0,0.21,5.37
SO-2026-0000180,20,PROD_003031,1,1,1.157,0.0,0.21,1.16
SO-2026-0000180,30,PROD_000328,1,1,1.281,0.0,0.21,1.28
SO-2026-0000180,40,PROD_002855,1,1,1.8595,0.0,0.21,1.86
SO-2026-0000180,50,PROD_002769,2,2,2.2562,0.0,0.21,4.51
SO-2026-0000180,60,PROD_002459,3,3,0.4132,0.0,0.21,1.24
SO-2026-0000180,70,PROD_001899,1,1,0.7025,0.0,0.21,0.7
SO-2026-0000180,80,PROD_000182,2,2,0.9917,0.0,0.21,1.98
SO-2026-0000180,90,PROD_000989,3,3,1.157,0.0,0.21,3.47
SO-2026-0000180,100,PROD_003724,1,1,1.3967,0.0,0.21,1.4
SO-2026-0000180,110,PROD_001379,3,3,0.2645,0.0,0.21,0.79
SO-2026-0000180,120,PROD_003393,8,8,1.3802,0.0,0.21,11.04
SO-2026-0000180,130,PROD_001485,3,3,1.6529,0.0,0.21,4.96
SO-2026-0000180,140,PROD_000140,1,1,2.438,0.0,0.21,2.44
SO-2026-0000181,10,PROD_003335,2,2,2.405,0.0,0.21,4.81
SO-2026-0000181,20,PROD_001098,2,2,1.0331,0.0,0.21,2.07
SO-2026-0000181,30,PROD_002406,1,1,1.6942,0.0,0.21,1.69
SO-2026-0000181,40,PROD_001707,1,1,2.7273,0.0,0.21,2.73
SO-2026-0000181,50,PROD_000395,2,2,1.2397,0.0,0.21,2.48
SO-2026-0000181,60,PROD_002317,1,1,5.8182,0.0,0.1,5.82
SO-2026-0000181,70,PROD_002049,1,1,2.3967,0.0,0.21,2.4
SO-2026-0000181,80,PROD_003049,1,1,3.3058,0.0,0.21,3.31
SO-2026-0000181,90,PROD_002357,3,3,4.0496,0.0,0.21,12.15
SO-2026-0000182,10,PROD_000932,2,2,2.0661,0.0,0.21,4.13
SO-2026-0000182,20,PROD_003502,2,2,1.5289,0.0,0.21,3.06
SO-2026-0000182,30,PROD_002599,1,1,4.3388,0.0,0.21,4.34
SO-2026-0000182,40,PROD_000714,1,1,2.7686,0.0,0.21,2.77
SO-2026-0000182,50,PROD_000104,1,1,2.3967,0.0,0.21,2.4
SO-2026-0000182,60,PROD_002427,1,1,5.9504,0.0,0.21,5.95
SO-2026-0000182,70,PROD_002686,1,1,1.6529,0.0,0.21,1.65
SO-2026-0000182,80,PROD_001146,2,2,1.5702,0.0,0.21,3.14
SO-2026-0000182,90,PROD_003292,2,2,1.6116,0.0,0.21,3.22
SO-2026-0000182,100,PROD_003025,1,1,0.8264,0.0,0.21,0.83
SO-2026-0000182,110,PROD_001303,5,5,1.5702,0.0,0.21,7.85
SO-2026-0000183,10,PROD_000517,4,4,3.1983,0.0,0.21,12.79
SO-2026-0000183,20,PROD_003112,1,1,3.1405,0.0,0.21,3.14
SO-2026-0000183,30,PROD_001975,2,2,0.6731,0.0,0.04,1.35
SO-2026-0000183,40,PROD_001516,6,6,2.8926,0.0,0.21,17.36
SO-2026-0000183,50,PROD_000726,1,1,3.2231,0.0,0.21,3.22
SO-2026-0000183,60,PROD_002954,1,1,3.2231,0.0,0.21,3.22
SO-2026-0000183,70,PROD_003088,5,5,5.7355,0.0,0.21,28.68
SO-2026-0000183,80,PROD_002991,1,1,10.2975,0.0,0.21,10.3
SO-2026-0000183,90,PROD_002566,1,1,1.0331,0.0,0.21,1.03
SO-2026-0000183,100,PROD_001540,1,1,0.7438,0.0,0.21,0.74
SO-2026-0000183,110,PROD_001861,1,1,2.8264,0.0,0.21,2.83
SO-2026-0000183,120,PROD_001994,1,1,1.4423,0.0,0.04,1.44
SO-2026-0000183,130,PROD_002933,1,1,8.8264,0.0,0.21,8.83
SO-2026-0000183,140,PROD_003621,3,3,7.8512,0.0,0.21,23.55
SO-2026-0000184,10,PROD_001127,1,1,0.8264,0.0,0.21,0.83
SO-2026-0000184,20,PROD_000999,1,1,0.5785,0.0,0.21,0.58
SO-2026-0000184,30,PROD_000880,1,1,0.6281,0.0,0.21,0.63
SO-2026-0000184,40,PROD_000851,3,3,0.9091,0.0,0.21,2.73
SO-2026-0000184,50,PROD_002524,4,4,1.438,0.0,0.21,5.75
SO-2026-0000184,60,PROD_000798,4,4,1.0744,0.0,0.21,4.3
SO-2026-0000184,70,PROD_003654,2,2,1.5481,0.0,0.04,3.1
SO-2026-0000184,80,PROD_000440,2,2,6.3636,0.0,0.21,12.73
SO-2026-0000185,10,PROD_001835,3,3,1.7769,0.0,0.21,5.33
SO-2026-0000185,20,PROD_000366,1,1,1.281,0.0,0.21,1.28
SO-2026-0000185,30,PROD_000304,1,1,2.314,0.0,0.21,2.31
SO-2026-0000185,40,PROD_000135,1,1,1.0165,0.0,0.21,1.02
SO-2026-0000185,50,PROD_000501,1,1,2.1488,0.0,0.21,2.15
SO-2026-0000185,60,PROD_001265,3,3,2.8512,0.0,0.21,8.55
SO-2026-0000186,10,PROD_001750,4,4,0.7025,0.0,0.21,2.81
SO-2026-0000186,20,PROD_001398,2,2,1.5041,0.0,0.21,3.01
SO-2026-0000186,30,PROD_001427,1,1,5.8595,0.0,0.21,5.86
SO-2026-0000187,10,PROD_000689,4,4,2.7686,0.0,0.21,11.07
SO-2026-0000187,20,PROD_000660,2,2,9.2885,0.0,0.04,18.58
SO-2026-0000187,30,PROD_002656,1,1,1.157,0.0,0.21,1.16
SO-2026-0000187,40,PROD_000412,1,1,4.7521,0.0,0.21,4.75
SO-2026-0000187,50,PROD_000014,2,2,1.405,0.0,0.21,2.81
SO-2026-0000187,60,PROD_002490,3,3,2.4628,0.0,0.21,7.39
SO-2026-0000187,70,PROD_001214,1,1,1.2788,0.0,0.04,1.28
SO-2026-0000187,80,PROD_002750,1,1,3.2231,0.0,0.21,3.22
SO-2026-0000187,90,PROD_000823,1,1,1.157,0.0,0.21,1.16
SO-2026-0000187,100,PROD_000092,1,1,2.9835,0.0,0.21,2.98
SO-2026-0000187,110,PROD_002730,1,1,0.8264,0.0,0.21,0.83
SO-2026-0000187,120,PROD_000394,1,1,1.5702,0.0,0.21,1.57
SO-2026-0000187,130,PROD_002812,2,2,3.0992,0.0,0.21,6.2
SO-2026-0000187,140,PROD_000652,2,2,2.562,0.0,0.21,5.12
SO-2026-0000187,150,PROD_001696,3,3,2.0826,0.0,0.21,6.25
SO-2026-0000188,10,PROD_000574,1,1,2.7686,0.0,0.21,2.77
SO-2026-0000188,20,PROD_002054,2,2,1.2562,0.0,0.21,2.51
SO-2026-0000188,30,PROD_002496,3,3,1.1157,0.0,0.21,3.35
SO-2026-0000188,40,PROD_000714,1,1,2.7686,0.0,0.21,2.77
SO-2026-0000188,50,PROD_002857,1,1,0.8264,0.0,0.21,0.83
SO-2026-0000188,60,PROD_003403,2,2,1.4876,0.0,0.21,2.98
SO-2026-0000188,70,PROD_003084,1,1,1.3223,0.0,0.21,1.32
SO-2026-0000188,80,PROD_000206,1,1,12.2727,0.0,0.21,12.27
SO-2026-0000188,90,PROD_003103,2,2,1.5702,0.0,0.21,3.14
SO-2026-0000188,100,PROD_002173,3,3,0.6612,0.0,0.21,1.98
SO-2026-0000188,110,PROD_001213,3,3,2.8512,0.0,0.21,8.55
SO-2026-0000188,120,PROD_001339,2,2,2.6942,0.0,0.21,5.39
SO-2026-0000188,130,PROD_002540,1,1,1.2019,0.0,0.04,1.2
SO-2026-0000188,140,PROD_000391,1,1,0.9752,0.0,0.21,0.98
SO-2026-0000188,150,PROD_003611,2,2,5.2066,0.0,0.21,10.41
SO-2026-0000189,10,PROD_003223,3,3,2.8926,0.0,0.21,8.68
SO-2026-0000189,20,PROD_000212,1,1,2.2727,0.0,0.21,2.27
SO-2026-0000189,30,PROD_001254,2,2,19.0083,0.0,0.21,38.02
SO-2026-0000190,10,PROD_003042,3,3,2.8926,0.0,0.21,8.68
SO-2026-0000190,20,PROD_002532,1,1,1.4615,0.0,0.04,1.46
SO-2026-0000190,30,PROD_001443,2,2,3.3058,0.0,0.21,6.61
SO-2026-0000190,40,PROD_001965,3,3,1.6942,0.0,0.21,5.08
SO-2026-0000190,50,PROD_001412,5,5,5.3306,0.0,0.21,26.65
SO-2026-0000190,60,PROD_003561,1,1,1.5289,0.0,0.21,1.53
SO-2026-0000190,70,PROD_000936,2,2,1.0744,0.0,0.21,2.15
SO-2026-0000190,80,PROD_003491,4,4,0.7355,0.0,0.21,2.94
SO-2026-0000190,90,PROD_000101,1,1,1.6612,0.0,0.21,1.66
SO-2026-0000190,100,PROD_002032,4,4,0.8173,0.0,0.04,3.27
SO-2026-0000190,110,PROD_000568,1,1,1.0096,0.0,0.04,1.01
SO-2026-0000190,120,PROD_003546,1,1,2.7273,0.0,0.21,2.73
SO-2026-0000190,130,PROD_000379,2,2,2.1074,0.0,0.21,4.21
SO-2026-0000191,10,PROD_000105,2,2,1.6942,0.0,0.21,3.39
SO-2026-0000191,20,PROD_003067,3,3,1.4876,0.0,0.21,4.46
SO-2026-0000191,30,PROD_002090,2,2,4.6529,0.0,0.21,9.31
SO-2026-0000191,40,PROD_003727,4,4,3.719,0.0,0.21,14.88
SO-2026-0000191,50,PROD_000268,2,2,1.405,0.0,0.21,2.81
SO-2026-0000191,60,PROD_002099,2,2,8.1818,0.0,0.21,16.36
SO-2026-0000192,10,PROD_000329,4,4,1.281,0.0,0.21,5.12
SO-2026-0000192,20,PROD_000352,1,1,2.1901,0.0,0.21,2.19
SO-2026-0000192,30,PROD_003090,1,1,3.2231,0.0,0.21,3.22
SO-2026-0000192,40,PROD_001408,4,4,2.1488,0.0,0.21,8.6
SO-2026-0000192,50,PROD_000379,2,2,2.1074,0.0,0.21,4.21
SO-2026-0000193,10,PROD_002420,1,1,1.9835,0.0,0.21,1.98
SO-2026-0000193,20,PROD_003045,3,3,2.4793,0.0,0.21,7.44
SO-2026-0000193,30,PROD_002575,1,1,2.6446,0.0,0.21,2.64
SO-2026-0000193,40,PROD_001302,1,1,1.7273,0.0,0.21,1.73
SO-2026-0000193,50,PROD_003249,2,2,3.2645,0.0,0.21,6.53
SO-2026-0000193,60,PROD_000516,2,2,4.3388,0.0,0.21,8.68
SO-2026-0000194,10,PROD_001875,5,5,2.8926,0.0,0.21,14.46
SO-2026-0000194,20,PROD_003392,2,2,1.4463,0.0,0.21,2.89
SO-2026-0000194,30,PROD_000622,4,4,0.6612,0.0,0.21,2.64
SO-2026-0000194,40,PROD_001869,2,2,4.3058,0.0,0.21,8.61
SO-2026-0000194,50,PROD_000972,2,2,1.5702,0.0,0.21,3.14
SO-2026-0000194,60,PROD_001010,1,1,1.405,0.0,0.21,1.41
SO-2026-0000194,70,PROD_002214,1,1,4.0496,0.0,0.21,4.05
SO-2026-0000194,80,PROD_003418,4,4,2.405,0.0,0.21,9.62
SO-2026-0000195,10,PROD_000559,2,2,1.2562,0.0,0.21,2.51
SO-2026-0000195,20,PROD_002215,1,1,1.3223,0.0,0.21,1.32
SO-2026-0000195,30,PROD_003257,3,3,13.9752,0.0,0.21,41.93
SO-2026-0000195,40,PROD_000206,1,1,12.2727,0.0,0.21,12.27
SO-2026-0000195,50,PROD_003562,2,2,1.0744,0.0,0.21,2.15
SO-2026-0000195,60,PROD_000305,1,1,2.1442,0.0,0.04,2.14
SO-2026-0000195,70,PROD_003264,1,1,4.7107,0.0,0.21,4.71
SO-2026-0000195,80,PROD_001941,1,1,3.124,0.0,0.21,3.12
SO-2026-0000195,90,PROD_003140,2,2,2.8926,0.0,0.21,5.79
SO-2026-0000196,10,PROD_001392,3,2,4.6529,0.0,0.21,9.31
SO-2026-0000196,20,PROD_002077,4,4,2.8926,0.0,0.21,11.57
SO-2026-0000196,30,PROD_000912,1,1,2.7438,0.0,0.21,2.74
SO-2026-0000196,40,PROD_000655,1,1,1.9091,0.0,0.21,1.91
SO-2026-0000196,50,PROD_003650,1,1,1.5702,0.0,0.21,1.57
SO-2026-0000196,60,PROD_001294,1,1,0.9917,0.0,0.21,0.99
SO-2026-0000196,70,PROD_002329,4,4,2.0826,0.0,0.21,8.33
SO-2026-0000196,80,PROD_000484,2,2,2.6777,0.0,0.21,5.36
SO-2026-0000197,10,PROD_002964,2,2,3.2231,0.0,0.21,6.45
SO-2026-0000197,20,PROD_001923,2,2,32.7818,0.0,0.1,65.56
SO-2026-0000198,10,PROD_001984,1,1,2.3554,0.0,0.21,2.36
SO-2026-0000198,20,PROD_001422,2,2,0.9917,0.0,0.21,1.98
SO-2026-0000198,30,PROD_001481,1,1,3.0992,0.0,0.21,3.1
SO-2026-0000198,40,PROD_000607,1,1,2.8926,0.0,0.21,2.89
SO-2026-0000198,50,PROD_000215,2,2,2.4793,0.0,0.21,4.96
SO-2026-0000198,60,PROD_000659,1,1,3.1405,0.0,0.21,3.14
SO-2026-0000198,70,PROD_001826,3,3,2.3554,0.0,0.21,7.07
SO-2026-0000199,10,PROD_000391,2,2,0.9752,0.0,0.21,1.95
SO-2026-0000199,20,PROD_000010,2,2,0.8264,0.0,0.21,1.65
SO-2026-0000199,30,PROD_000134,4,4,1.7769,0.0,0.21,7.11
SO-2026-0000199,40,PROD_000668,3,3,10.3306,0.0,0.21,30.99
SO-2026-0000199,50,PROD_000955,1,1,0.7025,0.0,0.21,0.7
SO-2026-0000199,60,PROD_000487,2,2,4.2975,0.0,0.21,8.6
SO-2026-0000199,70,PROD_003671,2,2,1.157,0.0,0.21,2.31
SO-2026-0000199,80,PROD_002117,7,7,1.405,0.0,0.21,9.84
SO-2026-0000200,10,PROD_001689,1,1,1.8099,0.0,0.21,1.81
SO-2026-0000200,20,PROD_000101,2,2,1.6612,0.0,0.21,3.32
SO-2026-0000200,30,PROD_000206,1,1,12.2727,0.0,0.21,12.27
SO-2026-0000200,40,PROD_000083,1,1,2.3554,0.0,0.21,2.36
SO-2026-0000200,50,PROD_000811,1,1,3.2645,0.0,0.21,3.26
SO-2026-0000200,60,PROD_001309,2,2,5.5785,0.0,0.21,11.16
SO-2026-0000200,70,PROD_001303,6,6,1.5702,0.0,0.21,9.42
SO-2026-0000200,80,PROD_002541,4,4,1.0744,0.0,0.21,4.3
SO-2026-0000200,90,PROD_001993,1,1,1.4423,0.0,0.04,1.44
SO-2026-0000200,100,PROD_002378,2,2,1.1157,0.0,0.21,2.23
SO-2026-0000200,110,PROD_002214,1,1,4.0496,0.0,0.21,4.05
SO-2026-0000200,120,PROD_001874,3,3,1.6116,0.0,0.21,4.83
SO-2026-0000200,130,PROD_002712,1,1,1.0744,0.0,0.21,1.07
SO-2026-0000200,140,PROD_000767,2,2,0.8264,0.0,0.21,1.65
SO-2026-0000201,10,PROD_002241,3,3,1.2645,0.0,0.21,3.79
SO-2026-0000201,20,PROD_003525,2,2,1.5289,0.0,0.21,3.06
SO-2026-0000201,30,PROD_001696,5,5,2.0826,0.0,0.21,10.41
SO-2026-0000201,40,PROD_000199,1,1,6.1901,0.0,0.21,6.19
SO-2026-0000201,50,PROD_000610,3,3,3.876,0.0,0.21,11.63
SO-2026-0000202,10,PROD_001236,2,2,2.314,0.0,0.21,4.63
SO-2026-0000202,20,PROD_002496,1,1,1.1157,0.0,0.21,1.12
SO-2026-0000202,30,PROD_002587,1,1,2.9752,0.0,0.21,2.98
SO-2026-0000202,40,PROD_003085,1,1,3.2231,0.0,0.21,3.22
SO-2026-0000202,50,PROD_003350,1,1,0.6198,0.0,0.21,0.62
SO-2026-0000202,60,PROD_000787,1,1,1.4463,0.0,0.21,1.45
SO-2026-0000202,70,PROD_001181,1,1,1.0744,0.0,0.21,1.07
SO-2026-0000202,80,PROD_001292,1,1,8.3455,0.0,0.1,8.35
SO-2026-0000202,90,PROD_000103,1,1,2.438,0.0,0.21,2.44
SO-2026-0000202,100,PROD_000474,1,1,1.2019,0.0,0.04,1.2
SO-2026-0000202,110,PROD_003287,5,5,2.8099,0.0,0.21,14.05
SO-2026-0000202,120,PROD_002105,2,2,2.314,0.0,0.21,4.63
SO-2026-0000202,130,PROD_002416,2,2,1.8558,0.0,0.04,3.71
SO-2026-0000202,140,PROD_003437,1,1,3.3058,0.0,0.21,3.31
SO-2026-0000202,150,PROD_002372,2,2,1.6529,0.0,0.21,3.31
SO-2026-0000202,160,PROD_000174,4,4,2.3884,0.0,0.21,9.55
SO-2026-0000202,170,PROD_003310,2,2,3.3058,0.0,0.21,6.61
SO-2026-0000202,180,PROD_000136,1,1,1.6033,0.0,0.21,1.6
SO-2026-0000202,190,PROD_000839,1,1,0.7769,0.0,0.21,0.78
SO-2026-0000202,200,PROD_002649,2,2,1.2397,0.0,0.21,2.48
SO-2026-0000202,210,PROD_001028,2,2,1.562,0.0,0.21,3.12
SO-2026-0000202,220,PROD_002188,1,1,5.3388,0.0,0.21,5.34
SO-2026-0000202,230,PROD_001084,3,3,2.3471,0.0,0.21,7.04
SO-2026-0000202,240,PROD_002190,2,2,1.157,0.0,0.21,2.31
SO-2026-0000202,250,PROD_002261,1,1,0.8678,0.0,0.21,0.87
SO-2026-0000202,260,PROD_003406,2,2,1.2397,0.0,0.21,2.48
SO-2026-0000202,270,PROD_002494,1,1,8.2066,0.0,0.21,8.21
SO-2026-0000202,280,PROD_001597,2,2,0.8264,0.0,0.21,1.65
SO-2026-0000202,290,PROD_001443,2,2,3.3058,0.0,0.21,6.61
SO-2026-0000202,300,PROD_003677,5,5,5.0579,0.0,0.21,25.29
SO-2026-0000202,310,PROD_002350,1,1,5.4132,0.0,0.21,5.41
SO-2026-0000203,10,PROD_000320,1,1,1.9835,0.0,0.21,1.98
SO-2026-0000203,20,PROD_002826,1,1,4.9587,0.0,0.21,4.96
SO-2026-0000203,30,PROD_001951,2,2,2.5702,0.0,0.21,5.14
SO-2026-0000203,40,PROD_001638,2,2,0.9504,0.0,0.21,1.9
SO-2026-0000203,50,PROD_002965,1,1,3.2231,0.0,0.21,3.22
SO-2026-0000203,60,PROD_003387,2,2,1.0661,0.0,0.21,2.13
SO-2026-0000203,70,PROD_002236,2,2,1.3223,0.0,0.21,2.64
SO-2026-0000203,80,PROD_001980,1,1,0.9917,0.0,0.21,0.99
SO-2026-0000203,90,PROD_002747,5,5,2.7686,0.0,0.21,13.84
SO-2026-0000203,100,PROD_000565,2,2,2.314,0.0,0.21,4.63
SO-2026-0000203,110,PROD_000701,1,1,1.405,0.0,0.21,1.41
SO-2026-0000203,120,PROD_000604,1,1,2.3967,0.0,0.21,2.4
SO-2026-0000203,130,PROD_001318,3,3,2.6033,0.0,0.21,7.81
SO-2026-0000204,10,PROD_000686,3,3,0.9504,0.0,0.21,2.85
SO-2026-0000204,20,PROD_001010,1,1,1.405,0.0,0.21,1.41
SO-2026-0000204,30,PROD_001926,3,3,5.6446,0.0,0.21,16.93
SO-2026-0000204,40,PROD_002191,3,3,1.4545,0.0,0.21,4.36
SO-2026-0000204,50,PROD_001497,1,1,2.6033,0.0,0.21,2.6
SO-2026-0000205,10,PROD_000248,3,3,0.6198,0.0,0.21,1.86
SO-2026-0000205,20,PROD_003486,2,2,1.6942,0.0,0.21,3.39
SO-2026-0000205,30,PROD_001436,4,4,1.9421,0.0,0.21,7.77
SO-2026-0000205,40,PROD_001138,3,3,2.2066,0.0,0.21,6.62
SO-2026-0000205,50,PROD_002568,4,3,1.281,0.0,0.21,3.84
SO-2026-0000205,60,PROD_001940,2,2,0.7025,0.0,0.21,1.41
SO-2026-0000205,70,PROD_000533,3,2,5.1322,0.0,0.21,10.26
SO-2026-0000205,80,PROD_002858,1,1,1.157,0.0,0.21,1.16
SO-2026-0000205,90,PROD_002039,1,1,3.6364,0.0,0.21,3.64
SO-2026-0000205,100,PROD_001557,3,3,0.2893,0.0,0.21,0.87
SO-2026-0000205,110,PROD_001761,4,4,2.3967,0.0,0.21,9.59
SO-2026-0000205,120,PROD_000089,2,2,0.7438,0.0,0.21,1.49
SO-2026-0000206,10,PROD_000874,4,4,7.438,0.0,0.21,29.75
SO-2026-0000206,20,PROD_000369,1,1,6.0744,0.0,0.21,6.07
SO-2026-0000206,30,PROD_003033,2,2,1.5702,0.0,0.21,3.14
SO-2026-0000206,40,PROD_001942,1,1,3.0331,0.0,0.21,3.03
SO-2026-0000206,50,PROD_002258,1,1,1.2562,0.0,0.21,1.26
SO-2026-0000206,60,PROD_002652,2,2,1.3223,0.0,0.21,2.64
SO-2026-0000206,70,PROD_003493,2,2,2.6612,0.0,0.21,5.32
SO-2026-0000206,80,PROD_003510,2,2,1.7769,0.0,0.21,3.55
SO-2026-0000206,90,PROD_001114,1,1,2.3471,0.0,0.21,2.35
SO-2026-0000206,100,PROD_000778,1,1,10.124,0.0,0.21,10.12
SO-2026-0000206,110,PROD_001350,1,1,8.0769,0.0,0.04,8.08
SO-2026-0000206,120,PROD_002329,3,3,2.0826,0.0,0.21,6.25
SO-2026-0000207,10,PROD_000913,2,2,3.1322,0.0,0.21,6.26
SO-2026-0000207,20,PROD_001896,1,1,1.9091,0.0,0.21,1.91
SO-2026-0000207,30,PROD_003531,5,5,6.9917,0.0,0.21,34.96
SO-2026-0000208,10,PROD_001033,4,4,3.1736,0.0,0.21,12.69
SO-2026-0000209,10,PROD_002212,1,1,4.0496,0.0,0.21,4.05
SO-2026-0000209,20,PROD_003128,2,2,3.2231,0.0,0.21,6.45
SO-2026-0000209,30,PROD_003491,1,1,0.7355,0.0,0.21,0.74
SO-2026-0000209,40,PROD_003510,3,3,1.7769,0.0,0.21,5.33
SO-2026-0000209,50,PROD_000205,1,1,11.405,0.0,0.21,11.4
SO-2026-0000209,60,PROD_001394,6,6,3.876,0.0,0.21,23.26
SO-2026-0000209,70,PROD_000652,4,4,2.562,0.0,0.21,10.25
SO-2026-0000210,10,PROD_000081,4,4,2.405,0.0,0.21,9.62
SO-2026-0000210,20,PROD_002504,1,1,2.1488,0.0,0.21,2.15
SO-2026-0000210,30,PROD_001799,2,2,1.9504,0.0,0.21,3.9
SO-2026-0000210,40,PROD_002457,1,1,3.6364,0.0,0.21,3.64
SO-2026-0000210,50,PROD_003607,1,1,0.9545,0.0,0.1,0.95
SO-2026-0000210,60,PROD_003074,1,1,2.6033,0.0,0.21,2.6
SO-2026-0000210,70,PROD_002991,1,1,10.2975,0.0,0.21,10.3
SO-2026-0000210,80,PROD_001846,2,2,4.3388,0.0,0.21,8.68
SO-2026-0000210,90,PROD_001648,1,1,1.4463,0.0,0.21,1.45
SO-2026-0000210,100,PROD_001885,1,1,2.3554,0.0,0.21,2.36
SO-2026-0000210,110,PROD_001224,2,2,2.562,0.0,0.21,5.12
SO-2026-0000210,120,PROD_000956,3,3,1.9835,0.0,0.21,5.95
SO-2026-0000210,130,PROD_002490,1,1,2.4628,0.0,0.21,2.46
SO-2026-0000210,140,PROD_003264,1,1,4.7107,0.0,0.21,4.71
SO-2026-0000210,150,PROD_003381,2,2,3.843,0.0,0.21,7.69
SO-2026-0000210,160,PROD_002085,1,1,0.6612,0.0,0.21,0.66
SO-2026-0000210,170,PROD_002043,2,2,5.4132,0.0,0.21,10.83
SO-2026-0000211,10,PROD_003577,1,1,5.5455,0.0,0.21,5.55
SO-2026-0000211,20,PROD_002163,3,3,0.7934,0.0,0.21,2.38
SO-2026-0000211,30,PROD_001689,1,1,1.8099,0.0,0.21,1.81
SO-2026-0000211,40,PROD_000108,1,1,1.5289,0.0,0.21,1.53
SO-2026-0000211,50,PROD_001875,1,1,2.8926,0.0,0.21,2.89
SO-2026-0000211,60,PROD_000879,1,1,1.2727,0.0,0.21,1.27
SO-2026-0000211,70,PROD_000199,1,1,6.1901,0.0,0.21,6.19
SO-2026-0000211,80,PROD_001714,1,1,1.6529,0.0,0.21,1.65
SO-2026-0000211,90,PROD_002576,2,2,1.5289,0.0,0.21,3.06
SO-2026-0000211,100,PROD_000586,1,1,1.6529,0.0,0.21,1.65
SO-2026-0000211,110,PROD_003277,1,1,16.5372,0.0,0.21,16.54
SO-2026-0000211,120,PROD_000144,1,1,2.438,0.0,0.21,2.44
SO-2026-0000211,130,PROD_002975,1,1,2.8099,0.0,0.21,2.81
SO-2026-0000211,140,PROD_003350,1,1,0.6198,0.0,0.21,0.62
SO-2026-0000211,150,PROD_002508,1,1,7.8099,0.0,0.21,7.81
SO-2026-0000211,160,PROD_000459,1,1,2.3967,0.0,0.21,2.4
SO-2026-0000211,170,PROD_001512,1,1,6.0331,0.0,0.21,6.03
SO-2026-0000212,10,PROD_000524,1,1,2.8512,0.0,0.21,2.85
SO-2026-0000212,20,PROD_000215,1,1,2.4793,0.0,0.21,2.48
SO-2026-0000212,30,PROD_003494,2,2,1.405,0.0,0.21,2.81
SO-2026-0000212,40,PROD_001299,3,3,5.2066,0.0,0.21,15.62
SO-2026-0000212,50,PROD_001904,1,1,8.0992,0.0,0.21,8.1
SO-2026-0000212,60,PROD_001307,1,1,1.8595,0.0,0.21,1.86
SO-2026-0000212,70,PROD_002685,4,4,2.0661,0.0,0.21,8.26
SO-2026-0000212,80,PROD_001861,1,1,2.8264,0.0,0.21,2.83
SO-2026-0000212,90,PROD_002593,4,4,3.0826,0.0,0.21,12.33
SO-2026-0000213,10,PROD_001685,3,3,1.9008,0.0,0.21,5.7
SO-2026-0000213,20,PROD_002559,2,2,1.1157,0.0,0.21,2.23
SO-2026-0000213,30,PROD_001296,1,1,0.9504,0.0,0.21,0.95
SO-2026-0000213,40,PROD_003021,1,1,3.2231,0.0,0.21,3.22
SO-2026-0000214,10,PROD_002111,1,1,2.3554,0.0,0.21,2.36
SO-2026-0000214,20,PROD_002020,1,1,4.9587,0.0,0.21,4.96
SO-2026-0000214,30,PROD_002348,1,1,0.8264,0.0,0.21,0.83
SO-2026-0000214,40,PROD_000690,1,1,1.3636,0.0,0.21,1.36
SO-2026-0000214,50,PROD_002824,3,3,0.7438,0.0,0.21,2.23
SO-2026-0000214,60,PROD_000762,2,2,1.314,0.0,0.21,2.63
SO-2026-0000214,70,PROD_001189,1,1,1.6529,0.0,0.21,1.65
SO-2026-0000214,80,PROD_000387,4,4,1.2562,0.0,0.21,5.02
SO-2026-0000214,90,PROD_003341,1,1,3.1405,0.0,0.21,3.14
SO-2026-0000214,100,PROD_002981,1,1,3.719,0.0,0.21,3.72
SO-2026-0000214,110,PROD_001888,1,1,7.9091,0.0,0.21,7.91
SO-2026-0000214,120,PROD_003333,1,1,1.6529,0.0,0.21,1.65
SO-2026-0000214,130,PROD_003541,1,1,1.9421,0.0,0.21,1.94
SO-2026-0000214,140,PROD_000452,2,2,2.3967,0.0,0.21,4.79
SO-2026-0000214,150,PROD_002953,2,2,0.8678,0.0,0.21,1.74
SO-2026-0000214,160,PROD_002987,1,1,2.7686,0.0,0.21,2.77
SO-2026-0000214,170,PROD_000485,1,1,13.157,0.0,0.21,13.16
SO-2026-0000214,180,PROD_002139,1,1,0.2893,0.0,0.21,0.29
SO-2026-0000214,190,PROD_001289,3,3,0.1983,0.0,0.21,0.59
SO-2026-0000214,200,PROD_001215,2,2,3.0579,0.0,0.21,6.12
SO-2026-0000214,210,PROD_001425,1,1,3.5537,0.0,0.21,3.55
SO-2026-0000214,220,PROD_000841,1,1,2.2893,0.0,0.21,2.29
SO-2026-0000214,230,PROD_002395,3,3,1.0744,0.0,0.21,3.22
SO-2026-0000215,10,PROD_001392,6,6,4.6529,0.0,0.21,27.92
SO-2026-0000215,20,PROD_002951,1,1,2.6033,0.0,0.21,2.6
SO-2026-0000215,30,PROD_000756,1,1,2.2562,0.0,0.21,2.26
SO-2026-0000215,40,PROD_003406,4,4,1.2397,0.0,0.21,4.96
SO-2026-0000215,50,PROD_002366,1,1,5.3719,0.0,0.21,5.37
SO-2026-0000215,60,PROD_001025,4,4,2.3967,0.0,0.21,9.59
SO-2026-0000215,70,PROD_003515,2,2,1.0331,0.0,0.21,2.07
SO-2026-0000215,80,PROD_000501,1,1,2.1488,0.0,0.21,2.15
SO-2026-0000216,10,PROD_001335,2,2,1.9174,0.0,0.21,3.83
SO-2026-0000216,20,PROD_000147,1,1,1.5702,0.0,0.21,1.57
SO-2026-0000216,30,PROD_003502,4,4,1.5289,0.0,0.21,6.12
SO-2026-0000216,40,PROD_003477,2,2,1.1074,0.0,0.21,2.21
SO-2026-0000216,50,PROD_001647,2,2,1.1983,0.0,0.21,2.4
SO-2026-0000216,60,PROD_000788,1,1,7.6446,0.0,0.21,7.64
SO-2026-0000216,70,PROD_000528,2,2,0.7438,0.0,0.21,1.49
SO-2026-0000216,80,PROD_001866,2,2,1.3223,0.0,0.21,2.64
SO-2026-0000216,90,PROD_000216,4,4,1.9008,0.0,0.21,7.6
SO-2026-0000216,100,PROD_002364,1,1,0.7438,0.0,0.21,0.74
SO-2026-0000216,110,PROD_003594,1,1,3.4298,0.0,0.21,3.43
SO-2026-0000216,120,PROD_002702,1,1,1.4132,0.0,0.21,1.41
SO-2026-0000216,130,PROD_001842,1,1,0.9091,0.0,0.21,0.91
SO-2026-0000216,140,PROD_002279,2,2,2.562,0.0,0.21,5.12
SO-2026-0000216,150,PROD_002597,1,1,3.719,0.0,0.21,3.72
SO-2026-0000216,160,PROD_000453,3,3,3.4711,0.0,0.21,10.41
SO-2026-0000216,170,PROD_002561,3,3,2.6033,0.0,0.21,7.81
SO-2026-0000216,180,PROD_001979,2,2,6.5702,0.0,0.21,13.14
SO-2026-0000217,10,PROD_003569,1,1,0.6198,0.0,0.21,0.62
SO-2026-0000217,20,PROD_001403,6,6,2.2066,0.0,0.21,13.24
SO-2026-0000217,30,PROD_002369,3,3,0.8264,0.0,0.21,2.48
SO-2026-0000217,40,PROD_003264,1,1,4.7107,0.0,0.21,4.71
SO-2026-0000218,10,PROD_003636,3,3,1.5537,0.0,0.21,4.66
SO-2026-0000218,20,PROD_002324,2,2,0.9917,0.0,0.21,1.98
SO-2026-0000218,30,PROD_002472,1,1,4.9669,0.0,0.21,4.97
SO-2026-0000218,40,PROD_000600,4,4,1.3223,0.0,0.21,5.29
SO-2026-0000218,50,PROD_002748,5,5,3.2231,0.0,0.21,16.12
SO-2026-0000218,60,PROD_001798,2,2,0.8264,0.0,0.21,1.65
SO-2026-0000219,10,PROD_001536,2,2,1.9008,0.0,0.21,3.8
SO-2026-0000219,20,PROD_001170,5,5,0.8264,0.0,0.21,4.13
SO-2026-0000220,10,PROD_000621,1,1,1.405,0.0,0.21,1.41
SO-2026-0000220,20,PROD_001544,2,2,1.3636,0.0,0.21,2.73
SO-2026-0000220,30,PROD_000139,1,1,4.0992,0.0,0.21,4.1
SO-2026-0000220,40,PROD_002889,1,1,0.9091,0.0,0.21,0.91
SO-2026-0000220,50,PROD_001642,3,3,1.0577,0.0,0.04,3.17
SO-2026-0000220,60,PROD_000282,4,4,3.876,0.0,0.21,15.5
SO-2026-0000221,10,PROD_000091,2,2,2.6446,0.0,0.21,5.29
SO-2026-0000221,20,PROD_000003,3,3,2.0661,0.0,0.21,6.2
SO-2026-0000221,30,PROD_002592,1,1,3.7521,0.0,0.21,3.75
SO-2026-0000221,40,PROD_002734,1,1,3.2231,0.0,0.21,3.22
SO-2026-0000221,50,PROD_000311,1,1,0.8654,0.0,0.04,0.87
SO-2026-0000221,60,PROD_002671,2,2,1.4463,0.0,0.21,2.89
SO-2026-0000221,70,PROD_002019,1,1,6.3058,0.0,0.21,6.31
SO-2026-0000221,80,PROD_001949,1,1,5.0,0.0,0.1,5.0
SO-2026-0000221,90,PROD_002258,2,2,1.2562,0.0,0.21,2.51
SO-2026-0000221,100,PROD_003214,1,1,0.7438,0.0,0.21,0.74
SO-2026-0000221,110,PROD_000783,1,1,1.0744,0.0,0.21,1.07
SO-2026-0000221,120,PROD_001843,1,1,1.4463,0.0,0.21,1.45
SO-2026-0000221,130,PROD_002249,5,5,1.6529,0.0,0.21,8.26
SO-2026-0000221,140,PROD_001891,2,2,2.3967,0.0,0.21,4.79
SO-2026-0000221,150,PROD_000583,2,2,1.6281,0.0,0.21,3.26
SO-2026-0000221,160,PROD_003668,2,2,2.6442,0.0,0.04,5.29
SO-2026-0000221,170,PROD_000803,1,1,0.7851,0.0,0.21,0.79
SO-2026-0000221,180,PROD_001828,5,5,2.124,0.0,0.21,10.62
SO-2026-0000222,10,PROD_003390,3,1,1.405,0.0,0.21,1.41
SO-2026-0000222,20,PROD_002714,1,1,2.0661,0.0,0.21,2.07
SO-2026-0000222,30,PROD_001809,2,1,3.1074,0.0,0.21,3.11
SO-2026-0000222,40,PROD_002001,2,2,2.8843,0.0,0.21,5.77
SO-2026-0000222,50,PROD_001070,1,1,0.8173,0.0,0.04,0.82
SO-2026-0000222,60,PROD_002747,3,2,2.7686,0.0,0.21,5.54
SO-2026-0000222,70,PROD_002387,1,1,0.843,0.0,0.21,0.84
SO-2026-0000222,80,PROD_000676,1,1,1.3636,0.0,0.1,1.36
SO-2026-0000222,90,PROD_003543,4,4,25.6198,0.0,0.21,102.48
SO-2026-0000222,100,PROD_000184,3,3,1.0744,0.0,0.21,3.22
SO-2026-0000222,110,PROD_000339,1,1,1.0331,0.0,0.21,1.03
SO-2026-0000222,120,PROD_003578,1,1,21.9008,0.0,0.21,21.9
SO-2026-0000222,130,PROD_003714,2,2,1.8678,0.0,0.21,3.74
SO-2026-0000222,140,PROD_000199,1,1,6.1901,0.0,0.21,6.19
SO-2026-0000222,150,PROD_003674,1,1,1.5385,0.0,0.04,1.54
SO-2026-0000222,160,PROD_003600,1,1,7.7273,0.0,0.21,7.73
SO-2026-0000222,170,PROD_001529,6,1,4.8843,0.0,0.21,4.88
SO-2026-0000222,180,PROD_000157,5,5,0.7025,0.0,0.21,3.51
SO-2026-0000223,10,PROD_002099,3,3,8.1818,0.0,0.21,24.55
SO-2026-0000223,20,PROD_003434,1,1,1.281,0.0,0.21,1.28
SO-2026-0000223,30,PROD_001629,1,1,0.8678,0.0,0.21,0.87
SO-2026-0000223,40,PROD_002446,1,1,1.9008,0.0,0.21,1.9
SO-2026-0000223,50,PROD_001408,3,3,2.1488,0.0,0.21,6.45
SO-2026-0000223,60,PROD_002335,2,2,1.9008,0.0,0.21,3.8
SO-2026-0000223,70,PROD_000261,2,2,1.5537,0.0,0.21,3.11
SO-2026-0000223,80,PROD_001692,3,3,2.3967,0.0,0.21,7.19
SO-2026-0000224,10,PROD_000912,1,1,2.7438,0.0,0.21,2.74
SO-2026-0000224,20,PROD_000123,1,1,1.5372,0.0,0.21,1.54
SO-2026-0000224,30,PROD_002176,1,1,2.8099,0.0,0.21,2.81
SO-2026-0000224,40,PROD_000220,1,1,0.9917,0.0,0.21,0.99
SO-2026-0000224,50,PROD_001918,2,2,1.9091,0.0,0.21,3.82
SO-2026-0000225,10,PROD_000109,1,1,0.9421,0.0,0.21,0.94
SO-2026-0000225,20,PROD_000342,1,1,1.1157,0.0,0.21,1.12
SO-2026-0000225,30,PROD_000797,2,2,1.5868,0.0,0.21,3.17
SO-2026-0000225,40,PROD_000644,3,3,2.438,0.0,0.21,7.31
SO-2026-0000225,50,PROD_002981,1,1,3.719,0.0,0.21,3.72
SO-2026-0000225,60,PROD_000747,4,4,3.2231,0.0,0.21,12.89
SO-2026-0000225,70,PROD_001899,1,1,0.7025,0.0,0.21,0.7
SO-2026-0000225,80,PROD_001848,1,1,11.9752,0.0,0.21,11.98
SO-2026-0000226,10,PROD_002929,1,1,2.8099,0.0,0.21,2.81
SO-2026-0000226,20,PROD_003494,3,3,1.405,0.0,0.21,4.21
SO-2026-0000226,30,PROD_000875,1,1,1.2893,0.0,0.21,1.29
SO-2026-0000226,40,PROD_002940,1,1,1.6529,0.0,0.21,1.65
SO-2026-0000226,50,PROD_000100,1,1,1.281,0.0,0.21,1.28
SO-2026-0000226,60,PROD_001224,2,2,2.562,0.0,0.21,5.12
SO-2026-0000226,70,PROD_003685,3,3,1.0744,0.0,0.21,3.22
SO-2026-0000226,80,PROD_002372,2,2,1.6529,0.0,0.21,3.31
SO-2026-0000226,90,PROD_002145,1,1,2.1154,0.0,0.04,2.12
SO-2026-0000226,100,PROD_001109,3,3,2.1901,0.0,0.21,6.57
SO-2026-0000226,110,PROD_002598,2,2,3.1322,0.0,0.21,6.26
SO-2026-0000226,120,PROD_003420,2,2,0.6198,0.0,0.21,1.24
SO-2026-0000226,130,PROD_001534,2,2,0.7851,0.0,0.21,1.57
SO-2026-0000226,140,PROD_002889,3,3,0.9091,0.0,0.21,2.73
SO-2026-0000226,150,PROD_000681,3,3,0.9615,0.0,0.04,2.88
SO-2026-0000226,160,PROD_001056,2,2,0.8678,0.0,0.21,1.74
SO-2026-0000226,170,PROD_000289,3,3,0.9091,0.0,0.21,2.73
SO-2026-0000226,180,PROD_000384,2,2,2.8512,0.0,0.21,5.7
SO-2026-0000226,190,PROD_000336,2,2,2.314,0.0,0.21,4.63
SO-2026-0000226,200,PROD_003418,2,2,2.405,0.0,0.21,4.81
SO-2026-0000227,10,PROD_000575,1,1,2.3554,0.0,0.21,2.36
SO-2026-0000227,20,PROD_001289,2,2,0.1983,0.0,0.21,0.4
SO-2026-0000227,30,PROD_003121,1,1,3.2231,0.0,0.21,3.22
SO-2026-0000227,40,PROD_000990,2,2,2.3967,0.0,0.21,4.79
SO-2026-0000227,50,PROD_000197,1,1,3.1818,0.0,0.1,3.18
SO-2026-0000227,60,PROD_002962,1,1,2.0661,0.0,0.21,2.07
SO-2026-0000227,70,PROD_000262,2,2,0.6446,0.0,0.21,1.29
SO-2026-0000227,80,PROD_000645,1,1,0.9835,0.0,0.21,0.98
SO-2026-0000227,90,PROD_001798,2,2,0.8264,0.0,0.21,1.65
SO-2026-0000227,100,PROD_000806,1,1,0.6612,0.0,0.21,0.66
SO-2026-0000227,110,PROD_003068,1,1,2.8099,0.0,0.21,2.81
SO-2026-0000227,120,PROD_001227,3,3,1.0992,0.0,0.21,3.3
SO-2026-0000228,10,PROD_002331,1,1,3.7025,0.0,0.21,3.7
SO-2026-0000228,20,PROD_000422,1,1,1.4876,0.0,0.21,1.49
SO-2026-0000228,30,PROD_001270,3,3,2.3967,0.0,0.21,7.19
SO-2026-0000228,40,PROD_003161,1,1,3.9669,0.0,0.21,3.97
SO-2026-0000228,50,PROD_001340,1,1,7.405,0.0,0.21,7.41
SO-2026-0000228,60,PROD_003524,2,2,2.6033,0.0,0.21,5.21
SO-2026-0000228,70,PROD_003214,1,1,0.7438,0.0,0.21,0.74
SO-2026-0000228,80,PROD_003442,1,1,0.8264,0.0,0.21,0.83
SO-2026-0000229,10,PROD_002065,1,1,0.7438,0.0,0.21,0.74
SO-2026-0000229,20,PROD_003660,1,1,1.3223,0.0,0.21,1.32
SO-2026-0000229,30,PROD_000856,2,2,1.9135,0.0,0.04,3.83
SO-2026-0000229,40,PROD_002525,1,1,2.314,0.0,0.21,2.31
SO-2026-0000229,50,PROD_002803,1,1,0.9091,0.0,0.21,0.91
SO-2026-0000229,60,PROD_002020,4,4,4.9587,0.0,0.21,19.83
SO-2026-0000229,70,PROD_000718,1,1,1.7686,0.0,0.21,1.77
SO-2026-0000229,80,PROD_000487,1,1,4.2975,0.0,0.21,4.3
SO-2026-0000229,90,PROD_000086,1,1,1.5702,0.0,0.21,1.57
SO-2026-0000229,100,PROD_002756,3,3,1.2397,0.0,0.21,3.72
SO-2026-0000230,10,PROD_001939,2,2,4.7686,0.0,0.21,9.54
SO-2026-0000230,20,PROD_002383,2,2,1.5289,0.0,0.21,3.06
SO-2026-0000230,30,PROD_000542,2,2,4.4793,0.0,0.21,8.96
SO-2026-0000230,40,PROD_003636,1,1,1.5537,0.0,0.21,1.55
SO-2026-0000230,50,PROD_002158,1,1,3.0577,0.0,0.04,3.06
SO-2026-0000230,60,PROD_000685,1,1,0.5372,0.0,0.21,0.54
SO-2026-0000230,70,PROD_001311,1,1,3.0455,0.0,0.1,3.05
SO-2026-0000230,80,PROD_003704,1,1,3.7603,0.0,0.21,3.76
SO-2026-0000230,90,PROD_002279,1,1,2.562,0.0,0.21,2.56
SO-2026-0000230,100,PROD_000175,2,2,0.3306,0.0,0.21,0.66
SO-2026-0000230,110,PROD_002680,2,2,3.2645,0.0,0.21,6.53
SO-2026-0000230,120,PROD_001788,2,2,0.6281,0.0,0.21,1.26
SO-2026-0000230,130,PROD_002021,1,1,9.1983,0.0,0.21,9.2
SO-2026-0000230,140,PROD_000952,1,1,8.2231,0.0,0.21,8.22
SO-2026-0000230,150,PROD_001396,5,5,3.9174,0.0,0.21,19.59
SO-2026-0000231,10,PROD_002682,4,4,12.1405,0.0,0.21,48.56
SO-2026-0000232,10,PROD_000988,1,1,1.3269,0.0,0.04,1.33
SO-2026-0000232,20,PROD_001454,1,1,1.0,0.0,0.21,1.0
SO-2026-0000232,30,PROD_001565,1,1,1.157,0.0,0.21,1.16
SO-2026-0000232,40,PROD_002795,1,1,1.314,0.0,0.21,1.31
SO-2026-0000232,50,PROD_000388,2,2,1.4876,0.0,0.21,2.98
SO-2026-0000232,60,PROD_000092,2,2,2.9835,0.0,0.21,5.97
SO-2026-0000232,70,PROD_000668,2,2,10.3306,0.0,0.21,20.66
SO-2026-0000233,10,PROD_002364,1,1,0.7438,0.0,0.21,0.74
SO-2026-0000233,20,PROD_000839,2,2,0.7769,0.0,0.21,1.55
SO-2026-0000233,30,PROD_002577,2,2,4.0909,0.0,0.21,8.18
SO-2026-0000233,40,PROD_000583,2,2,1.6281,0.0,0.21,3.26
SO-2026-0000233,50,PROD_002231,3,3,1.3223,0.0,0.21,3.97
SO-2026-0000233,60,PROD_000619,2,2,6.3554,0.0,0.21,12.71
SO-2026-0000233,70,PROD_002560,2,2,2.0661,0.0,0.21,4.13
SO-2026-0000233,80,PROD_000923,1,1,1.5785,0.0,0.21,1.58
SO-2026-0000233,90,PROD_002591,4,4,5.6033,0.0,0.21,22.41
SO-2026-0000233,100,PROD_001974,2,2,0.9504,0.0,0.21,1.9
SO-2026-0000233,110,PROD_002386,2,2,3.157,0.0,0.21,6.31
SO-2026-0000233,120,PROD_003141,6,6,1.9835,0.0,0.21,11.9
SO-2026-0000233,130,PROD_000156,1,1,0.3719,0.0,0.21,0.37
SO-2026-0000233,140,PROD_003525,3,3,1.5289,0.0,0.21,4.59
SO-2026-0000233,150,PROD_001133,4,4,1.9835,0.0,0.21,7.93
SO-2026-0000233,160,PROD_000879,3,3,1.2727,0.0,0.21,3.82
SO-2026-0000233,170,PROD_000006,1,1,2.0661,0.0,0.21,2.07
SO-2026-0000233,180,PROD_003150,1,1,1.562,0.0,0.21,1.56
SO-2026-0000233,190,PROD_001443,4,4,3.3058,0.0,0.21,13.22
SO-2026-0000233,200,PROD_000939,7,7,1.5702,0.0,0.21,10.99
SO-2026-0000233,210,PROD_002965,2,2,3.2231,0.0,0.21,6.45
SO-2026-0000233,220,PROD_003418,2,2,2.405,0.0,0.21,4.81
SO-2026-0000234,10,PROD_000166,2,2,2.8099,0.0,0.21,5.62
SO-2026-0000234,20,PROD_002444,4,4,1.9421,0.0,0.21,7.77
SO-2026-0000234,30,PROD_000683,2,2,8.6612,0.0,0.21,17.32
SO-2026-0000234,40,PROD_003203,5,5,1.7769,0.0,0.21,8.88
SO-2026-0000235,10,PROD_000676,2,2,1.3636,0.0,0.1,2.73
SO-2026-0000235,20,PROD_000678,2,2,5.0,0.0,0.21,10.0
SO-2026-0000235,30,PROD_002298,3,1,0.2893,0.0,0.21,0.29
SO-2026-0000235,40,PROD_001459,1,1,3.2231,0.0,0.21,3.22
SO-2026-0000235,50,PROD_001955,3,3,2.3884,0.0,0.21,7.17
SO-2026-0000235,60,PROD_001106,3,3,1.6116,0.0,0.21,4.83
SO-2026-0000235,70,PROD_001768,3,3,2.7438,0.0,0.21,8.23
SO-2026-0000235,80,PROD_000655,3,3,1.9091,0.0,0.21,5.73
SO-2026-0000235,90,PROD_001442,4,4,3.6281,0.0,0.21,14.51
SO-2026-0000236,10,PROD_002501,3,3,1.5702,0.0,0.21,4.71
SO-2026-0000236,20,PROD_000420,3,3,1.438,0.0,0.21,4.31
SO-2026-0000236,30,PROD_003563,1,1,5.7025,0.0,0.21,5.7
SO-2026-0000236,40,PROD_002487,2,2,11.1405,0.0,0.21,22.28
SO-2026-0000236,50,PROD_002534,1,1,0.9504,0.0,0.21,0.95
SO-2026-0000236,60,PROD_001397,1,1,2.4876,0.0,0.21,2.49
SO-2026-0000236,70,PROD_000537,3,3,9.6281,0.0,0.21,28.88
SO-2026-0000236,80,PROD_001915,1,1,16.4876,0.0,0.21,16.49
SO-2026-0000236,90,PROD_001528,4,4,5.8678,0.0,0.21,23.47
SO-2026-0000236,100,PROD_003331,1,1,1.5289,0.0,0.21,1.53
SO-2026-0000236,110,PROD_002024,6,6,1.4463,0.0,0.21,8.68
SO-2026-0000236,120,PROD_000542,3,3,4.4793,0.0,0.21,13.44
SO-2026-0000237,10,PROD_000231,2,2,2.3077,0.0,0.04,4.62
SO-2026-0000237,20,PROD_001829,3,3,8.2562,0.0,0.21,24.77
SO-2026-0000237,30,PROD_003417,3,3,1.1157,0.0,0.21,3.35
SO-2026-0000237,40,PROD_001061,2,2,1.2893,0.0,0.21,2.58
SO-2026-0000237,50,PROD_002049,3,3,2.3967,0.0,0.21,7.19
SO-2026-0000237,60,PROD_000237,3,3,1.6529,0.0,0.21,4.96
SO-2026-0000237,70,PROD_001886,4,4,16.6777,0.0,0.21,66.71
SO-2026-0000238,10,PROD_002040,6,6,1.9835,0.0,0.21,11.9
SO-2026-0000238,20,PROD_000849,6,6,1.6033,0.0,0.21,9.62
SO-2026-0000238,30,PROD_000812,1,1,1.5289,0.0,0.21,1.53
SO-2026-0000238,40,PROD_000596,3,3,2.3967,0.0,0.21,7.19
SO-2026-0000238,50,PROD_001559,1,1,2.314,0.0,0.21,2.31
SO-2026-0000238,60,PROD_001713,1,1,9.3388,0.0,0.21,9.34
SO-2026-0000239,10,PROD_001846,3,3,4.3388,0.0,0.21,13.02
SO-2026-0000239,20,PROD_000509,1,1,2.6446,0.0,0.21,2.64
SO-2026-0000239,30,PROD_001818,1,1,11.405,0.0,0.21,11.4
SO-2026-0000240,10,PROD_002145,2,2,2.1154,0.0,0.04,4.23
SO-2026-0000240,20,PROD_003691,2,2,2.0661,0.0,0.21,4.13
SO-2026-0000240,30,PROD_000387,1,1,1.2562,0.0,0.21,1.26
SO-2026-0000240,40,PROD_000621,4,4,1.405,0.0,0.21,5.62
SO-2026-0000240,50,PROD_001787,3,3,1.1983,0.0,0.21,3.59
SO-2026-0000240,60,PROD_001382,5,5,2.1901,0.0,0.21,10.95
SO-2026-0000241,10,PROD_001766,2,2,6.9339,0.0,0.21,13.87
SO-2026-0000241,20,PROD_001642,2,2,1.0577,0.0,0.04,2.12
SO-2026-0000241,30,PROD_003692,2,2,1.0744,0.0,0.21,2.15
SO-2026-0000242,10,PROD_000423,1,1,1.2019,0.0,0.04,1.2
SO-2026-0000242,20,PROD_000177,2,2,0.8264,0.0,0.21,1.65
SO-2026-0000242,30,PROD_000273,4,4,2.2893,0.0,0.21,9.16
SO-2026-0000242,40,PROD_003216,1,1,1.5702,0.0,0.21,1.57
SO-2026-0000242,50,PROD_002171,2,2,0.6198,0.0,0.21,1.24
SO-2026-0000242,60,PROD_001637,3,3,3.2149,0.0,0.21,9.64
SO-2026-0000243,10,PROD_001827,1,1,2.2479,0.0,0.21,2.25
SO-2026-0000243,20,PROD_001127,1,1,0.8264,0.0,0.21,0.83
SO-2026-0000243,30,PROD_003128,1,1,3.2231,0.0,0.21,3.22
SO-2026-0000243,40,PROD_000325,4,4,5.5455,0.0,0.21,22.18
SO-2026-0000243,50,PROD_001528,5,5,5.8678,0.0,0.21,29.34
SO-2026-0000244,10,PROD_001880,5,5,2.314,0.0,0.21,11.57
SO-2026-0000244,20,PROD_001335,1,1,1.9174,0.0,0.21,1.92
SO-2026-0000245,10,PROD_001969,3,3,2.719,0.0,0.21,8.16
SO-2026-0000245,20,PROD_000513,2,2,2.6033,0.0,0.21,5.21
SO-2026-0000246,10,PROD_000072,3,3,1.8182,0.0,0.21,5.45
SO-2026-0000246,20,PROD_000320,1,1,1.9835,0.0,0.21,1.98
SO-2026-0000246,30,PROD_003373,1,1,1.8182,0.0,0.21,1.82
SO-2026-0000246,40,PROD_003102,3,3,3.2231,0.0,0.21,9.67
SO-2026-0000247,10,PROD_000874,1,1,7.438,0.0,0.21,7.44
SO-2026-0000247,20,PROD_003709,3,3,1.6116,0.0,0.21,4.83
SO-2026-0000247,30,PROD_001319,6,6,5.6446,0.0,0.21,33.87
SO-2026-0000248,10,PROD_002556,1,1,2.6198,0.0,0.21,2.62
SO-2026-0000248,20,PROD_000015,1,1,5.7355,0.0,0.21,5.74
SO-2026-0000248,30,PROD_000964,1,1,2.0661,0.0,0.21,2.07
SO-2026-0000248,40,PROD_000321,1,1,5.3719,0.0,0.21,5.37
SO-2026-0000248,50,PROD_003173,1,1,3.2231,0.0,0.21,3.22
SO-2026-0000248,60,PROD_000220,1,1,0.9917,0.0,0.21,0.99
SO-2026-0000248,70,PROD_000702,3,3,2.0661,0.0,0.21,6.2
SO-2026-0000248,80,PROD_000778,1,1,10.124,0.0,0.21,10.12
SO-2026-0000248,90,PROD_003508,1,1,1.1983,0.0,0.21,1.2
SO-2026-0000248,100,PROD_001526,3,3,1.405,0.0,0.21,4.21
SO-2026-0000248,110,PROD_003449,3,3,2.8099,0.0,0.21,8.43
SO-2026-0000249,10,PROD_001954,1,1,5.6694,0.0,0.21,5.67
SO-2026-0000249,20,PROD_000651,2,2,6.6818,0.0,0.1,13.36
SO-2026-0000249,30,PROD_000384,2,2,2.8512,0.0,0.21,5.7
SO-2026-0000249,40,PROD_000175,2,2,0.3306,0.0,0.21,0.66
SO-2026-0000249,50,PROD_001425,2,2,3.5537,0.0,0.21,7.11
SO-2026-0000250,10,PROD_003442,2,2,0.8264,0.0,0.21,1.65
SO-2026-0000250,20,PROD_001439,2,2,2.7686,0.0,0.21,5.54
SO-2026-0000250,30,PROD_000885,3,3,1.3884,0.0,0.21,4.17
SO-2026-0000250,40,PROD_000921,2,2,2.2727,0.0,0.21,4.55
SO-2026-0000250,50,PROD_000997,2,2,1.9091,0.0,0.21,3.82
SO-2026-0000250,60,PROD_002510,1,1,1.0744,0.0,0.21,1.07
SO-2026-0000250,70,PROD_003371,1,1,1.5289,0.0,0.21,1.53
SO-2026-0000250,80,PROD_002502,2,2,1.4423,0.0,0.04,2.88
SO-2026-0000250,90,PROD_002253,2,2,0.625,0.0,0.04,1.25
SO-2026-0000250,100,PROD_003132,1,1,3.2231,0.0,0.21,3.22
SO-2026-0000250,110,PROD_000924,5,5,1.6529,0.0,0.21,8.26
SO-2026-0000251,10,PROD_003406,3,3,1.2397,0.0,0.21,3.72
SO-2026-0000251,20,PROD_000769,1,1,1.2397,0.0,0.21,1.24
SO-2026-0000251,30,PROD_001116,2,2,1.5289,0.0,0.21,3.06
SO-2026-0000251,40,PROD_000692,1,1,1.4463,0.0,0.21,1.45
SO-2026-0000251,50,PROD_000486,4,4,4.0496,0.0,0.21,16.2
SO-2026-0000251,60,PROD_001531,1,1,1.1983,0.0,0.21,1.2
SO-2026-0000251,70,PROD_001684,4,4,0.8678,0.0,0.21,3.47
SO-2026-0000252,10,PROD_002475,1,1,2.4793,0.0,0.21,2.48
SO-2026-0000252,20,PROD_002054,1,1,1.2562,0.0,0.21,1.26
SO-2026-0000252,30,PROD_000955,2,2,0.7025,0.0,0.21,1.41
SO-2026-0000252,40,PROD_002092,1,1,1.4876,0.0,0.21,1.49
SO-2026-0000252,50,PROD_003652,2,2,1.6033,0.0,0.21,3.21
SO-2026-0000252,60,PROD_003054,1,1,1.7355,0.0,0.21,1.74
SO-2026-0000252,70,PROD_002041,1,1,1.3223,0.0,0.21,1.32
SO-2026-0000252,80,PROD_000097,2,2,1.2397,0.0,0.21,2.48
SO-2026-0000252,90,PROD_000569,2,2,4.3388,0.0,0.21,8.68
SO-2026-0000252,100,PROD_002283,4,4,0.9917,0.0,0.21,3.97
SO-2026-0000252,110,PROD_002926,3,3,1.3636,0.0,0.21,4.09
SO-2026-0000253,10,PROD_002349,2,2,1.5702,0.0,0.21,3.14
SO-2026-0000253,20,PROD_003348,2,2,0.8264,0.0,0.21,1.65
SO-2026-0000253,30,PROD_002244,5,5,1.157,0.0,0.21,5.79
SO-2026-0000253,40,PROD_000270,5,5,1.2397,0.0,0.21,6.2
SO-2026-0000253,50,PROD_002697,1,1,1.5289,0.0,0.21,1.53
SO-2026-0000253,60,PROD_001353,3,3,1.9008,0.0,0.21,5.7
SO-2026-0000253,70,PROD_001467,3,3,1.7788,0.0,0.04,5.34
SO-2026-0000253,80,PROD_000950,2,1,1.7769,0.0,0.21,1.78
SO-2026-0000253,90,PROD_003180,5,3,2.8099,0.0,0.21,8.43
SO-2026-0000253,100,PROD_001828,2,2,2.124,0.0,0.21,4.25
SO-2026-0000253,110,PROD_000327,1,1,0.7025,0.0,0.21,0.7
SO-2026-0000253,120,PROD_003344,4,4,0.7769,0.0,0.21,3.11
SO-2026-0000253,130,PROD_001383,6,3,1.2397,0.0,0.21,3.72
SO-2026-0000253,140,PROD_001896,1,1,1.9091,0.0,0.21,1.91
SO-2026-0000253,150,PROD_002629,1,1,0.7438,0.0,0.21,0.74
SO-2026-0000253,160,PROD_001064,1,1,2.7273,0.0,0.21,2.73
SO-2026-0000253,170,PROD_001765,2,2,0.7025,0.0,0.21,1.41
SO-2026-0000253,180,PROD_002205,1,1,1.2562,0.0,0.21,1.26
SO-2026-0000253,190,PROD_001102,4,4,1.405,0.0,0.21,5.62
SO-2026-0000253,200,PROD_000216,6,6,1.9008,0.0,0.21,11.4
SO-2026-0000253,210,PROD_003387,1,1,1.0661,0.0,0.21,1.07
SO-2026-0000253,220,PROD_000204,5,5,4.6612,0.0,0.21,23.31
SO-2026-0000253,230,PROD_002940,1,1,1.6529,0.0,0.21,1.65
SO-2026-0000254,10,PROD_001229,1,1,0.9091,0.0,0.21,0.91
SO-2026-0000254,20,PROD_001524,3,3,17.3058,0.0,0.21,51.92
SO-2026-0000255,10,PROD_000534,1,1,1.0577,0.0,0.04,1.06
SO-2026-0000255,20,PROD_002335,4,4,1.9008,0.0,0.21,7.6
SO-2026-0000255,30,PROD_002261,1,1,0.8678,0.0,0.21,0.87
SO-2026-0000255,40,PROD_000756,3,3,2.2562,0.0,0.21,6.77
SO-2026-0000255,50,PROD_001104,1,1,1.1157,0.0,0.21,1.12
SO-2026-0000255,60,PROD_001943,6,6,1.9421,0.0,0.21,11.65
SO-2026-0000255,70,PROD_003525,3,3,1.5289,0.0,0.21,4.59
SO-2026-0000255,80,PROD_001120,1,1,6.6942,0.0,0.21,6.69
SO-2026-0000255,90,PROD_002473,5,5,4.281,0.0,0.21,21.4
SO-2026-0000256,10,PROD_000001,2,2,1.8595,0.0,0.21,3.72
SO-2026-0000256,20,PROD_000202,3,3,6.2479,0.0,0.21,18.74
SO-2026-0000256,30,PROD_002830,2,2,1.0744,0.0,0.21,2.15
SO-2026-0000256,40,PROD_002071,1,1,1.405,0.0,0.21,1.41
SO-2026-0000256,50,PROD_002531,5,5,1.3636,0.0,0.21,6.82
SO-2026-0000256,60,PROD_002865,1,1,1.314,0.0,0.21,1.31
SO-2026-0000256,70,PROD_000538,1,1,1.4423,0.0,0.04,1.44
SO-2026-0000256,80,PROD_002778,2,2,1.1157,0.0,0.21,2.23
SO-2026-0000256,90,PROD_000684,6,6,1.6446,0.0,0.21,9.87
SO-2026-0000257,10,PROD_001358,2,2,6.686,0.0,0.21,13.37
SO-2026-0000257,20,PROD_002092,4,4,1.4876,0.0,0.21,5.95
SO-2026-0000257,30,PROD_001485,1,1,1.6529,0.0,0.21,1.65
SO-2026-0000257,40,PROD_002551,1,1,6.1983,0.0,0.21,6.2
SO-2026-0000257,50,PROD_000033,5,5,3.7603,0.0,0.21,18.8
SO-2026-0000257,60,PROD_002294,2,2,0.9504,0.0,0.21,1.9
SO-2026-0000257,70,PROD_001119,2,2,2.0661,0.0,0.21,4.13
SO-2026-0000257,80,PROD_001091,4,4,1.3388,0.0,0.21,5.36
SO-2026-0000257,90,PROD_000048,1,1,4.9587,0.0,0.21,4.96
SO-2026-0000257,100,PROD_001886,2,2,16.6777,0.0,0.21,33.36
SO-2026-0000257,110,PROD_000175,1,1,0.3306,0.0,0.21,0.33
SO-2026-0000257,120,PROD_000330,1,1,1.2397,0.0,0.21,1.24
SO-2026-0000257,130,PROD_003249,1,1,3.2645,0.0,0.21,3.26
SO-2026-0000257,140,PROD_002984,1,1,3.2231,0.0,0.21,3.22
SO-2026-0000257,150,PROD_001003,2,2,3.2479,0.0,0.21,6.5
SO-2026-0000257,160,PROD_001884,2,2,4.0496,0.0,0.21,8.1
SO-2026-0000257,170,PROD_002276,4,4,13.7355,0.0,0.21,54.94
SO-2026-0000258,10,PROD_000117,3,3,1.6446,0.0,0.21,4.93
SO-2026-0000258,20,PROD_001923,2,2,32.7818,0.0,0.1,65.56
SO-2026-0000259,10,PROD_002731,3,3,3.2231,0.0,0.21,9.67
SO-2026-0000259,20,PROD_000768,1,1,3.3884,0.0,0.21,3.39
SO-2026-0000259,30,PROD_003381,1,1,3.843,0.0,0.21,3.84
SO-2026-0000259,40,PROD_003516,2,2,0.9669,0.0,0.21,1.93
SO-2026-0000259,50,PROD_002502,1,1,1.4423,0.0,0.04,1.44
SO-2026-0000259,60,PROD_001716,1,1,4.0496,0.0,0.21,4.05
SO-2026-0000259,70,PROD_000162,1,1,0.4711,0.0,0.21,0.47
SO-2026-0000259,80,PROD_001656,1,1,0.6612,0.0,0.21,0.66
SO-2026-0000259,90,PROD_000814,2,2,0.9917,0.0,0.21,1.98
SO-2026-0000259,100,PROD_003443,6,6,1.5702,0.0,0.21,9.42
SO-2026-0000259,110,PROD_003390,3,3,1.405,0.0,0.21,4.21
SO-2026-0000259,120,PROD_001817,1,1,1.3223,0.0,0.21,1.32
SO-2026-0000259,130,PROD_003565,1,1,4.5455,0.0,0.21,4.55
SO-2026-0000259,140,PROD_001310,5,5,1.0962,0.0,0.04,5.48
SO-2026-0000259,150,PROD_000905,2,2,0.7355,0.0,0.21,1.47
SO-2026-0000259,160,PROD_000785,3,3,0.3306,0.0,0.21,0.99
SO-2026-0000259,170,PROD_002978,1,1,2.2727,0.0,0.21,2.27
SO-2026-0000259,180,PROD_000933,4,4,2.8099,0.0,0.21,11.24
SO-2026-0000260,10,PROD_003390,3,3,1.405,0.0,0.21,4.21
SO-2026-0000260,20,PROD_003196,2,2,2.0661,0.0,0.21,4.13
SO-2026-0000260,30,PROD_001125,3,3,1.3223,0.0,0.21,3.97
SO-2026-0000260,40,PROD_001210,1,1,3.1818,0.0,0.21,3.18
SO-2026-0000260,50,PROD_002073,1,1,0.8264,0.0,0.21,0.83
SO-2026-0000260,60,PROD_001318,4,4,2.6033,0.0,0.21,10.41
SO-2026-0000260,70,PROD_003677,1,1,5.0579,0.0,0.21,5.06
SO-2026-0000260,80,PROD_001077,1,1,0.7438,0.0,0.21,0.74
SO-2026-0000260,90,PROD_000308,4,4,4.0496,0.0,0.21,16.2
SO-2026-0000261,10,PROD_000057,2,2,14.4298,0.0,0.21,28.86
SO-2026-0000261,20,PROD_001343,5,3,2.562,0.0,0.21,7.69
SO-2026-0000261,30,PROD_000008,1,1,1.314,0.0,0.21,1.31
SO-2026-0000261,40,PROD_001856,6,6,3.719,0.0,0.21,22.31
SO-2026-0000261,50,PROD_001389,2,2,5.6033,0.0,0.21,11.21
SO-2026-0000261,60,PROD_003600,1,1,7.7273,0.0,0.21,7.73
SO-2026-0000261,70,PROD_003648,5,5,1.8182,0.0,0.21,9.09
SO-2026-0000261,80,PROD_003626,1,1,10.9504,0.0,0.21,10.95
SO-2026-0000262,10,PROD_000169,6,3,2.5207,0.0,0.21,7.56
SO-2026-0000262,20,PROD_000452,7,2,2.3967,0.0,0.21,4.79
SO-2026-0000262,30,PROD_001286,2,2,2.4711,0.0,0.21,4.94
SO-2026-0000262,40,PROD_001520,2,2,4.3802,0.0,0.21,8.76
SO-2026-0000262,50,PROD_000747,1,1,3.2231,0.0,0.21,3.22
SO-2026-0000262,60,PROD_003310,4,3,3.3058,0.0,0.21,9.92
SO-2026-0000262,70,PROD_001121,4,3,1.7355,0.0,0.21,5.21
SO-2026-0000262,80,PROD_000518,3,3,17.0826,0.0,0.21,51.25
SO-2026-0000263,10,PROD_000027,4,4,2.0661,0.0,0.21,8.26
SO-2026-0000263,20,PROD_002457,4,4,3.6364,0.0,0.21,14.55
SO-2026-0000263,30,PROD_003069,1,1,1.3636,0.0,0.21,1.36
SO-2026-0000263,40,PROD_003616,1,1,4.6694,0.0,0.21,4.67
SO-2026-0000263,50,PROD_000094,2,2,1.4876,0.0,0.21,2.98
SO-2026-0000263,60,PROD_001927,3,3,0.3058,0.0,0.21,0.92
SO-2026-0000263,70,PROD_001767,6,6,1.5289,0.0,0.21,9.17
SO-2026-0000263,80,PROD_002276,2,2,13.7355,0.0,0.21,27.47
SO-2026-0000263,90,PROD_002352,4,4,2.314,0.0,0.21,9.26
SO-2026-0000264,10,PROD_002646,1,1,1.2397,0.0,0.21,1.24
SO-2026-0000264,20,PROD_000658,2,2,8.7686,0.0,0.21,17.54
SO-2026-0000264,30,PROD_000322,2,2,5.8678,0.0,0.21,11.74
SO-2026-0000264,40,PROD_000362,1,1,1.3223,0.0,0.21,1.32
SO-2026-0000264,50,PROD_002565,2,2,1.0331,0.0,0.21,2.07
SO-2026-0000265,10,PROD_002103,5,3,6.5537,0.0,0.21,19.66
SO-2026-0000265,20,PROD_000387,3,3,1.2562,0.0,0.21,3.77
SO-2026-0000265,30,PROD_000231,2,1,2.3077,0.0,0.04,2.31
SO-2026-0000265,40,PROD_003616,1,1,4.6694,0.0,0.21,4.67
SO-2026-0000265,50,PROD_003229,3,3,5.7851,0.0,0.21,17.36
SO-2026-0000265,60,PROD_000390,1,1,1.3306,0.0,0.21,1.33
SO-2026-0000265,70,PROD_002126,1,1,0.7851,0.0,0.21,0.79
SO-2026-0000265,80,PROD_001482,7,5,2.281,0.0,0.21,11.41
SO-2026-0000265,90,PROD_000146,4,4,2.3884,0.0,0.21,9.55
SO-2026-0000265,100,PROD_001897,3,3,8.2645,0.0,0.21,24.79
SO-2026-0000266,10,PROD_002251,5,5,2.8099,0.0,0.21,14.05
SO-2026-0000266,20,PROD_000199,1,1,6.1901,0.0,0.21,6.19
SO-2026-0000266,30,PROD_000102,5,5,3.0331,0.0,0.21,15.17
SO-2026-0000266,40,PROD_002489,1,1,6.5041,0.0,0.21,6.5
SO-2026-0000266,50,PROD_001109,2,2,2.1901,0.0,0.21,4.38
SO-2026-0000266,60,PROD_001658,1,1,2.1488,0.0,0.21,2.15
SO-2026-0000266,70,PROD_003046,2,2,1.5702,0.0,0.21,3.14
SO-2026-0000266,80,PROD_000032,3,3,5.6612,0.0,0.21,16.98
SO-2026-0000266,90,PROD_001432,2,2,5.8843,0.0,0.21,11.77
SO-2026-0000266,100,PROD_003668,5,5,2.6442,0.0,0.04,13.22
SO-2026-0000266,110,PROD_001395,2,2,3.1983,0.0,0.21,6.4
SO-2026-0000266,120,PROD_002301,1,1,0.7025,0.0,0.21,0.7
SO-2026-0000266,130,PROD_001178,2,2,1.3636,0.0,0.21,2.73
SO-2026-0000266,140,PROD_000681,2,2,0.9615,0.0,0.04,1.92
SO-2026-0000266,150,PROD_003450,3,3,1.5289,0.0,0.21,4.59
SO-2026-0000266,160,PROD_001916,1,1,1.3462,0.0,0.04,1.35
SO-2026-0000266,170,PROD_001512,3,3,6.0331,0.0,0.21,18.1
SO-2026-0000266,180,PROD_002592,1,1,3.7521,0.0,0.21,3.75
SO-2026-0000266,190,PROD_002019,3,3,6.3058,0.0,0.21,18.92
SO-2026-0000266,200,PROD_003371,6,6,1.5289,0.0,0.21,9.17
SO-2026-0000266,210,PROD_002584,3,3,1.1983,0.0,0.21,3.59
SO-2026-0000266,220,PROD_002676,4,4,3.2231,0.0,0.21,12.89
SO-2026-0000266,230,PROD_000237,2,2,1.6529,0.0,0.21,3.31
SO-2026-0000266,240,PROD_003340,2,2,6.0,0.0,0.21,12.0
SO-2026-0000266,250,PROD_003527,2,2,2.405,0.0,0.21,4.81
SO-2026-0000266,260,PROD_000168,3,3,1.9008,0.0,0.21,5.7
SO-2026-0000266,270,PROD_001049,2,2,1.4463,0.0,0.21,2.89
SO-2026-0000266,280,PROD_000216,1,1,1.9008,0.0,0.21,1.9
SO-2026-0000266,290,PROD_001636,1,1,1.7355,0.0,0.21,1.74
SO-2026-0000266,300,PROD_001295,2,2,5.3719,0.0,0.21,10.74
SO-2026-0000266,310,PROD_001074,1,1,2.8926,0.0,0.21,2.89
SO-2026-0000266,320,PROD_001869,1,1,4.3058,0.0,0.21,4.31
SO-2026-0000266,330,PROD_002244,4,4,1.157,0.0,0.21,4.63
SO-2026-0000266,340,PROD_000109,2,2,0.9421,0.0,0.21,1.88
SO-2026-0000266,350,PROD_002490,1,1,2.4628,0.0,0.21,2.46
SO-2026-0000267,10,PROD_001727,2,2,1.3636,0.0,0.21,2.73
SO-2026-0000267,20,PROD_000329,1,1,1.281,0.0,0.21,1.28
SO-2026-0000267,30,PROD_002488,2,2,4.5785,0.0,0.21,9.16
SO-2026-0000268,10,PROD_003509,5,5,1.281,0.0,0.21,6.4
SO-2026-0000268,20,PROD_002280,2,2,1.6529,0.0,0.21,3.31
SO-2026-0000268,30,PROD_002387,4,4,0.843,0.0,0.21,3.37
SO-2026-0000268,40,PROD_001669,1,1,2.314,0.0,0.21,2.31
SO-2026-0000268,50,PROD_000057,2,2,14.4298,0.0,0.21,28.86
SO-2026-0000268,60,PROD_000599,1,1,2.3077,0.0,0.04,2.31
SO-2026-0000268,70,PROD_002573,6,6,1.3223,0.0,0.21,7.93
SO-2026-0000268,80,PROD_003425,3,3,2.6281,0.0,0.21,7.88
SO-2026-0000268,90,PROD_003493,3,3,2.6612,0.0,0.21,7.98
SO-2026-0000268,100,PROD_003527,1,1,2.405,0.0,0.21,2.4
SO-2026-0000268,110,PROD_000097,6,6,1.2397,0.0,0.21,7.44
SO-2026-0000268,120,PROD_001406,1,1,6.5702,0.0,0.21,6.57
SO-2026-0000268,130,PROD_001466,1,1,4.9587,0.0,0.21,4.96
SO-2026-0000268,140,PROD_001734,1,1,0.9091,0.0,0.21,0.91
SO-2026-0000268,150,PROD_001075,3,3,1.4463,0.0,0.21,4.34
SO-2026-0000268,160,PROD_000598,2,2,1.7692,0.0,0.04,3.54
SO-2026-0000268,170,PROD_002301,1,1,0.7025,0.0,0.21,0.7
SO-2026-0000268,180,PROD_001049,1,1,1.4463,0.0,0.21,1.45
SO-2026-0000268,190,PROD_003563,1,1,5.7025,0.0,0.21,5.7
SO-2026-0000268,200,PROD_002347,3,3,1.9835,0.0,0.21,5.95
SO-2026-0000268,210,PROD_003595,1,1,20.2479,0.0,0.21,20.25
SO-2026-0000268,220,PROD_001987,3,3,1.4423,0.0,0.04,4.33
SO-2026-0000268,230,PROD_001709,1,1,4.6281,0.0,0.21,4.63
SO-2026-0000268,240,PROD_002571,1,1,21.2182,0.0,0.1,21.22
SO-2026-0000268,250,PROD_001850,2,2,3.0331,0.0,0.21,6.07
SO-2026-0000268,260,PROD_003141,1,1,1.9835,0.0,0.21,1.98
SO-2026-0000268,270,PROD_001686,2,2,5.9504,0.0,0.21,11.9
SO-2026-0000268,280,PROD_002766,2,2,2.3967,0.0,0.21,4.79
SO-2026-0000268,290,PROD_000003,4,4,2.0661,0.0,0.21,8.26
SO-2026-0000268,300,PROD_000126,2,2,2.2314,0.0,0.21,4.46
SO-2026-0000268,310,PROD_002435,1,1,1.7273,0.0,0.21,1.73
SO-2026-0000268,320,PROD_000964,1,1,2.0661,0.0,0.21,2.07
SO-2026-0000268,330,PROD_003565,4,4,4.5455,0.0,0.21,18.18
SO-2026-0000268,340,PROD_003290,1,1,0.9504,0.0,0.21,0.95
SO-2026-0000268,350,PROD_003012,2,2,1.1157,0.0,0.21,2.23
SO-2026-0000268,360,PROD_000977,2,2,0.9504,0.0,0.21,1.9
SO-2026-0000268,370,PROD_000206,1,1,12.2727,0.0,0.21,12.27
SO-2026-0000269,10,PROD_001817,1,1,1.3223,0.0,0.21,1.32
SO-2026-0000269,20,PROD_001024,1,1,2.8926,0.0,0.21,2.89
SO-2026-0000269,30,PROD_001224,2,2,2.562,0.0,0.21,5.12
SO-2026-0000269,40,PROD_002059,2,2,2.686,0.0,0.21,5.37
SO-2026-0000269,50,PROD_000241,1,1,1.1818,0.0,0.21,1.18
SO-2026-0000269,60,PROD_003036,1,1,1.4876,0.0,0.21,1.49
SO-2026-0000269,70,PROD_003159,1,1,3.2231,0.0,0.21,3.22
SO-2026-0000269,80,PROD_002883,2,2,1.405,0.0,0.21,2.81
SO-2026-0000269,90,PROD_001420,1,1,0.8678,0.0,0.21,0.87
SO-2026-0000269,100,PROD_001473,2,2,2.6446,0.0,0.21,5.29
SO-2026-0000269,110,PROD_000668,1,1,10.3306,0.0,0.21,10.33
SO-2026-0000269,120,PROD_003170,2,2,1.7355,0.0,0.21,3.47
SO-2026-0000269,130,PROD_002484,1,1,2.1488,0.0,0.21,2.15
SO-2026-0000269,140,PROD_000515,3,3,2.8512,0.0,0.21,8.55
SO-2026-0000270,10,PROD_001169,3,3,1.3636,0.0,0.21,4.09
SO-2026-0000270,20,PROD_001996,1,1,2.4793,0.0,0.21,2.48
SO-2026-0000270,30,PROD_000812,1,1,1.5289,0.0,0.21,1.53
SO-2026-0000270,40,PROD_001411,1,1,1.7273,0.0,0.21,1.73
SO-2026-0000270,50,PROD_001235,1,1,1.405,0.0,0.21,1.41
SO-2026-0000270,60,PROD_001802,4,4,2.562,0.0,0.21,10.25
SO-2026-0000270,70,PROD_003670,5,5,2.4793,0.0,0.21,12.4
SO-2026-0000270,80,PROD_001471,2,2,0.9091,0.0,0.21,1.82
SO-2026-0000270,90,PROD_003409,3,3,1.4876,0.0,0.21,4.46
SO-2026-0000270,100,PROD_000341,5,4,1.5702,0.0,0.21,6.28
SO-2026-0000270,110,PROD_002205,3,3,1.2562,0.0,0.21,3.77
SO-2026-0000270,120,PROD_001534,1,1,0.7851,0.0,0.21,0.79
SO-2026-0000270,130,PROD_003060,1,1,0.8264,0.0,0.21,0.83
SO-2026-0000270,140,PROD_001942,1,1,3.0331,0.0,0.21,3.03
SO-2026-0000270,150,PROD_002871,2,2,0.9091,0.0,0.21,1.82
SO-2026-0000270,160,PROD_001814,2,2,2.4876,0.0,0.21,4.98
SO-2026-0000271,10,PROD_003494,3,3,1.405,0.0,0.21,4.21
SO-2026-0000271,20,PROD_001164,1,1,1.7355,0.0,0.21,1.74
SO-2026-0000271,30,PROD_002275,4,4,1.405,0.0,0.21,5.62
SO-2026-0000271,40,PROD_002187,1,1,2.281,0.0,0.21,2.28
SO-2026-0000271,50,PROD_002509,3,3,5.2314,0.0,0.21,15.69
SO-2026-0000271,60,PROD_000811,1,1,3.2645,0.0,0.21,3.26
SO-2026-0000271,70,PROD_000391,4,4,0.9752,0.0,0.21,3.9
SO-2026-0000272,10,PROD_002081,3,3,4.0413,0.0,0.21,12.12
SO-2026-0000272,20,PROD_002568,2,2,1.281,0.0,0.21,2.56
SO-2026-0000272,30,PROD_001750,2,2,0.7025,0.0,0.21,1.41
SO-2026-0000272,40,PROD_001485,1,1,1.6529,0.0,0.21,1.65
SO-2026-0000272,50,PROD_000072,3,3,1.8182,0.0,0.21,5.45
SO-2026-0000272,60,PROD_001494,2,2,0.7025,0.0,0.21,1.41
SO-2026-0000272,70,PROD_003711,1,1,0.9504,0.0,0.21,0.95
SO-2026-0000272,80,PROD_001400,1,1,2.7438,0.0,0.21,2.74
SO-2026-0000273,10,PROD_003647,4,4,1.5702,0.0,0.21,6.28
SO-2026-0000273,20,PROD_000482,5,5,11.405,0.0,0.21,57.02
SO-2026-0000274,10,PROD_000946,2,2,1.4135,0.0,0.04,2.83
SO-2026-0000274,20,PROD_000428,1,1,2.6694,0.0,0.21,2.67
SO-2026-0000274,30,PROD_002159,1,1,2.0661,0.0,0.21,2.07
SO-2026-0000274,40,PROD_002533,1,1,11.405,0.0,0.21,11.4
SO-2026-0000274,50,PROD_003671,2,2,1.157,0.0,0.21,2.31
SO-2026-0000274,60,PROD_002571,2,2,21.2182,0.0,0.1,42.44
SO-2026-0000275,10,PROD_000412,1,1,4.7521,0.0,0.21,4.75
SO-2026-0000275,20,PROD_002340,2,2,8.6777,0.0,0.21,17.36
SO-2026-0000276,10,PROD_002911,3,3,1.7355,0.0,0.21,5.21
SO-2026-0000276,20,PROD_001396,2,2,3.9174,0.0,0.21,7.83
SO-2026-0000276,30,PROD_002879,1,1,1.2397,0.0,0.21,1.24
SO-2026-0000276,40,PROD_000357,2,2,0.8264,0.0,0.21,1.65
SO-2026-0000276,50,PROD_002238,3,3,1.281,0.0,0.21,3.84
SO-2026-0000276,60,PROD_003033,2,2,1.5702,0.0,0.21,3.14
SO-2026-0000276,70,PROD_002968,4,3,3.2645,0.0,0.21,9.79
SO-2026-0000276,80,PROD_000997,2,2,1.9091,0.0,0.21,3.82
SO-2026-0000276,90,PROD_003694,2,2,0.9008,0.0,0.21,1.8
SO-2026-0000276,100,PROD_002605,1,1,1.1983,0.0,0.21,1.2
SO-2026-0000276,110,PROD_003369,1,1,1.4793,0.0,0.21,1.48
SO-2026-0000276,120,PROD_002490,1,1,2.4628,0.0,0.21,2.46
SO-2026-0000276,130,PROD_002347,2,2,1.9835,0.0,0.21,3.97
SO-2026-0000276,140,PROD_003477,2,2,1.1074,0.0,0.21,2.21
SO-2026-0000277,10,PROD_000503,1,1,4.9587,0.0,0.21,4.96
SO-2026-0000277,20,PROD_000547,1,1,2.1154,0.0,0.04,2.12
SO-2026-0000277,30,PROD_000306,2,2,1.281,0.0,0.21,2.56
SO-2026-0000277,40,PROD_000492,1,1,8.5537,0.0,0.21,8.55
SO-2026-0000277,50,PROD_002357,1,1,4.0496,0.0,0.21,4.05
SO-2026-0000277,60,PROD_000973,1,1,1.2562,0.0,0.21,1.26
SO-2026-0000277,70,PROD_001647,1,1,1.1983,0.0,0.21,1.2
SO-2026-0000277,80,PROD_001559,1,1,2.314,0.0,0.21,2.31
SO-2026-0000277,90,PROD_003283,1,1,1.6116,0.0,0.21,1.61
SO-2026-0000277,100,PROD_000110,3,3,1.3223,0.0,0.21,3.97
SO-2026-0000277,110,PROD_002020,1,1,4.9587,0.0,0.21,4.96
SO-2026-0000277,120,PROD_003550,3,3,1.4793,0.0,0.21,4.44
SO-2026-0000278,10,PROD_001327,2,2,1.3223,0.0,0.21,2.64
SO-2026-0000278,20,PROD_002013,1,1,1.3462,0.0,0.04,1.35
SO-2026-0000278,30,PROD_002769,2,2,2.2562,0.0,0.21,4.51
SO-2026-0000278,40,PROD_001599,1,1,2.0661,0.0,0.21,2.07
SO-2026-0000278,50,PROD_000358,1,1,1.405,0.0,0.21,1.41
SO-2026-0000278,60,PROD_003527,4,4,2.405,0.0,0.21,9.62
SO-2026-0000278,70,PROD_001916,2,2,1.3462,0.0,0.04,2.69
SO-2026-0000278,80,PROD_002054,2,2,1.2562,0.0,0.21,2.51
SO-2026-0000278,90,PROD_003510,3,3,1.7769,0.0,0.21,5.33
SO-2026-0000278,100,PROD_001264,3,3,2.6446,0.0,0.21,7.93
SO-2026-0000278,110,PROD_001084,1,1,2.3471,0.0,0.21,2.35
SO-2026-0000278,120,PROD_003418,5,5,2.405,0.0,0.21,12.02
SO-2026-0000278,130,PROD_003196,2,2,2.0661,0.0,0.21,4.13
SO-2026-0000278,140,PROD_001866,1,1,1.3223,0.0,0.21,1.32
SO-2026-0000278,150,PROD_001642,1,1,1.0577,0.0,0.04,1.06
SO-2026-0000278,160,PROD_001870,3,3,1.1157,0.0,0.21,3.35
SO-2026-0000278,170,PROD_001851,4,4,2.2397,0.0,0.21,8.96
SO-2026-0000278,180,PROD_002065,1,1,0.7438,0.0,0.21,0.74
SO-2026-0000278,190,PROD_000481,3,3,5.2893,0.0,0.21,15.87
SO-2026-0000279,10,PROD_000537,1,1,9.6281,0.0,0.21,9.63
SO-2026-0000279,20,PROD_002238,2,2,1.281,0.0,0.21,2.56
SO-2026-0000279,30,PROD_002514,2,2,2.8264,0.0,0.21,5.65
SO-2026-0000279,40,PROD_000913,3,3,3.1322,0.0,0.21,9.4
SO-2026-0000279,50,PROD_001844,1,1,1.0331,0.0,0.21,1.03
SO-2026-0000279,60,PROD_001734,5,5,0.9091,0.0,0.21,4.55
SO-2026-0000279,70,PROD_001344,1,1,3.3471,0.0,0.21,3.35
SO-2026-0000279,80,PROD_000811,1,1,3.2645,0.0,0.21,3.26
SO-2026-0000279,90,PROD_000166,2,2,2.8099,0.0,0.21,5.62
SO-2026-0000279,100,PROD_002634,1,1,2.8926,0.0,0.21,2.89
SO-2026-0000279,110,PROD_002409,3,3,1.2397,0.0,0.21,3.72
SO-2026-0000279,120,PROD_003180,2,2,2.8099,0.0,0.21,5.62
SO-2026-0000279,130,PROD_001960,1,1,2.2893,0.0,0.21,2.29
SO-2026-0000279,140,PROD_000455,1,1,0.8264,0.0,0.21,0.83
SO-2026-0000279,150,PROD_000294,3,3,1.5702,0.0,0.21,4.71
SO-2026-0000280,10,PROD_002139,2,2,0.2893,0.0,0.21,0.58
SO-2026-0000280,20,PROD_002567,3,3,1.7355,0.0,0.21,5.21
SO-2026-0000280,30,PROD_001309,1,1,5.5785,0.0,0.21,5.58
SO-2026-0000280,40,PROD_001461,1,1,1.4545,0.0,0.21,1.45
SO-2026-0000280,50,PROD_003102,1,1,3.2231,0.0,0.21,3.22
SO-2026-0000280,60,PROD_003468,1,1,0.7025,0.0,0.21,0.7
SO-2026-0000280,70,PROD_003472,2,2,1.314,0.0,0.21,2.63
SO-2026-0000280,80,PROD_001776,1,1,1.0331,0.0,0.21,1.03
SO-2026-0000280,90,PROD_001091,1,1,1.3388,0.0,0.21,1.34
SO-2026-0000280,100,PROD_001868,2,2,6.1157,0.0,0.21,12.23
SO-2026-0000281,10,PROD_000116,2,2,1.157,0.0,0.21,2.31
SO-2026-0000281,20,PROD_002145,2,2,2.1154,0.0,0.04,4.23
SO-2026-0000281,30,PROD_003154,3,3,3.2231,0.0,0.21,9.67
SO-2026-0000281,40,PROD_001017,1,1,3.2231,0.0,0.21,3.22
SO-2026-0000281,50,PROD_003446,3,3,1.9008,0.0,0.21,5.7
SO-2026-0000281,60,PROD_000495,4,1,0.3471,0.0,0.21,0.35
SO-2026-0000281,70,PROD_001922,1,1,6.9669,0.0,0.21,6.97
SO-2026-0000281,80,PROD_002954,2,2,3.2231,0.0,0.21,6.45
SO-2026-0000281,90,PROD_000568,1,1,1.0096,0.0,0.04,1.01
SO-2026-0000281,100,PROD_000593,1,1,1.7355,0.0,0.21,1.74
SO-2026-0000281,110,PROD_000477,3,3,0.5096,0.0,0.04,1.53
SO-2026-0000281,120,PROD_003169,3,3,2.5207,0.0,0.21,7.56
SO-2026-0000282,10,PROD_000093,5,5,2.1488,0.0,0.21,10.74
SO-2026-0000282,20,PROD_003619,3,3,16.0331,0.0,0.21,48.1
SO-2026-0000282,30,PROD_002518,4,4,1.3223,0.0,0.21,5.29
SO-2026-0000282,40,PROD_002769,1,1,2.2562,0.0,0.21,2.26
SO-2026-0000282,50,PROD_000168,3,3,1.9008,0.0,0.21,5.7
SO-2026-0000282,60,PROD_001926,3,3,5.6446,0.0,0.21,16.93
SO-2026-0000282,70,PROD_003621,1,1,7.8512,0.0,0.21,7.85
SO-2026-0000282,80,PROD_002783,1,1,3.2231,0.0,0.21,3.22
SO-2026-0000282,90,PROD_003518,3,3,1.7355,0.0,0.21,5.21
SO-2026-0000282,100,PROD_002905,2,2,3.3884,0.0,0.21,6.78
SO-2026-0000282,110,PROD_000637,1,1,3.5207,0.0,0.21,3.52
SO-2026-0000282,120,PROD_000459,2,2,2.3967,0.0,0.21,4.79
SO-2026-0000282,130,PROD_002935,2,2,5.7355,0.0,0.21,11.47
SO-2026-0000282,140,PROD_003565,1,1,4.5455,0.0,0.21,4.55
SO-2026-0000282,150,PROD_000617,3,3,0.8264,0.0,0.21,2.48
SO-2026-0000282,160,PROD_001382,3,3,2.1901,0.0,0.21,6.57
SO-2026-0000283,10,PROD_001093,3,3,1.3223,0.0,0.21,3.97
SO-2026-0000283,20,PROD_001526,1,1,1.405,0.0,0.21,1.41
SO-2026-0000283,30,PROD_000349,3,3,2.314,0.0,0.21,6.94
SO-2026-0000283,40,PROD_000598,1,1,1.7692,0.0,0.04,1.77
SO-2026-0000283,50,PROD_002452,1,1,2.8926,0.0,0.21,2.89
SO-2026-0000283,60,PROD_002219,2,2,4.0496,0.0,0.21,8.1
SO-2026-0000283,70,PROD_000422,1,1,1.4876,0.0,0.21,1.49
SO-2026-0000283,80,PROD_002730,1,1,0.8264,0.0,0.21,0.83
SO-2026-0000283,90,PROD_001926,2,2,5.6446,0.0,0.21,11.29
SO-2026-0000283,100,PROD_003436,2,2,0.7438,0.0,0.21,1.49
SO-2026-0000283,110,PROD_003287,5,4,2.8099,0.0,0.21,11.24
SO-2026-0000284,10,PROD_002940,2,2,1.6529,0.0,0.21,3.31
SO-2026-0000284,20,PROD_003102,1,1,3.2231,0.0,0.21,3.22
SO-2026-0000284,30,PROD_002872,2,2,1.2397,0.0,0.21,2.48
SO-2026-0000284,40,PROD_001472,1,1,9.7521,0.0,0.21,9.75
SO-2026-0000285,10,PROD_000459,2,2,2.3967,0.0,0.21,4.79
SO-2026-0000285,20,PROD_001291,4,4,1.405,0.0,0.21,5.62
SO-2026-0000285,30,PROD_003031,1,1,1.157,0.0,0.21,1.16
SO-2026-0000285,40,PROD_000681,1,1,0.9615,0.0,0.04,0.96
SO-2026-0000285,50,PROD_000405,3,3,1.4876,0.0,0.21,4.46
SO-2026-0000285,60,PROD_003353,3,3,1.281,0.0,0.21,3.84
SO-2026-0000285,70,PROD_002567,2,2,1.7355,0.0,0.21,3.47
SO-2026-0000285,80,PROD_003174,1,1,3.2231,0.0,0.21,3.22
SO-2026-0000285,90,PROD_000088,3,3,1.281,0.0,0.21,3.84
SO-2026-0000285,100,PROD_003710,1,1,1.2727,0.0,0.21,1.27
SO-2026-0000285,110,PROD_001734,2,2,0.9091,0.0,0.21,1.82
SO-2026-0000285,120,PROD_003103,2,2,1.5702,0.0,0.21,3.14
SO-2026-0000285,130,PROD_002530,2,2,3.9256,0.0,0.21,7.85
SO-2026-0000285,140,PROD_003309,1,1,1.5289,0.0,0.21,1.53
SO-2026-0000285,150,PROD_002922,1,1,3.2397,0.0,0.21,3.24
SO-2026-0000285,160,PROD_002304,8,8,0.9504,0.0,0.21,7.6
SO-2026-0000285,170,PROD_003151,1,1,3.2231,0.0,0.21,3.22
SO-2026-0000285,180,PROD_001899,5,5,0.7025,0.0,0.21,3.51
SO-2026-0000285,190,PROD_000433,1,1,1.1983,0.0,0.21,1.2
SO-2026-0000285,200,PROD_002322,1,1,4.0496,0.0,0.21,4.05
SO-2026-0000285,210,PROD_000542,4,4,4.4793,0.0,0.21,17.92
SO-2026-0000286,10,PROD_002340,1,1,8.6777,0.0,0.21,8.68
SO-2026-0000286,20,PROD_001709,2,2,4.6281,0.0,0.21,9.26
SO-2026-0000286,30,PROD_002310,2,2,5.4132,0.0,0.21,10.83
SO-2026-0000286,40,PROD_002525,1,1,2.314,0.0,0.21,2.31
SO-2026-0000286,50,PROD_000057,1,1,14.4298,0.0,0.21,14.43
SO-2026-0000286,60,PROD_003250,2,2,1.1157,0.0,0.21,2.23
SO-2026-0000286,70,PROD_001146,5,5,1.5702,0.0,0.21,7.85
SO-2026-0000287,10,PROD_003207,2,2,2.0661,0.0,0.21,4.13
SO-2026-0000287,20,PROD_000201,4,1,1.3942,0.0,0.04,1.39
SO-2026-0000287,30,PROD_001830,1,1,2.8926,0.0,0.21,2.89
SO-2026-0000288,10,PROD_001714,1,1,1.6529,0.0,0.21,1.65
SO-2026-0000288,20,PROD_000088,1,1,1.281,0.0,0.21,1.28
SO-2026-0000288,30,PROD_001332,1,1,2.5865,0.0,0.04,2.59
SO-2026-0000288,40,PROD_003387,5,4,1.0661,0.0,0.21,4.26
SO-2026-0000288,50,PROD_002277,4,4,4.1322,0.0,0.21,16.53
SO-2026-0000288,60,PROD_002174,1,1,4.2562,0.0,0.21,4.26
SO-2026-0000288,70,PROD_001414,1,1,2.9752,0.0,0.21,2.98
SO-2026-0000289,10,PROD_001616,3,3,2.0661,0.0,0.21,6.2
SO-2026-0000289,20,PROD_000380,1,1,1.3636,0.0,0.21,1.36
SO-2026-0000289,30,PROD_001785,1,1,2.5868,0.0,0.21,2.59
SO-2026-0000289,40,PROD_000625,3,3,1.6116,0.0,0.21,4.83
SO-2026-0000289,50,PROD_001306,7,7,2.1157,0.0,0.21,14.81
SO-2026-0000290,10,PROD_000939,5,5,1.5702,0.0,0.21,7.85
SO-2026-0000290,20,PROD_002238,4,4,1.281,0.0,0.21,5.12
SO-2026-0000290,30,PROD_000386,3,3,2.4132,0.0,0.21,7.24
SO-2026-0000290,40,PROD_000396,5,5,0.7025,0.0,0.21,3.51
SO-2026-0000290,50,PROD_000676,1,1,1.3636,0.0,0.1,1.36
SO-2026-0000290,60,PROD_000501,2,2,2.1488,0.0,0.21,4.3
SO-2026-0000290,70,PROD_002250,6,6,1.3802,0.0,0.21,8.28
SO-2026-0000291,10,PROD_000865,1,1,1.9231,0.0,0.04,1.92
SO-2026-0000291,20,PROD_003476,3,3,1.2893,0.0,0.21,3.87
SO-2026-0000291,30,PROD_003424,4,4,1.1983,0.0,0.21,4.79
SO-2026-0000291,40,PROD_002630,1,1,2.3967,0.0,0.21,2.4
SO-2026-0000291,50,PROD_003574,1,1,10.281,0.0,0.21,10.28
SO-2026-0000291,60,PROD_002300,3,3,0.9917,0.0,0.21,2.98
SO-2026-0000291,70,PROD_003052,1,1,1.9008,0.0,0.21,1.9
SO-2026-0000291,80,PROD_003622,3,3,4.5455,0.0,0.21,13.64
SO-2026-0000291,90,PROD_003275,4,4,0.7355,0.0,0.21,2.94
SO-2026-0000291,100,PROD_000251,1,1,1.9231,0.0,0.04,1.92
SO-2026-0000291,110,PROD_002115,1,1,2.7686,0.0,0.21,2.77
SO-2026-0000291,120,PROD_003087,2,2,1.7355,0.0,0.21,3.47
SO-2026-0000291,130,PROD_002452,1,1,2.8926,0.0,0.21,2.89
SO-2026-0000291,140,PROD_000206,4,4,12.2727,0.0,0.21,49.09
SO-2026-0000291,150,PROD_001236,2,2,2.314,0.0,0.21,4.63
SO-2026-0000291,160,PROD_003656,1,1,0.9917,0.0,0.21,0.99
SO-2026-0000291,170,PROD_002387,1,1,0.843,0.0,0.21,0.84
SO-2026-0000291,180,PROD_003577,1,1,5.5455,0.0,0.21,5.55
SO-2026-0000291,190,PROD_002935,1,1,5.7355,0.0,0.21,5.74
SO-2026-0000291,200,PROD_002384,3,3,1.1157,0.0,0.21,3.35
SO-2026-0000291,210,PROD_000232,1,1,0.9091,0.0,0.21,0.91
SO-2026-0000291,220,PROD_001388,2,2,4.2149,0.0,0.21,8.43
SO-2026-0000291,230,PROD_000168,1,1,1.9008,0.0,0.21,1.9
SO-2026-0000291,240,PROD_003555,4,4,0.9504,0.0,0.21,3.8
SO-2026-0000291,250,PROD_001237,4,4,1.9917,0.0,0.21,7.97
SO-2026-0000292,10,PROD_000212,1,1,2.2727,0.0,0.21,2.27
SO-2026-0000292,20,PROD_000393,3,3,1.3636,0.0,0.21,4.09
SO-2026-0000292,30,PROD_002471,1,1,0.8264,0.0,0.21,0.83
SO-2026-0000292,40,PROD_000220,4,4,0.9917,0.0,0.21,3.97
SO-2026-0000292,50,PROD_002290,2,2,1.2397,0.0,0.21,2.48
SO-2026-0000292,60,PROD_001919,4,4,2.4545,0.0,0.21,9.82
SO-2026-0000292,70,PROD_000810,1,1,1.4231,0.0,0.04,1.42
SO-2026-0000292,80,PROD_001487,1,1,1.0,0.0,0.21,1.0
SO-2026-0000292,90,PROD_002888,3,3,1.3636,0.0,0.21,4.09
SO-2026-0000292,100,PROD_001757,7,7,2.3967,0.0,0.21,16.78
SO-2026-0000292,110,PROD_002151,5,5,1.7355,0.0,0.21,8.68
SO-2026-0000293,10,PROD_000241,1,1,1.1818,0.0,0.21,1.18
SO-2026-0000293,20,PROD_001341,2,2,1.7603,0.0,0.21,3.52
SO-2026-0000293,30,PROD_000392,2,2,1.1538,0.0,0.04,2.31
SO-2026-0000293,40,PROD_001021,1,1,0.8182,0.0,0.21,0.82
SO-2026-0000293,50,PROD_001227,3,3,1.0992,0.0,0.21,3.3
SO-2026-0000294,10,PROD_002285,2,2,1.7273,0.0,0.21,3.45
SO-2026-0000294,20,PROD_002676,3,3,3.2231,0.0,0.21,9.67
SO-2026-0000294,30,PROD_002737,1,1,0.9917,0.0,0.21,0.99
SO-2026-0000294,40,PROD_003082,1,1,2.7273,0.0,0.21,2.73
SO-2026-0000294,50,PROD_000089,2,2,0.7438,0.0,0.21,1.49
SO-2026-0000294,60,PROD_003090,1,1,3.2231,0.0,0.21,3.22
SO-2026-0000294,70,PROD_003425,3,3,2.6281,0.0,0.21,7.88
SO-2026-0000295,10,PROD_002682,3,3,12.1405,0.0,0.21,36.42
SO-2026-0000296,10,PROD_001217,1,1,0.7692,0.0,0.04,0.77
SO-2026-0000296,20,PROD_000851,3,3,0.9091,0.0,0.21,2.73
SO-2026-0000296,30,PROD_000409,2,2,2.2314,0.0,0.21,4.46
SO-2026-0000296,40,PROD_000442,1,1,2.1405,0.0,0.21,2.14
SO-2026-0000296,50,PROD_002638,1,1,2.0661,0.0,0.21,2.07
SO-2026-0000296,60,PROD_001768,1,1,2.7438,0.0,0.21,2.74
SO-2026-0000296,70,PROD_000575,1,1,2.3554,0.0,0.21,2.36
SO-2026-0000297,10,PROD_000052,1,1,0.6198,0.0,0.21,0.62
SO-2026-0000297,20,PROD_000575,1,1,2.3554,0.0,0.21,2.36
SO-2026-0000297,30,PROD_002951,1,1,2.6033,0.0,0.21,2.6
SO-2026-0000297,40,PROD_002350,1,1,5.4132,0.0,0.21,5.41
SO-2026-0000298,10,PROD_002199,3,3,1.375,0.0,0.04,4.12
SO-2026-0000298,20,PROD_001934,1,1,3.2645,0.0,0.21,3.26
SO-2026-0000298,30,PROD_000509,1,1,2.6446,0.0,0.21,2.64
SO-2026-0000298,40,PROD_001067,1,1,0.2893,0.0,0.21,0.29
SO-2026-0000298,50,PROD_000155,3,3,5.8017,0.0,0.21,17.41
SO-2026-0000299,10,PROD_001316,6,6,2.3388,0.0,0.21,14.03
SO-2026-0000299,20,PROD_002226,1,1,1.7885,0.0,0.04,1.79
SO-2026-0000299,30,PROD_002188,1,1,5.3388,0.0,0.21,5.34
SO-2026-0000299,40,PROD_002355,1,1,2.5207,0.0,0.21,2.52
SO-2026-0000299,50,PROD_001295,1,1,5.3719,0.0,0.21,5.37
SO-2026-0000299,60,PROD_002002,4,4,1.0331,0.0,0.21,4.13
SO-2026-0000299,70,PROD_000559,5,2,1.2562,0.0,0.21,2.51
SO-2026-0000299,80,PROD_003502,5,4,1.5289,0.0,0.21,6.12
SO-2026-0000300,10,PROD_001904,1,1,8.0992,0.0,0.21,8.1
SO-2026-0000300,20,PROD_002764,1,1,1.7355,0.0,0.21,1.74
SO-2026-0000300,30,PROD_002432,4,4,8.9174,0.0,0.21,35.67
SO-2026-0000301,10,PROD_000817,1,1,1.3462,0.0,0.04,1.35
SO-2026-0000301,20,PROD_000393,1,1,1.3636,0.0,0.21,1.36
SO-2026-0000301,30,PROD_003202,1,1,4.9917,0.0,0.21,4.99
SO-2026-0000301,40,PROD_001778,4,4,1.405,0.0,0.21,5.62
SO-2026-0000301,50,PROD_003357,3,3,1.8678,0.0,0.21,5.6
SO-2026-0000301,60,PROD_001350,1,1,8.0769,0.0,0.04,8.08
SO-2026-0000301,70,PROD_002752,2,2,3.2231,0.0,0.21,6.45
SO-2026-0000301,80,PROD_003724,2,2,1.3967,0.0,0.21,2.79
SO-2026-0000301,90,PROD_001213,1,1,2.8512,0.0,0.21,2.85
SO-2026-0000301,100,PROD_002100,6,6,17.4132,0.0,0.21,104.48
SO-2026-0000302,10,PROD_001917,4,4,5.1653,0.0,0.21,20.66
SO-2026-0000303,10,PROD_000439,1,1,4.0496,0.0,0.21,4.05
SO-2026-0000303,20,PROD_000304,2,2,2.314,0.0,0.21,4.63
SO-2026-0000303,30,PROD_002129,2,2,3.2645,0.0,0.21,6.53
SO-2026-0000303,40,PROD_000601,1,1,1.157,0.0,0.21,1.16
SO-2026-0000303,50,PROD_000895,1,1,0.7025,0.0,0.21,0.7
SO-2026-0000303,60,PROD_000472,1,1,4.6198,0.0,0.21,4.62
SO-2026-0000303,70,PROD_000029,1,1,2.6446,0.0,0.21,2.64
SO-2026-0000303,80,PROD_000328,1,1,1.281,0.0,0.21,1.28
SO-2026-0000303,90,PROD_001167,5,5,1.3636,0.0,0.21,6.82
SO-2026-0000303,100,PROD_002279,6,4,2.562,0.0,0.21,10.25
SO-2026-0000304,10,PROD_002734,1,1,3.2231,0.0,0.21,3.22
SO-2026-0000304,20,PROD_002468,1,1,1.5124,0.0,0.21,1.51
SO-2026-0000304,30,PROD_003105,2,2,1.6116,0.0,0.21,3.22
SO-2026-0000304,40,PROD_000439,1,1,4.0496,0.0,0.21,4.05
SO-2026-0000304,50,PROD_001401,3,3,2.7273,0.0,0.21,8.18
SO-2026-0000304,60,PROD_001412,2,2,5.3306,0.0,0.21,10.66
SO-2026-0000304,70,PROD_003415,1,1,0.9421,0.0,0.21,0.94
SO-2026-0000304,80,PROD_003089,1,1,3.4711,0.0,0.21,3.47
SO-2026-0000304,90,PROD_002730,1,1,0.8264,0.0,0.21,0.83
SO-2026-0000304,100,PROD_001756,1,1,0.9091,0.0,0.21,0.91
SO-2026-0000304,110,PROD_002019,1,1,6.3058,0.0,0.21,6.31
SO-2026-0000304,120,PROD_000459,1,1,2.3967,0.0,0.21,2.4
SO-2026-0000304,130,PROD_002642,1,1,3.2231,0.0,0.21,3.22
SO-2026-0000304,140,PROD_001932,1,1,1.2397,0.0,0.21,1.24
SO-2026-0000304,150,PROD_000999,1,1,0.5785,0.0,0.21,0.58
SO-2026-0000304,160,PROD_002089,5,5,2.2314,0.0,0.21,11.16
SO-2026-0000305,10,PROD_002194,2,2,1.1154,0.0,0.04,2.23
SO-2026-0000305,20,PROD_000653,1,1,1.3636,0.0,0.21,1.36
SO-2026-0000305,30,PROD_003328,2,2,2.6612,0.0,0.21,5.32
SO-2026-0000305,40,PROD_003007,2,2,1.1983,0.0,0.21,2.4
SO-2026-0000305,50,PROD_003357,4,4,1.8678,0.0,0.21,7.47
SO-2026-0000306,10,PROD_002670,3,3,1.6116,0.0,0.21,4.83
SO-2026-0000306,20,PROD_001328,3,3,5.7438,0.0,0.21,17.23
SO-2026-0000306,30,PROD_002828,3,3,2.0661,0.0,0.21,6.2
SO-2026-0000306,40,PROD_000949,3,3,5.6033,0.0,0.21,16.81
SO-2026-0000307,10,PROD_000702,2,2,2.0661,0.0,0.21,4.13
SO-2026-0000307,20,PROD_001821,2,2,3.1405,0.0,0.21,6.28
SO-2026-0000307,30,PROD_001252,4,4,2.686,0.0,0.21,10.74
SO-2026-0000307,40,PROD_001983,4,4,1.8595,0.0,0.21,7.44
SO-2026-0000308,10,PROD_000872,1,1,1.281,0.0,0.21,1.28
SO-2026-0000308,20,PROD_003477,4,4,1.1074,0.0,0.21,4.43
SO-2026-0000308,30,PROD_002946,5,5,1.6529,0.0,0.21,8.26
SO-2026-0000308,40,PROD_001146,1,1,1.5702,0.0,0.21,1.57
SO-2026-0000308,50,PROD_001813,3,3,1.5207,0.0,0.21,4.56
SO-2026-0000309,10,PROD_002730,1,1,0.8264,0.0,0.21,0.83
SO-2026-0000309,20,PROD_002414,5,5,2.314,0.0,0.21,11.57
SO-2026-0000309,30,PROD_000939,6,6,1.5702,0.0,0.21,9.42
SO-2026-0000309,40,PROD_000065,3,3,1.9421,0.0,0.21,5.83
SO-2026-0000309,50,PROD_002267,2,2,0.9615,0.0,0.04,1.92
SO-2026-0000309,60,PROD_003527,5,5,2.405,0.0,0.21,12.02
SO-2026-0000309,70,PROD_000820,1,1,0.9091,0.0,0.21,0.91
SO-2026-0000309,80,PROD_000115,2,2,1.0962,0.0,0.04,2.19
SO-2026-0000309,90,PROD_002425,1,1,1.3636,0.0,0.21,1.36
SO-2026-0000310,10,PROD_001794,3,3,1.7769,0.0,0.21,5.33
SO-2026-0000310,20,PROD_001780,2,2,1.7355,0.0,0.21,3.47
SO-2026-0000310,30,PROD_000447,1,1,1.4712,0.0,0.04,1.47
SO-2026-0000310,40,PROD_001528,1,1,5.8678,0.0,0.21,5.87
SO-2026-0000310,50,PROD_001818,1,1,11.405,0.0,0.21,11.4
SO-2026-0000311,10,PROD_000200,1,1,4.314,0.0,0.21,4.31
SO-2026-0000311,20,PROD_002658,1,1,2.1901,0.0,0.21,2.19
SO-2026-0000311,30,PROD_001210,2,2,3.1818,0.0,0.21,6.36
SO-2026-0000311,40,PROD_000697,2,2,4.5455,0.0,0.21,9.09
SO-2026-0000311,50,PROD_000536,1,1,1.405,0.0,0.21,1.41
SO-2026-0000311,60,PROD_002434,2,2,3.876,0.0,0.21,7.75
SO-2026-0000311,70,PROD_001503,2,2,1.0331,0.0,0.21,2.07
SO-2026-0000311,80,PROD_001884,1,1,4.0496,0.0,0.21,4.05
SO-2026-0000311,90,PROD_002246,1,1,2.686,0.0,0.21,2.69
SO-2026-0000311,100,PROD_001326,1,1,0.9917,0.0,0.21,0.99
SO-2026-0000311,110,PROD_002322,1,1,4.0496,0.0,0.21,4.05
SO-2026-0000311,120,PROD_001224,3,3,2.562,0.0,0.21,7.69
SO-2026-0000312,10,PROD_002284,1,1,2.8099,0.0,0.21,2.81
SO-2026-0000312,20,PROD_002709,1,1,2.4793,0.0,0.21,2.48
SO-2026-0000312,30,PROD_001223,5,5,1.281,0.0,0.21,6.4
SO-2026-0000312,40,PROD_001994,1,1,1.4423,0.0,0.04,1.44
SO-2026-0000312,50,PROD_001106,2,2,1.6116,0.0,0.21,3.22
SO-2026-0000312,60,PROD_000547,1,1,2.1154,0.0,0.04,2.12
SO-2026-0000312,70,PROD_003058,1,1,1.4876,0.0,0.21,1.49
SO-2026-0000312,80,PROD_003050,6,6,1.9835,0.0,0.21,11.9
SO-2026-0000312,90,PROD_000852,3,3,1.9008,0.0,0.21,5.7
SO-2026-0000312,100,PROD_001845,3,3,1.5702,0.0,0.21,4.71
SO-2026-0000313,10,PROD_001132,3,3,1.7355,0.0,0.21,5.21
SO-2026-0000313,20,PROD_001446,1,1,3.719,0.0,0.21,3.72
SO-2026-0000313,30,PROD_001647,4,4,1.1983,0.0,0.21,4.79
SO-2026-0000313,40,PROD_002188,3,3,5.3388,0.0,0.21,16.02
SO-2026-0000313,50,PROD_001858,1,1,2.6694,0.0,0.21,2.67
SO-2026-0000313,60,PROD_000697,2,2,4.5455,0.0,0.21,9.09
SO-2026-0000313,70,PROD_003351,1,1,2.4628,0.0,0.21,2.46
SO-2026-0000313,80,PROD_002013,6,6,1.3462,0.0,0.04,8.08
SO-2026-0000313,90,PROD_003419,3,3,1.7355,0.0,0.21,5.21
SO-2026-0000314,10,PROD_001129,4,3,1.405,0.0,0.21,4.21
SO-2026-0000314,20,PROD_001675,2,1,1.719,0.0,0.21,1.72
SO-2026-0000314,30,PROD_000776,3,3,1.5289,0.0,0.21,4.59
SO-2026-0000314,40,PROD_003310,2,1,3.3058,0.0,0.21,3.31
SO-2026-0000314,50,PROD_000420,2,2,1.438,0.0,0.21,2.88
SO-2026-0000314,60,PROD_000322,2,2,5.8678,0.0,0.21,11.74
SO-2026-0000314,70,PROD_000619,1,1,6.3554,0.0,0.21,6.36
SO-2026-0000314,80,PROD_000315,1,1,2.3554,0.0,0.21,2.36
SO-2026-0000314,90,PROD_001138,1,1,2.2066,0.0,0.21,2.21
SO-2026-0000314,100,PROD_001391,5,3,4.0909,0.0,0.21,12.27
SO-2026-0000314,110,PROD_003477,1,1,1.1074,0.0,0.21,1.11
SO-2026-0000315,10,PROD_002596,5,5,4.9917,0.0,0.21,24.96
SO-2026-0000315,20,PROD_001561,2,2,1.3636,0.0,0.21,2.73
SO-2026-0000315,30,PROD_000128,3,3,16.6364,0.0,0.21,49.91
SO-2026-0000316,10,PROD_001505,4,4,1.6529,0.0,0.21,6.61
SO-2026-0000316,20,PROD_000871,1,1,1.6116,0.0,0.21,1.61
SO-2026-0000316,30,PROD_000624,1,1,1.5702,0.0,0.21,1.57
SO-2026-0000316,40,PROD_002358,1,1,7.8512,0.0,0.21,7.85
SO-2026-0000316,50,PROD_000485,1,1,13.157,0.0,0.21,13.16
SO-2026-0000316,60,PROD_002232,2,2,1.5289,0.0,0.21,3.06
SO-2026-0000316,70,PROD_003366,2,2,2.8926,0.0,0.21,5.79
SO-2026-0000316,80,PROD_000398,2,2,1.3636,0.0,0.21,2.73
SO-2026-0000316,90,PROD_000681,2,2,0.9615,0.0,0.04,1.92
SO-2026-0000317,10,PROD_002718,1,1,3.2231,0.0,0.21,3.22
SO-2026-0000317,20,PROD_001319,3,3,5.6446,0.0,0.21,16.93
SO-2026-0000317,30,PROD_002530,3,3,3.9256,0.0,0.21,11.78
SO-2026-0000317,40,PROD_000091,1,1,2.6446,0.0,0.21,2.64
SO-2026-0000317,50,PROD_001882,1,1,2.0192,0.0,0.04,2.02
SO-2026-0000317,60,PROD_003454,5,5,2.3967,0.0,0.21,11.98
SO-2026-0000317,70,PROD_003622,1,1,4.5455,0.0,0.21,4.55
SO-2026-0000317,80,PROD_003130,1,1,3.3058,0.0,0.21,3.31
SO-2026-0000317,90,PROD_003579,2,2,5.5455,0.0,0.21,11.09
SO-2026-0000317,100,PROD_003137,1,1,3.2231,0.0,0.21,3.22
SO-2026-0000317,110,PROD_000186,1,1,3.5124,0.0,0.21,3.51
SO-2026-0000317,120,PROD_002259,3,3,1.281,0.0,0.21,3.84
SO-2026-0000317,130,PROD_001702,1,1,2.6446,0.0,0.21,2.64
SO-2026-0000317,140,PROD_000727,1,1,3.2231,0.0,0.21,3.22
SO-2026-0000317,150,PROD_002610,3,3,3.2397,0.0,0.21,9.72
SO-2026-0000318,10,PROD_001716,2,2,4.0496,0.0,0.21,8.1
SO-2026-0000318,20,PROD_002016,2,2,4.0413,0.0,0.21,8.08
SO-2026-0000318,30,PROD_001938,3,3,0.1901,0.0,0.21,0.57
SO-2026-0000318,40,PROD_000726,2,2,3.2231,0.0,0.21,6.45
SO-2026-0000318,50,PROD_003323,5,5,0.9917,0.0,0.21,4.96
SO-2026-0000318,60,PROD_000176,1,1,2.8512,0.0,0.21,2.85
SO-2026-0000318,70,PROD_003517,3,3,1.405,0.0,0.21,4.21
SO-2026-0000318,80,PROD_001816,4,4,1.157,0.0,0.21,4.63
SO-2026-0000318,90,PROD_003712,2,2,2.8099,0.0,0.21,5.62
SO-2026-0000319,10,PROD_001613,1,1,2.3967,0.0,0.21,2.4
SO-2026-0000319,20,PROD_003075,1,1,1.0744,0.0,0.21,1.07
SO-2026-0000319,30,PROD_002144,3,3,1.7355,0.0,0.21,5.21
SO-2026-0000319,40,PROD_002040,7,7,1.9835,0.0,0.21,13.88
SO-2026-0000319,50,PROD_001324,1,1,0.7025,0.0,0.21,0.7
SO-2026-0000319,60,PROD_000895,3,3,0.7025,0.0,0.21,2.11
SO-2026-0000319,70,PROD_003669,1,1,0.7025,0.0,0.21,0.7
SO-2026-0000319,80,PROD_001748,2,2,1.3223,0.0,0.21,2.64
SO-2026-0000319,90,PROD_001526,2,2,1.405,0.0,0.21,2.81
SO-2026-0000319,100,PROD_002241,2,2,1.2645,0.0,0.21,2.53
SO-2026-0000319,110,PROD_003671,5,5,1.157,0.0,0.21,5.79
SO-2026-0000319,120,PROD_002143,1,1,0.2893,0.0,0.21,0.29
SO-2026-0000319,130,PROD_001683,1,1,0.8678,0.0,0.21,0.87
SO-2026-0000319,140,PROD_000610,4,4,3.876,0.0,0.21,15.5
SO-2026-0000320,10,PROD_001233,1,1,1.0083,0.0,0.21,1.01
SO-2026-0000320,20,PROD_002747,2,2,2.7686,0.0,0.21,5.54
SO-2026-0000320,30,PROD_000689,1,1,2.7686,0.0,0.21,2.77
SO-2026-0000320,40,PROD_002410,2,2,1.4132,0.0,0.21,2.83
SO-2026-0000320,50,PROD_000527,1,1,0.6731,0.0,0.04,0.67
SO-2026-0000320,60,PROD_001567,1,1,2.1901,0.0,0.21,2.19
SO-2026-0000320,70,PROD_000608,1,1,0.9091,0.0,0.21,0.91
SO-2026-0000320,80,PROD_002987,1,1,2.7686,0.0,0.21,2.77
SO-2026-0000320,90,PROD_000416,1,1,1.6446,0.0,0.21,1.64
SO-2026-0000320,100,PROD_000204,6,6,4.6612,0.0,0.21,27.97
SO-2026-0000321,10,PROD_000716,4,4,1.0744,0.0,0.21,4.3
SO-2026-0000321,20,PROD_003341,6,6,3.1405,0.0,0.21,18.84
SO-2026-0000321,30,PROD_003324,1,1,1.3058,0.0,0.21,1.31
SO-2026-0000321,40,PROD_002540,3,3,1.2019,0.0,0.04,3.61
SO-2026-0000321,50,PROD_003359,3,3,1.1157,0.0,0.21,3.35
SO-2026-0000321,60,PROD_003088,1,1,5.7355,0.0,0.21,5.74
SO-2026-0000321,70,PROD_001378,5,5,1.9835,0.0,0.21,9.92
SO-2026-0000321,80,PROD_001983,2,2,1.8595,0.0,0.21,3.72
SO-2026-0000321,90,PROD_000459,1,1,2.3967,0.0,0.21,2.4
SO-2026-0000321,100,PROD_000192,3,3,5.9587,0.0,0.21,17.88
SO-2026-0000321,110,PROD_003248,6,6,2.0661,0.0,0.21,12.4
SO-2026-0000321,120,PROD_000032,3,3,5.6612,0.0,0.21,16.98
SO-2026-0000321,130,PROD_002693,1,1,1.6529,0.0,0.21,1.65
SO-2026-0000321,140,PROD_000856,1,1,1.9135,0.0,0.04,1.91
SO-2026-0000321,150,PROD_000451,2,2,2.4793,0.0,0.21,4.96
SO-2026-0000321,160,PROD_002544,2,2,8.0,0.0,0.1,16.0
SO-2026-0000321,170,PROD_002065,1,1,0.7438,0.0,0.21,0.74
SO-2026-0000321,180,PROD_003578,1,1,21.9008,0.0,0.21,21.9
SO-2026-0000322,10,PROD_001378,2,2,1.9835,0.0,0.21,3.97
SO-2026-0000322,20,PROD_001540,1,1,0.7438,0.0,0.21,0.74
SO-2026-0000322,30,PROD_000499,1,1,2.3182,0.0,0.1,2.32
SO-2026-0000322,40,PROD_000778,2,2,10.124,0.0,0.21,20.25
SO-2026-0000322,50,PROD_001317,1,1,2.2314,0.0,0.21,2.23
SO-2026-0000322,60,PROD_003437,4,4,3.3058,0.0,0.21,13.22
SO-2026-0000322,70,PROD_000776,4,4,1.5289,0.0,0.21,6.12
SO-2026-0000322,80,PROD_001167,1,1,1.3636,0.0,0.21,1.36
SO-2026-0000322,90,PROD_000497,1,1,6.8182,0.0,0.21,6.82
SO-2026-0000322,100,PROD_001937,3,3,1.281,0.0,0.21,3.84
SO-2026-0000322,110,PROD_000650,2,2,0.9091,0.0,0.21,1.82
SO-2026-0000322,120,PROD_002561,2,2,2.6033,0.0,0.21,5.21
SO-2026-0000322,130,PROD_000646,2,2,2.438,0.0,0.21,4.88
SO-2026-0000322,140,PROD_000570,2,2,0.3306,0.0,0.21,0.66
SO-2026-0000322,150,PROD_000886,2,2,1.4876,0.0,0.21,2.98
SO-2026-0000322,160,PROD_000637,1,1,3.5207,0.0,0.21,3.52
SO-2026-0000323,10,PROD_003165,1,1,1.9835,0.0,0.21,1.98
SO-2026-0000323,20,PROD_001974,2,2,0.9504,0.0,0.21,1.9
SO-2026-0000323,30,PROD_000168,2,2,1.9008,0.0,0.21,3.8
SO-2026-0000323,40,PROD_003250,1,1,1.1157,0.0,0.21,1.12
SO-2026-0000323,50,PROD_002559,1,1,1.1157,0.0,0.21,1.12
SO-2026-0000324,10,PROD_000935,2,2,1.4298,0.0,0.21,2.86
SO-2026-0000324,20,PROD_000688,1,1,3.8017,0.0,0.21,3.8
SO-2026-0000324,30,PROD_000241,1,1,1.1818,0.0,0.21,1.18
SO-2026-0000324,40,PROD_001888,5,5,7.9091,0.0,0.21,39.55
SO-2026-0000324,50,PROD_002101,3,3,6.6116,0.0,0.21,19.83
SO-2026-0000325,10,PROD_000941,2,2,2.7438,0.0,0.21,5.49
SO-2026-0000325,20,PROD_002656,3,3,1.157,0.0,0.21,3.47
SO-2026-0000325,30,PROD_002824,1,1,0.7438,0.0,0.21,0.74
SO-2026-0000325,40,PROD_003063,6,6,3.2231,0.0,0.21,19.34
SO-2026-0000326,10,PROD_000919,1,1,2.8099,0.0,0.21,2.81
SO-2026-0000326,20,PROD_000112,1,1,1.5372,0.0,0.21,1.54
SO-2026-0000326,30,PROD_000106,1,1,6.5289,0.0,0.21,6.53
SO-2026-0000326,40,PROD_000195,1,1,2.7438,0.0,0.21,2.74
SO-2026-0000326,50,PROD_002093,2,2,0.9091,0.0,0.21,1.82
SO-2026-0000326,60,PROD_003468,5,5,0.7025,0.0,0.21,3.51
SO-2026-0000327,10,PROD_001036,1,1,1.281,0.0,0.21,1.28
SO-2026-0000327,20,PROD_002369,1,1,0.8264,0.0,0.21,0.83
SO-2026-0000327,30,PROD_000051,1,1,1.0744,0.0,0.21,1.07
SO-2026-0000327,40,PROD_000625,2,2,1.6116,0.0,0.21,3.22
SO-2026-0000327,50,PROD_001187,3,3,2.562,0.0,0.21,7.69
SO-2026-0000327,60,PROD_000520,1,1,3.4628,0.0,0.21,3.46
SO-2026-0000327,70,PROD_000478,3,3,11.3388,0.0,0.21,34.02
SO-2026-0000328,10,PROD_001378,3,2,1.9835,0.0,0.21,3.97
SO-2026-0000328,20,PROD_001095,3,3,2.2231,0.0,0.21,6.67
SO-2026-0000328,30,PROD_003161,2,2,3.9669,0.0,0.21,7.93
SO-2026-0000328,40,PROD_002031,1,1,1.6116,0.0,0.21,1.61
SO-2026-0000328,50,PROD_001812,1,1,0.9917,0.0,0.21,0.99
SO-2026-0000328,60,PROD_001334,3,3,1.2562,0.0,0.21,3.77
SO-2026-0000328,70,PROD_002119,2,2,4.9174,0.0,0.21,9.83
SO-2026-0000328,80,PROD_000268,3,1,1.405,0.0,0.21,1.41
SO-2026-0000328,90,PROD_000916,2,2,0.9917,0.0,0.21,1.98
SO-2026-0000328,100,PROD_000697,1,1,4.5455,0.0,0.21,4.55
SO-2026-0000328,110,PROD_001941,1,1,3.124,0.0,0.21,3.12
SO-2026-0000328,120,PROD_001638,3,3,0.9504,0.0,0.21,2.85
SO-2026-0000329,10,PROD_001372,1,1,1.5289,0.0,0.21,1.53
SO-2026-0000329,20,PROD_000103,1,1,2.438,0.0,0.21,2.44
SO-2026-0000329,30,PROD_001917,1,1,5.1653,0.0,0.21,5.17
SO-2026-0000329,40,PROD_001116,3,3,1.5289,0.0,0.21,4.59
SO-2026-0000329,50,PROD_000996,2,2,0.9421,0.0,0.21,1.88
SO-2026-0000329,60,PROD_000093,3,3,2.1488,0.0,0.21,6.45
SO-2026-0000329,70,PROD_003449,4,4,2.8099,0.0,0.21,11.24
SO-2026-0000330,10,PROD_001109,1,1,2.1901,0.0,0.21,2.19
SO-2026-0000330,20,PROD_001769,1,1,0.8512,0.0,0.21,0.85
SO-2026-0000330,30,PROD_000422,2,2,1.4876,0.0,0.21,2.98
SO-2026-0000330,40,PROD_003705,1,1,1.3223,0.0,0.21,1.32
SO-2026-0000330,50,PROD_001974,1,1,0.9504,0.0,0.21,0.95
SO-2026-0000330,60,PROD_000709,1,1,3.3058,0.0,0.21,3.31
SO-2026-0000330,70,PROD_001344,5,5,3.3471,0.0,0.21,16.74
SO-2026-0000331,10,PROD_001810,1,1,0.9504,0.0,0.21,0.95
SO-2026-0000331,20,PROD_001244,1,1,2.0661,0.0,0.21,2.07
SO-2026-0000331,30,PROD_002506,1,1,8.8347,0.0,0.21,8.83
SO-2026-0000331,40,PROD_001946,3,3,0.2645,0.0,0.21,0.79
SO-2026-0000331,50,PROD_002386,2,2,3.157,0.0,0.21,6.31
SO-2026-0000331,60,PROD_001517,2,2,9.3818,0.0,0.1,18.76
SO-2026-0000332,10,PROD_000552,1,1,1.6116,0.0,0.21,1.61
SO-2026-0000332,20,PROD_003454,5,5,2.3967,0.0,0.21,11.98
SO-2026-0000332,30,PROD_000789,6,6,1.3223,0.0,0.21,7.93
SO-2026-0000332,40,PROD_002144,1,1,1.7355,0.0,0.21,1.74
SO-2026-0000332,50,PROD_001889,2,2,1.4876,0.0,0.21,2.98
SO-2026-0000332,60,PROD_002224,1,1,0.9504,0.0,0.21,0.95
SO-2026-0000332,70,PROD_002115,1,1,2.7686,0.0,0.21,2.77
SO-2026-0000332,80,PROD_000551,5,5,1.4463,0.0,0.21,7.23
SO-2026-0000332,90,PROD_002983,1,1,1.6529,0.0,0.21,1.65
SO-2026-0000332,100,PROD_000747,2,2,3.2231,0.0,0.21,6.45
SO-2026-0000332,110,PROD_003342,4,4,5.1653,0.0,0.21,20.66
SO-2026-0000333,10,PROD_001917,2,2,5.1653,0.0,0.21,10.33
SO-2026-0000333,20,PROD_000776,6,6,1.5289,0.0,0.21,9.17
SO-2026-0000334,10,PROD_001266,2,2,1.1736,0.0,0.21,2.35
SO-2026-0000334,20,PROD_002923,2,2,3.2231,0.0,0.21,6.45
SO-2026-0000334,30,PROD_003664,2,2,2.562,0.0,0.21,5.12
SO-2026-0000334,40,PROD_002159,1,1,2.0661,0.0,0.21,2.07
SO-2026-0000334,50,PROD_000162,2,2,0.4711,0.0,0.21,0.94
SO-2026-0000334,60,PROD_000350,3,3,1.281,0.0,0.21,3.84
SO-2026-0000334,70,PROD_001771,4,4,2.8512,0.0,0.21,11.4
SO-2026-0000334,80,PROD_003420,1,1,0.6198,0.0,0.21,0.62
SO-2026-0000334,90,PROD_000850,4,4,0.8264,0.0,0.21,3.31
SO-2026-0000335,10,PROD_001769,2,2,0.8512,0.0,0.21,1.7
SO-2026-0000335,20,PROD_000102,5,5,3.0331,0.0,0.21,15.17
SO-2026-0000336,10,PROD_003113,1,1,2.2727,0.0,0.21,2.27
SO-2026-0000336,20,PROD_002593,3,3,3.0826,0.0,0.21,9.25
SO-2026-0000336,30,PROD_003404,1,1,3.9669,0.0,0.21,3.97
SO-2026-0000336,40,PROD_003425,2,2,2.6281,0.0,0.21,5.26
SO-2026-0000336,50,PROD_002540,3,3,1.2019,0.0,0.04,3.61
SO-2026-0000336,60,PROD_002616,2,2,1.5702,0.0,0.21,3.14
SO-2026-0000336,70,PROD_000197,4,4,3.1818,0.0,0.1,12.73
SO-2026-0000336,80,PROD_001461,1,1,1.4545,0.0,0.21,1.45
SO-2026-0000336,90,PROD_000090,2,2,1.6116,0.0,0.21,3.22
SO-2026-0000336,100,PROD_000520,2,2,3.4628,0.0,0.21,6.93
SO-2026-0000336,110,PROD_003451,1,1,1.281,0.0,0.21,1.28
SO-2026-0000336,120,PROD_000420,1,1,1.438,0.0,0.21,1.44
SO-2026-0000337,10,PROD_001236,1,1,2.314,0.0,0.21,2.31
SO-2026-0000337,20,PROD_001175,1,1,3.0165,0.0,0.21,3.02
SO-2026-0000337,30,PROD_000875,2,2,1.2893,0.0,0.21,2.58
SO-2026-0000337,40,PROD_002935,2,2,5.7355,0.0,0.21,11.47
SO-2026-0000337,50,PROD_002188,2,2,5.3388,0.0,0.21,10.68
SO-2026-0000337,60,PROD_001767,1,1,1.5289,0.0,0.21,1.53
SO-2026-0000337,70,PROD_002743,1,1,1.0744,0.0,0.21,1.07
SO-2026-0000337,80,PROD_002463,4,1,4.2479,0.0,0.21,4.25
SO-2026-0000337,90,PROD_003387,1,1,1.0661,0.0,0.21,1.07
SO-2026-0000337,100,PROD_003579,2,2,5.5455,0.0,0.21,11.09
SO-2026-0000337,110,PROD_003705,1,1,1.3223,0.0,0.21,1.32
SO-2026-0000337,120,PROD_002258,4,4,1.2562,0.0,0.21,5.02
SO-2026-0000337,130,PROD_000086,1,1,1.5702,0.0,0.21,1.57
SO-2026-0000337,140,PROD_000936,2,2,1.0744,0.0,0.21,2.15
SO-2026-0000337,150,PROD_001791,1,1,1.9008,0.0,0.21,1.9
SO-2026-0000337,160,PROD_001776,3,3,1.0331,0.0,0.21,3.1
SO-2026-0000337,170,PROD_003286,2,2,0.9504,0.0,0.21,1.9
SO-2026-0000337,180,PROD_002887,1,1,2.2727,0.0,0.21,2.27
SO-2026-0000337,190,PROD_001485,2,2,1.6529,0.0,0.21,3.31
SO-2026-0000337,200,PROD_003529,2,2,1.9339,0.0,0.21,3.87
SO-2026-0000337,210,PROD_001435,2,2,1.2397,0.0,0.21,2.48
SO-2026-0000337,220,PROD_001851,4,3,2.2397,0.0,0.21,6.72
SO-2026-0000338,10,PROD_003156,1,1,3.2231,0.0,0.21,3.22
SO-2026-0000338,20,PROD_002879,1,1,1.2397,0.0,0.21,1.24
SO-2026-0000338,30,PROD_003095,1,1,4.0083,0.0,0.21,4.01
SO-2026-0000338,40,PROD_002216,1,1,1.1157,0.0,0.21,1.12
SO-2026-0000338,50,PROD_000086,1,1,1.5702,0.0,0.21,1.57
SO-2026-0000338,60,PROD_000201,1,1,1.3942,0.0,0.04,1.39
SO-2026-0000338,70,PROD_002333,4,4,0.9504,0.0,0.21,3.8
SO-2026-0000338,80,PROD_001616,2,2,2.0661,0.0,0.21,4.13
SO-2026-0000338,90,PROD_001140,1,1,1.3223,0.0,0.21,1.32
SO-2026-0000338,100,PROD_003682,2,2,1.1157,0.0,0.21,2.23
SO-2026-0000338,110,PROD_000444,2,2,5.1653,0.0,0.21,10.33
SO-2026-0000338,120,PROD_000099,2,2,2.6446,0.0,0.21,5.29
SO-2026-0000338,130,PROD_002980,1,1,2.2727,0.0,0.21,2.27
SO-2026-0000338,140,PROD_001645,1,1,1.686,0.0,0.21,1.69
SO-2026-0000338,150,PROD_000345,2,2,0.1405,0.0,0.21,0.28
SO-2026-0000338,160,PROD_002071,2,2,1.405,0.0,0.21,2.81
SO-2026-0000338,170,PROD_001654,6,6,1.9835,0.0,0.21,11.9
SO-2026-0000339,10,PROD_000091,1,1,2.6446,0.0,0.21,2.64
SO-2026-0000339,20,PROD_000833,2,2,1.8595,0.0,0.21,3.72
SO-2026-0000339,30,PROD_003403,5,4,1.4876,0.0,0.21,5.95
SO-2026-0000339,40,PROD_001757,4,2,2.3967,0.0,0.21,4.79
SO-2026-0000339,50,PROD_000261,4,4,1.5537,0.0,0.21,6.21
SO-2026-0000339,60,PROD_003433,1,1,1.6529,0.0,0.21,1.65
SO-2026-0000339,70,PROD_002932,1,1,3.2231,0.0,0.21,3.22
SO-2026-0000339,80,PROD_000127,1,1,1.0331,0.0,0.21,1.03
SO-2026-0000339,90,PROD_001126,1,1,0.7025,0.0,0.21,0.7
SO-2026-0000339,100,PROD_002494,2,2,8.2066,0.0,0.21,16.41
SO-2026-0000340,10,PROD_001754,1,1,2.1488,0.0,0.21,2.15
SO-2026-0000340,20,PROD_002076,1,1,1.3223,0.0,0.21,1.32
SO-2026-0000340,30,PROD_000108,2,2,1.5289,0.0,0.21,3.06
SO-2026-0000340,40,PROD_000485,4,3,13.157,0.0,0.21,39.47
SO-2026-0000340,50,PROD_002461,3,3,2.2314,0.0,0.21,6.69
SO-2026-0000340,60,PROD_002219,2,2,4.0496,0.0,0.21,8.1
SO-2026-0000340,70,PROD_001053,3,1,2.0192,0.0,0.04,2.02
SO-2026-0000340,80,PROD_003450,3,3,1.5289,0.0,0.21,4.59
SO-2026-0000340,90,PROD_001808,4,4,6.4463,0.0,0.21,25.79
SO-2026-0000341,10,PROD_001955,3,3,2.3884,0.0,0.21,7.17
SO-2026-0000341,20,PROD_000171,2,2,8.1364,0.0,0.1,16.27
SO-2026-0000342,10,PROD_001287,1,1,2.405,0.0,0.21,2.4
SO-2026-0000342,20,PROD_001955,3,3,2.3884,0.0,0.21,7.17
SO-2026-0000342,30,PROD_002107,1,1,0.8264,0.0,0.21,0.83
SO-2026-0000342,40,PROD_003075,2,2,1.0744,0.0,0.21,2.15
SO-2026-0000342,50,PROD_000655,5,5,1.9091,0.0,0.21,9.55
SO-2026-0000342,60,PROD_000282,4,4,3.876,0.0,0.21,15.5
SO-2026-0000342,70,PROD_001637,1,1,3.2149,0.0,0.21,3.21
SO-2026-0000342,80,PROD_000173,1,1,59.1273,0.0,0.1,59.13
SO-2026-0000343,10,PROD_003113,3,3,2.2727,0.0,0.21,6.82
SO-2026-0000343,20,PROD_000755,1,1,3.2397,0.0,0.21,3.24
SO-2026-0000343,30,PROD_003648,4,4,1.8182,0.0,0.21,7.27
SO-2026-0000343,40,PROD_000048,1,1,4.9587,0.0,0.21,4.96
SO-2026-0000343,50,PROD_001713,1,1,9.3388,0.0,0.21,9.34
SO-2026-0000343,60,PROD_001102,1,1,1.405,0.0,0.21,1.41
SO-2026-0000343,70,PROD_001965,1,1,1.6942,0.0,0.21,1.69
SO-2026-0000343,80,PROD_000584,3,3,2.0579,0.0,0.21,6.17
SO-2026-0000343,90,PROD_001494,5,5,0.7025,0.0,0.21,3.51
SO-2026-0000343,100,PROD_001756,1,1,0.9091,0.0,0.21,0.91
SO-2026-0000343,110,PROD_001856,4,4,3.719,0.0,0.21,14.88
SO-2026-0000343,120,PROD_002913,1,1,4.3802,0.0,0.21,4.38
SO-2026-0000343,130,PROD_002820,1,1,2.0661,0.0,0.21,2.07
SO-2026-0000343,140,PROD_003282,1,1,1.6116,0.0,0.21,1.61
SO-2026-0000343,150,PROD_001760,2,2,1.1157,0.0,0.21,2.23
SO-2026-0000343,160,PROD_001748,7,7,1.3223,0.0,0.21,9.26
SO-2026-0000344,10,PROD_000189,1,1,2.1901,0.0,0.21,2.19
SO-2026-0000344,20,PROD_000133,2,2,1.2397,0.0,0.21,2.48
SO-2026-0000344,30,PROD_000649,2,2,3.6198,0.0,0.21,7.24
SO-2026-0000344,40,PROD_000498,1,1,4.9504,0.0,0.21,4.95
SO-2026-0000344,50,PROD_003594,1,1,3.4298,0.0,0.21,3.43
SO-2026-0000344,60,PROD_003080,1,1,1.5702,0.0,0.21,1.57
SO-2026-0000344,70,PROD_001052,1,1,2.5207,0.0,0.21,2.52
SO-2026-0000344,80,PROD_000583,1,1,1.6281,0.0,0.21,1.63
SO-2026-0000344,90,PROD_001415,2,2,7.7273,0.0,0.21,15.45
SO-2026-0000344,100,PROD_000341,3,3,1.5702,0.0,0.21,4.71
SO-2026-0000344,110,PROD_003403,2,2,1.4876,0.0,0.21,2.98
SO-2026-0000344,120,PROD_000048,1,1,4.9587,0.0,0.21,4.96
SO-2026-0000344,130,PROD_000461,1,1,2.562,0.0,0.21,2.56
SO-2026-0000344,140,PROD_003587,1,1,13.6694,0.0,0.21,13.67
SO-2026-0000344,150,PROD_002341,2,2,2.1322,0.0,0.21,4.26
SO-2026-0000344,160,PROD_003203,2,2,1.7769,0.0,0.21,3.55
SO-2026-0000344,170,PROD_002112,1,1,1.2019,0.0,0.04,1.2
SO-2026-0000344,180,PROD_000171,2,2,8.1364,0.0,0.1,16.27
SO-2026-0000344,190,PROD_001053,2,2,2.0192,0.0,0.04,4.04
SO-2026-0000344,200,PROD_001922,1,1,6.9669,0.0,0.21,6.97
SO-2026-0000344,210,PROD_002135,1,1,1.5865,0.0,0.04,1.59
SO-2026-0000344,220,PROD_001355,4,1,16.3182,0.0,0.1,16.32
SO-2026-0000345,10,PROD_000230,5,5,2.3967,0.0,0.21,11.98
SO-2026-0000345,20,PROD_002306,3,3,0.7025,0.0,0.21,2.11
SO-2026-0000345,30,PROD_003335,2,2,2.405,0.0,0.21,4.81
SO-2026-0000345,40,PROD_003448,2,2,1.3223,0.0,0.21,2.64
SO-2026-0000345,50,PROD_001010,4,4,1.405,0.0,0.21,5.62
SO-2026-0000346,10,PROD_002217,1,1,2.6538,0.0,0.04,2.65
SO-2026-0000346,20,PROD_003346,2,2,0.7769,0.0,0.21,1.55
SO-2026-0000346,30,PROD_002437,1,1,1.405,0.0,0.21,1.41
SO-2026-0000346,40,PROD_002576,4,4,1.5289,0.0,0.21,6.12
SO-2026-0000346,50,PROD_001913,1,1,8.2314,0.0,0.21,8.23
SO-2026-0000346,60,PROD_001427,1,1,5.8595,0.0,0.21,5.86
SO-2026-0000347,10,PROD_001858,1,1,2.6694,0.0,0.21,2.67
SO-2026-0000347,20,PROD_001098,5,5,1.0331,0.0,0.21,5.17
SO-2026-0000347,30,PROD_001122,3,3,0.9917,0.0,0.21,2.98
SO-2026-0000347,40,PROD_002039,1,1,3.6364,0.0,0.21,3.64
SO-2026-0000347,50,PROD_003562,2,2,1.0744,0.0,0.21,2.15
SO-2026-0000348,10,PROD_002942,1,1,3.2231,0.0,0.21,3.22
SO-2026-0000348,20,PROD_000171,1,1,8.1364,0.0,0.1,8.14
SO-2026-0000348,30,PROD_001162,1,1,3.6364,0.0,0.21,3.64
SO-2026-0000348,40,PROD_003248,2,2,2.0661,0.0,0.21,4.13
SO-2026-0000348,50,PROD_002615,1,1,1.1157,0.0,0.21,1.12
SO-2026-0000348,60,PROD_002588,3,3,21.8636,0.0,0.1,65.59
SO-2026-0000349,10,PROD_001309,2,2,5.5785,0.0,0.21,11.16
SO-2026-0000349,20,PROD_001350,1,1,8.0769,0.0,0.04,8.08
SO-2026-0000349,30,PROD_000788,1,1,7.6446,0.0,0.21,7.64
SO-2026-0000349,40,PROD_001673,2,2,2.4793,0.0,0.21,4.96
SO-2026-0000349,50,PROD_003602,1,1,8.6777,0.0,0.21,8.68
SO-2026-0000349,60,PROD_002817,2,2,3.2231,0.0,0.21,6.45
SO-2026-0000349,70,PROD_003088,1,1,5.7355,0.0,0.21,5.74
SO-2026-0000349,80,PROD_003173,4,4,3.2231,0.0,0.21,12.89
SO-2026-0000349,90,PROD_000406,1,1,1.9008,0.0,0.21,1.9
SO-2026-0000349,100,PROD_001429,1,1,8.6777,0.0,0.21,8.68
SO-2026-0000349,110,PROD_001828,1,1,2.124,0.0,0.21,2.12
SO-2026-0000349,120,PROD_003119,2,2,1.1736,0.0,0.21,2.35
SO-2026-0000349,130,PROD_000438,1,1,0.9504,0.0,0.21,0.95
SO-2026-0000349,140,PROD_003092,1,1,2.0661,0.0,0.21,2.07
SO-2026-0000350,10,PROD_002402,2,2,2.5868,0.0,0.21,5.17
SO-2026-0000350,20,PROD_000352,1,1,2.1901,0.0,0.21,2.19
SO-2026-0000350,30,PROD_001618,3,3,1.843,0.0,0.21,5.53
SO-2026-0000350,40,PROD_001492,2,2,1.4463,0.0,0.21,2.89
SO-2026-0000350,50,PROD_002077,2,2,2.8926,0.0,0.21,5.79
SO-2026-0000350,60,PROD_000143,2,2,1.4463,0.0,0.21,2.89
SO-2026-0000350,70,PROD_000197,2,2,3.1818,0.0,0.1,6.36
SO-2026-0000351,10,PROD_000173,1,1,59.1273,0.0,0.1,59.13
SO-2026-0000352,10,PROD_002973,4,4,3.2231,0.0,0.21,12.89
SO-2026-0000352,20,PROD_000531,1,1,1.9835,0.0,0.21,1.98
SO-2026-0000352,30,PROD_002527,1,1,1.0331,0.0,0.21,1.03
SO-2026-0000352,40,PROD_000448,3,3,3.8595,0.0,0.21,11.58
SO-2026-0000352,50,PROD_000435,1,1,1.8182,0.0,0.21,1.82
SO-2026-0000352,60,PROD_000507,1,1,2.1157,0.0,0.21,2.12
SO-2026-0000352,70,PROD_001554,1,1,0.8264,0.0,0.21,0.83
SO-2026-0000352,80,PROD_001749,1,1,1.3223,0.0,0.21,1.32
SO-2026-0000352,90,PROD_001141,1,1,2.314,0.0,0.21,2.31
SO-2026-0000352,100,PROD_003142,1,1,3.2231,0.0,0.21,3.22
SO-2026-0000352,110,PROD_002020,2,2,4.9587,0.0,0.21,9.92
SO-2026-0000353,10,PROD_000107,4,4,2.686,0.0,0.21,10.74
SO-2026-0000353,20,PROD_000247,3,3,2.0661,0.0,0.21,6.2
SO-2026-0000354,10,PROD_001794,1,1,1.7769,0.0,0.21,1.78
SO-2026-0000354,20,PROD_000751,2,2,2.2727,0.0,0.21,4.55
SO-2026-0000354,30,PROD_001388,2,2,4.2149,0.0,0.21,8.43
SO-2026-0000354,40,PROD_001390,1,1,3.5702,0.0,0.21,3.57
SO-2026-0000354,50,PROD_003602,1,1,8.6777,0.0,0.21,8.68
SO-2026-0000354,60,PROD_000797,3,3,1.5868,0.0,0.21,4.76
SO-2026-0000354,70,PROD_003511,2,2,1.8182,0.0,0.21,3.64
SO-2026-0000354,80,PROD_001326,1,1,0.9917,0.0,0.21,0.99
SO-2026-0000354,90,PROD_002935,2,2,5.7355,0.0,0.21,11.47
SO-2026-0000354,100,PROD_001686,1,1,5.9504,0.0,0.21,5.95
SO-2026-0000354,110,PROD_000285,1,1,1.5702,0.0,0.21,1.57
SO-2026-0000354,120,PROD_003057,1,1,3.2231,0.0,0.21,3.22
SO-2026-0000354,130,PROD_002049,2,2,2.3967,0.0,0.21,4.79
SO-2026-0000354,140,PROD_003466,3,3,1.5702,0.0,0.21,4.71
SO-2026-0000354,150,PROD_000118,3,3,1.2404,0.0,0.04,3.72
SO-2026-0000354,160,PROD_003409,4,4,1.4876,0.0,0.21,5.95
SO-2026-0000355,10,PROD_000443,2,2,4.6198,0.0,0.21,9.24
SO-2026-0000355,20,PROD_001285,1,1,2.719,0.0,0.21,2.72
SO-2026-0000355,30,PROD_002720,1,1,1.3223,0.0,0.21,1.32
SO-2026-0000355,40,PROD_000695,2,2,1.7355,0.0,0.21,3.47
SO-2026-0000356,10,PROD_003139,1,1,4.0496,0.0,0.21,4.05
SO-2026-0000356,20,PROD_002961,1,1,1.2397,0.0,0.21,1.24
SO-2026-0000356,30,PROD_003085,1,1,3.2231,0.0,0.21,3.22
SO-2026-0000356,40,PROD_002425,2,2,1.3636,0.0,0.21,2.73
SO-2026-0000356,50,PROD_001286,1,1,2.4711,0.0,0.21,2.47
SO-2026-0000356,60,PROD_002137,2,2,0.686,0.0,0.21,1.37
SO-2026-0000356,70,PROD_001850,5,5,3.0331,0.0,0.21,15.17
SO-2026-0000356,80,PROD_000676,1,1,1.3636,0.0,0.1,1.36
SO-2026-0000356,90,PROD_001005,1,1,1.3636,0.0,0.21,1.36
SO-2026-0000356,100,PROD_003021,1,1,3.2231,0.0,0.21,3.22
SO-2026-0000356,110,PROD_000947,2,2,3.0579,0.0,0.21,6.12
SO-2026-0000356,120,PROD_003627,4,4,2.4711,0.0,0.21,9.88
SO-2026-0000357,10,PROD_001622,1,1,1.5289,0.0,0.21,1.53
SO-2026-0000357,20,PROD_000174,2,2,2.3884,0.0,0.21,4.78
SO-2026-0000357,30,PROD_000523,1,1,2.9587,0.0,0.21,2.96
SO-2026-0000357,40,PROD_001264,8,2,2.6446,0.0,0.21,5.29
SO-2026-0000357,50,PROD_003599,1,1,4.9587,0.0,0.21,4.96
SO-2026-0000357,60,PROD_000349,1,1,2.314,0.0,0.21,2.31
SO-2026-0000357,70,PROD_001913,1,1,8.2314,0.0,0.21,8.23
SO-2026-0000357,80,PROD_000602,4,4,0.8264,0.0,0.21,3.31
SO-2026-0000357,90,PROD_002638,1,1,2.0661,0.0,0.21,2.07
SO-2026-0000357,100,PROD_003590,2,2,1.3636,0.0,0.1,2.73
SO-2026-0000358,10,PROD_002639,3,3,1.9835,0.0,0.21,5.95
SO-2026-0000358,20,PROD_000327,1,1,0.7025,0.0,0.21,0.7
SO-2026-0000358,30,PROD_002682,1,1,12.1405,0.0,0.21,12.14
SO-2026-0000358,40,PROD_002930,1,1,1.5702,0.0,0.21,1.57
SO-2026-0000358,50,PROD_003578,1,1,21.9008,0.0,0.21,21.9
SO-2026-0000358,60,PROD_001050,3,3,1.6346,0.0,0.04,4.9
SO-2026-0000358,70,PROD_003621,1,1,7.8512,0.0,0.21,7.85
SO-2026-0000358,80,PROD_000484,1,1,2.6777,0.0,0.21,2.68
SO-2026-0000358,90,PROD_003691,2,2,2.0661,0.0,0.21,4.13
SO-2026-0000358,100,PROD_000433,1,1,1.1983,0.0,0.21,1.2
SO-2026-0000358,110,PROD_000736,2,2,1.2397,0.0,0.21,2.48
SO-2026-0000358,120,PROD_003223,1,1,2.8926,0.0,0.21,2.89
SO-2026-0000358,130,PROD_000608,4,4,0.9091,0.0,0.21,3.64
SO-2026-0000358,140,PROD_003602,2,2,8.6777,0.0,0.21,17.36
SO-2026-0000358,150,PROD_000552,4,4,1.6116,0.0,0.21,6.45
SO-2026-0000358,160,PROD_000320,2,2,1.9835,0.0,0.21,3.97
SO-2026-0000358,170,PROD_003468,1,1,0.7025,0.0,0.21,0.7
SO-2026-0000358,180,PROD_003518,3,3,1.7355,0.0,0.21,5.21
SO-2026-0000358,190,PROD_003594,1,1,3.4298,0.0,0.21,3.43
SO-2026-0000358,200,PROD_003086,1,1,1.4876,0.0,0.21,1.49
SO-2026-0000358,210,PROD_003141,2,2,1.9835,0.0,0.21,3.97
SO-2026-0000358,220,PROD_003333,2,1,1.6529,0.0,0.21,1.65
SO-2026-0000358,230,PROD_001916,1,1,1.3462,0.0,0.04,1.35
SO-2026-0000358,240,PROD_001890,2,2,1.7603,0.0,0.21,3.52
SO-2026-0000358,250,PROD_000032,4,4,5.6612,0.0,0.21,22.64
SO-2026-0000358,260,PROD_000183,2,1,5.7025,0.0,0.21,5.7
SO-2026-0000358,270,PROD_002130,6,5,1.6529,0.0,0.21,8.26
SO-2026-0000358,280,PROD_003617,1,1,4.3388,0.0,0.21,4.34
SO-2026-0000358,290,PROD_003010,2,2,1.6281,0.0,0.21,3.26
SO-2026-0000358,300,PROD_001632,1,1,2.0661,0.0,0.21,2.07
SO-2026-0000358,310,PROD_002021,1,1,9.1983,0.0,0.21,9.2
SO-2026-0000358,320,PROD_000204,2,2,4.6612,0.0,0.21,9.32
SO-2026-0000358,330,PROD_000171,3,3,8.1364,0.0,0.1,24.41
SO-2026-0000359,10,PROD_001052,4,4,2.5207,0.0,0.21,10.08
SO-2026-0000359,20,PROD_000755,2,2,3.2397,0.0,0.21,6.48
SO-2026-0000359,30,PROD_001117,1,1,2.1074,0.0,0.21,2.11
SO-2026-0000359,40,PROD_002551,2,2,6.1983,0.0,0.21,12.4
SO-2026-0000359,50,PROD_000844,1,1,1.2397,0.0,0.21,1.24
SO-2026-0000359,60,PROD_001947,1,1,5.314,0.0,0.21,5.31
SO-2026-0000359,70,PROD_000526,2,2,0.4959,0.0,0.21,0.99
SO-2026-0000359,80,PROD_000506,1,1,3.5124,0.0,0.21,3.51
SO-2026-0000359,90,PROD_002397,1,1,7.9339,0.0,0.21,7.93
SO-2026-0000360,10,PROD_000258,2,2,1.1818,0.0,0.21,2.36
SO-2026-0000360,20,PROD_000484,1,1,2.6777,0.0,0.21,2.68
SO-2026-0000360,30,PROD_001024,4,4,2.8926,0.0,0.21,11.57
SO-2026-0000360,40,PROD_000710,3,3,0.4132,0.0,0.21,1.24
SO-2026-0000360,50,PROD_002071,5,5,1.405,0.0,0.21,7.03
SO-2026-0000360,60,PROD_000425,1,1,1.3462,0.0,0.04,1.35
SO-2026-0000360,70,PROD_000586,1,1,1.6529,0.0,0.21,1.65
SO-2026-0000360,80,PROD_000263,2,2,1.7355,0.0,0.21,3.47
SO-2026-0000360,90,PROD_001818,2,2,11.405,0.0,0.21,22.81
SO-2026-0000361,10,PROD_001961,2,2,0.9091,0.0,0.21,1.82
SO-2026-0000361,20,PROD_000224,4,4,1.9421,0.0,0.21,7.77
SO-2026-0000361,30,PROD_001024,1,1,2.8926,0.0,0.21,2.89
SO-2026-0000361,40,PROD_001331,5,5,2.8512,0.0,0.21,14.26
SO-2026-0000361,50,PROD_000171,1,1,8.1364,0.0,0.1,8.14
SO-2026-0000362,10,PROD_000013,4,4,2.0661,0.0,0.21,8.26
SO-2026-0000362,20,PROD_002093,1,1,0.9091,0.0,0.21,0.91
SO-2026-0000362,30,PROD_002395,1,1,1.0744,0.0,0.21,1.07
SO-2026-0000362,40,PROD_003522,2,2,0.6198,0.0,0.21,1.24
SO-2026-0000362,50,PROD_002593,2,2,3.0826,0.0,0.21,6.17
SO-2026-0000362,60,PROD_000090,4,4,1.6116,0.0,0.21,6.45
SO-2026-0000362,70,PROD_002140,1,1,3.4711,0.0,0.21,3.47
SO-2026-0000362,80,PROD_003627,4,4,2.4711,0.0,0.21,9.88
SO-2026-0000363,10,PROD_002847,3,3,4.1322,0.0,0.21,12.4
SO-2026-0000363,20,PROD_002436,1,1,2.8512,0.0,0.21,2.85
SO-2026-0000363,30,PROD_000362,3,3,1.3223,0.0,0.21,3.97
SO-2026-0000363,40,PROD_000929,4,4,1.157,0.0,0.21,4.63
SO-2026-0000363,50,PROD_000113,5,5,0.8678,0.0,0.21,4.34
SO-2026-0000363,60,PROD_002588,1,1,21.8636,0.0,0.1,21.86
SO-2026-0000364,10,PROD_002194,2,2,1.1154,0.0,0.04,2.23
SO-2026-0000364,20,PROD_003251,1,1,0.9504,0.0,0.21,0.95
SO-2026-0000364,30,PROD_001308,1,1,1.9008,0.0,0.21,1.9
SO-2026-0000364,40,PROD_000756,1,1,2.2562,0.0,0.21,2.26
SO-2026-0000364,50,PROD_001524,4,4,17.3058,0.0,0.21,69.22
SO-2026-0000365,10,PROD_000131,2,2,5.4545,0.0,0.21,10.91
SO-2026-0000365,20,PROD_002886,1,1,3.2645,0.0,0.21,3.26
SO-2026-0000365,30,PROD_001957,2,2,3.4711,0.0,0.21,6.94
SO-2026-0000365,40,PROD_001617,2,2,0.7025,0.0,0.21,1.41
SO-2026-0000365,50,PROD_002151,4,4,1.7355,0.0,0.21,6.94
SO-2026-0000365,60,PROD_000669,3,3,2.6446,0.0,0.21,7.93
SO-2026-0000365,70,PROD_003216,5,5,1.5702,0.0,0.21,7.85
SO-2026-0000366,10,PROD_001830,2,2,2.8926,0.0,0.21,5.79
SO-2026-0000366,20,PROD_001036,1,1,1.281,0.0,0.21,1.28
SO-2026-0000366,30,PROD_000029,1,1,2.6446,0.0,0.21,2.64
SO-2026-0000366,40,PROD_002159,3,3,2.0661,0.0,0.21,6.2
SO-2026-0000366,50,PROD_001032,3,3,0.8678,0.0,0.21,2.6
SO-2026-0000366,60,PROD_000906,2,2,2.0661,0.0,0.21,4.13
SO-2026-0000366,70,PROD_001215,1,1,3.0579,0.0,0.21,3.06
SO-2026-0000366,80,PROD_003350,2,2,0.6198,0.0,0.21,1.24
SO-2026-0000367,10,PROD_001335,6,6,1.9174,0.0,0.21,11.5
SO-2026-0000367,20,PROD_000934,1,1,0.8654,0.0,0.04,0.87
SO-2026-0000367,30,PROD_000356,2,2,2.8512,0.0,0.21,5.7
SO-2026-0000367,40,PROD_000513,2,2,2.6033,0.0,0.21,5.21
SO-2026-0000367,50,PROD_000305,6,6,2.1442,0.0,0.04,12.87
SO-2026-0000368,10,PROD_002977,1,1,2.0661,0.0,0.21,2.07
SO-2026-0000368,20,PROD_001990,2,2,4.9587,0.0,0.21,9.92
SO-2026-0000368,30,PROD_003600,4,4,7.7273,0.0,0.21,30.91
SO-2026-0000368,40,PROD_002487,2,2,11.1405,0.0,0.21,22.28
SO-2026-0000368,50,PROD_000052,3,3,0.6198,0.0,0.21,1.86
SO-2026-0000368,60,PROD_002202,2,2,3.8017,0.0,0.21,7.6
SO-2026-0000368,70,PROD_000368,5,2,2.1074,0.0,0.21,4.21
SO-2026-0000368,80,PROD_002877,2,2,3.0579,0.0,0.21,6.12
SO-2026-0000368,90,PROD_001505,4,2,1.6529,0.0,0.21,3.31
SO-2026-0000368,100,PROD_002413,2,2,1.6942,0.0,0.21,3.39
SO-2026-0000368,110,PROD_000082,3,3,2.0992,0.0,0.21,6.3
SO-2026-0000368,120,PROD_002444,2,2,1.9421,0.0,0.21,3.88
SO-2026-0000368,130,PROD_003621,1,1,7.8512,0.0,0.21,7.85
SO-2026-0000368,140,PROD_002105,1,1,2.314,0.0,0.21,2.31
SO-2026-0000368,150,PROD_002876,3,2,0.595,0.0,0.21,1.19
SO-2026-0000368,160,PROD_002495,1,1,1.0577,0.0,0.04,1.06
SO-2026-0000368,170,PROD_000500,3,3,0.9917,0.0,0.21,2.98
SO-2026-0000369,10,PROD_001286,1,1,2.4711,0.0,0.21,2.47
SO-2026-0000369,20,PROD_001021,3,3,0.8182,0.0,0.21,2.45
SO-2026-0000369,30,PROD_002975,2,2,2.8099,0.0,0.21,5.62
SO-2026-0000370,10,PROD_000450,3,3,1.5289,0.0,0.21,4.59
SO-2026-0000370,20,PROD_001484,1,1,1.7355,0.0,0.21,1.74
SO-2026-0000370,30,PROD_003450,1,1,1.5289,0.0,0.21,1.53
SO-2026-0000370,40,PROD_001545,2,2,1.6827,0.0,0.04,3.37
SO-2026-0000370,50,PROD_000463,1,1,1.9835,0.0,0.21,1.98
SO-2026-0000370,60,PROD_002687,1,1,3.2231,0.0,0.21,3.22
SO-2026-0000370,70,PROD_001497,2,2,2.6033,0.0,0.21,5.21
SO-2026-0000370,80,PROD_001933,5,5,4.3306,0.0,0.21,21.65
SO-2026-0000370,90,PROD_002958,2,2,3.2231,0.0,0.21,6.45
SO-2026-0000370,100,PROD_002105,1,1,2.314,0.0,0.21,2.31
SO-2026-0000370,110,PROD_000283,3,3,1.9008,0.0,0.21,5.7
SO-2026-0000370,120,PROD_003174,1,1,3.2231,0.0,0.21,3.22
SO-2026-0000370,130,PROD_001289,1,1,0.1983,0.0,0.21,0.2
SO-2026-0000370,140,PROD_002524,4,4,1.438,0.0,0.21,5.75
SO-2026-0000370,150,PROD_002219,1,1,4.0496,0.0,0.21,4.05
SO-2026-0000370,160,PROD_003333,2,2,1.6529,0.0,0.21,3.31
SO-2026-0000370,170,PROD_001947,3,1,5.314,0.0,0.21,5.31
SO-2026-0000370,180,PROD_001918,1,1,1.9091,0.0,0.21,1.91
SO-2026-0000370,190,PROD_002495,2,2,1.0577,0.0,0.04,2.12
SO-2026-0000370,200,PROD_000697,2,2,4.5455,0.0,0.21,9.09
SO-2026-0000370,210,PROD_002241,1,1,1.2645,0.0,0.21,1.26
SO-2026-0000371,10,PROD_002604,1,1,0.9504,0.0,0.21,0.95
SO-2026-0000371,20,PROD_001928,4,4,0.4793,0.0,0.21,1.92
SO-2026-0000371,30,PROD_001087,1,1,1.0096,0.0,0.04,1.01
SO-2026-0000371,40,PROD_000110,1,1,1.3223,0.0,0.21,1.32
SO-2026-0000371,50,PROD_000235,1,1,1.1157,0.0,0.21,1.12
SO-2026-0000371,60,PROD_000135,1,1,1.0165,0.0,0.21,1.02
SO-2026-0000371,70,PROD_000371,1,1,0.9504,0.0,0.21,0.95
SO-2026-0000371,80,PROD_000447,1,1,1.4712,0.0,0.04,1.47
SO-2026-0000371,90,PROD_002406,2,2,1.6942,0.0,0.21,3.39
SO-2026-0000372,10,PROD_003591,1,1,4.9504,0.0,0.21,4.95
SO-2026-0000372,20,PROD_003448,3,3,1.3223,0.0,0.21,3.97
SO-2026-0000372,30,PROD_000614,1,1,1.2404,0.0,0.04,1.24
SO-2026-0000372,40,PROD_000173,2,1,59.1273,0.0,0.1,59.13
SO-2026-0000372,50,PROD_001358,1,1,6.686,0.0,0.21,6.69
SO-2026-0000372,60,PROD_000126,2,2,2.2314,0.0,0.21,4.46
SO-2026-0000372,70,PROD_001713,1,1,9.3388,0.0,0.21,9.34
SO-2026-0000372,80,PROD_000086,3,3,1.5702,0.0,0.21,4.71
SO-2026-0000372,90,PROD_002341,2,2,2.1322,0.0,0.21,4.26
SO-2026-0000372,100,PROD_003023,2,2,1.3636,0.0,0.21,2.73
SO-2026-0000372,110,PROD_003445,1,1,0.9421,0.0,0.21,0.94
SO-2026-0000372,120,PROD_002100,3,3,17.4132,0.0,0.21,52.24
SO-2026-0000373,10,PROD_002188,1,1,5.3388,0.0,0.21,5.34
SO-2026-0000373,20,PROD_001746,2,2,1.6529,0.0,0.21,3.31
SO-2026-0000373,30,PROD_001138,1,1,2.2066,0.0,0.21,2.21
SO-2026-0000373,40,PROD_001386,3,3,3.8017,0.0,0.21,11.41
SO-2026-0000373,50,PROD_001002,2,2,1.438,0.0,0.21,2.88
SO-2026-0000373,60,PROD_001467,3,3,1.7788,0.0,0.04,5.34
SO-2026-0000373,70,PROD_000549,1,1,2.1488,0.0,0.21,2.15
SO-2026-0000373,80,PROD_001405,3,3,1.3942,0.0,0.04,4.18
SO-2026-0000373,90,PROD_002550,5,3,4.5455,0.0,0.21,13.64
SO-2026-0000373,100,PROD_001102,2,2,1.405,0.0,0.21,2.81
SO-2026-0000373,110,PROD_002129,4,4,3.2645,0.0,0.21,13.06
SO-2026-0000373,120,PROD_001540,2,2,0.7438,0.0,0.21,1.49
SO-2026-0000373,130,PROD_002279,1,1,2.562,0.0,0.21,2.56
SO-2026-0000373,140,PROD_003578,2,2,21.9008,0.0,0.21,43.8
SO-2026-0000374,10,PROD_000560,2,2,3.3058,0.0,0.21,6.61
SO-2026-0000374,20,PROD_002671,1,1,1.4463,0.0,0.21,1.45
SO-2026-0000374,30,PROD_001163,3,3,0.3058,0.0,0.21,0.92
SO-2026-0000374,40,PROD_002484,3,3,2.1488,0.0,0.21,6.45
SO-2026-0000374,50,PROD_000918,3,2,1.1901,0.0,0.21,2.38
SO-2026-0000374,60,PROD_001778,2,2,1.405,0.0,0.21,2.81
SO-2026-0000374,70,PROD_000650,6,2,0.9091,0.0,0.21,1.82
SO-2026-0000374,80,PROD_001153,1,1,1.843,0.0,0.21,1.84
SO-2026-0000374,90,PROD_000648,1,1,1.9835,0.0,0.21,1.98
SO-2026-0000374,100,PROD_000859,1,1,2.9752,0.0,0.21,2.98
SO-2026-0000374,110,PROD_000544,2,2,1.9008,0.0,0.21,3.8
SO-2026-0000374,120,PROD_000477,1,1,0.5096,0.0,0.04,0.51
SO-2026-0000374,130,PROD_000508,4,3,10.4132,0.0,0.21,31.24
SO-2026-0000375,10,PROD_002397,2,2,7.9339,0.0,0.21,15.87
SO-2026-0000375,20,PROD_001560,4,4,2.4793,0.0,0.21,9.92
SO-2026-0000375,30,PROD_003056,4,4,1.5702,0.0,0.21,6.28
SO-2026-0000375,40,PROD_001166,2,2,0.8264,0.0,0.21,1.65
SO-2026-0000375,50,PROD_002706,2,2,2.7273,0.0,0.21,5.45
SO-2026-0000375,60,PROD_000104,2,2,2.3967,0.0,0.21,4.79
SO-2026-0000375,70,PROD_001234,3,3,5.4545,0.0,0.21,16.36
SO-2026-0000375,80,PROD_001325,4,4,1.876,0.0,0.21,7.5
SO-2026-0000375,90,PROD_001756,1,1,0.9091,0.0,0.21,0.91
SO-2026-0000375,100,PROD_000459,1,1,2.3967,0.0,0.21,2.4
SO-2026-0000375,110,PROD_000150,2,2,0.9091,0.0,0.21,1.82
SO-2026-0000375,120,PROD_001932,1,1,1.2397,0.0,0.21,1.24
SO-2026-0000375,130,PROD_002177,3,3,2.1488,0.0,0.21,6.45
SO-2026-0000375,140,PROD_002487,2,2,11.1405,0.0,0.21,22.28
SO-2026-0000375,150,PROD_000131,1,1,5.4545,0.0,0.21,5.45
SO-2026-0000375,160,PROD_002560,1,1,2.0661,0.0,0.21,2.07
SO-2026-0000375,170,PROD_001869,1,1,4.3058,0.0,0.21,4.31
SO-2026-0000375,180,PROD_001228,1,1,1.6529,0.0,0.21,1.65
SO-2026-0000375,190,PROD_000126,1,1,2.2314,0.0,0.21,2.23
SO-2026-0000375,200,PROD_001801,3,3,1.3223,0.0,0.21,3.97
SO-2026-0000376,10,PROD_001091,3,3,1.3388,0.0,0.21,4.02
SO-2026-0000376,20,PROD_002778,3,3,1.1157,0.0,0.21,3.35
SO-2026-0000376,30,PROD_001953,2,2,1.3636,0.0,0.21,2.73
SO-2026-0000376,40,PROD_002598,6,6,3.1322,0.0,0.21,18.79
SO-2026-0000376,50,PROD_001325,1,1,1.876,0.0,0.21,1.88
SO-2026-0000376,60,PROD_002214,6,6,4.0496,0.0,0.21,24.3
SO-2026-0000377,10,PROD_000472,7,7,4.6198,0.0,0.21,32.34
SO-2026-0000377,20,PROD_000675,1,1,10.0248,0.0,0.21,10.02
SO-2026-0000377,30,PROD_000351,4,4,2.6942,0.0,0.21,10.78
SO-2026-0000377,40,PROD_003655,1,1,2.2727,0.0,0.21,2.27
SO-2026-0000377,50,PROD_001387,1,1,6.1983,0.0,0.21,6.2
SO-2026-0000377,60,PROD_001197,6,6,3.7851,0.0,0.21,22.71
SO-2026-0000377,70,PROD_000001,5,5,1.8595,0.0,0.21,9.3
SO-2026-0000377,80,PROD_001299,1,1,5.2066,0.0,0.21,5.21
SO-2026-0000377,90,PROD_003667,4,4,0.8264,0.0,0.21,3.31
SO-2026-0000377,100,PROD_001817,2,2,1.3223,0.0,0.21,2.64
SO-2026-0000377,110,PROD_002622,2,2,1.5702,0.0,0.21,3.14
SO-2026-0000377,120,PROD_003649,1,1,1.3636,0.0,0.21,1.36
SO-2026-0000377,130,PROD_002888,1,1,1.3636,0.0,0.21,1.36
SO-2026-0000377,140,PROD_001791,1,1,1.9008,0.0,0.21,1.9
SO-2026-0000377,150,PROD_002631,1,1,2.0661,0.0,0.21,2.07
SO-2026-0000377,160,PROD_003105,1,1,1.6116,0.0,0.21,1.61
SO-2026-0000377,170,PROD_003567,1,1,2.8926,0.0,0.21,2.89
SO-2026-0000377,180,PROD_001595,5,5,5.2479,0.0,0.21,26.24
SO-2026-0000377,190,PROD_002936,4,4,3.3058,0.0,0.21,13.22
SO-2026-0000378,10,PROD_001546,2,2,3.1818,0.0,0.21,6.36
SO-2026-0000378,20,PROD_003684,1,1,0.8678,0.0,0.21,0.87
SO-2026-0000378,30,PROD_001375,1,1,1.8182,0.0,0.21,1.82
SO-2026-0000378,40,PROD_002525,2,2,2.314,0.0,0.21,4.63
SO-2026-0000378,50,PROD_000467,1,1,1.4463,0.0,0.21,1.45
SO-2026-0000378,60,PROD_003660,1,1,1.3223,0.0,0.21,1.32
SO-2026-0000378,70,PROD_000066,1,1,1.4463,0.0,0.21,1.45
SO-2026-0000378,80,PROD_002816,1,1,2.2727,0.0,0.21,2.27
SO-2026-0000378,90,PROD_001126,2,2,0.7025,0.0,0.21,1.41
SO-2026-0000378,100,PROD_002885,1,1,1.157,0.0,0.21,1.16
SO-2026-0000378,110,PROD_001215,1,1,3.0579,0.0,0.21,3.06
SO-2026-0000378,120,PROD_001310,2,2,1.0962,0.0,0.04,2.19
SO-2026-0000378,130,PROD_001228,3,3,1.6529,0.0,0.21,4.96
SO-2026-0000378,140,PROD_000534,2,2,1.0577,0.0,0.04,2.12
SO-2026-0000378,150,PROD_001444,2,2,3.719,0.0,0.21,7.44
SO-2026-0000379,10,PROD_000311,3,3,0.8654,0.0,0.04,2.6
SO-2026-0000379,20,PROD_001995,5,5,0.7851,0.0,0.21,3.93
SO-2026-0000380,10,PROD_002502,3,3,1.4423,0.0,0.04,4.33
SO-2026-0000380,20,PROD_000762,2,2,1.314,0.0,0.21,2.63
SO-2026-0000380,30,PROD_003406,2,2,1.2397,0.0,0.21,2.48
SO-2026-0000380,40,PROD_002100,3,3,17.4132,0.0,0.21,52.24
SO-2026-0000381,10,PROD_001284,2,2,1.0661,0.0,0.21,2.13
SO-2026-0000381,20,PROD_000916,1,1,0.9917,0.0,0.21,0.99
SO-2026-0000381,30,PROD_000603,1,1,0.3636,0.0,0.1,0.36
SO-2026-0000381,40,PROD_002723,2,2,3.2231,0.0,0.21,6.45
SO-2026-0000381,50,PROD_001397,2,2,2.4876,0.0,0.21,4.98
SO-2026-0000381,60,PROD_002353,2,2,1.0769,0.0,0.04,2.15
SO-2026-0000381,70,PROD_000555,1,1,0.3365,0.0,0.04,0.34
SO-2026-0000381,80,PROD_000029,2,2,2.6446,0.0,0.21,5.29
SO-2026-0000381,90,PROD_002595,4,4,7.7521,0.0,0.21,31.01
SO-2026-0000381,100,PROD_003477,5,5,1.1074,0.0,0.21,5.54
SO-2026-0000381,110,PROD_000364,2,2,1.5289,0.0,0.21,3.06
SO-2026-0000381,120,PROD_000387,2,2,1.2562,0.0,0.21,2.51
SO-2026-0000381,130,PROD_001767,1,1,1.5289,0.0,0.21,1.53
SO-2026-0000381,140,PROD_001368,3,3,2.4876,0.0,0.21,7.46
SO-2026-0000381,150,PROD_003496,4,4,1.3388,0.0,0.21,5.36
SO-2026-0000381,160,PROD_003342,2,2,5.1653,0.0,0.21,10.33
SO-2026-0000382,10,PROD_001392,1,1,4.6529,0.0,0.21,4.65
SO-2026-0000382,20,PROD_002193,1,1,2.8926,0.0,0.21,2.89
SO-2026-0000382,30,PROD_000688,2,2,3.8017,0.0,0.21,7.6
SO-2026-0000382,40,PROD_001302,2,2,1.7273,0.0,0.21,3.45
SO-2026-0000382,50,PROD_000625,2,2,1.6116,0.0,0.21,3.22
SO-2026-0000383,10,PROD_001009,2,2,2.0661,0.0,0.21,4.13
SO-2026-0000383,20,PROD_001485,1,1,1.6529,0.0,0.21,1.65
SO-2026-0000383,30,PROD_001922,3,3,6.9669,0.0,0.21,20.9
SO-2026-0000383,40,PROD_002891,1,1,1.7769,0.0,0.21,1.78
SO-2026-0000383,50,PROD_001350,1,1,8.0769,0.0,0.04,8.08
SO-2026-0000383,60,PROD_002940,1,1,1.6529,0.0,0.21,1.65
SO-2026-0000383,70,PROD_003338,3,3,1.4463,0.0,0.21,4.34
SO-2026-0000383,80,PROD_003106,2,2,3.3058,0.0,0.21,6.61
SO-2026-0000383,90,PROD_003622,2,2,4.5455,0.0,0.21,9.09
SO-2026-0000384,10,PROD_003702,2,2,0.8678,0.0,0.21,1.74
SO-2026-0000384,20,PROD_000359,2,2,1.6529,0.0,0.21,3.31
SO-2026-0000384,30,PROD_001213,1,1,2.8512,0.0,0.21,2.85
SO-2026-0000384,40,PROD_000447,1,1,1.4712,0.0,0.04,1.47
SO-2026-0000384,50,PROD_002961,1,1,1.2397,0.0,0.21,1.24
SO-2026-0000384,60,PROD_000425,1,1,1.3462,0.0,0.04,1.35
SO-2026-0000384,70,PROD_000260,4,4,0.6942,0.0,0.21,2.78
SO-2026-0000384,80,PROD_001969,2,2,2.719,0.0,0.21,5.44
SO-2026-0000384,90,PROD_000551,1,1,1.4463,0.0,0.21,1.45
SO-2026-0000384,100,PROD_000980,2,2,0.7025,0.0,0.21,1.41
SO-2026-0000384,110,PROD_002163,1,1,0.7934,0.0,0.21,0.79
SO-2026-0000384,120,PROD_001867,3,3,1.405,0.0,0.21,4.21
SO-2026-0000384,130,PROD_001944,1,1,1.686,0.0,0.21,1.69
SO-2026-0000384,140,PROD_002507,1,1,8.6364,0.0,0.21,8.64
SO-2026-0000385,10,PROD_002913,3,3,4.3802,0.0,0.21,13.14
SO-2026-0000385,20,PROD_002670,3,3,1.6116,0.0,0.21,4.83
SO-2026-0000385,30,PROD_001690,2,2,1.0331,0.0,0.21,2.07
SO-2026-0000385,40,PROD_000323,1,1,0.9504,0.0,0.21,0.95
SO-2026-0000385,50,PROD_003135,1,1,1.2397,0.0,0.21,1.24
SO-2026-0000385,60,PROD_000193,3,3,2.5481,0.0,0.04,7.64
SO-2026-0000385,70,PROD_002889,1,1,0.9091,0.0,0.21,0.91
SO-2026-0000385,80,PROD_000457,1,1,5.9504,0.0,0.21,5.95
SO-2026-0000385,90,PROD_000839,2,2,0.7769,0.0,0.21,1.55
SO-2026-0000385,100,PROD_000945,2,2,1.1983,0.0,0.21,2.4
SO-2026-0000385,110,PROD_000027,2,2,2.0661,0.0,0.21,4.13
SO-2026-0000385,120,PROD_002153,1,1,0.7851,0.0,0.21,0.79
SO-2026-0000385,130,PROD_002238,1,1,1.281,0.0,0.21,1.28
SO-2026-0000385,140,PROD_000842,2,2,1.8595,0.0,0.21,3.72
SO-2026-0000386,10,PROD_000607,3,3,2.8926,0.0,0.21,8.68
SO-2026-0000386,20,PROD_001600,2,2,1.0577,0.0,0.04,2.12
SO-2026-0000386,30,PROD_003725,3,3,1.4298,0.0,0.21,4.29
SO-2026-0000386,40,PROD_002160,1,1,2.8926,0.0,0.21,2.89
SO-2026-0000386,50,PROD_003120,2,2,0.8678,0.0,0.21,1.74
SO-2026-0000386,60,PROD_001892,1,1,2.6446,0.0,0.21,2.64
SO-2026-0000386,70,PROD_001413,1,1,3.0826,0.0,0.21,3.08
SO-2026-0000386,80,PROD_002304,4,4,0.9504,0.0,0.21,3.8
SO-2026-0000386,90,PROD_001761,4,4,2.3967,0.0,0.21,9.59
SO-2026-0000386,100,PROD_001851,4,4,2.2397,0.0,0.21,8.96
SO-2026-0000386,110,PROD_001437,2,2,1.4423,0.0,0.04,2.88
SO-2026-0000386,120,PROD_000845,1,1,2.281,0.0,0.21,2.28
SO-2026-0000386,130,PROD_000483,3,3,1.5385,0.0,0.04,4.62
SO-2026-0000386,140,PROD_000235,2,2,1.1157,0.0,0.21,2.23
SO-2026-0000386,150,PROD_000902,1,1,1.2981,0.0,0.04,1.3
SO-2026-0000386,160,PROD_000532,1,1,5.2893,0.0,0.21,5.29
SO-2026-0000386,170,PROD_000757,1,1,1.9835,0.0,0.21,1.98
SO-2026-0000386,180,PROD_000560,1,1,3.3058,0.0,0.21,3.31
SO-2026-0000387,10,PROD_000048,1,1,4.9587,0.0,0.21,4.96
SO-2026-0000387,20,PROD_003116,1,1,4.3388,0.0,0.21,4.34
SO-2026-0000387,30,PROD_000996,2,2,0.9421,0.0,0.21,1.88
SO-2026-0000387,40,PROD_002478,2,2,2.4959,0.0,0.21,4.99
SO-2026-0000387,50,PROD_000468,4,4,0.9917,0.0,0.21,3.97
SO-2026-0000387,60,PROD_001928,1,1,0.4793,0.0,0.21,0.48
SO-2026-0000387,70,PROD_002484,2,2,2.1488,0.0,0.21,4.3
SO-2026-0000387,80,PROD_000776,5,5,1.5289,0.0,0.21,7.64
SO-2026-0000387,90,PROD_003287,3,3,2.8099,0.0,0.21,8.43
SO-2026-0000387,100,PROD_001558,2,2,4.595,0.0,0.21,9.19
SO-2026-0000387,110,PROD_001291,1,1,1.405,0.0,0.21,1.41
SO-2026-0000387,120,PROD_001848,1,1,11.9752,0.0,0.21,11.98
SO-2026-0000388,10,PROD_002160,2,2,2.8926,0.0,0.21,5.79
SO-2026-0000388,20,PROD_002965,2,2,3.2231,0.0,0.21,6.45
SO-2026-0000389,10,PROD_001312,1,1,0.7851,0.0,0.21,0.79
SO-2026-0000389,20,PROD_001564,1,1,1.4463,0.0,0.21,1.45
SO-2026-0000389,30,PROD_000033,3,3,3.7603,0.0,0.21,11.28
SO-2026-0000389,40,PROD_000759,3,3,2.8926,0.0,0.21,8.68
SO-2026-0000389,50,PROD_001533,2,2,0.9091,0.0,0.21,1.82
SO-2026-0000389,60,PROD_002090,3,3,4.6529,0.0,0.21,13.96
SO-2026-0000390,10,PROD_002239,1,1,1.5124,0.0,0.21,1.51
SO-2026-0000390,20,PROD_003493,2,2,2.6612,0.0,0.21,5.32
SO-2026-0000390,30,PROD_002192,3,3,1.5702,0.0,0.21,4.71
SO-2026-0000390,40,PROD_001521,1,1,0.2397,0.0,0.21,0.24
SO-2026-0000390,50,PROD_002400,1,1,1.0577,0.0,0.04,1.06
SO-2026-0000390,60,PROD_001210,1,1,3.1818,0.0,0.21,3.18
SO-2026-0000390,70,PROD_001373,1,1,1.124,0.0,0.21,1.12
SO-2026-0000390,80,PROD_002129,2,2,3.2645,0.0,0.21,6.53
SO-2026-0000390,90,PROD_000949,3,3,5.6033,0.0,0.21,16.81
SO-2026-0000391,10,PROD_002448,1,1,0.8678,0.0,0.21,0.87
SO-2026-0000391,20,PROD_002559,2,2,1.1157,0.0,0.21,2.23
SO-2026-0000391,30,PROD_003189,1,1,2.2562,0.0,0.21,2.26
SO-2026-0000391,40,PROD_001359,4,4,2.1901,0.0,0.21,8.76
SO-2026-0000392,10,PROD_000384,3,3,2.8512,0.0,0.21,8.55
SO-2026-0000392,20,PROD_002183,5,5,0.8264,0.0,0.21,4.13
SO-2026-0000392,30,PROD_002371,1,1,4.7107,0.0,0.21,4.71
SO-2026-0000392,40,PROD_002670,2,2,1.6116,0.0,0.21,3.22
SO-2026-0000392,50,PROD_000257,6,6,1.0,0.0,0.21,6.0
SO-2026-0000392,60,PROD_003123,3,3,2.0661,0.0,0.21,6.2
SO-2026-0000393,10,PROD_003249,2,2,3.2645,0.0,0.21,6.53
SO-2026-0000393,20,PROD_001387,1,1,6.1983,0.0,0.21,6.2
SO-2026-0000393,30,PROD_002644,1,1,2.562,0.0,0.21,2.56
SO-2026-0000393,40,PROD_001585,4,4,3.3058,0.0,0.21,13.22
SO-2026-0000393,50,PROD_000330,1,1,1.2397,0.0,0.21,1.24
SO-2026-0000393,60,PROD_002680,3,3,3.2645,0.0,0.21,9.79
SO-2026-0000393,70,PROD_003173,5,5,3.2231,0.0,0.21,16.12
SO-2026-0000393,80,PROD_001167,3,3,1.3636,0.0,0.21,4.09
SO-2026-0000393,90,PROD_002153,1,1,0.7851,0.0,0.21,0.79
SO-2026-0000393,100,PROD_002671,1,1,1.4463,0.0,0.21,1.45
SO-2026-0000393,110,PROD_000836,4,4,1.124,0.0,0.21,4.5
SO-2026-0000393,120,PROD_002859,2,2,1.3636,0.0,0.21,2.73
SO-2026-0000393,130,PROD_001295,2,2,5.3719,0.0,0.21,10.74
SO-2026-0000393,140,PROD_002732,2,2,4.0909,0.0,0.21,8.18
SO-2026-0000393,150,PROD_000590,1,1,1.0744,0.0,0.21,1.07
SO-2026-0000393,160,PROD_003080,2,2,1.5702,0.0,0.21,3.14
SO-2026-0000393,170,PROD_001229,2,2,0.9091,0.0,0.21,1.82
SO-2026-0000393,180,PROD_001003,4,4,3.2479,0.0,0.21,12.99
SO-2026-0000394,10,PROD_003414,1,1,1.2397,0.0,0.21,1.24
SO-2026-0000394,20,PROD_000197,1,1,3.1818,0.0,0.1,3.18
SO-2026-0000394,30,PROD_003424,7,7,1.1983,0.0,0.21,8.39
SO-2026-0000394,40,PROD_000102,2,2,3.0331,0.0,0.21,6.07
SO-2026-0000394,50,PROD_000274,1,1,1.5385,0.0,0.04,1.54
SO-2026-0000394,60,PROD_003449,8,8,2.8099,0.0,0.21,22.48
SO-2026-0000394,70,PROD_003137,2,2,3.2231,0.0,0.21,6.45
SO-2026-0000394,80,PROD_001084,2,2,2.3471,0.0,0.21,4.69
SO-2026-0000395,10,PROD_001467,1,1,1.7788,0.0,0.04,1.78
SO-2026-0000395,20,PROD_000484,2,2,2.6777,0.0,0.21,5.36
SO-2026-0000395,30,PROD_003516,2,2,0.9669,0.0,0.21,1.93
SO-2026-0000395,40,PROD_000870,2,2,0.9615,0.0,0.04,1.92
SO-2026-0000395,50,PROD_001816,3,3,1.157,0.0,0.21,3.47
SO-2026-0000395,60,PROD_001407,2,2,20.7273,0.0,0.1,41.45
SO-2026-0000395,70,PROD_002743,1,1,1.0744,0.0,0.21,1.07
SO-2026-0000395,80,PROD_001506,1,1,2.1488,0.0,0.21,2.15
SO-2026-0000395,90,PROD_002341,2,2,2.1322,0.0,0.21,4.26
SO-2026-0000395,100,PROD_001746,1,1,1.6529,0.0,0.21,1.65
SO-2026-0000395,110,PROD_000845,1,1,2.281,0.0,0.21,2.28
SO-2026-0000395,120,PROD_002033,2,2,1.2596,0.0,0.04,2.52
SO-2026-0000395,130,PROD_001916,3,3,1.3462,0.0,0.04,4.04
SO-2026-0000396,10,PROD_002087,1,1,2.1488,0.0,0.21,2.15
SO-2026-0000396,20,PROD_001003,2,2,3.2479,0.0,0.21,6.5
SO-2026-0000396,30,PROD_002489,1,1,6.5041,0.0,0.21,6.5
SO-2026-0000396,40,PROD_003249,1,1,3.2645,0.0,0.21,3.26
SO-2026-0000396,50,PROD_002576,2,2,1.5289,0.0,0.21,3.06
SO-2026-0000396,60,PROD_001184,1,1,0.8678,0.0,0.21,0.87
SO-2026-0000396,70,PROD_002593,2,2,3.0826,0.0,0.21,6.17
SO-2026-0000396,80,PROD_001362,1,1,1.3223,0.0,0.21,1.32
SO-2026-0000396,90,PROD_002084,1,1,0.4545,0.0,0.21,0.45
SO-2026-0000396,100,PROD_002551,1,1,6.1983,0.0,0.21,6.2
SO-2026-0000397,10,PROD_002754,3,3,4.1322,0.0,0.21,12.4
SO-2026-0000398,10,PROD_000247,2,2,2.0661,0.0,0.21,4.13
SO-2026-0000398,20,PROD_002386,1,1,3.157,0.0,0.21,3.16
SO-2026-0000398,30,PROD_000569,5,5,4.3388,0.0,0.21,21.69
SO-2026-0000399,10,PROD_001347,4,4,5.9256,0.0,0.21,23.7
SO-2026-0000399,20,PROD_002445,3,3,9.0455,0.0,0.1,27.14
SO-2026-0000399,30,PROD_000298,1,1,2.686,0.0,0.21,2.69
SO-2026-0000399,40,PROD_003353,3,1,1.281,0.0,0.21,1.28
SO-2026-0000399,50,PROD_002419,2,2,0.7355,0.0,0.21,1.47
SO-2026-0000399,60,PROD_001334,1,1,1.2562,0.0,0.21,1.26
SO-2026-0000399,70,PROD_001746,4,4,1.6529,0.0,0.21,6.61
SO-2026-0000399,80,PROD_003622,3,3,4.5455,0.0,0.21,13.64
SO-2026-0000400,10,PROD_002473,4,4,4.281,0.0,0.21,17.12
SO-2026-0000400,20,PROD_003203,1,1,1.7769,0.0,0.21,1.78
SO-2026-0000400,30,PROD_002129,1,1,3.2645,0.0,0.21,3.26
SO-2026-0000400,40,PROD_001799,1,1,1.9504,0.0,0.21,1.95
SO-2026-0000400,50,PROD_001262,1,1,1.4876,0.0,0.21,1.49
SO-2026-0000400,60,PROD_003659,2,1,2.3967,0.0,0.21,2.4
SO-2026-0000400,70,PROD_000668,4,4,10.3306,0.0,0.21,41.32
SO-2026-0000401,10,PROD_003557,1,1,0.7769,0.0,0.21,0.78
SO-2026-0000401,20,PROD_003381,4,4,3.843,0.0,0.21,15.37
SO-2026-0000401,30,PROD_003358,5,5,6.5289,0.0,0.21,32.64
SO-2026-0000402,10,PROD_002310,1,1,5.4132,0.0,0.21,5.41
SO-2026-0000402,20,PROD_001871,4,4,1.8512,0.0,0.21,7.4
SO-2026-0000402,30,PROD_002529,5,5,0.8678,0.0,0.21,4.34
SO-2026-0000402,40,PROD_000257,1,1,1.0,0.0,0.21,1.0
SO-2026-0000402,50,PROD_003264,1,1,4.7107,0.0,0.21,4.71
SO-2026-0000402,60,PROD_000777,4,4,0.7769,0.0,0.21,3.11
SO-2026-0000402,70,PROD_003647,6,6,1.5702,0.0,0.21,9.42
SO-2026-0000402,80,PROD_000202,2,2,6.2479,0.0,0.21,12.5
SO-2026-0000402,90,PROD_003562,4,4,1.0744,0.0,0.21,4.3
SO-2026-0000402,100,PROD_003171,1,1,1.1983,0.0,0.21,1.2
SO-2026-0000402,110,PROD_001809,1,1,3.1074,0.0,0.21,3.11
SO-2026-0000403,10,PROD_002291,6,6,2.5207,0.0,0.21,15.12
SO-2026-0000403,20,PROD_000854,3,3,0.3846,0.0,0.04,1.15
SO-2026-0000403,30,PROD_002981,1,1,3.719,0.0,0.21,3.72
SO-2026-0000403,40,PROD_002733,1,1,3.3058,0.0,0.21,3.31
SO-2026-0000403,50,PROD_003216,1,1,1.5702,0.0,0.21,1.57
SO-2026-0000404,10,PROD_000886,2,2,1.4876,0.0,0.21,2.98
SO-2026-0000404,20,PROD_001332,1,1,2.5865,0.0,0.04,2.59
SO-2026-0000404,30,PROD_000034,5,5,1.7769,0.0,0.21,8.88
SO-2026-0000404,40,PROD_000216,1,1,1.9008,0.0,0.21,1.9
SO-2026-0000404,50,PROD_003305,1,1,1.0331,0.0,0.21,1.03
SO-2026-0000404,60,PROD_002795,3,3,1.314,0.0,0.21,3.94
SO-2026-0000404,70,PROD_001623,1,1,3.5537,0.0,0.21,3.55
SO-2026-0000404,80,PROD_001941,6,6,3.124,0.0,0.21,18.74
SO-2026-0000404,90,PROD_001309,2,2,5.5785,0.0,0.21,11.16
SO-2026-0000404,100,PROD_002754,1,1,4.1322,0.0,0.21,4.13
SO-2026-0000405,10,PROD_003338,6,6,1.4463,0.0,0.21,8.68
SO-2026-0000405,20,PROD_003406,2,2,1.2397,0.0,0.21,2.48
SO-2026-0000405,30,PROD_000798,1,1,1.0744,0.0,0.21,1.07
SO-2026-0000405,40,PROD_001295,1,1,5.3719,0.0,0.21,5.37
SO-2026-0000405,50,PROD_001211,3,3,1.3223,0.0,0.21,3.97
SO-2026-0000405,60,PROD_000320,4,4,1.9835,0.0,0.21,7.93
SO-2026-0000405,70,PROD_000963,5,5,0.6777,0.0,0.21,3.39
SO-2026-0000405,80,PROD_000762,1,1,1.314,0.0,0.21,1.31
SO-2026-0000405,90,PROD_000523,3,3,2.9587,0.0,0.21,8.88
SO-2026-0000405,100,PROD_001927,1,1,0.3058,0.0,0.21,0.31
SO-2026-0000405,110,PROD_003346,1,1,0.7769,0.0,0.21,0.78
SO-2026-0000405,120,PROD_000438,3,3,0.9504,0.0,0.21,2.85
SO-2026-0000405,130,PROD_001875,1,1,2.8926,0.0,0.21,2.89
SO-2026-0000405,140,PROD_003613,3,3,5.2645,0.0,0.21,15.79
SO-2026-0000405,150,PROD_003251,2,2,0.9504,0.0,0.21,1.9
SO-2026-0000406,10,PROD_002157,5,1,3.3306,0.0,0.21,3.33
SO-2026-0000406,20,PROD_001794,2,2,1.7769,0.0,0.21,3.55
SO-2026-0000406,30,PROD_002235,1,1,0.7025,0.0,0.21,0.7
SO-2026-0000406,40,PROD_003283,3,3,1.6116,0.0,0.21,4.83
SO-2026-0000406,50,PROD_001312,1,1,0.7851,0.0,0.21,0.79
SO-2026-0000406,60,PROD_003482,3,3,1.3223,0.0,0.21,3.97
SO-2026-0000406,70,PROD_002043,6,6,5.4132,0.0,0.21,32.48
SO-2026-0000406,80,PROD_002111,2,2,2.3554,0.0,0.21,4.71
SO-2026-0000406,90,PROD_001540,3,3,0.7438,0.0,0.21,2.23
SO-2026-0000406,100,PROD_001111,2,2,1.7769,0.0,0.21,3.55
SO-2026-0000406,110,PROD_000066,2,2,1.4463,0.0,0.21,2.89
SO-2026-0000406,120,PROD_001848,1,1,11.9752,0.0,0.21,11.98
SO-2026-0000406,130,PROD_001364,2,2,2.2314,0.0,0.21,4.46
SO-2026-0000406,140,PROD_000678,1,1,5.0,0.0,0.21,5.0
SO-2026-0000407,10,PROD_000653,2,2,1.3636,0.0,0.21,2.73
SO-2026-0000407,20,PROD_000647,1,1,4.0496,0.0,0.21,4.05
SO-2026-0000407,30,PROD_003420,1,1,0.6198,0.0,0.21,0.62
SO-2026-0000407,40,PROD_000276,1,1,1.281,0.0,0.21,1.28
SO-2026-0000407,50,PROD_003342,2,2,5.1653,0.0,0.21,10.33
SO-2026-0000407,60,PROD_002484,1,1,2.1488,0.0,0.21,2.15
SO-2026-0000407,70,PROD_002986,1,1,3.2231,0.0,0.21,3.22
SO-2026-0000407,80,PROD_003674,4,4,1.5385,0.0,0.04,6.15
SO-2026-0000408,10,PROD_003703,1,1,0.8654,0.0,0.04,0.87
SO-2026-0000408,20,PROD_002478,1,1,2.4959,0.0,0.21,2.5
SO-2026-0000408,30,PROD_003333,7,6,1.6529,0.0,0.21,9.92
SO-2026-0000408,40,PROD_002569,1,1,1.6529,0.0,0.21,1.65
SO-2026-0000408,50,PROD_003468,1,1,0.7025,0.0,0.21,0.7
SO-2026-0000408,60,PROD_002101,3,3,6.6116,0.0,0.21,19.83
SO-2026-0000408,70,PROD_002905,1,1,3.3884,0.0,0.21,3.39
SO-2026-0000408,80,PROD_003290,4,3,0.9504,0.0,0.21,2.85
SO-2026-0000408,90,PROD_003002,1,1,0.8678,0.0,0.21,0.87
SO-2026-0000408,100,PROD_002884,2,1,1.157,0.0,0.21,1.16
SO-2026-0000408,110,PROD_002115,1,1,2.7686,0.0,0.21,2.77
SO-2026-0000408,120,PROD_002836,2,2,1.2397,0.0,0.21,2.48
SO-2026-0000408,130,PROD_002239,3,3,1.5124,0.0,0.21,4.54
SO-2026-0000408,140,PROD_002537,2,2,1.3636,0.0,0.21,2.73
SO-2026-0000408,150,PROD_003603,3,3,4.9587,0.0,0.21,14.88
SO-2026-0000408,160,PROD_000146,3,3,2.3884,0.0,0.21,7.17
SO-2026-0000408,170,PROD_000099,2,2,2.6446,0.0,0.21,5.29
SO-2026-0000408,180,PROD_001420,2,2,0.8678,0.0,0.21,1.74
SO-2026-0000408,190,PROD_000738,2,2,3.2231,0.0,0.21,6.45
SO-2026-0000408,200,PROD_001696,2,2,2.0826,0.0,0.21,4.17
SO-2026-0000408,210,PROD_003578,2,2,21.9008,0.0,0.21,43.8
SO-2026-0000408,220,PROD_001070,2,2,0.8173,0.0,0.04,1.63
SO-2026-0000408,230,PROD_003291,1,1,1.3884,0.0,0.21,1.39
SO-2026-0000408,240,PROD_001122,3,3,0.9917,0.0,0.21,2.98
SO-2026-0000408,250,PROD_002479,1,1,1.9174,0.0,0.21,1.92
SO-2026-0000408,260,PROD_001631,2,2,1.6694,0.0,0.21,3.34
SO-2026-0000408,270,PROD_001393,2,2,5.1157,0.0,0.21,10.23
SO-2026-0000408,280,PROD_000945,1,1,1.1983,0.0,0.21,1.2
SO-2026-0000408,290,PROD_000680,1,1,2.2727,0.0,0.21,2.27
SO-2026-0000408,300,PROD_000964,1,1,2.0661,0.0,0.21,2.07
SO-2026-0000408,310,PROD_003202,1,1,4.9917,0.0,0.21,4.99
SO-2026-0000408,320,PROD_000386,3,3,2.4132,0.0,0.21,7.24
SO-2026-0000408,330,PROD_001529,1,1,4.8843,0.0,0.21,4.88
SO-2026-0000408,340,PROD_000651,1,1,6.6818,0.0,0.1,6.68
SO-2026-0000408,350,PROD_003723,1,1,0.7438,0.0,0.21,0.74
SO-2026-0000408,360,PROD_003496,3,3,1.3388,0.0,0.21,4.02
SO-2026-0000408,370,PROD_001354,2,1,1.0096,0.0,0.04,1.01
SO-2026-0000408,380,PROD_000624,1,1,1.5702,0.0,0.21,1.57
SO-2026-0000408,390,PROD_001333,3,3,1.7355,0.0,0.21,5.21
SO-2026-0000409,10,PROD_002885,3,1,1.157,0.0,0.21,1.16
SO-2026-0000409,20,PROD_002235,1,1,0.7025,0.0,0.21,0.7
SO-2026-0000409,30,PROD_001952,2,2,9.6446,0.0,0.21,19.29
SO-2026-0000409,40,PROD_002174,1,1,4.2562,0.0,0.21,4.26
SO-2026-0000409,50,PROD_000678,1,1,5.0,0.0,0.21,5.0
SO-2026-0000409,60,PROD_001884,1,1,4.0496,0.0,0.21,4.05
SO-2026-0000409,70,PROD_001713,3,1,9.3388,0.0,0.21,9.34
SO-2026-0000409,80,PROD_003574,5,5,10.281,0.0,0.21,51.41
SO-2026-0000410,10,PROD_000289,4,4,0.9091,0.0,0.21,3.64
SO-2026-0000410,20,PROD_001595,7,7,5.2479,0.0,0.21,36.74
SO-2026-0000410,30,PROD_003338,3,3,1.4463,0.0,0.21,4.34
SO-2026-0000410,40,PROD_000283,1,1,1.9008,0.0,0.21,1.9
SO-2026-0000410,50,PROD_002611,1,1,2.3554,0.0,0.21,2.36
SO-2026-0000411,10,PROD_002353,1,1,1.0769,0.0,0.04,1.08
SO-2026-0000411,20,PROD_002333,6,6,0.9504,0.0,0.21,5.7
SO-2026-0000411,30,PROD_000420,1,1,1.438,0.0,0.21,1.44
SO-2026-0000411,40,PROD_000852,1,1,1.9008,0.0,0.21,1.9
SO-2026-0000411,50,PROD_001292,2,2,8.3455,0.0,0.1,16.69
SO-2026-0000412,10,PROD_002930,3,3,1.5702,0.0,0.21,4.71
SO-2026-0000412,20,PROD_003570,1,1,0.6198,0.0,0.21,0.62
SO-2026-0000412,30,PROD_000756,2,2,2.2562,0.0,0.21,4.51
SO-2026-0000412,40,PROD_002159,3,3,2.0661,0.0,0.21,6.2
SO-2026-0000412,50,PROD_001712,1,1,2.1074,0.0,0.21,2.11
SO-2026-0000412,60,PROD_001286,2,2,2.4711,0.0,0.21,4.94
SO-2026-0000412,70,PROD_001729,1,1,1.2066,0.0,0.21,1.21
SO-2026-0000412,80,PROD_003131,3,3,1.562,0.0,0.21,4.69
SO-2026-0000412,90,PROD_002475,1,1,2.4793,0.0,0.21,2.48
SO-2026-0000412,100,PROD_001880,1,1,2.314,0.0,0.21,2.31
SO-2026-0000412,110,PROD_000558,5,5,1.438,0.0,0.21,7.19
SO-2026-0000412,120,PROD_000947,5,5,3.0579,0.0,0.21,15.29
SO-2026-0000413,10,PROD_003676,2,2,1.1983,0.0,0.21,2.4
SO-2026-0000413,20,PROD_003161,2,2,3.9669,0.0,0.21,7.93
SO-2026-0000413,30,PROD_000425,1,1,1.3462,0.0,0.04,1.35
SO-2026-0000413,40,PROD_001713,2,2,9.3388,0.0,0.21,18.68
SO-2026-0000413,50,PROD_000876,4,4,3.2231,0.0,0.21,12.89
SO-2026-0000414,10,PROD_000141,2,2,1.5702,0.0,0.21,3.14
SO-2026-0000414,20,PROD_002522,1,1,0.7438,0.0,0.21,0.74
SO-2026-0000414,30,PROD_000544,1,1,1.9008,0.0,0.21,1.9
SO-2026-0000414,40,PROD_003457,4,4,4.876,0.0,0.21,19.5
SO-2026-0000414,50,PROD_000130,1,1,2.686,0.0,0.21,2.69
SO-2026-0000414,60,PROD_000192,1,1,5.9587,0.0,0.21,5.96
SO-2026-0000414,70,PROD_001990,2,2,4.9587,0.0,0.21,9.92
SO-2026-0000414,80,PROD_001752,3,3,2.6529,0.0,0.21,7.96
SO-2026-0000414,90,PROD_002608,2,2,1.6198,0.0,0.21,3.24
SO-2026-0000414,100,PROD_002434,6,6,3.876,0.0,0.21,23.26
SO-2026-0000415,10,PROD_001604,1,1,3.4545,0.0,0.21,3.45
SO-2026-0000415,20,PROD_001145,1,1,0.9504,0.0,0.21,0.95
SO-2026-0000415,30,PROD_003587,2,2,13.6694,0.0,0.21,27.34
SO-2026-0000415,40,PROD_001569,1,1,4.5041,0.0,0.21,4.5
SO-2026-0000415,50,PROD_000227,2,2,1.5785,0.0,0.21,3.16
SO-2026-0000415,60,PROD_000146,2,2,2.3884,0.0,0.21,4.78
SO-2026-0000415,70,PROD_003617,1,1,4.3388,0.0,0.21,4.34
SO-2026-0000415,80,PROD_001391,2,1,4.0909,0.0,0.21,4.09
SO-2026-0000415,90,PROD_001138,2,2,2.2066,0.0,0.21,4.41
SO-2026-0000415,100,PROD_001394,2,2,3.876,0.0,0.21,7.75
SO-2026-0000415,110,PROD_003621,3,3,7.8512,0.0,0.21,23.55
SO-2026-0000416,10,PROD_000945,6,6,1.1983,0.0,0.21,7.19
SO-2026-0000416,20,PROD_001788,1,1,0.6281,0.0,0.21,0.63
SO-2026-0000416,30,PROD_000217,8,8,2.3636,0.0,0.21,18.91
SO-2026-0000416,40,PROD_002800,1,1,3.0992,0.0,0.21,3.1
SO-2026-0000416,50,PROD_001861,3,3,2.8264,0.0,0.21,8.48
SO-2026-0000416,60,PROD_000468,1,1,0.9917,0.0,0.21,0.99
SO-2026-0000416,70,PROD_001904,3,3,8.0992,0.0,0.21,24.3
SO-2026-0000417,10,PROD_001397,1,1,2.4876,0.0,0.21,2.49
SO-2026-0000417,20,PROD_001348,1,1,1.1157,0.0,0.21,1.12
SO-2026-0000417,30,PROD_002350,1,1,5.4132,0.0,0.21,5.41
SO-2026-0000417,40,PROD_000599,2,2,2.3077,0.0,0.04,4.62
SO-2026-0000417,50,PROD_002693,2,2,1.6529,0.0,0.21,3.31
SO-2026-0000417,60,PROD_000110,1,1,1.3223,0.0,0.21,1.32
SO-2026-0000417,70,PROD_002299,1,1,1.2397,0.0,0.21,1.24
SO-2026-0000417,80,PROD_002400,1,1,1.0577,0.0,0.04,1.06
SO-2026-0000418,10,PROD_001125,2,2,1.3223,0.0,0.21,2.64
SO-2026-0000418,20,PROD_002353,3,2,1.0769,0.0,0.04,2.15
SO-2026-0000418,30,PROD_000536,1,1,1.405,0.0,0.21,1.41
SO-2026-0000418,40,PROD_002882,2,2,0.8264,0.0,0.21,1.65
SO-2026-0000418,50,PROD_002278,5,4,1.4463,0.0,0.21,5.79
SO-2026-0000418,60,PROD_001500,2,2,1.8595,0.0,0.21,3.72
SO-2026-0000419,10,PROD_001413,1,1,3.0826,0.0,0.21,3.08
SO-2026-0000419,20,PROD_001130,3,3,1.157,0.0,0.21,3.47
SO-2026-0000419,30,PROD_001990,4,4,4.9587,0.0,0.21,19.83
SO-2026-0000419,40,PROD_000518,3,3,17.0826,0.0,0.21,51.25
SO-2026-0000420,10,PROD_001981,1,1,9.7686,0.0,0.21,9.77
SO-2026-0000420,20,PROD_002244,5,5,1.157,0.0,0.21,5.79
SO-2026-0000420,30,PROD_000865,2,2,1.9231,0.0,0.04,3.85
SO-2026-0000420,40,PROD_003437,5,5,3.3058,0.0,0.21,16.53
SO-2026-0000420,50,PROD_000199,2,2,6.1901,0.0,0.21,12.38
SO-2026-0000420,60,PROD_003619,1,1,16.0331,0.0,0.21,16.03
SO-2026-0000420,70,PROD_000354,1,1,1.4876,0.0,0.21,1.49
SO-2026-0000420,80,PROD_003561,6,6,1.5289,0.0,0.21,9.17
SO-2026-0000420,90,PROD_000943,3,3,0.9091,0.0,0.21,2.73
SO-2026-0000420,100,PROD_001866,2,2,1.3223,0.0,0.21,2.64
SO-2026-0000420,110,PROD_002405,1,1,1.4876,0.0,0.21,1.49
SO-2026-0000420,120,PROD_003433,1,1,1.6529,0.0,0.21,1.65
SO-2026-0000420,130,PROD_001620,4,4,1.2893,0.0,0.21,5.16
SO-2026-0000420,140,PROD_001064,1,1,2.7273,0.0,0.21,2.73
SO-2026-0000420,150,PROD_001920,1,1,1.7769,0.0,0.21,1.78
SO-2026-0000420,160,PROD_000406,3,3,1.9008,0.0,0.21,5.7
SO-2026-0000420,170,PROD_003350,1,1,0.6198,0.0,0.21,0.62
SO-2026-0000420,180,PROD_000271,1,1,1.875,0.0,0.04,1.88
SO-2026-0000420,190,PROD_003424,3,3,1.1983,0.0,0.21,3.59
SO-2026-0000420,200,PROD_000886,1,1,1.4876,0.0,0.21,1.49
SO-2026-0000420,210,PROD_003617,2,2,4.3388,0.0,0.21,8.68
SO-2026-0000420,220,PROD_003707,3,3,1.0826,0.0,0.21,3.25
SO-2026-0000420,230,PROD_000099,2,2,2.6446,0.0,0.21,5.29
SO-2026-0000420,240,PROD_001899,6,6,0.7025,0.0,0.21,4.21
SO-2026-0000420,250,PROD_000624,1,1,1.5702,0.0,0.21,1.57
SO-2026-0000420,260,PROD_001082,2,2,1.7273,0.0,0.21,3.45
SO-2026-0000420,270,PROD_001295,2,2,5.3719,0.0,0.21,10.74
SO-2026-0000420,280,PROD_001393,3,3,5.1157,0.0,0.21,15.35
SO-2026-0000421,10,PROD_001878,1,1,1.9835,0.0,0.21,1.98
SO-2026-0000421,20,PROD_000317,3,3,1.1653,0.0,0.21,3.5
SO-2026-0000421,30,PROD_002091,2,2,1.0,0.0,0.21,2.0
SO-2026-0000422,10,PROD_001317,1,1,2.2314,0.0,0.21,2.23
SO-2026-0000422,20,PROD_001161,3,3,0.2975,0.0,0.21,0.89
SO-2026-0000422,30,PROD_000434,3,1,0.9917,0.0,0.21,0.99
SO-2026-0000422,40,PROD_000486,2,2,4.0496,0.0,0.21,8.1
SO-2026-0000422,50,PROD_003553,6,6,1.405,0.0,0.21,8.43
SO-2026-0000422,60,PROD_001202,1,1,0.8678,0.0,0.21,0.87
SO-2026-0000422,70,PROD_003033,1,1,1.5702,0.0,0.21,1.57
SO-2026-0000422,80,PROD_000474,3,2,1.2019,0.0,0.04,2.4
SO-2026-0000422,90,PROD_000723,1,1,3.2231,0.0,0.21,3.22
SO-2026-0000422,100,PROD_001528,1,1,5.8678,0.0,0.21,5.87
SO-2026-0000422,110,PROD_002421,1,1,1.7438,0.0,0.21,1.74
SO-2026-0000422,120,PROD_001750,4,4,0.7025,0.0,0.21,2.81
SO-2026-0000422,130,PROD_002018,1,1,1.9835,0.0,0.21,1.98
SO-2026-0000422,140,PROD_001095,5,5,2.2231,0.0,0.21,11.12
SO-2026-0000422,150,PROD_000052,5,5,0.6198,0.0,0.21,3.1
SO-2026-0000422,160,PROD_003660,2,2,1.3223,0.0,0.21,2.64
SO-2026-0000422,170,PROD_003097,1,1,11.1818,0.0,0.21,11.18
SO-2026-0000423,10,PROD_003603,1,1,4.9587,0.0,0.21,4.96
SO-2026-0000423,20,PROD_000630,1,1,1.8264,0.0,0.21,1.83
SO-2026-0000423,30,PROD_003132,2,2,3.2231,0.0,0.21,6.45
SO-2026-0000423,40,PROD_003616,1,1,4.6694,0.0,0.21,4.67
SO-2026-0000423,50,PROD_002165,1,1,2.314,0.0,0.21,2.31
SO-2026-0000423,60,PROD_001790,2,2,1.157,0.0,0.21,2.31
SO-2026-0000423,70,PROD_002678,1,1,2.4793,0.0,0.21,2.48
SO-2026-0000423,80,PROD_002374,4,4,8.4455,0.0,0.1,33.78
SO-2026-0000423,90,PROD_001512,5,5,6.0331,0.0,0.21,30.17
SO-2026-0000423,100,PROD_003076,2,2,2.6446,0.0,0.21,5.29
SO-2026-0000423,110,PROD_000831,1,1,1.3462,0.0,0.04,1.35
SO-2026-0000423,120,PROD_003310,5,5,3.3058,0.0,0.21,16.53
SO-2026-0000423,130,PROD_001897,1,1,8.2645,0.0,0.21,8.26
SO-2026-0000423,140,PROD_000440,2,2,6.3636,0.0,0.21,12.73
SO-2026-0000423,150,PROD_001297,2,2,1.4463,0.0,0.21,2.89
SO-2026-0000423,160,PROD_002940,3,3,1.6529,0.0,0.21,4.96
SO-2026-0000423,170,PROD_001714,1,1,1.6529,0.0,0.21,1.65
SO-2026-0000423,180,PROD_000989,1,1,1.157,0.0,0.21,1.16
SO-2026-0000423,190,PROD_002622,2,2,1.5702,0.0,0.21,3.14
SO-2026-0000423,200,PROD_002202,1,1,3.8017,0.0,0.21,3.8
SO-2026-0000423,210,PROD_001765,4,4,0.7025,0.0,0.21,2.81
SO-2026-0000423,220,PROD_001411,3,3,1.7273,0.0,0.21,5.18
SO-2026-0000423,230,PROD_001698,2,2,3.2231,0.0,0.21,6.45
SO-2026-0000424,10,PROD_001310,1,1,1.0962,0.0,0.04,1.1
SO-2026-0000424,20,PROD_002257,1,1,1.3636,0.0,0.21,1.36
SO-2026-0000424,30,PROD_001638,4,4,0.9504,0.0,0.21,3.8
SO-2026-0000424,40,PROD_000897,1,1,0.6612,0.0,0.21,0.66
SO-2026-0000424,50,PROD_001167,4,2,1.3636,0.0,0.21,2.73
SO-2026-0000424,60,PROD_002600,1,1,5.1488,0.0,0.21,5.15
SO-2026-0000424,70,PROD_000153,3,3,1.4959,0.0,0.21,4.49
SO-2026-0000424,80,PROD_002547,1,1,1.2397,0.0,0.21,1.24
SO-2026-0000424,90,PROD_001992,2,2,1.9421,0.0,0.21,3.88
SO-2026-0000425,10,PROD_001824,5,5,2.6033,0.0,0.21,13.02
SO-2026-0000425,20,PROD_001191,1,1,0.7025,0.0,0.21,0.7
SO-2026-0000425,30,PROD_001160,4,4,1.6346,0.0,0.04,6.54
SO-2026-0000425,40,PROD_002191,6,6,1.4545,0.0,0.21,8.73
SO-2026-0000426,10,PROD_003574,1,1,10.281,0.0,0.21,10.28
SO-2026-0000426,20,PROD_002256,1,1,1.0962,0.0,0.04,1.1
SO-2026-0000426,30,PROD_000683,1,1,8.6612,0.0,0.21,8.66
SO-2026-0000426,40,PROD_002726,2,2,3.2645,0.0,0.21,6.53
SO-2026-0000426,50,PROD_002935,1,1,5.7355,0.0,0.21,5.74
SO-2026-0000426,60,PROD_001517,1,1,9.3818,0.0,0.1,9.38
SO-2026-0000426,70,PROD_000126,1,1,2.2314,0.0,0.21,2.23
SO-2026-0000426,80,PROD_000598,2,2,1.7692,0.0,0.04,3.54
SO-2026-0000426,90,PROD_002435,1,1,1.7273,0.0,0.21,1.73
SO-2026-0000426,100,PROD_003582,1,1,4.7521,0.0,0.21,4.75
SO-2026-0000426,110,PROD_001132,2,2,1.7355,0.0,0.21,3.47
SO-2026-0000426,120,PROD_002321,1,1,0.9091,0.0,0.21,0.91
SO-2026-0000426,130,PROD_002312,2,2,0.7025,0.0,0.21,1.41
SO-2026-0000426,140,PROD_000637,1,1,3.5207,0.0,0.21,3.52
SO-2026-0000426,150,PROD_003719,5,5,1.2727,0.0,0.21,6.36
SO-2026-0000426,160,PROD_002486,2,2,4.8182,0.0,0.21,9.64
SO-2026-0000426,170,PROD_001638,4,4,0.9504,0.0,0.21,3.8
SO-2026-0000426,180,PROD_002682,1,1,12.1405,0.0,0.21,12.14
SO-2026-0000427,10,PROD_003317,2,2,4.8347,0.0,0.21,9.67
SO-2026-0000427,20,PROD_000776,3,3,1.5289,0.0,0.21,4.59
SO-2026-0000427,30,PROD_000403,1,1,4.3388,0.0,0.21,4.34
SO-2026-0000427,40,PROD_000972,2,2,1.5702,0.0,0.21,3.14
SO-2026-0000427,50,PROD_002051,3,3,1.3636,0.0,0.21,4.09
SO-2026-0000427,60,PROD_001301,1,1,1.0096,0.0,0.04,1.01
SO-2026-0000427,70,PROD_000669,1,1,2.6446,0.0,0.21,2.64
SO-2026-0000427,80,PROD_003264,4,4,4.7107,0.0,0.21,18.84
SO-2026-0000428,10,PROD_001569,1,1,4.5041,0.0,0.21,4.5
SO-2026-0000428,20,PROD_000756,1,1,2.2562,0.0,0.21,2.26
SO-2026-0000428,30,PROD_001741,4,4,1.8182,0.0,0.21,7.27
SO-2026-0000428,40,PROD_002037,2,2,1.3223,0.0,0.21,2.64
SO-2026-0000428,50,PROD_000480,4,4,3.0165,0.0,0.21,12.07
SO-2026-0000429,10,PROD_002930,2,2,1.5702,0.0,0.21,3.14
SO-2026-0000429,20,PROD_003032,3,3,2.314,0.0,0.21,6.94
SO-2026-0000430,10,PROD_001145,1,1,0.9504,0.0,0.21,0.95
SO-2026-0000430,20,PROD_002017,1,1,1.1157,0.0,0.21,1.12
SO-2026-0000430,30,PROD_003451,1,1,1.281,0.0,0.21,1.28
SO-2026-0000430,40,PROD_000984,1,1,0.5785,0.0,0.21,0.58
SO-2026-0000430,50,PROD_000569,6,6,4.3388,0.0,0.21,26.03
SO-2026-0000430,60,PROD_000348,6,6,2.2727,0.0,0.21,13.64
SO-2026-0000431,10,PROD_003323,1,1,0.9917,0.0,0.21,0.99
SO-2026-0000431,20,PROD_003448,4,4,1.3223,0.0,0.21,5.29
SO-2026-0000431,30,PROD_002241,1,1,1.2645,0.0,0.21,1.26
SO-2026-0000431,40,PROD_001114,2,2,2.3471,0.0,0.21,4.69
SO-2026-0000431,50,PROD_001341,1,1,1.7603,0.0,0.21,1.76
SO-2026-0000431,60,PROD_003600,1,1,7.7273,0.0,0.21,7.73
SO-2026-0000431,70,PROD_001523,4,4,3.9917,0.0,0.21,15.97
SO-2026-0000432,10,PROD_003553,4,4,1.405,0.0,0.21,5.62
SO-2026-0000432,20,PROD_002694,1,1,3.2231,0.0,0.21,3.22
SO-2026-0000432,30,PROD_001804,1,1,0.9504,0.0,0.21,0.95
SO-2026-0000432,40,PROD_001761,7,2,2.3967,0.0,0.21,4.79
SO-2026-0000432,50,PROD_001843,2,2,1.4463,0.0,0.21,2.89
SO-2026-0000432,60,PROD_000952,1,1,8.2231,0.0,0.21,8.22
SO-2026-0000432,70,PROD_003710,1,1,1.2727,0.0,0.21,1.27
SO-2026-0000432,80,PROD_003519,2,2,1.405,0.0,0.21,2.81
SO-2026-0000432,90,PROD_003328,2,2,2.6612,0.0,0.21,5.32
SO-2026-0000432,100,PROD_000639,4,4,1.5702,0.0,0.21,6.28
SO-2026-0000432,110,PROD_001858,1,1,2.6694,0.0,0.21,2.67
SO-2026-0000432,120,PROD_003015,2,2,1.0744,0.0,0.21,2.15
SO-2026-0000433,10,PROD_002037,1,1,1.3223,0.0,0.21,1.32
SO-2026-0000433,20,PROD_001387,1,1,6.1983,0.0,0.21,6.2
SO-2026-0000433,30,PROD_003704,3,3,3.7603,0.0,0.21,11.28
SO-2026-0000433,40,PROD_001197,1,1,3.7851,0.0,0.21,3.79
SO-2026-0000433,50,PROD_002024,5,5,1.4463,0.0,0.21,7.23
SO-2026-0000433,60,PROD_001300,2,2,1.0331,0.0,0.21,2.07
SO-2026-0000433,70,PROD_000935,2,2,1.4298,0.0,0.21,2.86
SO-2026-0000433,80,PROD_002333,4,4,0.9504,0.0,0.21,3.8
SO-2026-0000433,90,PROD_000079,1,1,2.0661,0.0,0.21,2.07
SO-2026-0000433,100,PROD_002886,1,1,3.2645,0.0,0.21,3.26
SO-2026-0000433,110,PROD_001870,2,2,1.1157,0.0,0.21,2.23
SO-2026-0000433,120,PROD_001379,4,4,0.2645,0.0,0.21,1.06
SO-2026-0000433,130,PROD_001554,1,1,0.8264,0.0,0.21,0.83
SO-2026-0000433,140,PROD_001903,3,3,2.438,0.0,0.21,7.31
SO-2026-0000433,150,PROD_000175,2,2,0.3306,0.0,0.21,0.66
SO-2026-0000433,160,PROD_000215,1,1,2.4793,0.0,0.21,2.48
SO-2026-0000434,10,PROD_001352,2,2,2.4793,0.0,0.21,4.96
SO-2026-0000434,20,PROD_003664,1,1,2.562,0.0,0.21,2.56
SO-2026-0000434,30,PROD_000300,3,3,1.6446,0.0,0.21,4.93
SO-2026-0000434,40,PROD_002350,2,2,5.4132,0.0,0.21,10.83
SO-2026-0000435,10,PROD_001554,1,1,0.8264,0.0,0.21,0.83
SO-2026-0000435,20,PROD_000848,4,4,1.3223,0.0,0.21,5.29
SO-2026-0000435,30,PROD_001094,4,4,1.6529,0.0,0.21,6.61
SO-2026-0000435,40,PROD_000855,1,1,0.9504,0.0,0.21,0.95
SO-2026-0000435,50,PROD_000924,2,2,1.6529,0.0,0.21,3.31
SO-2026-0000435,60,PROD_002551,1,1,6.1983,0.0,0.21,6.2
SO-2026-0000435,70,PROD_001197,2,2,3.7851,0.0,0.21,7.57
SO-2026-0000435,80,PROD_001553,1,1,13.2975,0.0,0.21,13.3
SO-2026-0000435,90,PROD_000413,4,4,0.5372,0.0,0.21,2.15
SO-2026-0000435,100,PROD_001739,3,3,2.1901,0.0,0.21,6.57
SO-2026-0000436,10,PROD_000336,3,3,2.314,0.0,0.21,6.94
SO-2026-0000436,20,PROD_000201,1,1,1.3942,0.0,0.04,1.39
SO-2026-0000436,30,PROD_000820,4,4,0.9091,0.0,0.21,3.64
SO-2026-0000436,40,PROD_002154,3,3,1.8595,0.0,0.21,5.58
SO-2026-0000436,50,PROD_001569,2,2,4.5041,0.0,0.21,9.01
SO-2026-0000437,10,PROD_000710,4,4,0.4132,0.0,0.21,1.65
SO-2026-0000437,20,PROD_000285,2,2,1.5702,0.0,0.21,3.14
SO-2026-0000437,30,PROD_000966,1,1,3.0579,0.0,0.21,3.06
SO-2026-0000437,40,PROD_002311,2,2,2.1488,0.0,0.21,4.3
SO-2026-0000437,50,PROD_001168,2,2,1.6529,0.0,0.21,3.31
SO-2026-0000437,60,PROD_000806,1,1,0.6612,0.0,0.21,0.66
SO-2026-0000437,70,PROD_002624,4,4,0.9504,0.0,0.21,3.8
SO-2026-0000437,80,PROD_001184,1,1,0.8678,0.0,0.21,0.87
SO-2026-0000437,90,PROD_002488,7,7,4.5785,0.0,0.21,32.05
SO-2026-0000437,100,PROD_001606,2,2,1.4876,0.0,0.21,2.98
SO-2026-0000437,110,PROD_001571,6,6,0.6612,0.0,0.21,3.97
SO-2026-0000437,120,PROD_002279,3,3,2.562,0.0,0.21,7.69
SO-2026-0000437,130,PROD_000183,2,2,5.7025,0.0,0.21,11.4
SO-2026-0000437,140,PROD_002572,1,1,1.2893,0.0,0.21,1.29
SO-2026-0000437,150,PROD_002014,3,3,3.8017,0.0,0.21,11.41
SO-2026-0000437,160,PROD_001844,1,1,1.0331,0.0,0.21,1.03
SO-2026-0000437,170,PROD_000757,1,1,1.9835,0.0,0.21,1.98
SO-2026-0000437,180,PROD_000512,3,3,4.4628,0.0,0.21,13.39
SO-2026-0000437,190,PROD_001382,2,2,2.1901,0.0,0.21,4.38
SO-2026-0000437,200,PROD_002379,1,1,5.7025,0.0,0.21,5.7
SO-2026-0000438,10,PROD_001758,1,1,1.0331,0.0,0.21,1.03
SO-2026-0000438,20,PROD_000486,2,2,4.0496,0.0,0.21,8.1
SO-2026-0000438,30,PROD_002513,1,1,3.5207,0.0,0.21,3.52
SO-2026-0000438,40,PROD_002157,1,1,3.3306,0.0,0.21,3.33
SO-2026-0000438,50,PROD_001369,2,2,0.7025,0.0,0.21,1.41
SO-2026-0000438,60,PROD_003185,1,1,3.2231,0.0,0.21,3.22
SO-2026-0000438,70,PROD_003462,5,5,4.0496,0.0,0.21,20.25
SO-2026-0000438,80,PROD_000517,1,1,3.1983,0.0,0.21,3.2
SO-2026-0000438,90,PROD_001768,1,1,2.7438,0.0,0.21,2.74
SO-2026-0000438,100,PROD_001348,5,5,1.1157,0.0,0.21,5.58
SO-2026-0000439,10,PROD_000481,6,6,5.2893,0.0,0.21,31.74
SO-2026-0000439,20,PROD_001251,1,1,3.6942,0.0,0.21,3.69
SO-2026-0000439,30,PROD_000258,3,3,1.1818,0.0,0.21,3.55
SO-2026-0000439,40,PROD_003510,4,4,1.7769,0.0,0.21,7.11
SO-2026-0000439,50,PROD_003491,3,3,0.7355,0.0,0.21,2.21
SO-2026-0000439,60,PROD_001903,3,3,2.438,0.0,0.21,7.31
SO-2026-0000440,10,PROD_000511,1,1,2.6942,0.0,0.21,2.69
SO-2026-0000440,20,PROD_003417,2,2,1.1157,0.0,0.21,2.23
SO-2026-0000440,30,PROD_003141,2,2,1.9835,0.0,0.21,3.97
SO-2026-0000440,40,PROD_000384,3,3,2.8512,0.0,0.21,8.55
SO-2026-0000440,50,PROD_001866,1,1,1.3223,0.0,0.21,1.32
SO-2026-0000440,60,PROD_003617,1,1,4.3388,0.0,0.21,4.34
SO-2026-0000440,70,PROD_003724,4,4,1.3967,0.0,0.21,5.59
SO-2026-0000440,80,PROD_002736,1,1,3.2231,0.0,0.21,3.22
SO-2026-0000440,90,PROD_001483,1,1,3.2562,0.0,0.21,3.26
SO-2026-0000440,100,PROD_002494,1,1,8.2066,0.0,0.21,8.21
SO-2026-0000440,110,PROD_000016,1,1,4.9587,0.0,0.21,4.96
SO-2026-0000440,120,PROD_000546,1,1,2.0992,0.0,0.21,2.1
SO-2026-0000441,10,PROD_000571,2,2,1.2397,0.0,0.21,2.48
SO-2026-0000441,20,PROD_001845,5,5,1.5702,0.0,0.21,7.85
SO-2026-0000441,30,PROD_002151,1,1,1.7355,0.0,0.21,1.74
SO-2026-0000441,40,PROD_000084,6,6,1.1983,0.0,0.21,7.19
SO-2026-0000442,10,PROD_001822,1,1,3.4711,0.0,0.21,3.47
SO-2026-0000442,20,PROD_002357,1,1,4.0496,0.0,0.21,4.05
SO-2026-0000442,30,PROD_001986,3,3,2.6364,0.0,0.21,7.91
SO-2026-0000442,40,PROD_002469,3,1,3.124,0.0,0.21,3.12
SO-2026-0000442,50,PROD_000624,4,4,1.5702,0.0,0.21,6.28
SO-2026-0000442,60,PROD_002328,1,1,2.3967,0.0,0.21,2.4
SO-2026-0000442,70,PROD_001413,1,1,3.0826,0.0,0.21,3.08
SO-2026-0000442,80,PROD_000869,1,1,1.6116,0.0,0.21,1.61
SO-2026-0000442,90,PROD_000494,3,3,4.4959,0.0,0.21,13.49
SO-2026-0000443,10,PROD_001065,1,1,2.6346,0.0,0.04,2.63
SO-2026-0000443,20,PROD_002347,3,1,1.9835,0.0,0.21,1.98
SO-2026-0000443,30,PROD_002828,1,1,2.0661,0.0,0.21,2.07
SO-2026-0000443,40,PROD_002373,4,4,2.1901,0.0,0.21,8.76
SO-2026-0000443,50,PROD_002100,2,2,17.4132,0.0,0.21,34.83
SO-2026-0000443,60,PROD_000462,4,4,1.3942,0.0,0.04,5.58
SO-2026-0000443,70,PROD_002331,2,2,3.7025,0.0,0.21,7.41
SO-2026-0000443,80,PROD_003569,3,3,0.6198,0.0,0.21,1.86
SO-2026-0000443,90,PROD_001986,3,3,2.6364,0.0,0.21,7.91
SO-2026-0000443,100,PROD_000853,2,2,1.3802,0.0,0.21,2.76
SO-2026-0000443,110,PROD_000550,1,1,3.2645,0.0,0.21,3.26
SO-2026-0000444,10,PROD_001781,3,3,4.0496,0.0,0.21,12.15
SO-2026-0000444,20,PROD_001517,2,2,9.3818,0.0,0.1,18.76
SO-2026-0000445,10,PROD_000134,3,3,1.7769,0.0,0.21,5.33
SO-2026-0000445,20,PROD_000440,2,2,6.3636,0.0,0.21,12.73
SO-2026-0000445,30,PROD_003629,3,3,2.2231,0.0,0.21,6.67
SO-2026-0000445,40,PROD_003169,1,1,2.5207,0.0,0.21,2.52
SO-2026-0000445,50,PROD_000454,1,1,1.157,0.0,0.21,1.16
SO-2026-0000445,60,PROD_001611,1,1,1.1157,0.0,0.21,1.12
SO-2026-0000445,70,PROD_001407,1,1,20.7273,0.0,0.1,20.73
SO-2026-0000446,10,PROD_001869,1,1,4.3058,0.0,0.21,4.31
SO-2026-0000446,20,PROD_001997,1,1,2.2314,0.0,0.21,2.23
SO-2026-0000446,30,PROD_002073,6,2,0.8264,0.0,0.21,1.65
SO-2026-0000446,40,PROD_000347,5,5,1.3223,0.0,0.21,6.61
SO-2026-0000446,50,PROD_001939,1,1,4.7686,0.0,0.21,4.77
SO-2026-0000446,60,PROD_002065,2,2,0.7438,0.0,0.21,1.49
SO-2026-0000446,70,PROD_002081,1,1,4.0413,0.0,0.21,4.04
SO-2026-0000446,80,PROD_002502,3,3,1.4423,0.0,0.04,4.33
SO-2026-0000446,90,PROD_003015,1,1,1.0744,0.0,0.21,1.07
SO-2026-0000446,100,PROD_000452,1,1,2.3967,0.0,0.21,2.4
SO-2026-0000446,110,PROD_003231,2,2,0.9917,0.0,0.21,1.98
SO-2026-0000446,120,PROD_000217,2,2,2.3636,0.0,0.21,4.73
SO-2026-0000446,130,PROD_001128,1,1,1.5289,0.0,0.21,1.53
SO-2026-0000446,140,PROD_003669,2,2,0.7025,0.0,0.21,1.41
SO-2026-0000446,150,PROD_000492,1,1,8.5537,0.0,0.21,8.55
SO-2026-0000446,160,PROD_000539,1,1,2.5124,0.0,0.21,2.51
SO-2026-0000446,170,PROD_000865,2,2,1.9231,0.0,0.04,3.85
SO-2026-0000446,180,PROD_001332,4,4,2.5865,0.0,0.04,10.35
SO-2026-0000447,10,PROD_000612,5,5,0.6446,0.0,0.21,3.22
SO-2026-0000447,20,PROD_001585,5,5,3.3058,0.0,0.21,16.53
SO-2026-0000447,30,PROD_002143,3,3,0.2893,0.0,0.21,0.87
SO-2026-0000447,40,PROD_002973,3,3,3.2231,0.0,0.21,9.67
SO-2026-0000448,10,PROD_003373,2,2,1.8182,0.0,0.21,3.64
SO-2026-0000448,20,PROD_000416,1,1,1.6446,0.0,0.21,1.64
SO-2026-0000448,30,PROD_000435,2,2,1.8182,0.0,0.21,3.64
SO-2026-0000448,40,PROD_003581,1,1,4.7934,0.0,0.21,4.79
SO-2026-0000448,50,PROD_003353,2,2,1.281,0.0,0.21,2.56
SO-2026-0000448,60,PROD_001648,1,1,1.4463,0.0,0.21,1.45
SO-2026-0000448,70,PROD_001498,1,1,0.4545,0.0,0.21,0.45
SO-2026-0000448,80,PROD_002444,2,2,1.9421,0.0,0.21,3.88
SO-2026-0000448,90,PROD_000952,4,4,8.2231,0.0,0.21,32.89
SO-2026-0000449,10,PROD_000989,1,1,1.157,0.0,0.21,1.16
SO-2026-0000449,20,PROD_001723,1,1,2.0248,0.0,0.21,2.02
SO-2026-0000449,30,PROD_003611,2,2,5.2066,0.0,0.21,10.41
SO-2026-0000449,40,PROD_001117,2,2,2.1074,0.0,0.21,4.21
SO-2026-0000449,50,PROD_001880,3,3,2.314,0.0,0.21,6.94
SO-2026-0000449,60,PROD_002674,2,2,1.0744,0.0,0.21,2.15
SO-2026-0000449,70,PROD_001262,3,3,1.4876,0.0,0.21,4.46
SO-2026-0000449,80,PROD_000422,1,1,1.4876,0.0,0.21,1.49
SO-2026-0000449,90,PROD_002081,5,5,4.0413,0.0,0.21,20.21
SO-2026-0000449,100,PROD_000661,4,4,2.4876,0.0,0.21,9.95
SO-2026-0000449,110,PROD_000384,1,1,2.8512,0.0,0.21,2.85
SO-2026-0000449,120,PROD_003649,3,3,1.3636,0.0,0.21,4.09
SO-2026-0000450,10,PROD_002714,1,1,2.0661,0.0,0.21,2.07
SO-2026-0000450,20,PROD_002105,1,1,2.314,0.0,0.21,2.31
SO-2026-0000450,30,PROD_000044,3,3,1.1157,0.0,0.21,3.35
SO-2026-0000450,40,PROD_000718,2,2,1.7686,0.0,0.21,3.54
SO-2026-0000450,50,PROD_001940,2,2,0.7025,0.0,0.21,1.41
SO-2026-0000450,60,PROD_001485,2,2,1.6529,0.0,0.21,3.31
SO-2026-0000450,70,PROD_001540,1,1,0.7438,0.0,0.21,0.74
SO-2026-0000450,80,PROD_002205,5,5,1.2562,0.0,0.21,6.28
SO-2026-0000450,90,PROD_000316,3,3,5.1818,0.0,0.21,15.55
SO-2026-0000450,100,PROD_000964,1,1,2.0661,0.0,0.21,2.07
SO-2026-0000450,110,PROD_003537,1,1,10.3306,0.0,0.21,10.33
SO-2026-0000450,120,PROD_000714,1,1,2.7686,0.0,0.21,2.77
SO-2026-0000450,130,PROD_000451,3,3,2.4793,0.0,0.21,7.44
SO-2026-0000450,140,PROD_002081,1,1,4.0413,0.0,0.21,4.04
SO-2026-0000450,150,PROD_002120,2,2,3.7686,0.0,0.21,7.54
SO-2026-0000450,160,PROD_001120,2,2,6.6942,0.0,0.21,13.39
SO-2026-0000451,10,PROD_002469,5,5,3.124,0.0,0.21,15.62
SO-2026-0000451,20,PROD_002364,3,3,0.7438,0.0,0.21,2.23
SO-2026-0000451,30,PROD_003689,2,2,2.8926,0.0,0.21,5.79
SO-2026-0000451,40,PROD_001273,4,3,1.6529,0.0,0.21,4.96
SO-2026-0000451,50,PROD_000258,1,1,1.1818,0.0,0.21,1.18
SO-2026-0000451,60,PROD_001207,1,1,2.3182,0.0,0.1,2.32
SO-2026-0000451,70,PROD_001913,1,1,8.2314,0.0,0.21,8.23
SO-2026-0000451,80,PROD_000487,1,1,4.2975,0.0,0.21,4.3
SO-2026-0000451,90,PROD_003518,4,4,1.7355,0.0,0.21,6.94
SO-2026-0000452,10,PROD_003025,2,2,0.8264,0.0,0.21,1.65
SO-2026-0000452,20,PROD_001830,2,2,2.8926,0.0,0.21,5.79
SO-2026-0000452,30,PROD_001858,1,1,2.6694,0.0,0.21,2.67
SO-2026-0000452,40,PROD_003132,2,2,3.2231,0.0,0.21,6.45
SO-2026-0000452,50,PROD_003165,1,1,1.9835,0.0,0.21,1.98
SO-2026-0000452,60,PROD_002494,1,1,8.2066,0.0,0.21,8.21
SO-2026-0000452,70,PROD_002224,1,1,0.9504,0.0,0.21,0.95
SO-2026-0000452,80,PROD_001954,2,2,5.6694,0.0,0.21,11.34
SO-2026-0000452,90,PROD_000604,2,2,2.3967,0.0,0.21,4.79
SO-2026-0000452,100,PROD_002327,2,2,0.7851,0.0,0.21,1.57
SO-2026-0000452,110,PROD_000159,1,1,3.3058,0.0,0.21,3.31
SO-2026-0000453,10,PROD_001086,2,2,2.4711,0.0,0.21,4.94
SO-2026-0000453,20,PROD_000931,1,1,1.7107,0.0,0.21,1.71
SO-2026-0000453,30,PROD_002601,5,5,0.843,0.0,0.21,4.21
SO-2026-0000453,40,PROD_001050,1,1,1.6346,0.0,0.04,1.63
SO-2026-0000453,50,PROD_000696,2,2,1.9835,0.0,0.21,3.97
SO-2026-0000453,60,PROD_002940,2,2,1.6529,0.0,0.21,3.31
SO-2026-0000453,70,PROD_003516,3,3,0.9669,0.0,0.21,2.9
SO-2026-0000453,80,PROD_003004,2,2,0.8264,0.0,0.21,1.65
SO-2026-0000453,90,PROD_000091,1,1,2.6446,0.0,0.21,2.64
SO-2026-0000453,100,PROD_001215,2,2,3.0579,0.0,0.21,6.12
SO-2026-0000454,10,PROD_002513,2,2,3.5207,0.0,0.21,7.04
SO-2026-0000454,20,PROD_001497,1,1,2.6033,0.0,0.21,2.6
SO-2026-0000454,30,PROD_003436,2,2,0.7438,0.0,0.21,1.49
SO-2026-0000454,40,PROD_001443,2,2,3.3058,0.0,0.21,6.61
SO-2026-0000454,50,PROD_003061,3,3,4.5455,0.0,0.21,13.64
SO-2026-0000454,60,PROD_000053,4,4,1.6529,0.0,0.21,6.61
SO-2026-0000454,70,PROD_001768,1,1,2.7438,0.0,0.21,2.74
SO-2026-0000454,80,PROD_002953,1,1,0.8678,0.0,0.21,0.87
SO-2026-0000454,90,PROD_002159,3,3,2.0661,0.0,0.21,6.2
SO-2026-0000455,10,PROD_001547,1,1,1.7769,0.0,0.21,1.78
SO-2026-0000455,20,PROD_003685,4,4,1.0744,0.0,0.21,4.3
SO-2026-0000455,30,PROD_000658,3,3,8.7686,0.0,0.21,26.31
SO-2026-0000455,40,PROD_000694,1,1,1.4463,0.0,0.21,1.45
SO-2026-0000455,50,PROD_002488,6,6,4.5785,0.0,0.21,27.47
SO-2026-0000455,60,PROD_001339,3,3,2.6942,0.0,0.21,8.08
SO-2026-0000455,70,PROD_002532,2,2,1.4615,0.0,0.04,2.92
SO-2026-0000455,80,PROD_003599,3,3,4.9587,0.0,0.21,14.88
SO-2026-0000455,90,PROD_002265,1,1,1.0165,0.0,0.21,1.02
SO-2026-0000455,100,PROD_000393,2,2,1.3636,0.0,0.21,2.73
SO-2026-0000455,110,PROD_002337,2,2,0.9135,0.0,0.04,1.83
SO-2026-0000455,120,PROD_002868,2,2,1.4876,0.0,0.21,2.98
SO-2026-0000456,10,PROD_000151,1,1,2.6446,0.0,0.21,2.64
SO-2026-0000456,20,PROD_003127,1,1,3.2231,0.0,0.21,3.22
SO-2026-0000456,30,PROD_002977,2,2,2.0661,0.0,0.21,4.13
SO-2026-0000456,40,PROD_000492,3,3,8.5537,0.0,0.21,25.66
SO-2026-0000457,10,PROD_001074,3,3,2.8926,0.0,0.21,8.68
SO-2026-0000457,20,PROD_000445,1,1,2.4545,0.0,0.21,2.45
SO-2026-0000457,30,PROD_001703,3,3,3.2645,0.0,0.21,9.79
SO-2026-0000457,40,PROD_000610,4,4,3.876,0.0,0.21,15.5
SO-2026-0000457,50,PROD_001095,3,3,2.2231,0.0,0.21,6.67
SO-2026-0000457,60,PROD_002752,2,2,3.2231,0.0,0.21,6.45
SO-2026-0000457,70,PROD_001911,3,3,0.8264,0.0,0.21,2.48
SO-2026-0000457,80,PROD_003150,1,1,1.562,0.0,0.21,1.56
SO-2026-0000457,90,PROD_002194,1,1,1.1154,0.0,0.04,1.12
SO-2026-0000457,100,PROD_003125,2,2,3.2231,0.0,0.21,6.45
SO-2026-0000458,10,PROD_002202,3,3,3.8017,0.0,0.21,11.41
SO-2026-0000458,20,PROD_003333,3,3,1.6529,0.0,0.21,4.96
SO-2026-0000458,30,PROD_003602,2,2,8.6777,0.0,0.21,17.36
SO-2026-0000458,40,PROD_002114,1,1,7.3554,0.0,0.21,7.36
SO-2026-0000458,50,PROD_002250,3,3,1.3802,0.0,0.21,4.14
SO-2026-0000459,10,PROD_003616,2,2,4.6694,0.0,0.21,9.34
SO-2026-0000459,20,PROD_001120,1,1,6.6942,0.0,0.21,6.69
SO-2026-0000459,30,PROD_001084,6,4,2.3471,0.0,0.21,9.39
SO-2026-0000459,40,PROD_002795,1,1,1.314,0.0,0.21,1.31
SO-2026-0000459,50,PROD_000247,1,1,2.0661,0.0,0.21,2.07
SO-2026-0000459,60,PROD_001485,1,1,1.6529,0.0,0.21,1.65
SO-2026-0000459,70,PROD_000032,2,2,5.6612,0.0,0.21,11.32
SO-2026-0000459,80,PROD_000814,4,4,0.9917,0.0,0.21,3.97
SO-2026-0000459,90,PROD_003346,1,1,0.7769,0.0,0.21,0.78
SO-2026-0000459,100,PROD_002445,1,1,9.0455,0.0,0.1,9.05
SO-2026-0000459,110,PROD_003288,4,1,2.2314,0.0,0.21,2.23
SO-2026-0000459,120,PROD_002935,1,1,5.7355,0.0,0.21,5.74
SO-2026-0000459,130,PROD_001000,4,4,7.438,0.0,0.21,29.75
SO-2026-0000460,10,PROD_000062,1,1,3.1736,0.0,0.21,3.17
SO-2026-0000460,20,PROD_003359,3,3,1.1157,0.0,0.21,3.35
SO-2026-0000460,30,PROD_000669,3,3,2.6446,0.0,0.21,7.93
SO-2026-0000460,40,PROD_002083,4,2,4.1818,0.0,0.21,8.36
SO-2026-0000460,50,PROD_003127,1,1,3.2231,0.0,0.21,3.22
SO-2026-0000460,60,PROD_001017,5,5,3.2231,0.0,0.21,16.12
SO-2026-0000461,10,PROD_000434,1,1,0.9917,0.0,0.21,0.99
SO-2026-0000461,20,PROD_002075,1,1,1.6529,0.0,0.21,1.65
SO-2026-0000461,30,PROD_001950,1,1,1.6777,0.0,0.21,1.68
SO-2026-0000461,40,PROD_002819,3,3,1.405,0.0,0.21,4.21
SO-2026-0000461,50,PROD_000890,1,1,4.7521,0.0,0.21,4.75
SO-2026-0000461,60,PROD_002141,1,1,0.3306,0.0,0.21,0.33
SO-2026-0000461,70,PROD_001485,3,3,1.6529,0.0,0.21,4.96
SO-2026-0000461,80,PROD_001953,2,2,1.3636,0.0,0.21,2.73
SO-2026-0000461,90,PROD_003424,3,3,1.1983,0.0,0.21,3.59
SO-2026-0000461,100,PROD_003088,2,2,5.7355,0.0,0.21,11.47
SO-2026-0000461,110,PROD_001367,1,1,5.0,0.0,0.1,5.0
SO-2026-0000461,120,PROD_003664,1,1,2.562,0.0,0.21,2.56
SO-2026-0000461,130,PROD_003054,4,4,1.7355,0.0,0.21,6.94
SO-2026-0000461,140,PROD_003264,1,1,4.7107,0.0,0.21,4.71
SO-2026-0000461,150,PROD_003600,2,2,7.7273,0.0,0.21,15.45
SO-2026-0000462,10,PROD_000811,1,1,3.2645,0.0,0.21,3.26
SO-2026-0000462,20,PROD_002101,1,1,6.6116,0.0,0.21,6.61
SO-2026-0000462,30,PROD_000755,3,3,3.2397,0.0,0.21,9.72
SO-2026-0000462,40,PROD_001386,1,1,3.8017,0.0,0.21,3.8
SO-2026-0000462,50,PROD_002119,5,1,4.9174,0.0,0.21,4.92
SO-2026-0000462,60,PROD_001141,1,1,2.314,0.0,0.21,2.31
SO-2026-0000462,70,PROD_002181,2,2,2.8099,0.0,0.21,5.62
SO-2026-0000462,80,PROD_000335,8,3,4.8512,0.0,0.21,14.55
SO-2026-0000463,10,PROD_002496,1,1,1.1157,0.0,0.21,1.12
SO-2026-0000463,20,PROD_001507,3,3,1.3223,0.0,0.21,3.97
SO-2026-0000463,30,PROD_000350,1,1,1.281,0.0,0.21,1.28
SO-2026-0000463,40,PROD_000596,4,4,2.3967,0.0,0.21,9.59
SO-2026-0000463,50,PROD_002959,1,1,2.0661,0.0,0.21,2.07
SO-2026-0000463,60,PROD_002437,2,2,1.405,0.0,0.21,2.81
SO-2026-0000463,70,PROD_003250,3,3,1.1157,0.0,0.21,3.35
SO-2026-0000463,80,PROD_000989,2,2,1.157,0.0,0.21,2.31
SO-2026-0000463,90,PROD_003562,2,2,1.0744,0.0,0.21,2.15
SO-2026-0000463,100,PROD_001642,1,1,1.0577,0.0,0.04,1.06
SO-2026-0000463,110,PROD_002615,1,1,1.1157,0.0,0.21,1.12
SO-2026-0000463,120,PROD_000247,3,3,2.0661,0.0,0.21,6.2
SO-2026-0000464,10,PROD_002986,2,2,3.2231,0.0,0.21,6.45
SO-2026-0000464,20,PROD_003202,1,1,4.9917,0.0,0.21,4.99
SO-2026-0000464,30,PROD_003292,4,4,1.6116,0.0,0.21,6.45
SO-2026-0000464,40,PROD_000707,2,2,1.5769,0.0,0.04,3.15
SO-2026-0000464,50,PROD_000051,1,1,1.0744,0.0,0.21,1.07
SO-2026-0000464,60,PROD_001789,1,1,1.6116,0.0,0.21,1.61
SO-2026-0000464,70,PROD_001978,1,1,1.0962,0.0,0.04,1.1
SO-2026-0000464,80,PROD_003599,1,1,4.9587,0.0,0.21,4.96
SO-2026-0000464,90,PROD_003088,2,2,5.7355,0.0,0.21,11.47
SO-2026-0000464,100,PROD_003141,2,2,1.9835,0.0,0.21,3.97
SO-2026-0000464,110,PROD_000539,2,2,2.5124,0.0,0.21,5.02
SO-2026-0000464,120,PROD_003393,1,1,1.3802,0.0,0.21,1.38
SO-2026-0000464,130,PROD_003616,1,1,4.6694,0.0,0.21,4.67
SO-2026-0000464,140,PROD_002464,2,2,0.9615,0.0,0.04,1.92
SO-2026-0000464,150,PROD_002283,2,2,0.9917,0.0,0.21,1.98
SO-2026-0000464,160,PROD_000128,2,2,16.6364,0.0,0.21,33.27
SO-2026-0000464,170,PROD_000982,1,1,2.2692,0.0,0.04,2.27
SO-2026-0000464,180,PROD_000434,1,1,0.9917,0.0,0.21,0.99
SO-2026-0000464,190,PROD_001515,1,1,4.4876,0.0,0.21,4.49
SO-2026-0000464,200,PROD_001228,1,1,1.6529,0.0,0.21,1.65
SO-2026-0000464,210,PROD_003584,2,2,8.9669,0.0,0.21,17.93
SO-2026-0000464,220,PROD_000677,3,3,2.2562,0.0,0.21,6.77
SO-2026-0000464,230,PROD_002384,2,2,1.1157,0.0,0.21,2.23
SO-2026-0000464,240,PROD_002099,2,2,8.1818,0.0,0.21,16.36
SO-2026-0000464,250,PROD_001369,2,2,0.7025,0.0,0.21,1.41
SO-2026-0000465,10,PROD_003684,2,2,0.8678,0.0,0.21,1.74
SO-2026-0000465,20,PROD_000515,3,3,2.8512,0.0,0.21,8.55
SO-2026-0000465,30,PROD_001724,3,3,2.2115,0.0,0.04,6.63
SO-2026-0000465,40,PROD_003248,3,3,2.0661,0.0,0.21,6.2
SO-2026-0000465,50,PROD_002100,3,3,17.4132,0.0,0.21,52.24
SO-2026-0000466,10,PROD_002065,1,1,0.7438,0.0,0.21,0.74
SO-2026-0000466,20,PROD_003579,1,1,5.5455,0.0,0.21,5.55
SO-2026-0000466,30,PROD_000135,1,1,1.0165,0.0,0.21,1.02
SO-2026-0000466,40,PROD_003074,1,1,2.6033,0.0,0.21,2.6
SO-2026-0000466,50,PROD_001925,2,2,2.4793,0.0,0.21,4.96
SO-2026-0000466,60,PROD_002189,2,2,0.8269,0.0,0.04,1.65
SO-2026-0000466,70,PROD_003574,1,1,10.281,0.0,0.21,10.28
SO-2026-0000466,80,PROD_000224,3,3,1.9421,0.0,0.21,5.83
SO-2026-0000466,90,PROD_003578,2,2,21.9008,0.0,0.21,43.8
SO-2026-0000466,100,PROD_003141,1,1,1.9835,0.0,0.21,1.98
SO-2026-0000466,110,PROD_001551,6,6,1.7686,0.0,0.21,10.61
SO-2026-0000466,120,PROD_003645,2,2,1.1901,0.0,0.21,2.38
SO-2026-0000466,130,PROD_000237,1,1,1.6529,0.0,0.21,1.65
SO-2026-0000466,140,PROD_003602,1,1,8.6777,0.0,0.21,8.68
SO-2026-0000467,10,PROD_001567,1,1,2.1901,0.0,0.21,2.19
SO-2026-0000467,20,PROD_001416,4,4,4.562,0.0,0.21,18.25
SO-2026-0000467,30,PROD_002569,3,3,1.6529,0.0,0.21,4.96
SO-2026-0000467,40,PROD_000123,1,1,1.5372,0.0,0.21,1.54
SO-2026-0000467,50,PROD_002066,2,2,9.0909,0.0,0.21,18.18
SO-2026-0000468,10,PROD_000199,2,2,6.1901,0.0,0.21,12.38
SO-2026-0000468,20,PROD_001734,1,1,0.9091,0.0,0.21,0.91
SO-2026-0000468,30,PROD_001746,2,2,1.6529,0.0,0.21,3.31
SO-2026-0000468,40,PROD_001689,5,1,1.8099,0.0,0.21,1.81
SO-2026-0000468,50,PROD_000216,1,1,1.9008,0.0,0.21,1.9
SO-2026-0000468,60,PROD_001554,1,1,0.8264,0.0,0.21,0.83
SO-2026-0000468,70,PROD_000286,2,2,1.0744,0.0,0.21,2.15
SO-2026-0000468,80,PROD_002087,2,2,2.1488,0.0,0.21,4.3
SO-2026-0000468,90,PROD_000594,1,1,2.0579,0.0,0.21,2.06
SO-2026-0000468,100,PROD_001801,2,2,1.3223,0.0,0.21,2.64
SO-2026-0000468,110,PROD_001576,2,2,0.8264,0.0,0.21,1.65
SO-2026-0000468,120,PROD_000966,1,1,3.0579,0.0,0.21,3.06
SO-2026-0000468,130,PROD_001690,3,3,1.0331,0.0,0.21,3.1
SO-2026-0000469,10,PROD_002924,2,2,1.4463,0.0,0.21,2.89
SO-2026-0000469,20,PROD_001748,2,2,1.3223,0.0,0.21,2.64
SO-2026-0000469,30,PROD_001830,6,6,2.8926,0.0,0.21,17.36
SO-2026-0000470,10,PROD_000323,3,3,0.9504,0.0,0.21,2.85
SO-2026-0000470,20,PROD_002858,1,1,1.157,0.0,0.21,1.16
SO-2026-0000470,30,PROD_001023,1,1,1.5702,0.0,0.21,1.57
SO-2026-0000470,40,PROD_003139,1,1,4.0496,0.0,0.21,4.05
SO-2026-0000470,50,PROD_001394,2,2,3.876,0.0,0.21,7.75
SO-2026-0000470,60,PROD_000524,6,6,2.8512,0.0,0.21,17.11
SO-2026-0000470,70,PROD_001003,4,4,3.2479,0.0,0.21,12.99
SO-2026-0000470,80,PROD_000008,2,2,1.314,0.0,0.21,2.63
SO-2026-0000470,90,PROD_001590,1,1,1.6116,0.0,0.21,1.61
SO-2026-0000470,100,PROD_000686,1,1,0.9504,0.0,0.21,0.95
SO-2026-0000470,110,PROD_002089,2,2,2.2314,0.0,0.21,4.46
SO-2026-0000470,120,PROD_002509,4,4,5.2314,0.0,0.21,20.93
SO-2026-0000471,10,PROD_000920,1,1,2.3554,0.0,0.21,2.36
SO-2026-0000471,20,PROD_003111,1,1,1.5289,0.0,0.21,1.53
SO-2026-0000471,30,PROD_002079,1,1,1.0413,0.0,0.21,1.04
SO-2026-0000471,40,PROD_002502,1,1,1.4423,0.0,0.04,1.44
SO-2026-0000471,50,PROD_001337,1,1,0.7438,0.0,0.21,0.74
SO-2026-0000471,60,PROD_000452,6,6,2.3967,0.0,0.21,14.38
SO-2026-0000471,70,PROD_003228,1,1,3.2231,0.0,0.21,3.22
SO-2026-0000471,80,PROD_001192,2,1,1.281,0.0,0.21,1.28
SO-2026-0000471,90,PROD_000467,1,1,1.4463,0.0,0.21,1.45
SO-2026-0000471,100,PROD_002362,1,1,3.2645,0.0,0.21,3.26
SO-2026-0000471,110,PROD_003715,2,2,2.0579,0.0,0.21,4.12
SO-2026-0000472,10,PROD_003053,1,1,1.5702,0.0,0.21,1.57
SO-2026-0000472,20,PROD_002459,5,5,0.4132,0.0,0.21,2.07
SO-2026-0000472,30,PROD_000425,1,1,1.3462,0.0,0.04,1.35
SO-2026-0000472,40,PROD_003659,2,2,2.3967,0.0,0.21,4.79
SO-2026-0000472,50,PROD_001808,1,1,6.4463,0.0,0.21,6.45
SO-2026-0000472,60,PROD_002348,1,1,0.8264,0.0,0.21,0.83
SO-2026-0000472,70,PROD_000336,4,4,2.314,0.0,0.21,9.26
SO-2026-0000472,80,PROD_001219,3,3,0.8264,0.0,0.21,2.48
SO-2026-0000472,90,PROD_000360,1,1,4.5273,0.0,0.1,4.53
SO-2026-0000473,10,PROD_002357,1,1,4.0496,0.0,0.21,4.05
SO-2026-0000473,20,PROD_000584,1,1,2.0579,0.0,0.21,2.06
SO-2026-0000473,30,PROD_001801,2,2,1.3223,0.0,0.21,2.64
SO-2026-0000473,40,PROD_002313,8,8,1.2149,0.0,0.21,9.72
SO-2026-0000473,50,PROD_000492,1,1,8.5537,0.0,0.21,8.55
SO-2026-0000473,60,PROD_003167,3,3,3.2231,0.0,0.21,9.67
SO-2026-0000473,70,PROD_003704,1,1,3.7603,0.0,0.21,3.76
SO-2026-0000473,80,PROD_001959,3,3,1.4876,0.0,0.21,4.46
SO-2026-0000473,90,PROD_000280,1,1,1.8512,0.0,0.21,1.85
SO-2026-0000473,100,PROD_001726,2,2,0.9917,0.0,0.21,1.98
SO-2026-0000473,110,PROD_001571,1,1,0.6612,0.0,0.21,0.66
SO-2026-0000473,120,PROD_002136,3,3,0.8182,0.0,0.21,2.45
SO-2026-0000473,130,PROD_003447,1,1,1.8099,0.0,0.21,1.81
SO-2026-0000473,140,PROD_001234,3,3,5.4545,0.0,0.21,16.36
SO-2026-0000473,150,PROD_002670,2,2,1.6116,0.0,0.21,3.22
SO-2026-0000473,160,PROD_003149,1,1,2.0661,0.0,0.21,2.07
SO-2026-0000473,170,PROD_000272,2,2,1.5702,0.0,0.21,3.14
SO-2026-0000473,180,PROD_002351,4,4,2.1488,0.0,0.21,8.6
SO-2026-0000473,190,PROD_001184,3,3,0.8678,0.0,0.21,2.6
SO-2026-0000473,200,PROD_000379,2,2,2.1074,0.0,0.21,4.21
SO-2026-0000473,210,PROD_001617,1,1,0.7025,0.0,0.21,0.7
SO-2026-0000473,220,PROD_003163,2,2,3.2231,0.0,0.21,6.45
SO-2026-0000473,230,PROD_000844,1,1,1.2397,0.0,0.21,1.24
SO-2026-0000473,240,PROD_002331,2,2,3.7025,0.0,0.21,7.41
SO-2026-0000473,250,PROD_001224,3,3,2.562,0.0,0.21,7.69
SO-2026-0000473,260,PROD_003045,2,2,2.4793,0.0,0.21,4.96
SO-2026-0000473,270,PROD_000668,1,1,10.3306,0.0,0.21,10.33
SO-2026-0000473,280,PROD_001516,3,3,2.8926,0.0,0.21,8.68
SO-2026-0000473,290,PROD_002491,2,2,2.8512,0.0,0.21,5.7
SO-2026-0000473,300,PROD_000880,1,1,0.6281,0.0,0.21,0.63
SO-2026-0000473,310,PROD_001788,1,1,0.6281,0.0,0.21,0.63
SO-2026-0000473,320,PROD_000508,2,2,10.4132,0.0,0.21,20.83
SO-2026-0000474,10,PROD_002103,3,3,6.5537,0.0,0.21,19.66
SO-2026-0000474,20,PROD_000667,3,3,1.1983,0.0,0.21,3.59
SO-2026-0000474,30,PROD_000699,2,2,1.2397,0.0,0.21,2.48
SO-2026-0000474,40,PROD_002489,2,2,6.5041,0.0,0.21,13.01
SO-2026-0000474,50,PROD_003610,1,1,4.9008,0.0,0.21,4.9
SO-2026-0000474,60,PROD_003553,1,1,1.405,0.0,0.21,1.41
SO-2026-0000474,70,PROD_002689,2,2,2.562,0.0,0.21,5.12
SO-2026-0000474,80,PROD_000485,1,1,13.157,0.0,0.21,13.16
SO-2026-0000474,90,PROD_000254,2,2,1.8595,0.0,0.21,3.72
SO-2026-0000474,100,PROD_000867,4,4,1.5702,0.0,0.21,6.28
SO-2026-0000474,110,PROD_001189,1,1,1.6529,0.0,0.21,1.65
SO-2026-0000474,120,PROD_003705,1,1,1.3223,0.0,0.21,1.32
SO-2026-0000474,130,PROD_000086,4,4,1.5702,0.0,0.21,6.28
SO-2026-0000474,140,PROD_003133,2,2,3.2231,0.0,0.21,6.45
SO-2026-0000474,150,PROD_001101,5,5,1.1983,0.0,0.21,5.99
SO-2026-0000474,160,PROD_000438,5,5,0.9504,0.0,0.21,4.75
SO-2026-0000474,170,PROD_000441,1,1,6.5702,0.0,0.21,6.57
SO-2026-0000474,180,PROD_000171,3,3,8.1364,0.0,0.1,24.41
SO-2026-0000474,190,PROD_002383,1,1,1.5289,0.0,0.21,1.53
SO-2026-0000474,200,PROD_001709,1,1,4.6281,0.0,0.21,4.63
SO-2026-0000474,210,PROD_000578,3,3,2.686,0.0,0.21,8.06
SO-2026-0000474,220,PROD_000617,1,1,0.8264,0.0,0.21,0.83
SO-2026-0000474,230,PROD_000916,8,8,0.9917,0.0,0.21,7.93
SO-2026-0000475,10,PROD_002537,2,2,1.3636,0.0,0.21,2.73
SO-2026-0000475,20,PROD_000524,2,2,2.8512,0.0,0.21,5.7
SO-2026-0000475,30,PROD_001483,7,7,3.2562,0.0,0.21,22.79
SO-2026-0000476,10,PROD_000086,6,6,1.5702,0.0,0.21,9.42
SO-2026-0000476,20,PROD_001787,2,2,1.1983,0.0,0.21,2.4
SO-2026-0000476,30,PROD_003071,2,2,2.6446,0.0,0.21,5.29
SO-2026-0000476,40,PROD_001990,1,1,4.9587,0.0,0.21,4.96
SO-2026-0000476,50,PROD_003057,4,4,3.2231,0.0,0.21,12.89
SO-2026-0000476,60,PROD_001982,2,2,1.0577,0.0,0.04,2.12
SO-2026-0000476,70,PROD_000817,6,6,1.3462,0.0,0.04,8.08
SO-2026-0000476,80,PROD_000474,3,3,1.2019,0.0,0.04,3.61
SO-2026-0000476,90,PROD_002573,4,4,1.3223,0.0,0.21,5.29
SO-2026-0000476,100,PROD_001334,2,2,1.2562,0.0,0.21,2.51
SO-2026-0000476,110,PROD_003264,1,1,4.7107,0.0,0.21,4.71
SO-2026-0000476,120,PROD_000369,1,1,6.0744,0.0,0.21,6.07
SO-2026-0000476,130,PROD_002241,3,3,1.2645,0.0,0.21,3.79
SO-2026-0000476,140,PROD_003390,6,6,1.405,0.0,0.21,8.43
SO-2026-0000476,150,PROD_000484,1,1,2.6777,0.0,0.21,2.68
SO-2026-0000476,160,PROD_000171,1,1,8.1364,0.0,0.1,8.14
SO-2026-0000476,170,PROD_002965,1,1,3.2231,0.0,0.21,3.22
SO-2026-0000476,180,PROD_003417,6,6,1.1157,0.0,0.21,6.69
SO-2026-0000476,190,PROD_001807,3,3,0.9504,0.0,0.21,2.85
SO-2026-0000476,200,PROD_001120,1,1,6.6942,0.0,0.21,6.69
SO-2026-0000476,210,PROD_001981,2,2,9.7686,0.0,0.21,19.54
SO-2026-0000476,220,PROD_002159,1,1,2.0661,0.0,0.21,2.07
SO-2026-0000476,230,PROD_002301,3,3,0.7025,0.0,0.21,2.11
SO-2026-0000476,240,PROD_002005,6,6,1.6529,0.0,0.21,9.92
SO-2026-0000476,250,PROD_002935,2,2,5.7355,0.0,0.21,11.47
SO-2026-0000477,10,PROD_003536,2,2,13.595,0.0,0.21,27.19
SO-2026-0000477,20,PROD_001883,2,2,2.5785,0.0,0.21,5.16
SO-2026-0000477,30,PROD_001082,2,2,1.7273,0.0,0.21,3.45
SO-2026-0000477,40,PROD_000162,4,4,0.4711,0.0,0.21,1.88
SO-2026-0000477,50,PROD_003448,4,4,1.3223,0.0,0.21,5.29
SO-2026-0000477,60,PROD_002025,3,3,0.8595,0.0,0.21,2.58
SO-2026-0000477,70,PROD_001644,1,1,0.7273,0.0,0.21,0.73
SO-2026-0000477,80,PROD_002157,1,1,3.3306,0.0,0.21,3.33
SO-2026-0000477,90,PROD_002871,2,2,0.9091,0.0,0.21,1.82
SO-2026-0000477,100,PROD_003509,2,2,1.281,0.0,0.21,2.56
SO-2026-0000477,110,PROD_003158,4,4,2.0661,0.0,0.21,8.26
SO-2026-0000478,10,PROD_000657,1,1,0.6281,0.0,0.21,0.63
SO-2026-0000478,20,PROD_002344,1,1,0.7107,0.0,0.21,0.71
SO-2026-0000478,30,PROD_000858,2,2,0.8678,0.0,0.21,1.74
SO-2026-0000478,40,PROD_001746,3,3,1.6529,0.0,0.21,4.96
SO-2026-0000478,50,PROD_003035,2,2,1.562,0.0,0.21,3.12
SO-2026-0000478,60,PROD_001730,2,2,6.1983,0.0,0.21,12.4
SO-2026-0000478,70,PROD_000435,4,4,1.8182,0.0,0.21,7.27
SO-2026-0000478,80,PROD_001387,2,2,6.1983,0.0,0.21,12.4
SO-2026-0000478,90,PROD_001749,1,1,1.3223,0.0,0.21,1.32
SO-2026-0000478,100,PROD_001510,3,3,2.4793,0.0,0.21,7.44
SO-2026-0000478,110,PROD_000126,1,1,2.2314,0.0,0.21,2.23
SO-2026-0000478,120,PROD_002551,1,1,6.1983,0.0,0.21,6.2
SO-2026-0000478,130,PROD_002901,2,2,1.5702,0.0,0.21,3.14
SO-2026-0000478,140,PROD_000457,1,1,5.9504,0.0,0.21,5.95
SO-2026-0000479,10,PROD_001593,4,4,0.8264,0.0,0.21,3.31
SO-2026-0000479,20,PROD_001069,3,3,2.3967,0.0,0.21,7.19
SO-2026-0000479,30,PROD_000870,1,1,0.9615,0.0,0.04,0.96
SO-2026-0000479,40,PROD_001256,1,1,21.2182,0.0,0.1,21.22
SO-2026-0000479,50,PROD_003317,1,1,4.8347,0.0,0.21,4.83
SO-2026-0000479,60,PROD_000437,1,1,1.2397,0.0,0.21,1.24
SO-2026-0000479,70,PROD_000232,7,7,0.9091,0.0,0.21,6.36
SO-2026-0000479,80,PROD_002861,2,2,1.6529,0.0,0.21,3.31
SO-2026-0000479,90,PROD_000226,1,1,1.405,0.0,0.21,1.41
SO-2026-0000479,100,PROD_000454,1,1,1.157,0.0,0.21,1.16
SO-2026-0000479,110,PROD_000947,3,3,3.0579,0.0,0.21,9.17
SO-2026-0000479,120,PROD_000685,3,3,0.5372,0.0,0.21,1.61
SO-2026-0000479,130,PROD_000366,3,3,1.281,0.0,0.21,3.84
SO-2026-0000479,140,PROD_001727,4,4,1.3636,0.0,0.21,5.45
SO-2026-0000480,10,PROD_000403,3,3,4.3388,0.0,0.21,13.02
SO-2026-0000480,20,PROD_001084,1,1,2.3471,0.0,0.21,2.35
SO-2026-0000480,30,PROD_002962,1,1,2.0661,0.0,0.21,2.07
SO-2026-0000480,40,PROD_000678,1,1,5.0,0.0,0.21,5.0
SO-2026-0000480,50,PROD_001612,3,3,1.3462,0.0,0.04,4.04
SO-2026-0000480,60,PROD_002444,5,5,1.9421,0.0,0.21,9.71
SO-2026-0000480,70,PROD_001603,2,2,4.7521,0.0,0.21,9.5
SO-2026-0000480,80,PROD_003620,4,4,2.6446,0.0,0.21,10.58
SO-2026-0000480,90,PROD_003323,2,2,0.9917,0.0,0.21,1.98
SO-2026-0000480,100,PROD_001118,2,2,0.9835,0.0,0.21,1.97
SO-2026-0000480,110,PROD_002385,2,2,3.0083,0.0,0.21,6.02
SO-2026-0000480,120,PROD_001914,1,1,2.2314,0.0,0.21,2.23
SO-2026-0000480,130,PROD_003497,5,5,1.3223,0.0,0.21,6.61
SO-2026-0000480,140,PROD_002616,3,3,1.5702,0.0,0.21,4.71
SO-2026-0000480,150,PROD_000114,1,1,1.3554,0.0,0.21,1.36
SO-2026-0000480,160,PROD_002226,3,3,1.7885,0.0,0.04,5.37
SO-2026-0000480,170,PROD_000104,1,1,2.3967,0.0,0.21,2.4
SO-2026-0000480,180,PROD_003175,1,1,3.2231,0.0,0.21,3.22
SO-2026-0000480,190,PROD_000763,1,1,1.6529,0.0,0.21,1.65
SO-2026-0000480,200,PROD_003409,8,8,1.4876,0.0,0.21,11.9
SO-2026-0000481,10,PROD_001681,1,1,0.7934,0.0,0.21,0.79
SO-2026-0000481,20,PROD_000356,3,3,2.8512,0.0,0.21,8.55
SO-2026-0000481,30,PROD_000308,2,2,4.0496,0.0,0.21,8.1
SO-2026-0000481,40,PROD_002571,1,1,21.2182,0.0,0.1,21.22
SO-2026-0000482,10,PROD_003689,2,2,2.8926,0.0,0.21,5.79
SO-2026-0000482,20,PROD_001359,4,4,2.1901,0.0,0.21,8.76
SO-2026-0000482,30,PROD_000647,5,5,4.0496,0.0,0.21,20.25
SO-2026-0000483,10,PROD_002715,2,2,2.8926,0.0,0.21,5.79
SO-2026-0000483,20,PROD_000356,3,3,2.8512,0.0,0.21,8.55
SO-2026-0000483,30,PROD_000105,3,3,1.6942,0.0,0.21,5.08
SO-2026-0000483,40,PROD_000619,3,3,6.3554,0.0,0.21,19.07
SO-2026-0000484,10,PROD_001435,3,3,1.2397,0.0,0.21,3.72
SO-2026-0000484,20,PROD_003223,4,4,2.8926,0.0,0.21,11.57
SO-2026-0000484,30,PROD_003629,1,1,2.2231,0.0,0.21,2.22
SO-2026-0000484,40,PROD_002550,2,2,4.5455,0.0,0.21,9.09
SO-2026-0000485,10,PROD_000591,1,1,1.4711,0.0,0.21,1.47
SO-2026-0000485,20,PROD_000945,2,2,1.1983,0.0,0.21,2.4
SO-2026-0000485,30,PROD_000443,3,3,4.6198,0.0,0.21,13.86
SO-2026-0000485,40,PROD_000305,2,2,2.1442,0.0,0.04,4.29
SO-2026-0000485,50,PROD_000424,3,3,16.3636,0.0,0.1,49.09
SO-2026-0000486,10,PROD_001802,2,2,2.562,0.0,0.21,5.12
SO-2026-0000486,20,PROD_003035,1,1,1.562,0.0,0.21,1.56
SO-2026-0000486,30,PROD_001798,5,5,0.8264,0.0,0.21,4.13
SO-2026-0000486,40,PROD_000646,4,4,2.438,0.0,0.21,9.75
SO-2026-0000487,10,PROD_003163,1,1,3.2231,0.0,0.21,3.22
SO-2026-0000487,20,PROD_000155,1,1,5.8017,0.0,0.21,5.8
SO-2026-0000487,30,PROD_002170,2,2,1.1157,0.0,0.21,2.23
SO-2026-0000487,40,PROD_001440,5,5,1.1157,0.0,0.21,5.58
SO-2026-0000487,50,PROD_000130,1,1,2.686,0.0,0.21,2.69
SO-2026-0000487,60,PROD_001118,2,2,0.9835,0.0,0.21,1.97
SO-2026-0000487,70,PROD_003597,1,1,6.8595,0.0,0.21,6.86
SO-2026-0000487,80,PROD_001114,2,2,2.3471,0.0,0.21,4.69
SO-2026-0000487,90,PROD_002009,1,1,1.4423,0.0,0.04,1.44
SO-2026-0000487,100,PROD_001764,6,6,8.0331,0.0,0.21,48.2
SO-2026-0000487,110,PROD_003488,1,1,0.6116,0.0,0.21,0.61
SO-2026-0000487,120,PROD_002111,1,1,2.3554,0.0,0.21,2.36
SO-2026-0000487,130,PROD_001100,1,1,1.6529,0.0,0.21,1.65
SO-2026-0000487,140,PROD_001927,1,1,0.3058,0.0,0.21,0.31
SO-2026-0000487,150,PROD_000107,4,4,2.686,0.0,0.21,10.74
SO-2026-0000488,10,PROD_001984,1,1,2.3554,0.0,0.21,2.36
SO-2026-0000488,20,PROD_001289,1,1,0.1983,0.0,0.21,0.2
SO-2026-0000488,30,PROD_000747,2,2,3.2231,0.0,0.21,6.45
SO-2026-0000488,40,PROD_002567,2,2,1.7355,0.0,0.21,3.47
SO-2026-0000489,10,PROD_002086,1,1,1.1058,0.0,0.04,1.11
SO-2026-0000489,20,PROD_003395,3,1,1.405,0.0,0.21,1.41
SO-2026-0000489,30,PROD_002817,1,1,3.2231,0.0,0.21,3.22
SO-2026-0000489,40,PROD_000637,1,1,3.5207,0.0,0.21,3.52
SO-2026-0000489,50,PROD_000606,2,1,1.1346,0.0,0.04,1.13
SO-2026-0000489,60,PROD_000500,2,2,0.9917,0.0,0.21,1.98
SO-2026-0000489,70,PROD_000080,1,1,0.6198,0.0,0.21,0.62
SO-2026-0000489,80,PROD_002542,3,1,1.438,0.0,0.21,1.44
SO-2026-0000489,90,PROD_003712,4,4,2.8099,0.0,0.21,11.24
SO-2026-0000490,10,PROD_003655,4,4,2.2727,0.0,0.21,9.09
SO-2026-0000490,20,PROD_001248,1,1,0.7438,0.0,0.21,0.74
SO-2026-0000490,30,PROD_003449,3,3,2.8099,0.0,0.21,8.43
SO-2026-0000490,40,PROD_002212,1,1,4.0496,0.0,0.21,4.05
SO-2026-0000490,50,PROD_001931,1,1,2.438,0.0,0.21,2.44
SO-2026-0000490,60,PROD_001067,4,4,0.2893,0.0,0.21,1.16
SO-2026-0000490,70,PROD_002395,4,4,1.0744,0.0,0.21,4.3
SO-2026-0000490,80,PROD_002577,2,2,4.0909,0.0,0.21,8.18
SO-2026-0000490,90,PROD_001515,4,4,4.4876,0.0,0.21,17.95
SO-2026-0000491,10,PROD_001639,2,2,1.438,0.0,0.21,2.88
SO-2026-0000491,20,PROD_001731,1,1,2.6442,0.0,0.04,2.64
SO-2026-0000491,30,PROD_000258,3,3,1.1818,0.0,0.21,3.55
SO-2026-0000491,40,PROD_000386,1,1,2.4132,0.0,0.21,2.41
SO-2026-0000491,50,PROD_001769,2,2,0.8512,0.0,0.21,1.7
SO-2026-0000491,60,PROD_000088,2,2,1.281,0.0,0.21,2.56
SO-2026-0000491,70,PROD_000190,2,2,1.7788,0.0,0.04,3.56
SO-2026-0000491,80,PROD_000195,3,3,2.7438,0.0,0.21,8.23
SO-2026-0000491,90,PROD_000976,5,5,1.0744,0.0,0.21,5.37
SO-2026-0000491,100,PROD_002522,1,1,0.7438,0.0,0.21,0.74
SO-2026-0000491,110,PROD_001265,5,5,2.8512,0.0,0.21,14.26
SO-2026-0000491,120,PROD_003426,1,1,2.3554,0.0,0.21,2.36
SO-2026-0000491,130,PROD_000173,2,2,59.1273,0.0,0.1,118.25
SO-2026-0000492,10,PROD_002932,1,1,3.2231,0.0,0.21,3.22
SO-2026-0000492,20,PROD_000300,1,1,1.6446,0.0,0.21,1.64
SO-2026-0000492,30,PROD_002160,1,1,2.8926,0.0,0.21,2.89
SO-2026-0000492,40,PROD_002217,3,3,2.6538,0.0,0.04,7.96
SO-2026-0000492,50,PROD_000407,1,1,32.8636,0.0,0.1,32.86
SO-2026-0000493,10,PROD_003173,2,2,3.2231,0.0,0.21,6.45
SO-2026-0000493,20,PROD_002401,2,2,0.9135,0.0,0.04,1.83
SO-2026-0000493,30,PROD_001032,3,3,0.8678,0.0,0.21,2.6
SO-2026-0000493,40,PROD_002097,3,3,36.6545,0.0,0.1,109.96
SO-2026-0000494,10,PROD_002311,1,1,2.1488,0.0,0.21,2.15
SO-2026-0000494,20,PROD_001830,3,3,2.8926,0.0,0.21,8.68
SO-2026-0000494,30,PROD_001414,1,1,2.9752,0.0,0.21,2.98
SO-2026-0000494,40,PROD_003722,1,1,2.686,0.0,0.21,2.69
SO-2026-0000494,50,PROD_001494,1,1,0.7025,0.0,0.21,0.7
SO-2026-0000494,60,PROD_000221,4,1,1.0331,0.0,0.21,1.03
SO-2026-0000494,70,PROD_003071,1,1,2.6446,0.0,0.21,2.64
SO-2026-0000494,80,PROD_000377,1,1,9.7603,0.0,0.21,9.76
SO-2026-0000494,90,PROD_000686,1,1,0.9504,0.0,0.21,0.95
SO-2026-0000494,100,PROD_001082,1,1,1.7273,0.0,0.21,1.73
SO-2026-0000494,110,PROD_002820,1,1,2.0661,0.0,0.21,2.07
SO-2026-0000494,120,PROD_003127,2,2,3.2231,0.0,0.21,6.45
SO-2026-0000495,10,PROD_000316,1,1,5.1818,0.0,0.21,5.18
SO-2026-0000495,20,PROD_002778,1,1,1.1157,0.0,0.21,1.12
SO-2026-0000495,30,PROD_002048,5,5,2.7686,0.0,0.21,13.84
SO-2026-0000495,40,PROD_003468,2,2,0.7025,0.0,0.21,1.41
SO-2026-0000495,50,PROD_001222,5,5,2.6116,0.0,0.21,13.06
SO-2026-0000496,10,PROD_000797,1,1,1.5868,0.0,0.21,1.59
SO-2026-0000496,20,PROD_001125,2,2,1.3223,0.0,0.21,2.64
SO-2026-0000496,30,PROD_002682,1,1,12.1405,0.0,0.21,12.14
SO-2026-0000496,40,PROD_002138,1,1,1.7521,0.0,0.21,1.75
SO-2026-0000496,50,PROD_003196,1,1,2.0661,0.0,0.21,2.07
SO-2026-0000496,60,PROD_001007,2,2,1.3636,0.0,0.21,2.73
SO-2026-0000496,70,PROD_002555,1,1,0.8264,0.0,0.21,0.83
SO-2026-0000496,80,PROD_003727,1,1,3.719,0.0,0.21,3.72
SO-2026-0000497,10,PROD_001263,2,2,4.8926,0.0,0.21,9.79
SO-2026-0000497,20,PROD_002872,1,1,1.2397,0.0,0.21,1.24
SO-2026-0000497,30,PROD_000405,1,1,1.4876,0.0,0.21,1.49
SO-2026-0000497,40,PROD_001386,1,1,3.8017,0.0,0.21,3.8
SO-2026-0000497,50,PROD_001540,1,1,0.7438,0.0,0.21,0.74
SO-2026-0000497,60,PROD_003463,3,3,0.843,0.0,0.21,2.53
SO-2026-0000497,70,PROD_001181,1,1,1.0744,0.0,0.21,1.07
SO-2026-0000497,80,PROD_001947,2,2,5.314,0.0,0.21,10.63
SO-2026-0000497,90,PROD_002277,3,3,4.1322,0.0,0.21,12.4
SO-2026-0000497,100,PROD_003344,3,3,0.7769,0.0,0.21,2.33
SO-2026-0000497,110,PROD_003106,1,1,3.3058,0.0,0.21,3.31
SO-2026-0000497,120,PROD_002679,1,1,3.3058,0.0,0.21,3.31
SO-2026-0000497,130,PROD_001599,1,1,2.0661,0.0,0.21,2.07
SO-2026-0000497,140,PROD_000680,3,3,2.2727,0.0,0.21,6.82
SO-2026-0000497,150,PROD_003723,1,1,0.7438,0.0,0.21,0.74
SO-2026-0000497,160,PROD_000206,4,4,12.2727,0.0,0.21,49.09
SO-2026-0000498,10,PROD_002816,6,3,2.2727,0.0,0.21,6.82
SO-2026-0000498,20,PROD_001778,2,2,1.405,0.0,0.21,2.81
SO-2026-0000498,30,PROD_002644,5,4,2.562,0.0,0.21,10.25
SO-2026-0000498,40,PROD_003457,3,3,4.876,0.0,0.21,14.63
SO-2026-0000498,50,PROD_000090,3,1,1.6116,0.0,0.21,1.61
SO-2026-0000498,60,PROD_001076,1,1,1.3554,0.0,0.21,1.36
SO-2026-0000498,70,PROD_003328,4,4,2.6612,0.0,0.21,10.64
SO-2026-0000498,80,PROD_001224,1,1,2.562,0.0,0.21,2.56
SO-2026-0000498,90,PROD_002666,2,2,2.1901,0.0,0.21,4.38
SO-2026-0000498,100,PROD_002202,2,2,3.8017,0.0,0.21,7.6
SO-2026-0000499,10,PROD_002275,2,2,1.405,0.0,0.21,2.81
SO-2026-0000499,20,PROD_001948,1,1,1.4876,0.0,0.21,1.49
SO-2026-0000499,30,PROD_001600,1,1,1.0577,0.0,0.04,1.06
SO-2026-0000499,40,PROD_001080,3,3,2.8512,0.0,0.21,8.55
SO-2026-0000499,50,PROD_003342,1,1,5.1653,0.0,0.21,5.17
SO-2026-0000499,60,PROD_001429,7,7,8.6777,0.0,0.21,60.74
SO-2026-0000500,10,PROD_002408,3,3,2.1901,0.0,0.21,6.57
SO-2026-0000500,20,PROD_000521,3,3,0.6612,0.0,0.21,1.98
SO-2026-0000500,30,PROD_000220,1,1,0.9917,0.0,0.21,0.99
SO-2026-0000500,40,PROD_001162,1,1,3.6364,0.0,0.21,3.64
SO-2026-0000501,10,PROD_002131,1,1,1.157,0.0,0.21,1.16
SO-2026-0000501,20,PROD_000671,1,1,1.1157,0.0,0.21,1.12
SO-2026-0000501,30,PROD_001047,3,3,1.157,0.0,0.21,3.47
SO-2026-0000501,40,PROD_001917,1,1,5.1653,0.0,0.21,5.17
SO-2026-0000501,50,PROD_001439,1,1,2.7686,0.0,0.21,2.77
SO-2026-0000501,60,PROD_000701,2,2,1.405,0.0,0.21,2.81
SO-2026-0000501,70,PROD_001949,1,1,5.0,0.0,0.1,5.0
SO-2026-0000501,80,PROD_000241,3,3,1.1818,0.0,0.21,3.55
SO-2026-0000502,10,PROD_001386,1,1,3.8017,0.0,0.21,3.8
SO-2026-0000502,20,PROD_000434,1,1,0.9917,0.0,0.21,0.99
SO-2026-0000502,30,PROD_001753,4,4,4.4463,0.0,0.21,17.79
SO-2026-0000502,40,PROD_000123,1,1,1.5372,0.0,0.21,1.54
SO-2026-0000502,50,PROD_000272,3,3,1.5702,0.0,0.21,4.71
SO-2026-0000502,60,PROD_000755,1,1,3.2397,0.0,0.21,3.24
SO-2026-0000502,70,PROD_001431,3,3,1.5289,0.0,0.21,4.59
SO-2026-0000502,80,PROD_001444,3,3,3.719,0.0,0.21,11.16
SO-2026-0000503,10,PROD_000615,2,2,2.2314,0.0,0.21,4.46
SO-2026-0000503,20,PROD_001911,2,2,0.8264,0.0,0.21,1.65
SO-2026-0000503,30,PROD_001626,3,3,2.0962,0.0,0.04,6.29
SO-2026-0000503,40,PROD_002260,1,1,0.8182,0.0,0.21,0.82
SO-2026-0000503,50,PROD_000880,1,1,0.6281,0.0,0.21,0.63
SO-2026-0000503,60,PROD_000610,5,5,3.876,0.0,0.21,19.38
SO-2026-0000504,10,PROD_000412,2,2,4.7521,0.0,0.21,9.5
SO-2026-0000504,20,PROD_001116,1,1,1.5289,0.0,0.21,1.53
SO-2026-0000504,30,PROD_001443,3,3,3.3058,0.0,0.21,9.92
SO-2026-0000504,40,PROD_003142,1,1,3.2231,0.0,0.21,3.22
SO-2026-0000504,50,PROD_003352,1,1,1.7769,0.0,0.21,1.78
SO-2026-0000504,60,PROD_001258,1,1,1.1653,0.0,0.21,1.17
SO-2026-0000504,70,PROD_003622,1,1,4.5455,0.0,0.21,4.55
SO-2026-0000504,80,PROD_000095,2,2,4.0496,0.0,0.21,8.1
SO-2026-0000504,90,PROD_003023,4,4,1.3636,0.0,0.21,5.45
SO-2026-0000504,100,PROD_000949,3,3,5.6033,0.0,0.21,16.81
SO-2026-0000504,110,PROD_003515,3,3,1.0331,0.0,0.21,3.1
SO-2026-0000504,120,PROD_001681,2,2,0.7934,0.0,0.21,1.59
SO-2026-0000504,130,PROD_002183,5,5,0.8264,0.0,0.21,4.13
SO-2026-0000504,140,PROD_001746,2,2,1.6529,0.0,0.21,3.31
SO-2026-0000504,150,PROD_002694,1,1,3.2231,0.0,0.21,3.22
SO-2026-0000505,10,PROD_002083,1,1,4.1818,0.0,0.21,4.18
SO-2026-0000505,20,PROD_003374,2,2,1.1983,0.0,0.21,2.4
SO-2026-0000505,30,PROD_000850,3,1,0.8264,0.0,0.21,0.83
SO-2026-0000505,40,PROD_002139,1,1,0.2893,0.0,0.21,0.29
SO-2026-0000505,50,PROD_000966,2,2,3.0579,0.0,0.21,6.12
SO-2026-0000505,60,PROD_002732,1,1,4.0909,0.0,0.21,4.09
SO-2026-0000505,70,PROD_001343,2,2,2.562,0.0,0.21,5.12
SO-2026-0000505,80,PROD_003045,2,2,2.4793,0.0,0.21,4.96
SO-2026-0000505,90,PROD_002181,4,4,2.8099,0.0,0.21,11.24
SO-2026-0000505,100,PROD_001726,1,1,0.9917,0.0,0.21,0.99
SO-2026-0000505,110,PROD_000918,5,3,1.1901,0.0,0.21,3.57
SO-2026-0000505,120,PROD_000565,3,3,2.314,0.0,0.21,6.94
SO-2026-0000505,130,PROD_001723,1,1,2.0248,0.0,0.21,2.02
SO-2026-0000505,140,PROD_001690,1,1,1.0331,0.0,0.21,1.03
SO-2026-0000505,150,PROD_001875,4,4,2.8926,0.0,0.21,11.57
SO-2026-0000506,10,PROD_003510,2,2,1.7769,0.0,0.21,3.55
SO-2026-0000506,20,PROD_003591,2,2,4.9504,0.0,0.21,9.9
SO-2026-0000506,30,PROD_001867,4,1,1.405,0.0,0.21,1.41
SO-2026-0000506,40,PROD_000481,2,2,5.2893,0.0,0.21,10.58
SO-2026-0000506,50,PROD_000569,2,2,4.3388,0.0,0.21,8.68
SO-2026-0000506,60,PROD_001949,2,2,5.0,0.0,0.1,10.0
SO-2026-0000506,70,PROD_002715,1,1,2.8926,0.0,0.21,2.89
SO-2026-0000507,10,PROD_000678,4,4,5.0,0.0,0.21,20.0
SO-2026-0000507,20,PROD_001420,1,1,0.8678,0.0,0.21,0.87
SO-2026-0000507,30,PROD_001692,3,1,2.3967,0.0,0.21,2.4
SO-2026-0000507,40,PROD_002505,1,1,1.281,0.0,0.21,1.28
SO-2026-0000507,50,PROD_001160,2,2,1.6346,0.0,0.04,3.27
SO-2026-0000507,60,PROD_003175,1,1,3.2231,0.0,0.21,3.22
SO-2026-0000507,70,PROD_000258,2,2,1.1818,0.0,0.21,2.36
SO-2026-0000508,10,PROD_000632,3,3,3.7019,0.0,0.04,11.11
SO-2026-0000508,20,PROD_002859,1,1,1.3636,0.0,0.21,1.36
SO-2026-0000508,30,PROD_003104,4,4,2.0661,0.0,0.21,8.26
SO-2026-0000508,40,PROD_003359,1,1,1.1157,0.0,0.21,1.12
SO-2026-0000508,50,PROD_002027,1,1,1.1157,0.0,0.21,1.12
SO-2026-0000508,60,PROD_002875,3,3,0.8264,0.0,0.21,2.48
SO-2026-0000509,10,PROD_001766,2,2,6.9339,0.0,0.21,13.87
SO-2026-0000509,20,PROD_002046,4,4,7.6446,0.0,0.21,30.58
SO-2026-0000510,10,PROD_002550,2,2,4.5455,0.0,0.21,9.09
SO-2026-0000510,20,PROD_001637,3,3,3.2149,0.0,0.21,9.64
SO-2026-0000510,30,PROD_001384,4,4,3.7107,0.0,0.21,14.84
SO-2026-0000510,40,PROD_002642,2,2,3.2231,0.0,0.21,6.45
SO-2026-0000511,10,PROD_001546,1,1,3.1818,0.0,0.21,3.18
SO-2026-0000511,20,PROD_000952,2,2,8.2231,0.0,0.21,16.45
SO-2026-0000511,30,PROD_002130,1,1,1.6529,0.0,0.21,1.65
SO-2026-0000511,40,PROD_003477,3,3,1.1074,0.0,0.21,3.32
SO-2026-0000511,50,PROD_000959,5,5,3.1322,0.0,0.21,15.66
SO-2026-0000511,60,PROD_001244,1,1,2.0661,0.0,0.21,2.07
SO-2026-0000511,70,PROD_002360,2,2,0.8264,0.0,0.21,1.65
SO-2026-0000511,80,PROD_000640,2,2,1.8182,0.0,0.21,3.64
SO-2026-0000511,90,PROD_001194,5,5,0.7025,0.0,0.21,3.51
SO-2026-0000511,100,PROD_003674,1,1,1.5385,0.0,0.04,1.54
SO-2026-0000511,110,PROD_002661,1,1,2.0661,0.0,0.21,2.07
SO-2026-0000511,120,PROD_002455,3,3,2.843,0.0,0.21,8.53
SO-2026-0000512,10,PROD_000902,1,1,1.2981,0.0,0.04,1.3
SO-2026-0000512,20,PROD_003626,1,1,10.9504,0.0,0.21,10.95
SO-2026-0000512,30,PROD_002164,3,3,1.0744,0.0,0.21,3.22
SO-2026-0000512,40,PROD_001942,4,4,3.0331,0.0,0.21,12.13
SO-2026-0000512,50,PROD_002642,1,1,3.2231,0.0,0.21,3.22
SO-2026-0000512,60,PROD_001866,1,1,1.3223,0.0,0.21,1.32
SO-2026-0000512,70,PROD_003140,1,1,2.8926,0.0,0.21,2.89
SO-2026-0000512,80,PROD_001567,1,1,2.1901,0.0,0.21,2.19
SO-2026-0000512,90,PROD_001555,4,4,2.1818,0.0,0.21,8.73
SO-2026-0000512,100,PROD_003513,1,1,1.7355,0.0,0.21,1.74
SO-2026-0000512,110,PROD_003558,1,1,1.8595,0.0,0.21,1.86
SO-2026-0000512,120,PROD_000845,2,2,2.281,0.0,0.21,4.56
SO-2026-0000512,130,PROD_001251,2,2,3.6942,0.0,0.21,7.39
SO-2026-0000512,140,PROD_001524,7,7,17.3058,0.0,0.21,121.14
SO-2026-0000513,10,PROD_000651,2,2,6.6818,0.0,0.1,13.36
SO-2026-0000513,20,PROD_002267,1,1,0.9615,0.0,0.04,0.96
SO-2026-0000513,30,PROD_002019,1,1,6.3058,0.0,0.21,6.31
SO-2026-0000513,40,PROD_001425,1,1,3.5537,0.0,0.21,3.55
SO-2026-0000513,50,PROD_003597,2,2,6.8595,0.0,0.21,13.72
SO-2026-0000513,60,PROD_000578,3,3,2.686,0.0,0.21,8.06
SO-2026-0000513,70,PROD_000409,4,4,2.2314,0.0,0.21,8.93
SO-2026-0000513,80,PROD_000146,1,1,2.3884,0.0,0.21,2.39
SO-2026-0000513,90,PROD_000881,1,1,1.281,0.0,0.21,1.28
SO-2026-0000513,100,PROD_002924,3,3,1.4463,0.0,0.21,4.34
SO-2026-0000513,110,PROD_000535,4,4,2.3967,0.0,0.21,9.59
SO-2026-0000513,120,PROD_003518,5,5,1.7355,0.0,0.21,8.68
SO-2026-0000514,10,PROD_002297,1,1,3.0413,0.0,0.21,3.04
SO-2026-0000514,20,PROD_002146,1,1,0.8264,0.0,0.21,0.83
SO-2026-0000514,30,PROD_000695,1,1,1.7355,0.0,0.21,1.74
SO-2026-0000514,40,PROD_000885,1,1,1.3884,0.0,0.21,1.39
SO-2026-0000514,50,PROD_000749,1,1,0.8264,0.0,0.21,0.83
SO-2026-0000514,60,PROD_001618,3,3,1.843,0.0,0.21,5.53
SO-2026-0000515,10,PROD_000106,2,2,6.5289,0.0,0.21,13.06
SO-2026-0000515,20,PROD_003141,2,2,1.9835,0.0,0.21,3.97
SO-2026-0000515,30,PROD_000872,1,1,1.281,0.0,0.21,1.28
SO-2026-0000515,40,PROD_000644,1,1,2.438,0.0,0.21,2.44
SO-2026-0000515,50,PROD_000997,1,1,1.9091,0.0,0.21,1.91
SO-2026-0000515,60,PROD_001332,1,1,2.5865,0.0,0.04,2.59
SO-2026-0000515,70,PROD_000060,1,1,2.314,0.0,0.21,2.31
SO-2026-0000515,80,PROD_001721,1,1,1.4876,0.0,0.21,1.49
SO-2026-0000515,90,PROD_002103,4,4,6.5537,0.0,0.21,26.21
SO-2026-0000516,10,PROD_003069,1,1,1.3636,0.0,0.21,1.36
SO-2026-0000516,20,PROD_000584,1,1,2.0579,0.0,0.21,2.06
SO-2026-0000516,30,PROD_000276,1,1,1.281,0.0,0.21,1.28
SO-2026-0000516,40,PROD_003335,3,3,2.405,0.0,0.21,7.21
SO-2026-0000516,50,PROD_003436,7,7,0.7438,0.0,0.21,5.21
SO-2026-0000516,60,PROD_001922,3,1,6.9669,0.0,0.21,6.97
SO-2026-0000516,70,PROD_002357,1,1,4.0496,0.0,0.21,4.05
SO-2026-0000516,80,PROD_002750,3,3,3.2231,0.0,0.21,9.67
SO-2026-0000516,90,PROD_000315,1,1,2.3554,0.0,0.21,2.36
SO-2026-0000516,100,PROD_001442,1,1,3.6281,0.0,0.21,3.63
SO-2026-0000516,110,PROD_001746,2,2,1.6529,0.0,0.21,3.31
SO-2026-0000516,120,PROD_000245,3,3,2.0661,0.0,0.21,6.2
SO-2026-0000516,130,PROD_000204,7,4,4.6612,0.0,0.21,18.64
SO-2026-0000517,10,PROD_000759,6,6,2.8926,0.0,0.21,17.36
SO-2026-0000518,10,PROD_001505,1,1,1.6529,0.0,0.21,1.65
SO-2026-0000518,20,PROD_000645,3,3,0.9835,0.0,0.21,2.95
SO-2026-0000518,30,PROD_002279,2,2,2.562,0.0,0.21,5.12
SO-2026-0000518,40,PROD_000575,1,1,2.3554,0.0,0.21,2.36
SO-2026-0000518,50,PROD_002715,1,1,2.8926,0.0,0.21,2.89
SO-2026-0000518,60,PROD_003117,1,1,3.2231,0.0,0.21,3.22
SO-2026-0000518,70,PROD_002562,1,1,0.5372,0.0,0.21,0.54
SO-2026-0000518,80,PROD_003292,2,2,1.6116,0.0,0.21,3.22
SO-2026-0000518,90,PROD_002257,1,1,1.3636,0.0,0.21,1.36
SO-2026-0000518,100,PROD_000283,1,1,1.9008,0.0,0.21,1.9
SO-2026-0000518,110,PROD_001510,2,2,2.4793,0.0,0.21,4.96
SO-2026-0000519,10,PROD_001265,2,2,2.8512,0.0,0.21,5.7
SO-2026-0000519,20,PROD_000365,1,1,4.1322,0.0,0.21,4.13
SO-2026-0000519,30,PROD_002616,1,1,1.5702,0.0,0.21,1.57
SO-2026-0000519,40,PROD_000582,1,1,1.1157,0.0,0.21,1.12
SO-2026-0000519,50,PROD_000151,1,1,2.6446,0.0,0.21,2.64
SO-2026-0000519,60,PROD_002090,2,2,4.6529,0.0,0.21,9.31
SO-2026-0000519,70,PROD_001922,2,2,6.9669,0.0,0.21,13.93
SO-2026-0000519,80,PROD_002044,1,1,0.6731,0.0,0.04,0.67
SO-2026-0000519,90,PROD_003335,2,2,2.405,0.0,0.21,4.81
SO-2026-0000519,100,PROD_003691,2,2,2.0661,0.0,0.21,4.13
SO-2026-0000519,110,PROD_003360,1,1,2.5537,0.0,0.21,2.55
SO-2026-0000520,10,PROD_001932,1,1,1.2397,0.0,0.21,1.24
SO-2026-0000520,20,PROD_000330,1,1,1.2397,0.0,0.21,1.24
SO-2026-0000520,30,PROD_000131,4,4,5.4545,0.0,0.21,21.82
SO-2026-0000520,40,PROD_001129,2,2,1.405,0.0,0.21,2.81
SO-2026-0000520,50,PROD_000437,1,1,1.2397,0.0,0.21,1.24
SO-2026-0000521,10,PROD_003502,3,3,1.5289,0.0,0.21,4.59
SO-2026-0000521,20,PROD_003516,1,1,0.9669,0.0,0.21,0.97
SO-2026-0000521,30,PROD_001139,2,2,2.9339,0.0,0.21,5.87
SO-2026-0000521,40,PROD_000130,1,1,2.686,0.0,0.21,2.69
SO-2026-0000521,50,PROD_001571,3,3,0.6612,0.0,0.21,1.98
SO-2026-0000521,60,PROD_002489,7,7,6.5041,0.0,0.21,45.53
SO-2026-0000522,10,PROD_002211,2,2,2.9752,0.0,0.21,5.95
SO-2026-0000522,20,PROD_002372,2,2,1.6529,0.0,0.21,3.31
SO-2026-0000522,30,PROD_003303,1,1,0.7025,0.0,0.21,0.7
SO-2026-0000522,40,PROD_000684,2,2,1.6446,0.0,0.21,3.29
SO-2026-0000522,50,PROD_002410,2,2,1.4132,0.0,0.21,2.83
SO-2026-0000522,60,PROD_003324,1,1,1.3058,0.0,0.21,1.31
SO-2026-0000522,70,PROD_002516,1,1,1.4876,0.0,0.21,1.49
SO-2026-0000523,10,PROD_001376,6,6,3.0826,0.0,0.21,18.5
SO-2026-0000523,20,PROD_000134,1,1,1.7769,0.0,0.21,1.78
SO-2026-0000523,30,PROD_003700,2,2,1.0744,0.0,0.21,2.15
SO-2026-0000523,40,PROD_002271,1,1,5.3636,0.0,0.1,5.36
SO-2026-0000523,50,PROD_001771,3,3,2.8512,0.0,0.21,8.55
SO-2026-0000524,10,PROD_002698,1,1,3.3058,0.0,0.21,3.31
SO-2026-0000524,20,PROD_003088,4,4,5.7355,0.0,0.21,22.94
SO-2026-0000524,30,PROD_000617,1,1,0.8264,0.0,0.21,0.83
SO-2026-0000524,40,PROD_000534,1,1,1.0577,0.0,0.04,1.06
SO-2026-0000524,50,PROD_002501,2,2,1.5702,0.0,0.21,3.14
SO-2026-0000524,60,PROD_002373,3,3,2.1901,0.0,0.21,6.57
SO-2026-0000524,70,PROD_000057,4,4,14.4298,0.0,0.21,57.72
SO-2026-0000525,10,PROD_001753,2,2,4.4463,0.0,0.21,8.89
SO-2026-0000525,20,PROD_003450,1,1,1.5289,0.0,0.21,1.53
SO-2026-0000525,30,PROD_000015,3,3,5.7355,0.0,0.21,17.21
SO-2026-0000525,40,PROD_001213,1,1,2.8512,0.0,0.21,2.85
SO-2026-0000525,50,PROD_001309,3,1,5.5785,0.0,0.21,5.58
SO-2026-0000525,60,PROD_003536,6,6,13.595,0.0,0.21,81.57
SO-2026-0000526,10,PROD_000280,2,2,1.8512,0.0,0.21,3.7
SO-2026-0000526,20,PROD_003203,1,1,1.7769,0.0,0.21,1.78
SO-2026-0000526,30,PROD_002450,3,3,2.8182,0.0,0.21,8.45
SO-2026-0000526,40,PROD_000206,1,1,12.2727,0.0,0.21,12.27
SO-2026-0000526,50,PROD_002343,2,2,16.3388,0.0,0.21,32.68
SO-2026-0000526,60,PROD_003404,3,3,3.9669,0.0,0.21,11.9
SO-2026-0000527,10,PROD_002834,2,2,3.3884,0.0,0.21,6.78
SO-2026-0000527,20,PROD_003248,2,2,2.0661,0.0,0.21,4.13
SO-2026-0000527,30,PROD_000088,1,1,1.281,0.0,0.21,1.28
SO-2026-0000527,40,PROD_001465,2,2,1.8182,0.0,0.21,3.64
SO-2026-0000527,50,PROD_002238,4,3,1.281,0.0,0.21,3.84
SO-2026-0000527,60,PROD_000759,1,1,2.8926,0.0,0.21,2.89
SO-2026-0000527,70,PROD_002050,1,1,3.9669,0.0,0.21,3.97
SO-2026-0000527,80,PROD_002170,3,3,1.1157,0.0,0.21,3.35
SO-2026-0000527,90,PROD_001225,2,2,2.4793,0.0,0.21,4.96
SO-2026-0000527,100,PROD_000977,3,3,0.9504,0.0,0.21,2.85
SO-2026-0000527,110,PROD_002216,1,1,1.1157,0.0,0.21,1.12
SO-2026-0000527,120,PROD_000572,1,1,2.1488,0.0,0.21,2.15
SO-2026-0000527,130,PROD_001746,3,3,1.6529,0.0,0.21,4.96
SO-2026-0000527,140,PROD_001344,5,5,3.3471,0.0,0.21,16.74
SO-2026-0000527,150,PROD_002232,4,1,1.5289,0.0,0.21,1.53
SO-2026-0000527,160,PROD_003343,1,1,2.876,0.0,0.21,2.88
SO-2026-0000527,170,PROD_002759,1,1,2.4793,0.0,0.21,2.48
SO-2026-0000527,180,PROD_001886,3,3,16.6777,0.0,0.21,50.03
SO-2026-0000527,190,PROD_001824,1,1,2.6033,0.0,0.21,2.6
SO-2026-0000527,200,PROD_003419,1,1,1.7355,0.0,0.21,1.74
SO-2026-0000527,210,PROD_001456,4,4,2.1074,0.0,0.21,8.43
SO-2026-0000528,10,PROD_000481,1,1,5.2893,0.0,0.21,5.29
SO-2026-0000528,20,PROD_001157,1,1,1.1488,0.0,0.21,1.15
SO-2026-0000528,30,PROD_001326,2,2,0.9917,0.0,0.21,1.98
SO-2026-0000528,40,PROD_001957,2,2,3.4711,0.0,0.21,6.94
SO-2026-0000528,50,PROD_001914,3,3,2.2314,0.0,0.21,6.69
SO-2026-0000528,60,PROD_001877,3,3,4.9174,0.0,0.21,14.75
SO-2026-0000528,70,PROD_000484,3,3,2.6777,0.0,0.21,8.03
SO-2026-0000528,80,PROD_000586,1,1,1.6529,0.0,0.21,1.65
SO-2026-0000528,90,PROD_001954,6,6,5.6694,0.0,0.21,34.02
SO-2026-0000528,100,PROD_002678,3,3,2.4793,0.0,0.21,7.44
SO-2026-0000528,110,PROD_001804,4,4,0.9504,0.0,0.21,3.8
SO-2026-0000528,120,PROD_003619,2,2,16.0331,0.0,0.21,32.07
SO-2026-0000528,130,PROD_000247,1,1,2.0661,0.0,0.21,2.07
SO-2026-0000528,140,PROD_002456,3,3,2.6033,0.0,0.21,7.81
SO-2026-0000528,150,PROD_003709,2,2,1.6116,0.0,0.21,3.22
SO-2026-0000528,160,PROD_000718,1,1,1.7686,0.0,0.21,1.77
SO-2026-0000528,170,PROD_002203,2,2,1.1157,0.0,0.21,2.23
SO-2026-0000528,180,PROD_000486,3,3,4.0496,0.0,0.21,12.15
SO-2026-0000528,190,PROD_000183,2,2,5.7025,0.0,0.21,11.4
SO-2026-0000529,10,PROD_001827,1,1,2.2479,0.0,0.21,2.25
SO-2026-0000529,20,PROD_003525,1,1,1.5289,0.0,0.21,1.53
SO-2026-0000529,30,PROD_001391,4,4,4.0909,0.0,0.21,16.36
SO-2026-0000530,10,PROD_003342,5,5,5.1653,0.0,0.21,25.83
SO-2026-0000531,10,PROD_002933,3,3,8.8264,0.0,0.21,26.48
SO-2026-0000531,20,PROD_002103,2,2,6.5537,0.0,0.21,13.11
SO-2026-0000531,30,PROD_001763,1,1,1.595,0.0,0.21,1.59
SO-2026-0000531,40,PROD_000551,1,1,1.4463,0.0,0.21,1.45
SO-2026-0000531,50,PROD_000676,1,1,1.3636,0.0,0.1,1.36
SO-2026-0000531,60,PROD_001427,1,1,5.8595,0.0,0.21,5.86
SO-2026-0000531,70,PROD_003621,2,2,7.8512,0.0,0.21,15.7
SO-2026-0000532,10,PROD_001364,1,1,2.2314,0.0,0.21,2.23
SO-2026-0000532,20,PROD_000671,7,7,1.1157,0.0,0.21,7.81
SO-2026-0000532,30,PROD_003594,1,1,3.4298,0.0,0.21,3.43
SO-2026-0000532,40,PROD_003420,1,1,0.6198,0.0,0.21,0.62
SO-2026-0000532,50,PROD_000251,1,1,1.9231,0.0,0.04,1.92
SO-2026-0000532,60,PROD_000422,2,2,1.4876,0.0,0.21,2.98
SO-2026-0000532,70,PROD_001333,2,2,1.7355,0.0,0.21,3.47
SO-2026-0000532,80,PROD_000204,3,3,4.6612,0.0,0.21,13.98
SO-2026-0000532,90,PROD_002575,2,2,2.6446,0.0,0.21,5.29
SO-2026-0000532,100,PROD_000189,2,2,2.1901,0.0,0.21,4.38
SO-2026-0000532,110,PROD_001475,2,2,1.3223,0.0,0.21,2.64
SO-2026-0000532,120,PROD_002205,2,2,1.2562,0.0,0.21,2.51
SO-2026-0000532,130,PROD_002693,1,1,1.6529,0.0,0.21,1.65
SO-2026-0000532,140,PROD_000753,2,2,1.1157,0.0,0.21,2.23
SO-2026-0000532,150,PROD_003032,3,3,2.314,0.0,0.21,6.94
SO-2026-0000532,160,PROD_000438,1,1,0.9504,0.0,0.21,0.95
SO-2026-0000532,170,PROD_003382,1,1,1.4876,0.0,0.21,1.49
SO-2026-0000532,180,PROD_001135,1,1,1.7273,0.0,0.21,1.73
SO-2026-0000532,190,PROD_000439,1,1,4.0496,0.0,0.21,4.05
SO-2026-0000532,200,PROD_002208,2,2,1.2397,0.0,0.21,2.48
SO-2026-0000532,210,PROD_000786,1,1,1.3388,0.0,0.21,1.34
SO-2026-0000532,220,PROD_002100,1,1,17.4132,0.0,0.21,17.41
SO-2026-0000532,230,PROD_002599,2,2,4.3388,0.0,0.21,8.68
SO-2026-0000532,240,PROD_002932,5,5,3.2231,0.0,0.21,16.12
SO-2026-0000533,10,PROD_001546,1,1,3.1818,0.0,0.21,3.18
SO-2026-0000533,20,PROD_000394,2,2,1.5702,0.0,0.21,3.14
SO-2026-0000533,30,PROD_001182,1,1,1.1983,0.0,0.21,1.2
SO-2026-0000533,40,PROD_001899,1,1,0.7025,0.0,0.21,0.7
SO-2026-0000533,50,PROD_000317,1,1,1.1653,0.0,0.21,1.17
SO-2026-0000533,60,PROD_001189,1,1,1.6529,0.0,0.21,1.65
SO-2026-0000533,70,PROD_000740,4,2,3.2231,0.0,0.21,6.45
SO-2026-0000533,80,PROD_001741,3,3,1.8182,0.0,0.21,5.45
SO-2026-0000533,90,PROD_003477,3,3,1.1074,0.0,0.21,3.32
SO-2026-0000533,100,PROD_000097,4,4,1.2397,0.0,0.21,4.96
SO-2026-0000533,110,PROD_002638,2,2,2.0661,0.0,0.21,4.13
SO-2026-0000533,120,PROD_000518,1,1,17.0826,0.0,0.21,17.08
SO-2026-0000533,130,PROD_000420,1,1,1.438,0.0,0.21,1.44
SO-2026-0000533,140,PROD_000146,3,3,2.3884,0.0,0.21,7.17
SO-2026-0000533,150,PROD_002133,3,3,1.7355,0.0,0.21,5.21
SO-2026-0000533,160,PROD_000311,2,2,0.8654,0.0,0.04,1.73
SO-2026-0000533,170,PROD_002050,1,1,3.9669,0.0,0.21,3.97
SO-2026-0000533,180,PROD_001979,1,1,6.5702,0.0,0.21,6.57
SO-2026-0000533,190,PROD_000911,3,3,0.8264,0.0,0.21,2.48
SO-2026-0000533,200,PROD_002591,2,2,5.6033,0.0,0.21,11.21
SO-2026-0000533,210,PROD_000912,1,1,2.7438,0.0,0.21,2.74
SO-2026-0000533,220,PROD_002312,1,1,0.7025,0.0,0.21,0.7
SO-2026-0000533,230,PROD_001429,2,2,8.6777,0.0,0.21,17.36
SO-2026-0000533,240,PROD_001482,1,1,2.281,0.0,0.21,2.28
SO-2026-0000533,250,PROD_000143,1,1,1.4463,0.0,0.21,1.45
SO-2026-0000533,260,PROD_000513,1,1,2.6033,0.0,0.21,2.6
SO-2026-0000533,270,PROD_001638,4,4,0.9504,0.0,0.21,3.8
SO-2026-0000533,280,PROD_000029,1,1,2.6446,0.0,0.21,2.64
SO-2026-0000533,290,PROD_000918,3,3,1.1901,0.0,0.21,3.57
SO-2026-0000533,300,PROD_003451,4,4,1.281,0.0,0.21,5.12
SO-2026-0000533,310,PROD_002803,2,2,0.9091,0.0,0.21,1.82
SO-2026-0000533,320,PROD_002524,5,5,1.438,0.0,0.21,7.19
SO-2026-0000533,330,PROD_002280,3,3,1.6529,0.0,0.21,4.96
SO-2026-0000534,10,PROD_000459,1,1,2.3967,0.0,0.21,2.4
SO-2026-0000534,20,PROD_003610,2,2,4.9008,0.0,0.21,9.8
SO-2026-0000534,30,PROD_000865,2,2,1.9231,0.0,0.04,3.85
SO-2026-0000534,40,PROD_001603,1,1,4.7521,0.0,0.21,4.75
SO-2026-0000534,50,PROD_002116,1,1,1.5289,0.0,0.21,1.53
SO-2026-0000534,60,PROD_001440,2,2,1.1157,0.0,0.21,2.23
SO-2026-0000534,70,PROD_002777,2,2,1.405,0.0,0.21,2.81
SO-2026-0000534,80,PROD_001114,1,1,2.3471,0.0,0.21,2.35
SO-2026-0000534,90,PROD_002174,1,1,4.2562,0.0,0.21,4.26
SO-2026-0000534,100,PROD_000231,2,2,2.3077,0.0,0.04,4.62
SO-2026-0000534,110,PROD_000257,6,6,1.0,0.0,0.21,6.0
SO-2026-0000534,120,PROD_001976,1,1,2.0,0.0,0.21,2.0
SO-2026-0000534,130,PROD_003410,2,2,1.5289,0.0,0.21,3.06
SO-2026-0000534,140,PROD_001431,1,1,1.5289,0.0,0.21,1.53
SO-2026-0000534,150,PROD_002073,1,1,0.8264,0.0,0.21,0.83
SO-2026-0000534,160,PROD_000711,1,1,0.9339,0.0,0.21,0.93
SO-2026-0000534,170,PROD_001961,3,3,0.9091,0.0,0.21,2.73
SO-2026-0000534,180,PROD_001120,1,1,6.6942,0.0,0.21,6.69
SO-2026-0000534,190,PROD_003657,1,1,1.6346,0.0,0.04,1.63
SO-2026-0000534,200,PROD_002384,5,5,1.1157,0.0,0.21,5.58
SO-2026-0000534,210,PROD_002244,3,3,1.157,0.0,0.21,3.47
SO-2026-0000534,220,PROD_003310,4,4,3.3058,0.0,0.21,13.22
SO-2026-0000535,10,PROD_001809,2,2,3.1074,0.0,0.21,6.21
SO-2026-0000535,20,PROD_002369,2,2,0.8264,0.0,0.21,1.65
SO-2026-0000535,30,PROD_002471,3,3,0.8264,0.0,0.21,2.48
SO-2026-0000535,40,PROD_002215,1,1,1.3223,0.0,0.21,1.32
SO-2026-0000535,50,PROD_003392,2,2,1.4463,0.0,0.21,2.89
SO-2026-0000535,60,PROD_003570,1,1,0.6198,0.0,0.21,0.62
SO-2026-0000535,70,PROD_000051,3,3,1.0744,0.0,0.21,3.22
SO-2026-0000535,80,PROD_000122,4,4,3.6281,0.0,0.21,14.51
SO-2026-0000535,90,PROD_000558,3,3,1.438,0.0,0.21,4.31
SO-2026-0000535,100,PROD_002219,1,1,4.0496,0.0,0.21,4.05
SO-2026-0000535,110,PROD_003335,2,2,2.405,0.0,0.21,4.81
SO-2026-0000535,120,PROD_002998,1,1,0.8347,0.0,0.21,0.83
SO-2026-0000535,130,PROD_002027,1,1,1.1157,0.0,0.21,1.12
SO-2026-0000535,140,PROD_000268,1,1,1.405,0.0,0.21,1.41
SO-2026-0000535,150,PROD_001356,1,1,1.0744,0.0,0.21,1.07
SO-2026-0000535,160,PROD_000947,6,6,3.0579,0.0,0.21,18.35
SO-2026-0000536,10,PROD_001727,6,6,1.3636,0.0,0.21,8.18
SO-2026-0000536,20,PROD_003249,1,1,3.2645,0.0,0.21,3.26
SO-2026-0000536,30,PROD_003684,2,2,0.8678,0.0,0.21,1.74
SO-2026-0000536,40,PROD_001734,2,2,0.9091,0.0,0.21,1.82
SO-2026-0000536,50,PROD_000317,2,2,1.1653,0.0,0.21,2.33
SO-2026-0000536,60,PROD_003035,1,1,1.562,0.0,0.21,1.56
SO-2026-0000536,70,PROD_002232,1,1,1.5289,0.0,0.21,1.53
SO-2026-0000536,80,PROD_002888,1,1,1.3636,0.0,0.21,1.36
SO-2026-0000536,90,PROD_003045,1,1,2.4793,0.0,0.21,2.48
SO-2026-0000536,100,PROD_003704,2,2,3.7603,0.0,0.21,7.52
SO-2026-0000536,110,PROD_002913,3,3,4.3802,0.0,0.21,13.14
SO-2026-0000537,10,PROD_002391,1,1,2.8182,0.0,0.21,2.82
SO-2026-0000537,20,PROD_002251,2,2,2.8099,0.0,0.21,5.62
SO-2026-0000537,30,PROD_002092,3,3,1.4876,0.0,0.21,4.46
SO-2026-0000537,40,PROD_000645,3,3,0.9835,0.0,0.21,2.95
SO-2026-0000537,50,PROD_000090,4,4,1.6116,0.0,0.21,6.45
SO-2026-0000537,60,PROD_001616,1,1,2.0661,0.0,0.21,2.07
SO-2026-0000538,10,PROD_002876,2,2,0.595,0.0,0.21,1.19
SO-2026-0000538,20,PROD_002360,2,2,0.8264,0.0,0.21,1.65
SO-2026-0000538,30,PROD_001556,2,2,1.7355,0.0,0.21,3.47
SO-2026-0000538,40,PROD_002139,1,1,0.2893,0.0,0.21,0.29
SO-2026-0000538,50,PROD_000293,1,1,1.0744,0.0,0.21,1.07
SO-2026-0000538,60,PROD_000520,2,2,3.4628,0.0,0.21,6.93
SO-2026-0000538,70,PROD_001486,2,2,1.0,0.0,0.21,2.0
SO-2026-0000538,80,PROD_001061,4,4,1.2893,0.0,0.21,5.16
SO-2026-0000538,90,PROD_000638,3,3,1.3306,0.0,0.21,3.99
SO-2026-0000539,10,PROD_000959,1,1,3.1322,0.0,0.21,3.13
SO-2026-0000539,20,PROD_002616,1,1,1.5702,0.0,0.21,1.57
SO-2026-0000539,30,PROD_000747,2,2,3.2231,0.0,0.21,6.45
SO-2026-0000539,40,PROD_001024,1,1,2.8926,0.0,0.21,2.89
SO-2026-0000539,50,PROD_001731,2,2,2.6442,0.0,0.04,5.29
SO-2026-0000539,60,PROD_000241,1,1,1.1818,0.0,0.21,1.18
SO-2026-0000539,70,PROD_000479,1,1,0.8678,0.0,0.21,0.87
SO-2026-0000539,80,PROD_001890,4,4,1.7603,0.0,0.21,7.04
SO-2026-0000539,90,PROD_001254,2,2,19.0083,0.0,0.21,38.02
SO-2026-0000540,10,PROD_001329,1,1,7.0248,0.0,0.21,7.02
SO-2026-0000540,20,PROD_001342,1,1,2.438,0.0,0.21,2.44
SO-2026-0000540,30,PROD_001834,5,5,0.3223,0.0,0.21,1.61
SO-2026-0000540,40,PROD_001742,1,1,2.9669,0.0,0.21,2.97
SO-2026-0000540,50,PROD_000594,1,1,2.0579,0.0,0.21,2.06
SO-2026-0000540,60,PROD_000950,1,1,1.7769,0.0,0.21,1.78
SO-2026-0000540,70,PROD_001556,4,4,1.7355,0.0,0.21,6.94
SO-2026-0000540,80,PROD_003442,6,6,0.8264,0.0,0.21,4.96
SO-2026-0000540,90,PROD_002326,1,1,1.1983,0.0,0.21,1.2
SO-2026-0000541,10,PROD_000150,1,1,0.9091,0.0,0.21,0.91
SO-2026-0000541,20,PROD_002463,1,1,4.2479,0.0,0.21,4.25
SO-2026-0000541,30,PROD_000236,4,4,0.6612,0.0,0.21,2.64
SO-2026-0000541,40,PROD_001708,3,3,0.9504,0.0,0.21,2.85
SO-2026-0000541,50,PROD_000330,3,3,1.2397,0.0,0.21,3.72
SO-2026-0000541,60,PROD_003140,1,1,2.8926,0.0,0.21,2.89
SO-2026-0000541,70,PROD_001003,2,2,3.2479,0.0,0.21,6.5
SO-2026-0000541,80,PROD_002039,1,1,3.6364,0.0,0.21,3.64
SO-2026-0000541,90,PROD_000202,1,1,6.2479,0.0,0.21,6.25
SO-2026-0000542,10,PROD_002902,1,1,1.6529,0.0,0.21,1.65
SO-2026-0000542,20,PROD_000131,1,1,5.4545,0.0,0.21,5.45
SO-2026-0000542,30,PROD_001730,1,1,6.1983,0.0,0.21,6.2
SO-2026-0000542,40,PROD_001138,1,1,2.2066,0.0,0.21,2.21
SO-2026-0000542,50,PROD_000323,1,1,0.9504,0.0,0.21,0.95
SO-2026-0000542,60,PROD_002796,1,1,1.7769,0.0,0.21,1.78
SO-2026-0000542,70,PROD_001980,1,1,0.9917,0.0,0.21,0.99
SO-2026-0000542,80,PROD_000636,4,4,1.7355,0.0,0.21,6.94
SO-2026-0000542,90,PROD_001228,3,3,1.6529,0.0,0.21,4.96
SO-2026-0000542,100,PROD_000755,1,1,3.2397,0.0,0.21,3.24
SO-2026-0000542,110,PROD_001554,2,2,0.8264,0.0,0.21,1.65
SO-2026-0000542,120,PROD_002001,1,1,2.8843,0.0,0.21,2.88
SO-2026-0000542,130,PROD_002404,3,3,2.1901,0.0,0.21,6.57
SO-2026-0000542,140,PROD_000453,3,3,3.4711,0.0,0.21,10.41
SO-2026-0000542,150,PROD_001040,1,1,0.9504,0.0,0.21,0.95
SO-2026-0000542,160,PROD_000150,1,1,0.9091,0.0,0.21,0.91
SO-2026-0000542,170,PROD_003350,2,2,0.6198,0.0,0.21,1.24
SO-2026-0000542,180,PROD_001788,1,1,0.6281,0.0,0.21,0.63
SO-2026-0000542,190,PROD_001339,5,5,2.6942,0.0,0.21,13.47
SO-2026-0000542,200,PROD_000798,4,4,1.0744,0.0,0.21,4.3
SO-2026-0000542,210,PROD_001816,4,4,1.157,0.0,0.21,4.63
SO-2026-0000542,220,PROD_002153,1,1,0.7851,0.0,0.21,0.79
SO-2026-0000542,230,PROD_001094,1,1,1.6529,0.0,0.21,1.65
SO-2026-0000542,240,PROD_000062,1,1,3.1736,0.0,0.21,3.17
SO-2026-0000542,250,PROD_001197,3,3,3.7851,0.0,0.21,11.36
SO-2026-0000542,260,PROD_000031,2,2,4.1322,0.0,0.21,8.26
SO-2026-0000543,10,PROD_001544,1,1,1.3636,0.0,0.21,1.36
SO-2026-0000543,20,PROD_001249,9,9,3.3471,0.0,0.21,30.12
SO-2026-0000543,30,PROD_002401,2,2,0.9135,0.0,0.04,1.83
SO-2026-0000543,40,PROD_000091,1,1,2.6446,0.0,0.21,2.64
SO-2026-0000543,50,PROD_003020,2,2,0.9091,0.0,0.21,1.82
SO-2026-0000543,60,PROD_001826,3,3,2.3554,0.0,0.21,7.07
SO-2026-0000544,10,PROD_002491,1,1,2.8512,0.0,0.21,2.85
SO-2026-0000544,20,PROD_000088,6,4,1.281,0.0,0.21,5.12
SO-2026-0000544,30,PROD_003381,1,1,3.843,0.0,0.21,3.84
SO-2026-0000544,40,PROD_003621,1,1,7.8512,0.0,0.21,7.85
SO-2026-0000544,50,PROD_003590,2,1,1.3636,0.0,0.1,1.36
SO-2026-0000544,60,PROD_000365,1,1,4.1322,0.0,0.21,4.13
SO-2026-0000544,70,PROD_002946,3,3,1.6529,0.0,0.21,4.96
SO-2026-0000544,80,PROD_000651,1,1,6.6818,0.0,0.1,6.68
SO-2026-0000544,90,PROD_001973,1,1,0.7025,0.0,0.21,0.7
SO-2026-0000544,100,PROD_002869,3,3,1.5289,0.0,0.21,4.59
SO-2026-0000544,110,PROD_003375,5,5,1.3223,0.0,0.21,6.61
SO-2026-0000544,120,PROD_000108,5,4,1.5289,0.0,0.21,6.12
SO-2026-0000544,130,PROD_002487,2,1,11.1405,0.0,0.21,11.14
SO-2026-0000544,140,PROD_002157,1,1,3.3306,0.0,0.21,3.33
SO-2026-0000544,150,PROD_002630,1,1,2.3967,0.0,0.21,2.4
SO-2026-0000544,160,PROD_000090,3,1,1.6116,0.0,0.21,1.61
SO-2026-0000544,170,PROD_003415,1,1,0.9421,0.0,0.21,0.94
SO-2026-0000544,180,PROD_002445,1,1,9.0455,0.0,0.1,9.05
SO-2026-0000544,190,PROD_002577,2,2,4.0909,0.0,0.21,8.18
SO-2026-0000544,200,PROD_002235,4,4,0.7025,0.0,0.21,2.81
SO-2026-0000544,210,PROD_000289,2,2,0.9091,0.0,0.21,1.82
SO-2026-0000544,220,PROD_000649,2,1,3.6198,0.0,0.21,3.62
SO-2026-0000544,230,PROD_003702,3,3,0.8678,0.0,0.21,2.6
SO-2026-0000544,240,PROD_000433,1,1,1.1983,0.0,0.21,1.2
SO-2026-0000544,250,PROD_003494,4,4,1.405,0.0,0.21,5.62
SO-2026-0000544,260,PROD_001170,2,2,0.8264,0.0,0.21,1.65
SO-2026-0000544,270,PROD_001950,2,2,1.6777,0.0,0.21,3.36
SO-2026-0000544,280,PROD_002865,1,1,1.314,0.0,0.21,1.31
SO-2026-0000544,290,PROD_001467,2,2,1.7788,0.0,0.04,3.56
SO-2026-0000544,300,PROD_003668,1,1,2.6442,0.0,0.04,2.64
SO-2026-0000544,310,PROD_002065,1,1,0.7438,0.0,0.21,0.74
SO-2026-0000544,320,PROD_001284,2,2,1.0661,0.0,0.21,2.13
SO-2026-0000544,330,PROD_000157,2,2,0.7025,0.0,0.21,1.41
SO-2026-0000544,340,PROD_001425,1,1,3.5537,0.0,0.21,3.55
SO-2026-0000544,350,PROD_000257,2,2,1.0,0.0,0.21,2.0
SO-2026-0000544,360,PROD_001645,3,3,1.686,0.0,0.21,5.06
SO-2026-0000544,370,PROD_003626,2,2,10.9504,0.0,0.21,21.9
SO-2026-0000544,380,PROD_002188,1,1,5.3388,0.0,0.21,5.34
SO-2026-0000544,390,PROD_001516,2,2,2.8926,0.0,0.21,5.79
SO-2026-0000545,10,PROD_001085,1,1,3.0165,0.0,0.21,3.02
SO-2026-0000545,20,PROD_001497,1,1,2.6033,0.0,0.21,2.6
SO-2026-0000545,30,PROD_002312,1,1,0.7025,0.0,0.21,0.7
SO-2026-0000545,40,PROD_000954,2,2,1.8818,0.0,0.1,3.76
SO-2026-0000545,50,PROD_000572,2,2,2.1488,0.0,0.21,4.3
SO-2026-0000545,60,PROD_003594,2,2,3.4298,0.0,0.21,6.86
SO-2026-0000545,70,PROD_001673,7,7,2.4793,0.0,0.21,17.36
SO-2026-0000545,80,PROD_000472,2,2,4.6198,0.0,0.21,9.24
SO-2026-0000545,90,PROD_003649,2,2,1.3636,0.0,0.21,2.73
SO-2026-0000545,100,PROD_003578,2,2,21.9008,0.0,0.21,43.8
SO-2026-0000546,10,PROD_000422,2,2,1.4876,0.0,0.21,2.98
SO-2026-0000546,20,PROD_003134,3,3,3.2231,0.0,0.21,9.67
SO-2026-0000546,30,PROD_000170,1,1,2.1488,0.0,0.21,2.15
SO-2026-0000546,40,PROD_000352,3,3,2.1901,0.0,0.21,6.57
SO-2026-0000546,50,PROD_000133,1,1,1.2397,0.0,0.21,1.24
SO-2026-0000546,60,PROD_003476,7,7,1.2893,0.0,0.21,9.03
SO-2026-0000547,10,PROD_001896,2,2,1.9091,0.0,0.21,3.82
SO-2026-0000547,20,PROD_001979,1,1,6.5702,0.0,0.21,6.57
SO-2026-0000547,30,PROD_001559,7,7,2.314,0.0,0.21,16.2
SO-2026-0000548,10,PROD_002459,1,1,0.4132,0.0,0.21,0.41
SO-2026-0000548,20,PROD_003553,3,3,1.405,0.0,0.21,4.21
SO-2026-0000548,30,PROD_002940,1,1,1.6529,0.0,0.21,1.65
SO-2026-0000548,40,PROD_001899,1,1,0.7025,0.0,0.21,0.7
SO-2026-0000548,50,PROD_002278,1,1,1.4463,0.0,0.21,1.45
SO-2026-0000548,60,PROD_001705,2,2,1.281,0.0,0.21,2.56
SO-2026-0000548,70,PROD_002350,2,2,5.4132,0.0,0.21,10.83
SO-2026-0000548,80,PROD_001154,2,2,0.9504,0.0,0.21,1.9
SO-2026-0000548,90,PROD_003682,1,1,1.1157,0.0,0.21,1.12
SO-2026-0000548,100,PROD_000238,1,1,0.9615,0.0,0.04,0.96
SO-2026-0000548,110,PROD_001693,3,3,1.1157,0.0,0.21,3.35
SO-2026-0000549,10,PROD_003050,1,1,1.9835,0.0,0.21,1.98
SO-2026-0000549,20,PROD_001161,1,1,0.2975,0.0,0.21,0.3
SO-2026-0000549,30,PROD_002815,1,1,5.3636,0.0,0.21,5.36
SO-2026-0000549,40,PROD_001716,1,1,4.0496,0.0,0.21,4.05
SO-2026-0000549,50,PROD_000516,1,1,4.3388,0.0,0.21,4.34
SO-2026-0000549,60,PROD_000995,4,4,1.2404,0.0,0.04,4.96
SO-2026-0000549,70,PROD_003493,3,3,2.6612,0.0,0.21,7.98
SO-2026-0000549,80,PROD_003443,1,1,1.5702,0.0,0.21,1.57
SO-2026-0000549,90,PROD_003424,1,1,1.1983,0.0,0.21,1.2
SO-2026-0000549,100,PROD_001950,1,1,1.6777,0.0,0.21,1.68
SO-2026-0000549,110,PROD_002018,1,1,1.9835,0.0,0.21,1.98
SO-2026-0000550,10,PROD_001175,1,1,3.0165,0.0,0.21,3.02
SO-2026-0000550,20,PROD_002073,3,3,0.8264,0.0,0.21,2.48
SO-2026-0000550,30,PROD_003462,4,2,4.0496,0.0,0.21,8.1
SO-2026-0000550,40,PROD_003364,1,1,0.7438,0.0,0.21,0.74
SO-2026-0000550,50,PROD_002942,1,1,3.2231,0.0,0.21,3.22
SO-2026-0000550,60,PROD_002359,1,1,3.2645,0.0,0.21,3.26
SO-2026-0000550,70,PROD_003185,1,1,3.2231,0.0,0.21,3.22
SO-2026-0000550,80,PROD_000445,1,1,2.4545,0.0,0.21,2.45
SO-2026-0000550,90,PROD_000550,1,1,3.2645,0.0,0.21,3.26
SO-2026-0000550,100,PROD_002262,1,1,1.5702,0.0,0.21,1.57
SO-2026-0000550,110,PROD_002587,6,1,2.9752,0.0,0.21,2.98
SO-2026-0000550,120,PROD_003493,1,1,2.6612,0.0,0.21,2.66
SO-2026-0000550,130,PROD_003457,3,3,4.876,0.0,0.21,14.63
SO-2026-0000550,140,PROD_001675,2,2,1.719,0.0,0.21,3.44
SO-2026-0000550,150,PROD_001731,2,2,2.6442,0.0,0.04,5.29
SO-2026-0000550,160,PROD_001535,1,1,1.8843,0.0,0.21,1.88
SO-2026-0000550,170,PROD_003604,2,2,4.9587,0.0,0.21,9.92
SO-2026-0000550,180,PROD_002772,1,1,2.0661,0.0,0.21,2.07
SO-2026-0000550,190,PROD_003287,1,1,2.8099,0.0,0.21,2.81
SO-2026-0000550,200,PROD_002187,3,3,2.281,0.0,0.21,6.84
SO-2026-0000550,210,PROD_003132,1,1,3.2231,0.0,0.21,3.22
SO-2026-0000550,220,PROD_000338,1,1,1.7686,0.0,0.21,1.77
SO-2026-0000550,230,PROD_003595,1,1,20.2479,0.0,0.21,20.25
SO-2026-0000551,10,PROD_000362,3,3,1.3223,0.0,0.21,3.97
SO-2026-0000551,20,PROD_002936,2,2,3.3058,0.0,0.21,6.61
SO-2026-0000551,30,PROD_002962,6,6,2.0661,0.0,0.21,12.4
SO-2026-0000551,40,PROD_001836,5,5,1.5702,0.0,0.21,7.85
SO-2026-0000551,50,PROD_003040,1,1,1.405,0.0,0.21,1.41
SO-2026-0000551,60,PROD_000662,2,2,2.7438,0.0,0.21,5.49
SO-2026-0000551,70,PROD_000655,1,1,1.9091,0.0,0.21,1.91
SO-2026-0000552,10,PROD_000157,3,3,0.7025,0.0,0.21,2.11
SO-2026-0000552,20,PROD_003102,1,1,3.2231,0.0,0.21,3.22
SO-2026-0000552,30,PROD_001712,2,2,2.1074,0.0,0.21,4.21
SO-2026-0000552,40,PROD_003336,2,2,1.281,0.0,0.21,2.56
SO-2026-0000552,50,PROD_001224,1,1,2.562,0.0,0.21,2.56
SO-2026-0000552,60,PROD_000795,6,1,0.9917,0.0,0.21,0.99
SO-2026-0000552,70,PROD_001267,1,1,1.9669,0.0,0.21,1.97
SO-2026-0000552,80,PROD_000677,1,1,2.2562,0.0,0.21,2.26
SO-2026-0000552,90,PROD_001049,2,2,1.4463,0.0,0.21,2.89
SO-2026-0000552,100,PROD_000283,1,1,1.9008,0.0,0.21,1.9
SO-2026-0000552,110,PROD_000672,1,1,1.405,0.0,0.21,1.41
SO-2026-0000552,120,PROD_000206,3,3,12.2727,0.0,0.21,36.82
SO-2026-0000553,10,PROD_002111,5,5,2.3554,0.0,0.21,11.78
SO-2026-0000553,20,PROD_003531,5,3,6.9917,0.0,0.21,20.98
SO-2026-0000553,30,PROD_000403,2,2,4.3388,0.0,0.21,8.68
SO-2026-0000554,10,PROD_002541,4,4,1.0744,0.0,0.21,4.3
SO-2026-0000554,20,PROD_001730,2,2,6.1983,0.0,0.21,12.4
SO-2026-0000554,30,PROD_002153,6,6,0.7851,0.0,0.21,4.71
SO-2026-0000554,40,PROD_002628,2,2,3.3058,0.0,0.21,6.61
SO-2026-0000554,50,PROD_001997,1,1,2.2314,0.0,0.21,2.23
SO-2026-0000554,60,PROD_002888,4,4,1.3636,0.0,0.21,5.45
SO-2026-0000554,70,PROD_002680,1,1,3.2645,0.0,0.21,3.26
SO-2026-0000554,80,PROD_000204,3,3,4.6612,0.0,0.21,13.98
SO-2026-0000554,90,PROD_000363,1,1,1.4793,0.0,0.21,1.48
SO-2026-0000554,100,PROD_000369,1,1,6.0744,0.0,0.21,6.07
SO-2026-0000554,110,PROD_001911,6,6,0.8264,0.0,0.21,4.96
SO-2026-0000554,120,PROD_001844,5,5,1.0331,0.0,0.21,5.17
SO-2026-0000554,130,PROD_000886,1,1,1.4876,0.0,0.21,1.49
SO-2026-0000554,140,PROD_001690,3,3,1.0331,0.0,0.21,3.1
SO-2026-0000554,150,PROD_001340,2,2,7.405,0.0,0.21,14.81
SO-2026-0000554,160,PROD_001121,1,1,1.7355,0.0,0.21,1.74
SO-2026-0000554,170,PROD_002689,2,2,2.562,0.0,0.21,5.12
SO-2026-0000554,180,PROD_000755,2,2,3.2397,0.0,0.21,6.48
SO-2026-0000554,190,PROD_001787,2,2,1.1983,0.0,0.21,2.4
SO-2026-0000554,200,PROD_002284,3,3,2.8099,0.0,0.21,8.43
SO-2026-0000554,210,PROD_003716,2,2,1.0331,0.0,0.21,2.07
SO-2026-0000554,220,PROD_003032,1,1,2.314,0.0,0.21,2.31
SO-2026-0000554,230,PROD_002156,1,1,0.9091,0.0,0.21,0.91
SO-2026-0000554,240,PROD_002436,4,4,2.8512,0.0,0.21,11.4
SO-2026-0000555,10,PROD_002759,1,1,2.4793,0.0,0.21,2.48
SO-2026-0000555,20,PROD_002269,3,3,1.5385,0.0,0.04,4.62
SO-2026-0000555,30,PROD_001780,1,1,1.7355,0.0,0.21,1.74
SO-2026-0000555,40,PROD_001974,3,3,0.9504,0.0,0.21,2.85
SO-2026-0000555,50,PROD_002038,1,1,2.3967,0.0,0.21,2.4
SO-2026-0000555,60,PROD_000945,5,5,1.1983,0.0,0.21,5.99
SO-2026-0000556,10,PROD_000678,2,2,5.0,0.0,0.21,10.0
SO-2026-0000556,20,PROD_002626,1,1,1.9835,0.0,0.21,1.98
SO-2026-0000556,30,PROD_001225,1,1,2.4793,0.0,0.21,2.48
SO-2026-0000556,40,PROD_001146,3,3,1.5702,0.0,0.21,4.71
SO-2026-0000556,50,PROD_000170,2,2,2.1488,0.0,0.21,4.3
SO-2026-0000556,60,PROD_001546,1,1,3.1818,0.0,0.21,3.18
SO-2026-0000556,70,PROD_001808,3,3,6.4463,0.0,0.21,19.34
SO-2026-0000556,80,PROD_002110,6,6,4.9273,0.0,0.1,29.56
SO-2026-0000556,90,PROD_001417,2,2,1.9504,0.0,0.21,3.9
SO-2026-0000556,100,PROD_002759,1,1,2.4793,0.0,0.21,2.48
SO-2026-0000556,110,PROD_001942,6,6,3.0331,0.0,0.21,18.2
SO-2026-0000556,120,PROD_002832,3,3,1.4876,0.0,0.21,4.46
SO-2026-0000556,130,PROD_000283,1,1,1.9008,0.0,0.21,1.9
SO-2026-0000556,140,PROD_000856,3,3,1.9135,0.0,0.04,5.74
SO-2026-0000556,150,PROD_001207,1,1,2.3182,0.0,0.1,2.32
SO-2026-0000556,160,PROD_000057,2,2,14.4298,0.0,0.21,28.86
SO-2026-0000556,170,PROD_001467,1,1,1.7788,0.0,0.04,1.78
SO-2026-0000556,180,PROD_002114,1,1,7.3554,0.0,0.21,7.36
SO-2026-0000557,10,PROD_002289,2,2,0.6198,0.0,0.21,1.24
SO-2026-0000557,20,PROD_001331,5,5,2.8512,0.0,0.21,14.26
SO-2026-0000557,30,PROD_002612,5,5,0.8173,0.0,0.04,4.09
SO-2026-0000557,40,PROD_003607,3,3,0.9545,0.0,0.1,2.86
SO-2026-0000557,50,PROD_001085,2,2,3.0165,0.0,0.21,6.03
SO-2026-0000558,10,PROD_000479,1,1,0.8678,0.0,0.21,0.87
SO-2026-0000558,20,PROD_001252,4,4,2.686,0.0,0.21,10.74
SO-2026-0000558,30,PROD_001985,2,2,1.2019,0.0,0.04,2.4
SO-2026-0000558,40,PROD_002875,3,3,0.8264,0.0,0.21,2.48
SO-2026-0000558,50,PROD_002386,1,1,3.157,0.0,0.21,3.16
SO-2026-0000558,60,PROD_000754,2,2,2.2562,0.0,0.21,4.51
SO-2026-0000559,10,PROD_001637,4,4,3.2149,0.0,0.21,12.86
SO-2026-0000559,20,PROD_000412,1,1,4.7521,0.0,0.21,4.75
SO-2026-0000559,30,PROD_002279,3,3,2.562,0.0,0.21,7.69
SO-2026-0000559,40,PROD_002334,3,3,1.8595,0.0,0.21,5.58
SO-2026-0000559,50,PROD_001976,2,2,2.0,0.0,0.21,4.0
SO-2026-0000559,60,PROD_001638,6,6,0.9504,0.0,0.21,5.7
SO-2026-0000559,70,PROD_000399,1,1,1.0165,0.0,0.21,1.02
SO-2026-0000559,80,PROD_001117,1,1,2.1074,0.0,0.21,2.11
SO-2026-0000559,90,PROD_000991,1,1,1.157,0.0,0.21,1.16
SO-2026-0000559,100,PROD_001181,3,3,1.0744,0.0,0.21,3.22
SO-2026-0000559,110,PROD_001215,2,2,3.0579,0.0,0.21,6.12
SO-2026-0000560,10,PROD_001918,1,1,1.9091,0.0,0.21,1.91
SO-2026-0000560,20,PROD_001923,1,1,32.7818,0.0,0.1,32.78
SO-2026-0000560,30,PROD_000089,3,3,0.7438,0.0,0.21,2.23
SO-2026-0000560,40,PROD_001921,1,1,0.4132,0.0,0.21,0.41
SO-2026-0000560,50,PROD_002953,1,1,0.8678,0.0,0.21,0.87
SO-2026-0000560,60,PROD_000698,1,1,2.2727,0.0,0.21,2.27
SO-2026-0000560,70,PROD_001876,1,1,0.9752,0.0,0.21,0.98
SO-2026-0000560,80,PROD_002040,1,1,1.9835,0.0,0.21,1.98
SO-2026-0000560,90,PROD_001852,3,3,3.1322,0.0,0.21,9.4
SO-2026-0000561,10,PROD_003323,4,4,0.9917,0.0,0.21,3.97
SO-2026-0000561,20,PROD_003490,1,1,1.5702,0.0,0.21,1.57
SO-2026-0000561,30,PROD_001109,3,3,2.1901,0.0,0.21,6.57
SO-2026-0000561,40,PROD_002310,2,2,5.4132,0.0,0.21,10.83
SO-2026-0000561,50,PROD_001154,2,2,0.9504,0.0,0.21,1.9
SO-2026-0000561,60,PROD_001953,3,3,1.3636,0.0,0.21,4.09
SO-2026-0000561,70,PROD_003591,1,1,4.9504,0.0,0.21,4.95
SO-2026-0000561,80,PROD_003600,1,1,7.7273,0.0,0.21,7.73
SO-2026-0000561,90,PROD_002065,2,2,0.7438,0.0,0.21,1.49
SO-2026-0000561,100,PROD_003142,1,1,3.2231,0.0,0.21,3.22
SO-2026-0000561,110,PROD_002110,1,1,4.9273,0.0,0.1,4.93
SO-2026-0000561,120,PROD_002488,1,1,4.5785,0.0,0.21,4.58
SO-2026-0000561,130,PROD_000032,3,3,5.6612,0.0,0.21,16.98
SO-2026-0000562,10,PROD_000206,1,1,12.2727,0.0,0.21,12.27
SO-2026-0000562,20,PROD_003527,7,4,2.405,0.0,0.21,9.62
SO-2026-0000562,30,PROD_000102,4,4,3.0331,0.0,0.21,12.13
SO-2026-0000562,40,PROD_003576,4,3,4.9008,0.0,0.21,14.7
SO-2026-0000562,50,PROD_000321,1,1,5.3719,0.0,0.21,5.37
SO-2026-0000562,60,PROD_003442,1,1,0.8264,0.0,0.21,0.83
SO-2026-0000562,70,PROD_003404,1,1,3.9669,0.0,0.21,3.97
SO-2026-0000562,80,PROD_003119,1,1,1.1736,0.0,0.21,1.17
SO-2026-0000562,90,PROD_002778,2,2,1.1157,0.0,0.21,2.23
SO-2026-0000563,10,PROD_001436,1,1,1.9421,0.0,0.21,1.94
SO-2026-0000563,20,PROD_001525,4,4,3.2645,0.0,0.21,13.06
SO-2026-0000563,30,PROD_003225,3,3,6.1983,0.0,0.21,18.59
SO-2026-0000564,10,PROD_002366,1,1,5.3719,0.0,0.21,5.37
SO-2026-0000564,20,PROD_000251,1,1,1.9231,0.0,0.04,1.92
SO-2026-0000564,30,PROD_001422,1,1,0.9917,0.0,0.21,0.99
SO-2026-0000564,40,PROD_000740,2,2,3.2231,0.0,0.21,6.45
SO-2026-0000564,50,PROD_000051,1,1,1.0744,0.0,0.21,1.07
SO-2026-0000564,60,PROD_000445,3,3,2.4545,0.0,0.21,7.36
SO-2026-0000564,70,PROD_003689,1,1,2.8926,0.0,0.21,2.89
SO-2026-0000564,80,PROD_001312,1,1,0.7851,0.0,0.21,0.79
SO-2026-0000564,90,PROD_000504,2,2,3.1736,0.0,0.21,6.35
SO-2026-0000564,100,PROD_000676,2,2,1.3636,0.0,0.1,2.73
SO-2026-0000564,110,PROD_000599,1,1,2.3077,0.0,0.04,2.31
SO-2026-0000564,120,PROD_000441,3,3,6.5702,0.0,0.21,19.71
SO-2026-0000565,10,PROD_002551,2,2,6.1983,0.0,0.21,12.4
SO-2026-0000565,20,PROD_003105,1,1,1.6116,0.0,0.21,1.61
SO-2026-0000565,30,PROD_000813,4,4,1.3636,0.0,0.21,5.45
SO-2026-0000565,40,PROD_001690,1,1,1.0331,0.0,0.21,1.03
SO-2026-0000565,50,PROD_003636,3,3,1.5537,0.0,0.21,4.66
SO-2026-0000565,60,PROD_001359,4,4,2.1901,0.0,0.21,8.76
SO-2026-0000566,10,PROD_002021,1,1,9.1983,0.0,0.21,9.2
SO-2026-0000566,20,PROD_001826,2,2,2.3554,0.0,0.21,4.71
SO-2026-0000566,30,PROD_003323,4,4,0.9917,0.0,0.21,3.97
SO-2026-0000566,40,PROD_001226,1,1,1.281,0.0,0.21,1.28
SO-2026-0000566,50,PROD_001410,6,6,1.6529,0.0,0.21,9.92
SO-2026-0000566,60,PROD_001743,2,2,1.5289,0.0,0.21,3.06
SO-2026-0000566,70,PROD_001803,4,4,2.7273,0.0,0.21,10.91
SO-2026-0000567,10,PROD_001661,2,2,2.5481,0.0,0.04,5.1
SO-2026-0000567,20,PROD_001050,3,3,1.6346,0.0,0.04,4.9
SO-2026-0000567,30,PROD_001809,2,2,3.1074,0.0,0.21,6.21
SO-2026-0000567,40,PROD_000335,3,3,4.8512,0.0,0.21,14.55
SO-2026-0000567,50,PROD_001966,4,4,0.8264,0.0,0.21,3.31
SO-2026-0000567,60,PROD_003304,1,1,1.3636,0.0,0.21,1.36
SO-2026-0000567,70,PROD_001497,4,4,2.6033,0.0,0.21,10.41
SO-2026-0000567,80,PROD_002043,4,4,5.4132,0.0,0.21,21.65
SO-2026-0000567,90,PROD_000090,5,5,1.6116,0.0,0.21,8.06
SO-2026-0000567,100,PROD_002926,3,3,1.3636,0.0,0.21,4.09
SO-2026-0000567,110,PROD_003189,2,2,2.2562,0.0,0.21,4.51
SO-2026-0000567,120,PROD_000095,1,1,4.0496,0.0,0.21,4.05
SO-2026-0000567,130,PROD_003613,1,1,5.2645,0.0,0.21,5.26
SO-2026-0000567,140,PROD_003597,1,1,6.8595,0.0,0.21,6.86
SO-2026-0000567,150,PROD_003652,1,1,1.6033,0.0,0.21,1.6
SO-2026-0000567,160,PROD_000088,6,6,1.281,0.0,0.21,7.69
SO-2026-0000567,170,PROD_001208,1,1,1.4876,0.0,0.21,1.49
SO-2026-0000567,180,PROD_003454,3,3,2.3967,0.0,0.21,7.19
SO-2026-0000567,190,PROD_001333,1,1,1.7355,0.0,0.21,1.74
SO-2026-0000567,200,PROD_003418,1,1,2.405,0.0,0.21,2.4
SO-2026-0000567,210,PROD_001407,2,2,20.7273,0.0,0.1,41.45
SO-2026-0000567,220,PROD_002550,2,2,4.5455,0.0,0.21,9.09
SO-2026-0000567,230,PROD_002165,1,1,2.314,0.0,0.21,2.31
SO-2026-0000567,240,PROD_003335,2,2,2.405,0.0,0.21,4.81
SO-2026-0000567,250,PROD_000080,3,3,0.6198,0.0,0.21,1.86
SO-2026-0000567,260,PROD_001354,6,6,1.0096,0.0,0.04,6.06
SO-2026-0000567,270,PROD_001703,6,6,3.2645,0.0,0.21,19.59
SO-2026-0000567,280,PROD_000340,2,2,1.5702,0.0,0.21,3.14
SO-2026-0000567,290,PROD_002065,1,1,0.7438,0.0,0.21,0.74
SO-2026-0000567,300,PROD_000677,1,1,2.2562,0.0,0.21,2.26
SO-2026-0000567,310,PROD_001746,1,1,1.6529,0.0,0.21,1.65
SO-2026-0000567,320,PROD_001835,2,2,1.7769,0.0,0.21,3.55
SO-2026-0000567,330,PROD_003344,2,2,0.7769,0.0,0.21,1.55
SO-2026-0000567,340,PROD_002444,3,3,1.9421,0.0,0.21,5.83
SO-2026-0000567,350,PROD_002935,6,6,5.7355,0.0,0.21,34.41
SO-2026-0000567,360,PROD_002501,1,1,1.5702,0.0,0.21,1.57
SO-2026-0000567,370,PROD_003712,4,4,2.8099,0.0,0.21,11.24
SO-2026-0000567,380,PROD_001793,3,3,3.314,0.0,0.21,9.94
SO-2026-0000567,390,PROD_000097,1,1,1.2397,0.0,0.21,1.24
SO-2026-0000567,400,PROD_002761,5,5,3.2231,0.0,0.21,16.12
SO-2026-0000567,410,PROD_000625,2,2,1.6116,0.0,0.21,3.22
SO-2026-0000567,420,PROD_000203,1,1,0.7438,0.0,0.21,0.74
SO-2026-0000567,430,PROD_001222,1,1,2.6116,0.0,0.21,2.61
SO-2026-0000567,440,PROD_000146,2,2,2.3884,0.0,0.21,4.78
SO-2026-0000567,450,PROD_002876,1,1,0.595,0.0,0.21,0.59
SO-2026-0000568,10,PROD_002250,2,2,1.3802,0.0,0.21,2.76
SO-2026-0000568,20,PROD_001344,4,4,3.3471,0.0,0.21,13.39
SO-2026-0000568,30,PROD_001925,2,2,2.4793,0.0,0.21,4.96
SO-2026-0000568,40,PROD_000875,4,4,1.2893,0.0,0.21,5.16
SO-2026-0000568,50,PROD_001245,1,1,1.5289,0.0,0.21,1.53
SO-2026-0000568,60,PROD_002058,1,1,1.3223,0.0,0.21,1.32
SO-2026-0000569,10,PROD_003375,7,7,1.3223,0.0,0.21,9.26
SO-2026-0000569,20,PROD_001635,3,3,0.7025,0.0,0.21,2.11
SO-2026-0000569,30,PROD_002110,2,2,4.9273,0.0,0.1,9.85
SO-2026-0000570,10,PROD_000949,1,1,5.6033,0.0,0.21,5.6
SO-2026-0000570,20,PROD_001052,4,4,2.5207,0.0,0.21,10.08
SO-2026-0000570,30,PROD_001908,1,1,2.314,0.0,0.21,2.31
SO-2026-0000570,40,PROD_001939,2,2,4.7686,0.0,0.21,9.54
SO-2026-0000570,50,PROD_002628,2,2,3.3058,0.0,0.21,6.61
SO-2026-0000570,60,PROD_002292,1,1,2.314,0.0,0.21,2.31
SO-2026-0000570,70,PROD_002601,7,7,0.843,0.0,0.21,5.9
SO-2026-0000570,80,PROD_003494,2,2,1.405,0.0,0.21,2.81
SO-2026-0000570,90,PROD_001128,1,1,1.5289,0.0,0.21,1.53
SO-2026-0000570,100,PROD_000960,3,3,2.1488,0.0,0.21,6.45
SO-2026-0000570,110,PROD_000409,2,2,2.2314,0.0,0.21,4.46
SO-2026-0000571,10,PROD_001311,3,3,3.0455,0.0,0.1,9.14
SO-2026-0000571,20,PROD_000379,6,5,2.1074,0.0,0.21,10.54
SO-2026-0000571,30,PROD_000551,1,1,1.4463,0.0,0.21,1.45
SO-2026-0000571,40,PROD_000469,3,1,4.3471,0.0,0.21,4.35
SO-2026-0000571,50,PROD_001139,1,1,2.9339,0.0,0.21,2.93
SO-2026-0000571,60,PROD_001576,3,3,0.8264,0.0,0.21,2.48
SO-2026-0000571,70,PROD_000391,1,1,0.9752,0.0,0.21,0.98
SO-2026-0000571,80,PROD_001727,1,1,1.3636,0.0,0.21,1.36
SO-2026-0000571,90,PROD_001432,3,3,5.8843,0.0,0.21,17.65
SO-2026-0000572,10,PROD_001517,2,2,9.3818,0.0,0.1,18.76
SO-2026-0000572,20,PROD_001227,1,1,1.0992,0.0,0.21,1.1
SO-2026-0000573,10,PROD_003559,2,2,1.7355,0.0,0.21,3.47
SO-2026-0000573,20,PROD_003083,1,1,3.3058,0.0,0.21,3.31
SO-2026-0000573,30,PROD_000081,2,2,2.405,0.0,0.21,4.81
SO-2026-0000573,40,PROD_003591,2,2,4.9504,0.0,0.21,9.9
SO-2026-0000573,50,PROD_003139,2,2,4.0496,0.0,0.21,8.1
SO-2026-0000573,60,PROD_002491,1,1,2.8512,0.0,0.21,2.85
SO-2026-0000573,70,PROD_000090,5,5,1.6116,0.0,0.21,8.06
SO-2026-0000573,80,PROD_001548,1,1,2.6442,0.0,0.04,2.64
SO-2026-0000573,90,PROD_003026,2,2,1.2397,0.0,0.21,2.48
SO-2026-0000573,100,PROD_001658,2,2,2.1488,0.0,0.21,4.3
SO-2026-0000573,110,PROD_003130,2,2,3.3058,0.0,0.21,6.61
SO-2026-0000573,120,PROD_003622,5,5,4.5455,0.0,0.21,22.73
SO-2026-0000573,130,PROD_002337,1,1,0.9135,0.0,0.04,0.91
SO-2026-0000574,10,PROD_001852,1,1,3.1322,0.0,0.21,3.13
SO-2026-0000574,20,PROD_001517,2,2,9.3818,0.0,0.1,18.76
SO-2026-0000574,30,PROD_000753,5,5,1.1157,0.0,0.21,5.58
SO-2026-0000574,40,PROD_000676,3,3,1.3636,0.0,0.1,4.09
SO-2026-0000574,50,PROD_002598,2,2,3.1322,0.0,0.21,6.26
SO-2026-0000575,10,PROD_000651,1,1,6.6818,0.0,0.1,6.68
SO-2026-0000575,20,PROD_002490,6,6,2.4628,0.0,0.21,14.78
SO-2026-0000575,30,PROD_001277,1,1,9.876,0.0,0.21,9.88
SO-2026-0000575,40,PROD_000139,1,1,4.0992,0.0,0.21,4.1
SO-2026-0000575,50,PROD_001937,1,1,1.281,0.0,0.21,1.28
SO-2026-0000575,60,PROD_000529,2,2,0.8678,0.0,0.21,1.74
SO-2026-0000575,70,PROD_003685,1,1,1.0744,0.0,0.21,1.07
SO-2026-0000575,80,PROD_003516,3,3,0.9669,0.0,0.21,2.9
SO-2026-0000575,90,PROD_000117,1,1,1.6446,0.0,0.21,1.64
SO-2026-0000575,100,PROD_003248,1,1,2.0661,0.0,0.21,2.07
SO-2026-0000575,110,PROD_000625,2,2,1.6116,0.0,0.21,3.22
SO-2026-0000575,120,PROD_000199,2,2,6.1901,0.0,0.21,12.38
SO-2026-0000575,130,PROD_000050,1,1,7.0248,0.0,0.21,7.02
SO-2026-0000575,140,PROD_002531,1,1,1.3636,0.0,0.21,1.36
SO-2026-0000575,150,PROD_002332,1,1,1.2397,0.0,0.21,1.24
SO-2026-0000575,160,PROD_002219,1,1,4.0496,0.0,0.21,4.05
SO-2026-0000575,170,PROD_001429,1,1,8.6777,0.0,0.21,8.68
SO-2026-0000575,180,PROD_001540,2,2,0.7438,0.0,0.21,1.49
SO-2026-0000575,190,PROD_000083,1,1,2.3554,0.0,0.21,2.36
SO-2026-0000575,200,PROD_000508,1,1,10.4132,0.0,0.21,10.41
SO-2026-0000575,210,PROD_001053,1,1,2.0192,0.0,0.04,2.02
SO-2026-0000575,220,PROD_003420,1,1,0.6198,0.0,0.21,0.62
SO-2026-0000575,230,PROD_003257,4,4,13.9752,0.0,0.21,55.9
SO-2026-0000576,10,PROD_002502,1,1,1.4423,0.0,0.04,1.44
SO-2026-0000576,20,PROD_001696,4,4,2.0826,0.0,0.21,8.33
SO-2026-0000576,30,PROD_000274,1,1,1.5385,0.0,0.04,1.54
SO-2026-0000576,40,PROD_000001,4,4,1.8595,0.0,0.21,7.44
SO-2026-0000576,50,PROD_002590,7,7,3.8099,0.0,0.21,26.67
SO-2026-0000577,10,PROD_001505,1,1,1.6529,0.0,0.21,1.65
SO-2026-0000577,20,PROD_003724,2,2,1.3967,0.0,0.21,2.79
SO-2026-0000577,30,PROD_002933,5,5,8.8264,0.0,0.21,44.13
SO-2026-0000578,10,PROD_000604,1,1,2.3967,0.0,0.21,2.4
SO-2026-0000578,20,PROD_001194,2,2,0.7025,0.0,0.21,1.41
SO-2026-0000578,30,PROD_000053,1,1,1.6529,0.0,0.21,1.65
SO-2026-0000578,40,PROD_001141,2,2,2.314,0.0,0.21,4.63
SO-2026-0000578,50,PROD_001731,1,1,2.6442,0.0,0.04,2.64
SO-2026-0000578,60,PROD_000759,2,2,2.8926,0.0,0.21,5.79
SO-2026-0000578,70,PROD_003703,1,1,0.8654,0.0,0.04,0.87
SO-2026-0000578,80,PROD_003689,2,2,2.8926,0.0,0.21,5.79
SO-2026-0000578,90,PROD_001494,1,1,0.7025,0.0,0.21,0.7
SO-2026-0000578,100,PROD_002404,4,4,2.1901,0.0,0.21,8.76
SO-2026-0000578,110,PROD_001080,1,1,2.8512,0.0,0.21,2.85
SO-2026-0000578,120,PROD_001284,2,2,1.0661,0.0,0.21,2.13
SO-2026-0000578,130,PROD_001181,2,2,1.0744,0.0,0.21,2.15
SO-2026-0000579,10,PROD_000516,2,2,4.3388,0.0,0.21,8.68
SO-2026-0000579,20,PROD_000683,3,3,8.6612,0.0,0.21,25.98
SO-2026-0000579,30,PROD_002390,2,2,3.3884,0.0,0.21,6.78
SO-2026-0000579,40,PROD_000373,3,3,2.3554,0.0,0.21,7.07
SO-2026-0000580,10,PROD_001692,2,2,2.3967,0.0,0.21,4.79
SO-2026-0000580,20,PROD_001826,3,3,2.3554,0.0,0.21,7.07
SO-2026-0000580,30,PROD_000490,2,1,1.1157,0.0,0.21,1.12
SO-2026-0000580,40,PROD_002563,1,1,0.8264,0.0,0.21,0.83
SO-2026-0000580,50,PROD_001798,5,5,0.8264,0.0,0.21,4.13
SO-2026-0000580,60,PROD_002592,2,2,3.7521,0.0,0.21,7.5
SO-2026-0000580,70,PROD_001978,2,2,1.0962,0.0,0.04,2.19
SO-2026-0000580,80,PROD_000607,3,3,2.8926,0.0,0.21,8.68
SO-2026-0000580,90,PROD_001215,1,1,3.0579,0.0,0.21,3.06
SO-2026-0000580,100,PROD_003418,5,5,2.405,0.0,0.21,12.02
SO-2026-0000581,10,PROD_000658,4,4,8.7686,0.0,0.21,35.07
SO-2026-0000581,20,PROD_000865,1,1,1.9231,0.0,0.04,1.92
SO-2026-0000581,30,PROD_001118,5,5,0.9835,0.0,0.21,4.92
SO-2026-0000581,40,PROD_003341,6,6,3.1405,0.0,0.21,18.84
SO-2026-0000581,50,PROD_002686,2,2,1.6529,0.0,0.21,3.31
SO-2026-0000581,60,PROD_001325,3,3,1.876,0.0,0.21,5.63
SO-2026-0000582,10,PROD_001344,1,1,3.3471,0.0,0.21,3.35
SO-2026-0000582,20,PROD_002974,1,1,3.4959,0.0,0.21,3.5
SO-2026-0000582,30,PROD_001950,6,6,1.6777,0.0,0.21,10.07
SO-2026-0000582,40,PROD_001933,5,5,4.3306,0.0,0.21,21.65
SO-2026-0000582,50,PROD_000956,2,2,1.9835,0.0,0.21,3.97
SO-2026-0000582,60,PROD_002457,1,1,3.6364,0.0,0.21,3.64
SO-2026-0000582,70,PROD_001497,1,1,2.6033,0.0,0.21,2.6
SO-2026-0000583,10,PROD_000320,1,1,1.9835,0.0,0.21,1.98
SO-2026-0000583,20,PROD_000551,1,1,1.4463,0.0,0.21,1.45
SO-2026-0000583,30,PROD_002271,3,3,5.3636,0.0,0.1,16.09
SO-2026-0000583,40,PROD_001084,3,3,2.3471,0.0,0.21,7.04
SO-2026-0000583,50,PROD_001548,2,2,2.6442,0.0,0.04,5.29
SO-2026-0000583,60,PROD_002331,3,3,3.7025,0.0,0.21,11.11
SO-2026-0000583,70,PROD_002891,3,3,1.7769,0.0,0.21,5.33
SO-2026-0000583,80,PROD_000085,1,1,1.9008,0.0,0.21,1.9
SO-2026-0000583,90,PROD_000377,1,1,9.7603,0.0,0.21,9.76
SO-2026-0000583,100,PROD_001965,2,2,1.6942,0.0,0.21,3.39
SO-2026-0000583,110,PROD_003441,1,1,2.4711,0.0,0.21,2.47
SO-2026-0000583,120,PROD_001217,1,1,0.7692,0.0,0.04,0.77
SO-2026-0000583,130,PROD_002219,1,1,4.0496,0.0,0.21,4.05
SO-2026-0000583,140,PROD_003537,1,1,10.3306,0.0,0.21,10.33
SO-2026-0000583,150,PROD_000920,1,1,2.3554,0.0,0.21,2.36
SO-2026-0000583,160,PROD_002686,2,2,1.6529,0.0,0.21,3.31
SO-2026-0000583,170,PROD_002166,2,2,1.6116,0.0,0.21,3.22
SO-2026-0000583,180,PROD_000187,1,1,1.0165,0.0,0.21,1.02
SO-2026-0000583,190,PROD_003285,2,2,1.8926,0.0,0.21,3.79
SO-2026-0000583,200,PROD_003063,1,1,3.2231,0.0,0.21,3.22
SO-2026-0000583,210,PROD_003361,2,2,11.5702,0.0,0.21,23.14
SO-2026-0000583,220,PROD_001638,6,6,0.9504,0.0,0.21,5.7
SO-2026-0000583,230,PROD_003275,4,3,0.7355,0.0,0.21,2.21
SO-2026-0000583,240,PROD_001540,3,3,0.7438,0.0,0.21,2.23
SO-2026-0000583,250,PROD_000096,1,1,1.8182,0.0,0.21,1.82
SO-2026-0000583,260,PROD_003419,2,2,1.7355,0.0,0.21,3.47
SO-2026-0000583,270,PROD_000889,1,1,0.7692,0.0,0.04,0.77
SO-2026-0000583,280,PROD_001974,3,3,0.9504,0.0,0.21,2.85
SO-2026-0000583,290,PROD_002074,1,1,1.3636,0.0,0.21,1.36
SO-2026-0000583,300,PROD_002057,2,2,1.0331,0.0,0.21,2.07
SO-2026-0000583,310,PROD_002689,2,2,2.562,0.0,0.21,5.12
SO-2026-0000583,320,PROD_000569,3,3,4.3388,0.0,0.21,13.02
SO-2026-0000584,10,PROD_002615,2,2,1.1157,0.0,0.21,2.23
SO-2026-0000584,20,PROD_001771,5,5,2.8512,0.0,0.21,14.26
SO-2026-0000585,10,PROD_001558,2,2,4.595,0.0,0.21,9.19
SO-2026-0000585,20,PROD_002381,4,4,0.8678,0.0,0.21,3.47
SO-2026-0000585,30,PROD_002834,2,2,3.3884,0.0,0.21,6.78
SO-2026-0000585,40,PROD_000694,2,2,1.4463,0.0,0.21,2.89
SO-2026-0000586,10,PROD_000086,3,3,1.5702,0.0,0.21,4.71
SO-2026-0000586,20,PROD_002491,1,1,2.8512,0.0,0.21,2.85
SO-2026-0000586,30,PROD_000617,4,4,0.8264,0.0,0.21,3.31
SO-2026-0000586,40,PROD_001840,2,2,12.314,0.0,0.21,24.63
SO-2026-0000586,50,PROD_000387,1,1,1.2562,0.0,0.21,1.26
SO-2026-0000586,60,PROD_003169,3,3,2.5207,0.0,0.21,7.56
SO-2026-0000586,70,PROD_002706,4,4,2.7273,0.0,0.21,10.91
SO-2026-0000587,10,PROD_000699,1,1,1.2397,0.0,0.21,1.24
SO-2026-0000587,20,PROD_001103,3,3,1.3636,0.0,0.21,4.09
SO-2026-0000587,30,PROD_002169,5,5,1.4876,0.0,0.21,7.44
SO-2026-0000587,40,PROD_002634,1,1,2.8926,0.0,0.21,2.89
SO-2026-0000587,50,PROD_001213,2,2,2.8512,0.0,0.21,5.7
SO-2026-0000587,60,PROD_001420,1,1,0.8678,0.0,0.21,0.87
SO-2026-0000587,70,PROD_002929,3,3,2.8099,0.0,0.21,8.43
SO-2026-0000587,80,PROD_002142,1,1,8.2645,0.0,0.21,8.26
SO-2026-0000587,90,PROD_000921,1,1,2.2727,0.0,0.21,2.27
SO-2026-0000587,100,PROD_002593,4,4,3.0826,0.0,0.21,12.33
SO-2026-0000588,10,PROD_002353,2,2,1.0769,0.0,0.04,2.15
SO-2026-0000588,20,PROD_000402,1,1,2.314,0.0,0.21,2.31
SO-2026-0000588,30,PROD_001284,1,1,1.0661,0.0,0.21,1.07
SO-2026-0000588,40,PROD_000365,3,3,4.1322,0.0,0.21,12.4
SO-2026-0000588,50,PROD_001309,4,4,5.5785,0.0,0.21,22.31
SO-2026-0000589,10,PROD_001359,2,2,2.1901,0.0,0.21,4.38
SO-2026-0000589,20,PROD_001064,4,4,2.7273,0.0,0.21,10.91
SO-2026-0000589,30,PROD_001271,1,1,3.9669,0.0,0.21,3.97
SO-2026-0000590,10,PROD_001061,2,2,1.2893,0.0,0.21,2.58
SO-2026-0000590,20,PROD_001592,1,1,0.8182,0.0,0.21,0.82
SO-2026-0000590,30,PROD_000855,1,1,0.9504,0.0,0.21,0.95
SO-2026-0000590,40,PROD_002246,2,2,2.686,0.0,0.21,5.37
SO-2026-0000590,50,PROD_000631,1,1,3.6198,0.0,0.21,3.62
SO-2026-0000590,60,PROD_001386,2,2,3.8017,0.0,0.21,7.6
SO-2026-0000590,70,PROD_001878,3,3,1.9835,0.0,0.21,5.95
SO-2026-0000590,80,PROD_000344,4,4,0.7438,0.0,0.21,2.98
SO-2026-0000590,90,PROD_002980,2,2,2.2727,0.0,0.21,4.55
SO-2026-0000590,100,PROD_000300,1,1,1.6446,0.0,0.21,1.64
SO-2026-0000590,110,PROD_000657,6,6,0.6281,0.0,0.21,3.77
SO-2026-0000590,120,PROD_001946,4,4,0.2645,0.0,0.21,1.06
SO-2026-0000590,130,PROD_000268,2,2,1.405,0.0,0.21,2.81
SO-2026-0000590,140,PROD_002309,1,1,2.2727,0.0,0.21,2.27
SO-2026-0000590,150,PROD_002114,2,2,7.3554,0.0,0.21,14.71
SO-2026-0000591,10,PROD_000678,2,2,5.0,0.0,0.21,10.0
SO-2026-0000591,20,PROD_003335,3,3,2.405,0.0,0.21,7.21
SO-2026-0000591,30,PROD_001827,2,2,2.2479,0.0,0.21,4.5
SO-2026-0000592,10,PROD_001013,1,1,2.314,0.0,0.21,2.31
SO-2026-0000592,20,PROD_000407,1,1,32.8636,0.0,0.1,32.86
SO-2026-0000593,10,PROD_002399,1,1,6.6116,0.0,0.21,6.61
SO-2026-0000593,20,PROD_002377,1,1,2.0248,0.0,0.21,2.02
SO-2026-0000593,30,PROD_001199,2,2,2.686,0.0,0.21,5.37
SO-2026-0000593,40,PROD_001537,3,3,4.2066,0.0,0.21,12.62
SO-2026-0000594,10,PROD_002479,3,3,1.9174,0.0,0.21,5.75
SO-2026-0000594,20,PROD_003490,2,2,1.5702,0.0,0.21,3.14
SO-2026-0000594,30,PROD_003482,3,3,1.3223,0.0,0.21,3.97
SO-2026-0000594,40,PROD_002747,1,1,2.7686,0.0,0.21,2.77
SO-2026-0000594,50,PROD_002111,1,1,2.3554,0.0,0.21,2.36
SO-2026-0000594,60,PROD_003407,1,1,2.4215,0.0,0.21,2.42
SO-2026-0000594,70,PROD_000495,2,2,0.3471,0.0,0.21,0.69
SO-2026-0000594,80,PROD_001213,4,4,2.8512,0.0,0.21,11.4
SO-2026-0000594,90,PROD_000034,2,2,1.7769,0.0,0.21,3.55
SO-2026-0000594,100,PROD_002483,2,2,0.9917,0.0,0.21,1.98
SO-2026-0000594,110,PROD_000015,1,1,5.7355,0.0,0.21,5.74
SO-2026-0000594,120,PROD_000117,1,1,1.6446,0.0,0.21,1.64
SO-2026-0000594,130,PROD_003627,1,1,2.4711,0.0,0.21,2.47
SO-2026-0000594,140,PROD_000517,4,4,3.1983,0.0,0.21,12.79
SO-2026-0000595,10,PROD_002050,1,1,3.9669,0.0,0.21,3.97
SO-2026-0000595,20,PROD_002670,2,2,1.6116,0.0,0.21,3.22
SO-2026-0000595,30,PROD_003682,7,3,1.1157,0.0,0.21,3.35
SO-2026-0000595,40,PROD_000879,3,2,1.2727,0.0,0.21,2.55
SO-2026-0000595,50,PROD_001801,1,1,1.3223,0.0,0.21,1.32
SO-2026-0000595,60,PROD_002732,5,5,4.0909,0.0,0.21,20.45
SO-2026-0000595,70,PROD_003015,1,1,1.0744,0.0,0.21,1.07
SO-2026-0000595,80,PROD_002680,1,1,3.2645,0.0,0.21,3.26
SO-2026-0000595,90,PROD_002698,1,1,3.3058,0.0,0.21,3.31
SO-2026-0000595,100,PROD_000315,6,6,2.3554,0.0,0.21,14.13
SO-2026-0000595,110,PROD_002420,1,1,1.9835,0.0,0.21,1.98
SO-2026-0000595,120,PROD_003670,2,2,2.4793,0.0,0.21,4.96
SO-2026-0000595,130,PROD_000793,1,1,1.438,0.0,0.21,1.44
SO-2026-0000595,140,PROD_002743,3,3,1.0744,0.0,0.21,3.22
SO-2026-0000595,150,PROD_000031,1,1,4.1322,0.0,0.21,4.13
SO-2026-0000595,160,PROD_001554,1,1,0.8264,0.0,0.21,0.83
SO-2026-0000595,170,PROD_002901,1,1,1.5702,0.0,0.21,1.57
SO-2026-0000595,180,PROD_002157,2,2,3.3306,0.0,0.21,6.66
SO-2026-0000595,190,PROD_001137,3,3,1.281,0.0,0.21,3.84
SO-2026-0000595,200,PROD_000272,2,2,1.5702,0.0,0.21,3.14
SO-2026-0000595,210,PROD_002202,1,1,3.8017,0.0,0.21,3.8
SO-2026-0000595,220,PROD_003069,1,1,1.3636,0.0,0.21,1.36
SO-2026-0000595,230,PROD_002014,1,1,3.8017,0.0,0.21,3.8
SO-2026-0000595,240,PROD_000976,1,1,1.0744,0.0,0.21,1.07
SO-2026-0000595,250,PROD_001497,2,2,2.6033,0.0,0.21,5.21
SO-2026-0000595,260,PROD_002309,4,4,2.2727,0.0,0.21,9.09
SO-2026-0000595,270,PROD_000419,1,1,2.4876,0.0,0.21,2.49
SO-2026-0000595,280,PROD_000752,1,1,2.8926,0.0,0.21,2.89
SO-2026-0000595,290,PROD_000759,2,2,2.8926,0.0,0.21,5.79
SO-2026-0000595,300,PROD_000871,1,1,1.6116,0.0,0.21,1.61
SO-2026-0000595,310,PROD_000544,3,3,1.9008,0.0,0.21,5.7
SO-2026-0000595,320,PROD_000811,1,1,3.2645,0.0,0.21,3.26
SO-2026-0000595,330,PROD_003662,1,1,1.281,0.0,0.21,1.28
SO-2026-0000595,340,PROD_000508,1,1,10.4132,0.0,0.21,10.41
SO-2026-0000595,350,PROD_002569,1,1,1.6529,0.0,0.21,1.65
SO-2026-0000595,360,PROD_002404,3,3,2.1901,0.0,0.21,6.57
SO-2026-0000596,10,PROD_003333,6,6,1.6529,0.0,0.21,9.92
SO-2026-0000597,10,PROD_000290,1,1,0.6612,0.0,0.21,0.66
SO-2026-0000597,20,PROD_003123,1,1,2.0661,0.0,0.21,2.07
SO-2026-0000597,30,PROD_002406,2,2,1.6942,0.0,0.21,3.39
SO-2026-0000597,40,PROD_003049,4,4,3.3058,0.0,0.21,13.22
SO-2026-0000597,50,PROD_001119,2,2,2.0661,0.0,0.21,4.13
SO-2026-0000598,10,PROD_000655,2,2,1.9091,0.0,0.21,3.82
SO-2026-0000598,20,PROD_003531,1,1,6.9917,0.0,0.21,6.99
SO-2026-0000598,30,PROD_000420,3,3,1.438,0.0,0.21,4.31
SO-2026-0000599,10,PROD_002557,1,1,0.9917,0.0,0.21,0.99
SO-2026-0000599,20,PROD_000708,4,4,0.8264,0.0,0.21,3.31
SO-2026-0000599,30,PROD_001292,1,1,8.3455,0.0,0.1,8.35
SO-2026-0000599,40,PROD_001510,3,3,2.4793,0.0,0.21,7.44
SO-2026-0000599,50,PROD_002131,2,2,1.157,0.0,0.21,2.31
SO-2026-0000599,60,PROD_001715,1,1,1.4876,0.0,0.21,1.49
SO-2026-0000599,70,PROD_001528,5,5,5.8678,0.0,0.21,29.34
SO-2026-0000600,10,PROD_002925,2,2,1.5702,0.0,0.21,3.14
SO-2026-0000600,20,PROD_001125,3,3,1.3223,0.0,0.21,3.97
SO-2026-0000600,30,PROD_000826,1,1,2.0661,0.0,0.21,2.07
SO-2026-0000600,40,PROD_003185,2,2,3.2231,0.0,0.21,6.45
SO-2026-0000600,50,PROD_000139,1,1,4.0992,0.0,0.21,4.1
SO-2026-0000600,60,PROD_000757,2,2,1.9835,0.0,0.21,3.97
SO-2026-0000601,10,PROD_002495,2,1,1.0577,0.0,0.04,1.06
SO-2026-0000601,20,PROD_002174,2,2,4.2562,0.0,0.21,8.51
SO-2026-0000601,30,PROD_000769,2,2,1.2397,0.0,0.21,2.48
SO-2026-0000601,40,PROD_000697,4,4,4.5455,0.0,0.21,18.18
SO-2026-0000601,50,PROD_000084,5,5,1.1983,0.0,0.21,5.99
SO-2026-0000601,60,PROD_000588,2,2,3.5124,0.0,0.21,7.02
SO-2026-0000601,70,PROD_001707,1,1,2.7273,0.0,0.21,2.73
SO-2026-0000601,80,PROD_002605,1,1,1.1983,0.0,0.21,1.2
SO-2026-0000601,90,PROD_000614,2,2,1.2404,0.0,0.04,2.48
SO-2026-0000601,100,PROD_000950,1,1,1.7769,0.0,0.21,1.78
SO-2026-0000601,110,PROD_000376,1,1,6.6116,0.0,0.21,6.61
SO-2026-0000601,120,PROD_002305,1,1,0.8264,0.0,0.21,0.83
SO-2026-0000601,130,PROD_002514,2,2,2.8264,0.0,0.21,5.65
SO-2026-0000602,10,PROD_003451,5,5,1.281,0.0,0.21,6.4
SO-2026-0000602,20,PROD_002436,6,6,2.8512,0.0,0.21,17.11
SO-2026-0000602,30,PROD_000433,3,3,1.1983,0.0,0.21,3.59
SO-2026-0000602,40,PROD_000825,1,1,1.0,0.0,0.21,1.0
SO-2026-0000602,50,PROD_000521,1,1,0.6612,0.0,0.21,0.66
SO-2026-0000602,60,PROD_000062,3,3,3.1736,0.0,0.21,9.52
SO-2026-0000602,70,PROD_001960,2,2,2.2893,0.0,0.21,4.58
SO-2026-0000602,80,PROD_002190,3,3,1.157,0.0,0.21,3.47
SO-2026-0000602,90,PROD_002590,4,4,3.8099,0.0,0.21,15.24
SO-2026-0000603,10,PROD_003348,6,6,0.8264,0.0,0.21,4.96
SO-2026-0000603,20,PROD_000431,1,1,1.8595,0.0,0.21,1.86
SO-2026-0000603,30,PROD_001791,1,1,1.9008,0.0,0.21,1.9
SO-2026-0000603,40,PROD_000634,2,2,1.281,0.0,0.21,2.56
SO-2026-0000603,50,PROD_002148,1,1,0.7438,0.0,0.21,0.74
SO-2026-0000603,60,PROD_003424,3,3,1.1983,0.0,0.21,3.59
SO-2026-0000603,70,PROD_003562,5,5,1.0744,0.0,0.21,5.37
SO-2026-0000603,80,PROD_002843,2,2,2.0661,0.0,0.21,4.13
SO-2026-0000603,90,PROD_000238,1,1,0.9615,0.0,0.04,0.96
SO-2026-0000603,100,PROD_002800,6,5,3.0992,0.0,0.21,15.5
SO-2026-0000603,110,PROD_000278,1,1,1.843,0.0,0.21,1.84
SO-2026-0000603,120,PROD_001613,1,1,2.3967,0.0,0.21,2.4
SO-2026-0000603,130,PROD_002590,4,3,3.8099,0.0,0.21,11.43
SO-2026-0000604,10,PROD_003652,1,1,1.6033,0.0,0.21,1.6
SO-2026-0000604,20,PROD_001466,1,1,4.9587,0.0,0.21,4.96
SO-2026-0000604,30,PROD_001575,4,4,0.8264,0.0,0.21,3.31
SO-2026-0000604,40,PROD_002642,1,1,3.2231,0.0,0.21,3.22
SO-2026-0000604,50,PROD_000065,1,1,1.9421,0.0,0.21,1.94
SO-2026-0000605,10,PROD_000325,1,1,5.5455,0.0,0.21,5.55
SO-2026-0000605,20,PROD_002010,3,3,1.2397,0.0,0.21,3.72
SO-2026-0000605,30,PROD_000669,1,1,2.6446,0.0,0.21,2.64
SO-2026-0000605,40,PROD_000913,1,1,3.1322,0.0,0.21,3.13
SO-2026-0000605,50,PROD_001111,1,1,1.7769,0.0,0.21,1.78
SO-2026-0000605,60,PROD_000193,2,2,2.5481,0.0,0.04,5.1
SO-2026-0000605,70,PROD_001803,1,1,2.7273,0.0,0.21,2.73
SO-2026-0000605,80,PROD_001387,2,2,6.1983,0.0,0.21,12.4
SO-2026-0000605,90,PROD_000323,2,2,0.9504,0.0,0.21,1.9
SO-2026-0000605,100,PROD_002732,2,2,4.0909,0.0,0.21,8.18
SO-2026-0000606,10,PROD_000716,3,3,1.0744,0.0,0.21,3.22
SO-2026-0000606,20,PROD_000596,4,4,2.3967,0.0,0.21,9.59
SO-2026-0000606,30,PROD_001878,1,1,1.9835,0.0,0.21,1.98
SO-2026-0000606,40,PROD_002350,1,1,5.4132,0.0,0.21,5.41
SO-2026-0000606,50,PROD_000921,3,3,2.2727,0.0,0.21,6.82
SO-2026-0000606,60,PROD_000625,3,3,1.6116,0.0,0.21,4.83
SO-2026-0000606,70,PROD_001543,2,2,1.8182,0.0,0.21,3.64
SO-2026-0000606,80,PROD_003668,1,1,2.6442,0.0,0.04,2.64
SO-2026-0000606,90,PROD_002543,1,1,1.9835,0.0,0.21,1.98
SO-2026-0000606,100,PROD_000576,1,1,1.157,0.0,0.21,1.16
SO-2026-0000606,110,PROD_003225,2,2,6.1983,0.0,0.21,12.4
SO-2026-0000607,10,PROD_002396,1,1,0.3545,0.0,0.1,0.35
SO-2026-0000607,20,PROD_000934,3,3,0.8654,0.0,0.04,2.6
SO-2026-0000607,30,PROD_000527,1,1,0.6731,0.0,0.04,0.67
SO-2026-0000607,40,PROD_001207,1,1,2.3182,0.0,0.1,2.32
SO-2026-0000607,50,PROD_000222,1,1,0.7851,0.0,0.21,0.79
SO-2026-0000607,60,PROD_002702,1,1,1.4132,0.0,0.21,1.41
SO-2026-0000607,70,PROD_001850,1,1,3.0331,0.0,0.21,3.03
SO-2026-0000607,80,PROD_003338,2,2,1.4463,0.0,0.21,2.89
SO-2026-0000607,90,PROD_000485,3,3,13.157,0.0,0.21,39.47
SO-2026-0000607,100,PROD_001943,1,1,1.9421,0.0,0.21,1.94
SO-2026-0000607,110,PROD_001236,4,4,2.314,0.0,0.21,9.26
SO-2026-0000607,120,PROD_002361,4,4,0.7438,0.0,0.21,2.98
SO-2026-0000607,130,PROD_003689,1,1,2.8926,0.0,0.21,2.89
SO-2026-0000607,140,PROD_000369,1,1,6.0744,0.0,0.21,6.07
SO-2026-0000608,10,PROD_002212,3,3,4.0496,0.0,0.21,12.15
SO-2026-0000608,20,PROD_001306,4,4,2.1157,0.0,0.21,8.46
SO-2026-0000609,10,PROD_002087,3,3,2.1488,0.0,0.21,6.45
SO-2026-0000609,20,PROD_000499,1,1,2.3182,0.0,0.1,2.32
SO-2026-0000609,30,PROD_000435,4,4,1.8182,0.0,0.21,7.27
SO-2026-0000609,40,PROD_002098,5,5,4.0909,0.0,0.21,20.45
SO-2026-0000610,10,PROD_000487,3,3,4.2975,0.0,0.21,12.89
SO-2026-0000610,20,PROD_003249,3,3,3.2645,0.0,0.21,9.79
SO-2026-0000610,30,PROD_001152,2,2,6.8595,0.0,0.21,13.72
SO-2026-0000610,40,PROD_000469,1,1,4.3471,0.0,0.21,4.35
SO-2026-0000610,50,PROD_000272,1,1,1.5702,0.0,0.21,1.57
SO-2026-0000610,60,PROD_000237,4,4,1.6529,0.0,0.21,6.61
SO-2026-0000610,70,PROD_002734,1,1,3.2231,0.0,0.21,3.22
SO-2026-0000610,80,PROD_002210,1,1,0.8678,0.0,0.21,0.87
SO-2026-0000610,90,PROD_002513,1,1,3.5207,0.0,0.21,3.52
SO-2026-0000610,100,PROD_001166,2,2,0.8264,0.0,0.21,1.65
SO-2026-0000610,110,PROD_001003,1,1,3.2479,0.0,0.21,3.25
SO-2026-0000610,120,PROD_000104,1,1,2.3967,0.0,0.21,2.4
SO-2026-0000610,130,PROD_001530,2,2,0.7438,0.0,0.21,1.49
SO-2026-0000610,140,PROD_001801,1,1,1.3223,0.0,0.21,1.32
SO-2026-0000610,150,PROD_000036,1,1,1.314,0.0,0.21,1.31
SO-2026-0000610,160,PROD_002420,2,2,1.9835,0.0,0.21,3.97
SO-2026-0000610,170,PROD_003089,1,1,3.4711,0.0,0.21,3.47
SO-2026-0000610,180,PROD_002163,4,4,0.7934,0.0,0.21,3.17
SO-2026-0000610,190,PROD_001713,1,1,9.3388,0.0,0.21,9.34
SO-2026-0000610,200,PROD_001706,1,1,1.4463,0.0,0.21,1.45
SO-2026-0000610,210,PROD_000824,1,1,1.1157,0.0,0.21,1.12
SO-2026-0000610,220,PROD_000131,1,1,5.4545,0.0,0.21,5.45
SO-2026-0000610,230,PROD_001754,2,2,2.1488,0.0,0.21,4.3
SO-2026-0000610,240,PROD_002379,1,1,5.7025,0.0,0.21,5.7
SO-2026-0000610,250,PROD_002670,1,1,1.6116,0.0,0.21,1.61
SO-2026-0000610,260,PROD_002183,3,3,0.8264,0.0,0.21,2.48
SO-2026-0000610,270,PROD_002490,1,1,2.4628,0.0,0.21,2.46
SO-2026-0000610,280,PROD_000867,1,1,1.5702,0.0,0.21,1.57
SO-2026-0000610,290,PROD_000452,2,2,2.3967,0.0,0.21,4.79
SO-2026-0000610,300,PROD_003415,1,1,0.9421,0.0,0.21,0.94
SO-2026-0000610,310,PROD_001749,1,1,1.3223,0.0,0.21,1.32
SO-2026-0000610,320,PROD_002901,1,1,1.5702,0.0,0.21,1.57
SO-2026-0000610,330,PROD_000048,1,1,4.9587,0.0,0.21,4.96
SO-2026-0000611,10,PROD_001917,2,2,5.1653,0.0,0.21,10.33
SO-2026-0000611,20,PROD_001279,1,1,0.9091,0.0,0.21,0.91
SO-2026-0000611,30,PROD_001834,1,1,0.3223,0.0,0.21,0.32
SO-2026-0000611,40,PROD_002391,3,3,2.8182,0.0,0.21,8.45
SO-2026-0000611,50,PROD_001455,1,1,1.1983,0.0,0.21,1.2
SO-2026-0000611,60,PROD_002864,5,5,1.157,0.0,0.21,5.79
SO-2026-0000612,10,PROD_001582,3,3,3.6694,0.0,0.21,11.01
SO-2026-0000612,20,PROD_000373,2,2,2.3554,0.0,0.21,4.71
SO-2026-0000612,30,PROD_001229,2,2,0.9091,0.0,0.21,1.82
SO-2026-0000612,40,PROD_000757,1,1,1.9835,0.0,0.21,1.98
SO-2026-0000612,50,PROD_001781,3,3,4.0496,0.0,0.21,12.15
SO-2026-0000612,60,PROD_003174,1,1,3.2231,0.0,0.21,3.22
SO-2026-0000612,70,PROD_003135,3,3,1.2397,0.0,0.21,3.72
SO-2026-0000612,80,PROD_001234,2,2,5.4545,0.0,0.21,10.91
SO-2026-0000612,90,PROD_002089,1,1,2.2314,0.0,0.21,2.23
SO-2026-0000612,100,PROD_001384,1,1,3.7107,0.0,0.21,3.71
SO-2026-0000612,110,PROD_000666,4,4,1.0744,0.0,0.21,4.3
SO-2026-0000612,120,PROD_000430,4,4,7.9008,0.0,0.21,31.6
SO-2026-0000612,130,PROD_001567,1,1,2.1901,0.0,0.21,2.19
SO-2026-0000612,140,PROD_000610,3,3,3.876,0.0,0.21,11.63
SO-2026-0000612,150,PROD_000282,2,2,3.876,0.0,0.21,7.75
SO-2026-0000612,160,PROD_001690,1,1,1.0331,0.0,0.21,1.03
SO-2026-0000612,170,PROD_002568,1,1,1.281,0.0,0.21,1.28
SO-2026-0000612,180,PROD_001440,4,4,1.1157,0.0,0.21,4.46
SO-2026-0000612,190,PROD_003279,3,3,2.3884,0.0,0.21,7.17
SO-2026-0000613,10,PROD_000867,4,4,1.5702,0.0,0.21,6.28
SO-2026-0000613,20,PROD_001198,2,2,1.6116,0.0,0.21,3.22
SO-2026-0000613,30,PROD_002459,5,5,0.4132,0.0,0.21,2.07
SO-2026-0000613,40,PROD_002187,1,1,2.281,0.0,0.21,2.28
SO-2026-0000613,50,PROD_000387,2,2,1.2562,0.0,0.21,2.51
SO-2026-0000613,60,PROD_001228,1,1,1.6529,0.0,0.21,1.65
SO-2026-0000613,70,PROD_003519,3,3,1.405,0.0,0.21,4.21
SO-2026-0000613,80,PROD_002666,2,2,2.1901,0.0,0.21,4.38
SO-2026-0000614,10,PROD_000335,7,7,4.8512,0.0,0.21,33.96
SO-2026-0000615,10,PROD_002357,1,1,4.0496,0.0,0.21,4.05
SO-2026-0000615,20,PROD_001782,3,3,1.0744,0.0,0.21,3.22
SO-2026-0000615,30,PROD_001953,2,2,1.3636,0.0,0.21,2.73
SO-2026-0000615,40,PROD_000194,1,1,0.7851,0.0,0.21,0.79
SO-2026-0000615,50,PROD_001410,5,5,1.6529,0.0,0.21,8.26
SO-2026-0000615,60,PROD_000001,4,4,1.8595,0.0,0.21,7.44
SO-2026-0000615,70,PROD_001899,2,2,0.7025,0.0,0.21,1.41
SO-2026-0000615,80,PROD_000552,1,1,1.6116,0.0,0.21,1.61
SO-2026-0000615,90,PROD_002381,3,3,0.8678,0.0,0.21,2.6
SO-2026-0000615,100,PROD_001228,1,1,1.6529,0.0,0.21,1.65
SO-2026-0000615,110,PROD_001604,1,1,3.4545,0.0,0.21,3.45
SO-2026-0000616,10,PROD_000091,1,1,2.6446,0.0,0.21,2.64
SO-2026-0000616,20,PROD_000812,1,1,1.5289,0.0,0.21,1.53
SO-2026-0000616,30,PROD_001456,4,4,2.1074,0.0,0.21,8.43
SO-2026-0000616,40,PROD_001917,3,3,5.1653,0.0,0.21,15.5
SO-2026-0000616,50,PROD_000161,2,2,2.1488,0.0,0.21,4.3
SO-2026-0000616,60,PROD_000384,1,1,2.8512,0.0,0.21,2.85
SO-2026-0000616,70,PROD_001836,5,5,1.5702,0.0,0.21,7.85
SO-2026-0000616,80,PROD_001166,1,1,0.8264,0.0,0.21,0.83
SO-2026-0000616,90,PROD_002752,3,3,3.2231,0.0,0.21,9.67
SO-2026-0000617,10,PROD_000104,1,1,2.3967,0.0,0.21,2.4
SO-2026-0000617,20,PROD_002514,4,4,2.8264,0.0,0.21,11.31
SO-2026-0000617,30,PROD_000254,2,2,1.8595,0.0,0.21,3.72
SO-2026-0000617,40,PROD_003083,2,2,3.3058,0.0,0.21,6.61
SO-2026-0000617,50,PROD_003331,2,2,1.5289,0.0,0.21,3.06
SO-2026-0000617,60,PROD_001215,1,1,3.0579,0.0,0.21,3.06
SO-2026-0000617,70,PROD_000349,2,2,2.314,0.0,0.21,4.63
SO-2026-0000617,80,PROD_000311,1,1,0.8654,0.0,0.04,0.87
SO-2026-0000617,90,PROD_001379,1,1,0.2645,0.0,0.21,0.26
SO-2026-0000617,100,PROD_003290,4,4,0.9504,0.0,0.21,3.8
SO-2026-0000617,110,PROD_003522,1,1,0.6198,0.0,0.21,0.62
SO-2026-0000617,120,PROD_003409,2,2,1.4876,0.0,0.21,2.98
SO-2026-0000617,130,PROD_000053,3,3,1.6529,0.0,0.21,4.96
SO-2026-0000617,140,PROD_000136,2,2,1.6033,0.0,0.21,3.21
SO-2026-0000617,150,PROD_001359,2,2,2.1901,0.0,0.21,4.38
SO-2026-0000618,10,PROD_000738,3,3,3.2231,0.0,0.21,9.67
SO-2026-0000618,20,PROD_000705,2,2,2.1488,0.0,0.21,4.3
SO-2026-0000618,30,PROD_003125,2,2,3.2231,0.0,0.21,6.45
SO-2026-0000618,40,PROD_001160,3,3,1.6346,0.0,0.04,4.9
SO-2026-0000618,50,PROD_000090,5,5,1.6116,0.0,0.21,8.06
SO-2026-0000618,60,PROD_000925,2,2,1.281,0.0,0.21,2.56
SO-2026-0000618,70,PROD_001351,5,5,2.1157,0.0,0.21,10.58
SO-2026-0000618,80,PROD_001323,3,3,1.4132,0.0,0.21,4.24
SO-2026-0000619,10,PROD_003348,4,4,0.8264,0.0,0.21,3.31
SO-2026-0000619,20,PROD_001343,5,5,2.562,0.0,0.21,12.81
SO-2026-0000619,30,PROD_001923,1,1,32.7818,0.0,0.1,32.78
SO-2026-0000619,40,PROD_000964,3,3,2.0661,0.0,0.21,6.2
SO-2026-0000619,50,PROD_001335,3,3,1.9174,0.0,0.21,5.75
SO-2026-0000619,60,PROD_000117,3,3,1.6446,0.0,0.21,4.93
SO-2026-0000620,10,PROD_001384,2,2,3.7107,0.0,0.21,7.42
SO-2026-0000620,20,PROD_003003,1,1,0.6942,0.0,0.21,0.69
SO-2026-0000620,30,PROD_001773,1,1,2.1901,0.0,0.21,2.19
SO-2026-0000620,40,PROD_002604,2,2,0.9504,0.0,0.21,1.9
SO-2026-0000620,50,PROD_000703,2,2,0.5372,0.0,0.21,1.07
SO-2026-0000620,60,PROD_001875,2,2,2.8926,0.0,0.21,5.79
SO-2026-0000620,70,PROD_003683,1,1,1.2066,0.0,0.21,1.21
SO-2026-0000620,80,PROD_001953,5,5,1.3636,0.0,0.21,6.82
SO-2026-0000620,90,PROD_001300,1,1,1.0331,0.0,0.21,1.03
SO-2026-0000620,100,PROD_003438,4,4,0.7438,0.0,0.21,2.98
SO-2026-0000620,110,PROD_001647,2,2,1.1983,0.0,0.21,2.4
SO-2026-0000620,120,PROD_002190,1,1,1.157,0.0,0.21,1.16
SO-2026-0000620,130,PROD_002568,3,3,1.281,0.0,0.21,3.84
SO-2026-0000620,140,PROD_000146,1,1,2.3884,0.0,0.21,2.39
SO-2026-0000620,150,PROD_001207,2,2,2.3182,0.0,0.1,4.64
SO-2026-0000620,160,PROD_002419,3,3,0.7355,0.0,0.21,2.21
SO-2026-0000620,170,PROD_001412,2,2,5.3306,0.0,0.21,10.66
SO-2026-0000621,10,PROD_001915,1,1,16.4876,0.0,0.21,16.49
SO-2026-0000621,20,PROD_003026,1,1,1.2397,0.0,0.21,1.24
SO-2026-0000621,30,PROD_000434,2,2,0.9917,0.0,0.21,1.98
SO-2026-0000621,40,PROD_000698,1,1,2.2727,0.0,0.21,2.27
SO-2026-0000621,50,PROD_001675,2,2,1.719,0.0,0.21,3.44
SO-2026-0000621,60,PROD_001287,1,1,2.405,0.0,0.21,2.4
SO-2026-0000621,70,PROD_000181,6,6,4.0661,0.0,0.21,24.4
SO-2026-0000621,80,PROD_000287,2,2,1.5785,0.0,0.21,3.16
SO-2026-0000622,10,PROD_003615,1,1,1.5,0.0,0.1,1.5
SO-2026-0000622,20,PROD_003617,1,1,4.3388,0.0,0.21,4.34
SO-2026-0000622,30,PROD_000631,1,1,3.6198,0.0,0.21,3.62
SO-2026-0000622,40,PROD_002114,1,1,7.3554,0.0,0.21,7.36
SO-2026-0000622,50,PROD_001499,3,3,2.3967,0.0,0.21,7.19
SO-2026-0000622,60,PROD_002501,1,1,1.5702,0.0,0.21,1.57
SO-2026-0000622,70,PROD_003476,4,4,1.2893,0.0,0.21,5.16
SO-2026-0000622,80,PROD_003665,1,1,1.2397,0.0,0.21,1.24
SO-2026-0000622,90,PROD_000538,1,1,1.4423,0.0,0.04,1.44
SO-2026-0000622,100,PROD_003632,5,5,1.3636,0.0,0.21,6.82
SO-2026-0000622,110,PROD_003411,2,2,2.0579,0.0,0.21,4.12
SO-2026-0000622,120,PROD_003601,4,4,7.8512,0.0,0.21,31.4
SO-2026-0000622,130,PROD_001350,1,1,8.0769,0.0,0.04,8.08
SO-2026-0000623,10,PROD_002681,1,1,2.2314,0.0,0.21,2.23
SO-2026-0000623,20,PROD_001549,4,4,3.5124,0.0,0.21,14.05
SO-2026-0000623,30,PROD_001254,1,1,19.0083,0.0,0.21,19.01
SO-2026-0000623,40,PROD_001987,2,2,1.4423,0.0,0.04,2.88
SO-2026-0000623,50,PROD_002593,1,1,3.0826,0.0,0.21,3.08
SO-2026-0000623,60,PROD_003449,5,5,2.8099,0.0,0.21,14.05
SO-2026-0000623,70,PROD_001768,1,1,2.7438,0.0,0.21,2.74
SO-2026-0000624,10,PROD_003203,1,1,1.7769,0.0,0.21,1.78
SO-2026-0000624,20,PROD_001555,5,5,2.1818,0.0,0.21,10.91
SO-2026-0000624,30,PROD_002670,1,1,1.6116,0.0,0.21,1.61
SO-2026-0000624,40,PROD_001732,3,3,1.3223,0.0,0.21,3.97
SO-2026-0000624,50,PROD_001030,1,1,1.3223,0.0,0.21,1.32
SO-2026-0000624,60,PROD_002039,1,1,3.6364,0.0,0.21,3.64
SO-2026-0000624,70,PROD_002974,2,2,3.4959,0.0,0.21,6.99
SO-2026-0000624,80,PROD_002397,1,1,7.9339,0.0,0.21,7.93
SO-2026-0000625,10,PROD_001436,3,3,1.9421,0.0,0.21,5.83
SO-2026-0000625,20,PROD_003364,1,1,0.7438,0.0,0.21,0.74
SO-2026-0000625,30,PROD_000217,5,5,2.3636,0.0,0.21,11.82
SO-2026-0000625,40,PROD_000064,6,6,1.0744,0.0,0.21,6.45
SO-2026-0000625,50,PROD_001763,1,1,1.595,0.0,0.21,1.59
SO-2026-0000625,60,PROD_002977,1,1,2.0661,0.0,0.21,2.07
SO-2026-0000625,70,PROD_001928,4,4,0.4793,0.0,0.21,1.92
SO-2026-0000625,80,PROD_001939,4,4,4.7686,0.0,0.21,19.07
SO-2026-0000625,90,PROD_001037,1,1,3.2231,0.0,0.21,3.22
SO-2026-0000626,10,PROD_003626,3,3,10.9504,0.0,0.21,32.85
SO-2026-0000626,20,PROD_001242,2,2,2.2727,0.0,0.21,4.55
SO-2026-0000626,30,PROD_002018,3,3,1.9835,0.0,0.21,5.95
SO-2026-0000626,40,PROD_003602,1,1,8.6777,0.0,0.21,8.68
SO-2026-0000626,50,PROD_001567,2,2,2.1901,0.0,0.21,4.38
SO-2026-0000626,60,PROD_000386,1,1,2.4132,0.0,0.21,2.41
SO-2026-0000626,70,PROD_000569,3,3,4.3388,0.0,0.21,13.02
SO-2026-0000627,10,PROD_000565,3,2,2.314,0.0,0.21,4.63
SO-2026-0000627,20,PROD_002107,3,1,0.8264,0.0,0.21,0.83
SO-2026-0000627,30,PROD_001809,1,1,3.1074,0.0,0.21,3.11
SO-2026-0000627,40,PROD_003450,1,1,1.5289,0.0,0.21,1.53
SO-2026-0000627,50,PROD_000647,1,1,4.0496,0.0,0.21,4.05
SO-2026-0000627,60,PROD_003569,5,1,0.6198,0.0,0.21,0.62
SO-2026-0000627,70,PROD_001069,2,2,2.3967,0.0,0.21,4.79
SO-2026-0000627,80,PROD_001807,1,1,0.9504,0.0,0.21,0.95
SO-2026-0000627,90,PROD_001902,1,1,8.1818,0.0,0.21,8.18
SO-2026-0000628,10,PROD_002309,1,1,2.2727,0.0,0.21,2.27
SO-2026-0000628,20,PROD_001782,2,2,1.0744,0.0,0.21,2.15
SO-2026-0000628,30,PROD_001162,5,5,3.6364,0.0,0.21,18.18
SO-2026-0000628,40,PROD_003080,3,3,1.5702,0.0,0.21,4.71
SO-2026-0000628,50,PROD_001516,2,2,2.8926,0.0,0.21,5.79
SO-2026-0000628,60,PROD_001387,2,2,6.1983,0.0,0.21,12.4
SO-2026-0000628,70,PROD_000640,3,3,1.8182,0.0,0.21,5.45
SO-2026-0000628,80,PROD_001917,5,5,5.1653,0.0,0.21,25.83
SO-2026-0000629,10,PROD_003342,2,2,5.1653,0.0,0.21,10.33
SO-2026-0000629,20,PROD_001461,1,1,1.4545,0.0,0.21,1.45
SO-2026-0000629,30,PROD_000488,3,1,4.8182,0.0,0.21,4.82
SO-2026-0000629,40,PROD_001082,1,1,1.7273,0.0,0.21,1.73
SO-2026-0000629,50,PROD_001308,3,3,1.9008,0.0,0.21,5.7
SO-2026-0000629,60,PROD_000636,2,2,1.7355,0.0,0.21,3.47
SO-2026-0000629,70,PROD_000506,1,1,3.5124,0.0,0.21,3.51
SO-2026-0000629,80,PROD_001769,5,5,0.8512,0.0,0.21,4.26
SO-2026-0000629,90,PROD_003376,1,1,1.7355,0.0,0.21,1.74
SO-2026-0000629,100,PROD_002456,2,2,2.6033,0.0,0.21,5.21
SO-2026-0000629,110,PROD_000392,2,2,1.1538,0.0,0.04,2.31
SO-2026-0000629,120,PROD_000628,2,2,2.6612,0.0,0.21,5.32
SO-2026-0000629,130,PROD_003170,1,1,1.7355,0.0,0.21,1.74
SO-2026-0000629,140,PROD_000639,2,2,1.5702,0.0,0.21,3.14
SO-2026-0000629,150,PROD_001842,3,3,0.9091,0.0,0.21,2.73
SO-2026-0000629,160,PROD_002889,2,2,0.9091,0.0,0.21,1.82
SO-2026-0000629,170,PROD_003287,5,4,2.8099,0.0,0.21,11.24
SO-2026-0000629,180,PROD_000436,2,2,1.9327,0.0,0.04,3.87
SO-2026-0000629,190,PROD_001765,2,2,0.7025,0.0,0.21,1.41
SO-2026-0000629,200,PROD_003525,2,2,1.5289,0.0,0.21,3.06
SO-2026-0000629,210,PROD_000669,2,2,2.6446,0.0,0.21,5.29
SO-2026-0000629,220,PROD_001897,4,4,8.2645,0.0,0.21,33.06
SO-2026-0000630,10,PROD_003174,2,2,3.2231,0.0,0.21,6.45
SO-2026-0000630,20,PROD_001539,1,1,1.4463,0.0,0.21,1.45
SO-2026-0000630,30,PROD_000104,3,3,2.3967,0.0,0.21,7.19
SO-2026-0000630,40,PROD_000176,7,7,2.8512,0.0,0.21,19.96
SO-2026-0000630,50,PROD_001333,3,3,1.7355,0.0,0.21,5.21
SO-2026-0000630,60,PROD_001619,2,2,1.314,0.0,0.21,2.63
SO-2026-0000630,70,PROD_000702,2,2,2.0661,0.0,0.21,4.13
SO-2026-0000630,80,PROD_001761,5,5,2.3967,0.0,0.21,11.98
SO-2026-0000631,10,PROD_002194,1,1,1.1154,0.0,0.04,1.12
SO-2026-0000631,20,PROD_002428,1,1,2.2314,0.0,0.21,2.23
SO-2026-0000631,30,PROD_000386,3,3,2.4132,0.0,0.21,7.24
SO-2026-0000631,40,PROD_000902,1,1,1.2981,0.0,0.04,1.3
SO-2026-0000631,50,PROD_003462,5,5,4.0496,0.0,0.21,20.25
SO-2026-0000632,10,PROD_001669,1,1,2.314,0.0,0.21,2.31
SO-2026-0000632,20,PROD_003310,1,1,3.3058,0.0,0.21,3.31
SO-2026-0000632,30,PROD_000213,1,1,4.0909,0.0,0.21,4.09
SO-2026-0000632,40,PROD_000366,1,1,1.281,0.0,0.21,1.28
SO-2026-0000632,50,PROD_003626,1,1,10.9504,0.0,0.21,10.95
SO-2026-0000632,60,PROD_000452,5,5,2.3967,0.0,0.21,11.98
SO-2026-0000632,70,PROD_002217,1,1,2.6538,0.0,0.04,2.65
SO-2026-0000632,80,PROD_001698,2,2,3.2231,0.0,0.21,6.45
SO-2026-0000632,90,PROD_000684,1,1,1.6446,0.0,0.21,1.64
SO-2026-0000632,100,PROD_000649,1,1,3.6198,0.0,0.21,3.62
SO-2026-0000632,110,PROD_000082,1,1,2.0992,0.0,0.21,2.1
SO-2026-0000632,120,PROD_001389,1,1,5.6033,0.0,0.21,5.6
SO-2026-0000632,130,PROD_003344,2,2,0.7769,0.0,0.21,1.55
SO-2026-0000632,140,PROD_002135,3,3,1.5865,0.0,0.04,4.76
SO-2026-0000632,150,PROD_003348,1,1,0.8264,0.0,0.21,0.83
SO-2026-0000632,160,PROD_000183,3,3,5.7025,0.0,0.21,17.11
SO-2026-0000633,10,PROD_001708,3,3,0.9504,0.0,0.21,2.85
SO-2026-0000633,20,PROD_002718,1,1,3.2231,0.0,0.21,3.22
SO-2026-0000633,30,PROD_001528,8,8,5.8678,0.0,0.21,46.94
SO-2026-0000634,10,PROD_000659,2,2,3.1405,0.0,0.21,6.28
SO-2026-0000634,20,PROD_001222,3,3,2.6116,0.0,0.21,7.83
SO-2026-0000634,30,PROD_000313,1,1,1.4463,0.0,0.21,1.45
SO-2026-0000634,40,PROD_001159,2,2,1.0744,0.0,0.21,2.15
SO-2026-0000634,50,PROD_000509,4,4,2.6446,0.0,0.21,10.58
SO-2026-0000635,10,PROD_000481,2,2,5.2893,0.0,0.21,10.58
SO-2026-0000635,20,PROD_001300,4,4,1.0331,0.0,0.21,4.13
SO-2026-0000635,30,PROD_000266,2,2,0.9835,0.0,0.21,1.97
SO-2026-0000635,40,PROD_002494,4,4,8.2066,0.0,0.21,32.83
SO-2026-0000636,10,PROD_002910,1,1,2.314,0.0,0.21,2.31
SO-2026-0000636,20,PROD_001404,1,1,6.4463,0.0,0.21,6.45
SO-2026-0000636,30,PROD_001210,2,2,3.1818,0.0,0.21,6.36
SO-2026-0000636,40,PROD_000410,1,1,1.0661,0.0,0.21,1.07
SO-2026-0000636,50,PROD_001332,1,1,2.5865,0.0,0.04,2.59
SO-2026-0000636,60,PROD_002961,2,2,1.2397,0.0,0.21,2.48
SO-2026-0000636,70,PROD_000718,2,2,1.7686,0.0,0.21,3.54
SO-2026-0000636,80,PROD_002089,1,1,2.2314,0.0,0.21,2.23
SO-2026-0000636,90,PROD_001461,3,3,1.4545,0.0,0.21,4.36
SO-2026-0000636,100,PROD_002649,1,1,1.2397,0.0,0.21,1.24
SO-2026-0000636,110,PROD_003502,2,2,1.5289,0.0,0.21,3.06
SO-2026-0000636,120,PROD_002987,1,1,2.7686,0.0,0.21,2.77
SO-2026-0000636,130,PROD_000113,3,3,0.8678,0.0,0.21,2.6
SO-2026-0000636,140,PROD_002505,1,1,1.281,0.0,0.21,1.28
SO-2026-0000636,150,PROD_003207,4,4,2.0661,0.0,0.21,8.26
SO-2026-0000637,10,PROD_003531,3,3,6.9917,0.0,0.21,20.98
SO-2026-0000638,10,PROD_000815,1,1,1.5289,0.0,0.21,1.53
SO-2026-0000638,20,PROD_003572,1,1,0.9909,0.0,0.1,0.99
SO-2026-0000638,30,PROD_002163,4,2,0.7934,0.0,0.21,1.59
SO-2026-0000638,40,PROD_001412,1,1,5.3306,0.0,0.21,5.33
SO-2026-0000638,50,PROD_001523,4,4,3.9917,0.0,0.21,15.97
SO-2026-0000639,10,PROD_000840,3,3,1.0,0.0,0.21,3.0
SO-2026-0000639,20,PROD_003494,2,2,1.405,0.0,0.21,2.81
SO-2026-0000639,30,PROD_000478,1,1,11.3388,0.0,0.21,11.34
SO-2026-0000639,40,PROD_000889,4,4,0.7692,0.0,0.04,3.08
SO-2026-0000639,50,PROD_003012,1,1,1.1157,0.0,0.21,1.12
SO-2026-0000639,60,PROD_002650,2,2,1.8182,0.0,0.21,3.64
SO-2026-0000639,70,PROD_003390,5,5,1.405,0.0,0.21,7.03
SO-2026-0000639,80,PROD_000241,3,3,1.1818,0.0,0.21,3.55
SO-2026-0000639,90,PROD_001540,3,3,0.7438,0.0,0.21,2.23
SO-2026-0000639,100,PROD_000405,2,2,1.4876,0.0,0.21,2.98
SO-2026-0000639,110,PROD_000271,2,2,1.875,0.0,0.04,3.75
SO-2026-0000639,120,PROD_001421,4,4,10.1736,0.0,0.21,40.69
SO-2026-0000639,130,PROD_002112,2,2,1.2019,0.0,0.04,2.4
SO-2026-0000639,140,PROD_002378,2,2,1.1157,0.0,0.21,2.23
SO-2026-0000639,150,PROD_001225,2,2,2.4793,0.0,0.21,4.96
SO-2026-0000639,160,PROD_000231,1,1,2.3077,0.0,0.04,2.31
SO-2026-0000639,170,PROD_003046,1,1,1.5702,0.0,0.21,1.57
SO-2026-0000639,180,PROD_002099,1,1,8.1818,0.0,0.21,8.18
SO-2026-0000639,190,PROD_001358,1,1,6.686,0.0,0.21,6.69
SO-2026-0000639,200,PROD_000335,2,2,4.8512,0.0,0.21,9.7
SO-2026-0000639,210,PROD_003171,2,2,1.1983,0.0,0.21,2.4
SO-2026-0000639,220,PROD_001828,3,3,2.124,0.0,0.21,6.37
SO-2026-0000639,230,PROD_003692,1,1,1.0744,0.0,0.21,1.07
SO-2026-0000639,240,PROD_003594,1,1,3.4298,0.0,0.21,3.43
SO-2026-0000639,250,PROD_001933,3,3,4.3306,0.0,0.21,12.99
SO-2026-0000639,260,PROD_003411,1,1,2.0579,0.0,0.21,2.06
SO-2026-0000639,270,PROD_003600,5,5,7.7273,0.0,0.21,38.64
SO-2026-0000640,10,PROD_001742,2,2,2.9669,0.0,0.21,5.93
SO-2026-0000640,20,PROD_001932,3,3,1.2397,0.0,0.21,3.72
SO-2026-0000640,30,PROD_003636,1,1,1.5537,0.0,0.21,1.55
SO-2026-0000640,40,PROD_002572,1,1,1.2893,0.0,0.21,1.29
SO-2026-0000640,50,PROD_000518,1,1,17.0826,0.0,0.21,17.08
SO-2026-0000641,10,PROD_001889,4,4,1.4876,0.0,0.21,5.95
SO-2026-0000641,20,PROD_003445,1,1,0.9421,0.0,0.21,0.94
SO-2026-0000641,30,PROD_001214,1,1,1.2788,0.0,0.04,1.28
SO-2026-0000641,40,PROD_003319,1,1,1.157,0.0,0.21,1.16
SO-2026-0000641,50,PROD_002480,1,1,9.0909,0.0,0.21,9.09
SO-2026-0000641,60,PROD_001167,4,4,1.3636,0.0,0.21,5.45
SO-2026-0000641,70,PROD_000097,2,2,1.2397,0.0,0.21,2.48
SO-2026-0000641,80,PROD_003134,2,2,3.2231,0.0,0.21,6.45
SO-2026-0000641,90,PROD_000634,1,1,1.281,0.0,0.21,1.28
SO-2026-0000641,100,PROD_000199,1,1,6.1901,0.0,0.21,6.19
SO-2026-0000641,110,PROD_003375,1,1,1.3223,0.0,0.21,1.32
SO-2026-0000642,10,PROD_001688,2,2,1.4876,0.0,0.21,2.98
SO-2026-0000642,20,PROD_000217,2,2,2.3636,0.0,0.21,4.73
SO-2026-0000642,30,PROD_000080,3,3,0.6198,0.0,0.21,1.86
SO-2026-0000642,40,PROD_001826,1,1,2.3554,0.0,0.21,2.36
SO-2026-0000642,50,PROD_003016,1,1,0.6198,0.0,0.21,0.62
SO-2026-0000642,60,PROD_001163,3,3,0.3058,0.0,0.21,0.92
SO-2026-0000642,70,PROD_002229,2,2,1.3636,0.0,0.21,2.73
SO-2026-0000642,80,PROD_001685,3,3,1.9008,0.0,0.21,5.7
SO-2026-0000642,90,PROD_003660,1,1,1.3223,0.0,0.21,1.32
SO-2026-0000642,100,PROD_001117,3,3,2.1074,0.0,0.21,6.32
SO-2026-0000643,10,PROD_003622,2,2,4.5455,0.0,0.21,9.09
SO-2026-0000643,20,PROD_001799,5,5,1.9504,0.0,0.21,9.75
SO-2026-0000643,30,PROD_003623,1,1,4.7934,0.0,0.21,4.79
SO-2026-0000643,40,PROD_003619,1,1,16.0331,0.0,0.21,16.03
SO-2026-0000643,50,PROD_002200,1,1,3.9504,0.0,0.21,3.95
SO-2026-0000643,60,PROD_003067,1,1,1.4876,0.0,0.21,1.49
SO-2026-0000643,70,PROD_001467,3,3,1.7788,0.0,0.04,5.34
SO-2026-0000643,80,PROD_000524,6,6,2.8512,0.0,0.21,17.11
SO-2026-0000643,90,PROD_002600,1,1,5.1488,0.0,0.21,5.15
SO-2026-0000643,100,PROD_000140,2,2,2.438,0.0,0.21,4.88
SO-2026-0000643,110,PROD_003441,3,3,2.4711,0.0,0.21,7.41
SO-2026-0000643,120,PROD_002826,1,1,4.9587,0.0,0.21,4.96
SO-2026-0000643,130,PROD_003493,2,2,2.6612,0.0,0.21,5.32
SO-2026-0000643,140,PROD_003712,2,2,2.8099,0.0,0.21,5.62
SO-2026-0000643,150,PROD_003719,1,1,1.2727,0.0,0.21,1.27
SO-2026-0000643,160,PROD_001295,1,1,5.3719,0.0,0.21,5.37
SO-2026-0000644,10,PROD_002484,2,2,2.1488,0.0,0.21,4.3
SO-2026-0000644,20,PROD_000620,1,1,0.6612,0.0,0.21,0.66
SO-2026-0000644,30,PROD_002244,5,5,1.157,0.0,0.21,5.79
SO-2026-0000644,40,PROD_002405,4,4,1.4876,0.0,0.21,5.95
SO-2026-0000644,50,PROD_000251,3,3,1.9231,0.0,0.04,5.77
SO-2026-0000645,10,PROD_003275,5,5,0.7355,0.0,0.21,3.68
SO-2026-0000645,20,PROD_002522,1,1,0.7438,0.0,0.21,0.74
SO-2026-0000645,30,PROD_003282,1,1,1.6116,0.0,0.21,1.61
SO-2026-0000645,40,PROD_002275,4,4,1.405,0.0,0.21,5.62
SO-2026-0000645,50,PROD_000403,2,2,4.3388,0.0,0.21,8.68
SO-2026-0000645,60,PROD_001067,4,4,0.2893,0.0,0.21,1.16
SO-2026-0000645,70,PROD_002698,2,2,3.3058,0.0,0.21,6.61
SO-2026-0000645,80,PROD_002620,6,6,2.0661,0.0,0.21,12.4
SO-2026-0000645,90,PROD_001584,4,4,0.9504,0.0,0.21,3.8
SO-2026-0000645,100,PROD_001571,6,6,0.6612,0.0,0.21,3.97
SO-2026-0000645,110,PROD_001798,3,3,0.8264,0.0,0.21,2.48
SO-2026-0000645,120,PROD_002436,2,2,2.8512,0.0,0.21,5.7
SO-2026-0000645,130,PROD_002005,4,4,1.6529,0.0,0.21,6.61
SO-2026-0000645,140,PROD_000787,3,3,1.4463,0.0,0.21,4.34
SO-2026-0000645,150,PROD_002202,3,3,3.8017,0.0,0.21,11.41
SO-2026-0000646,10,PROD_001599,3,3,2.0661,0.0,0.21,6.2
SO-2026-0000646,20,PROD_000523,2,2,2.9587,0.0,0.21,5.92
SO-2026-0000646,30,PROD_002551,2,2,6.1983,0.0,0.21,12.4
SO-2026-0000646,40,PROD_000932,1,1,2.0661,0.0,0.21,2.07
SO-2026-0000646,50,PROD_001617,3,3,0.7025,0.0,0.21,2.11
SO-2026-0000646,60,PROD_001675,1,1,1.719,0.0,0.21,1.72
SO-2026-0000646,70,PROD_001932,1,1,1.2397,0.0,0.21,1.24
SO-2026-0000646,80,PROD_000437,3,3,1.2397,0.0,0.21,3.72
SO-2026-0000646,90,PROD_003388,1,1,1.4876,0.0,0.21,1.49
SO-2026-0000646,100,PROD_000607,2,2,2.8926,0.0,0.21,5.79
SO-2026-0000647,10,PROD_000310,1,1,2.3554,0.0,0.21,2.36
SO-2026-0000647,20,PROD_002925,1,1,1.5702,0.0,0.21,1.57
SO-2026-0000647,30,PROD_001494,1,1,0.7025,0.0,0.21,0.7
SO-2026-0000647,40,PROD_001824,1,1,2.6033,0.0,0.21,2.6
SO-2026-0000647,50,PROD_001571,2,2,0.6612,0.0,0.21,1.32
SO-2026-0000647,60,PROD_001371,1,1,1.9712,0.0,0.04,1.97
SO-2026-0000647,70,PROD_001635,3,3,0.7025,0.0,0.21,2.11
SO-2026-0000647,80,PROD_001771,3,3,2.8512,0.0,0.21,8.55
SO-2026-0000648,10,PROD_001612,1,1,1.3462,0.0,0.04,1.35
SO-2026-0000648,20,PROD_000048,3,3,4.9587,0.0,0.21,14.88
SO-2026-0000648,30,PROD_001333,1,1,1.7355,0.0,0.21,1.74
SO-2026-0000648,40,PROD_002758,1,1,3.2645,0.0,0.21,3.26
SO-2026-0000648,50,PROD_000386,1,1,2.4132,0.0,0.21,2.41
SO-2026-0000648,60,PROD_003403,1,1,1.4876,0.0,0.21,1.49
SO-2026-0000648,70,PROD_001681,2,2,0.7934,0.0,0.21,1.59
SO-2026-0000648,80,PROD_000527,1,1,0.6731,0.0,0.04,0.67
SO-2026-0000648,90,PROD_003601,1,1,7.8512,0.0,0.21,7.85
SO-2026-0000648,100,PROD_000476,3,3,0.3846,0.0,0.04,1.15
SO-2026-0000648,110,PROD_000520,4,4,3.4628,0.0,0.21,13.85
SO-2026-0000648,120,PROD_003149,1,1,2.0661,0.0,0.21,2.07
SO-2026-0000648,130,PROD_001178,6,6,1.3636,0.0,0.21,8.18
SO-2026-0000649,10,PROD_000368,5,5,2.1074,0.0,0.21,10.54
SO-2026-0000649,20,PROD_000487,2,2,4.2975,0.0,0.21,8.6
SO-2026-0000649,30,PROD_001689,2,2,1.8099,0.0,0.21,3.62
SO-2026-0000649,40,PROD_003342,2,2,5.1653,0.0,0.21,10.33
SO-2026-0000649,50,PROD_001703,2,2,3.2645,0.0,0.21,6.53
SO-2026-0000649,60,PROD_003358,5,5,6.5289,0.0,0.21,32.64
SO-2026-0000650,10,PROD_000681,1,1,0.9615,0.0,0.04,0.96
SO-2026-0000650,20,PROD_001403,7,7,2.2066,0.0,0.21,15.45
SO-2026-0000650,30,PROD_001025,1,1,2.3967,0.0,0.21,2.4
SO-2026-0000650,40,PROD_002258,3,3,1.2562,0.0,0.21,3.77
SO-2026-0000650,50,PROD_002522,2,2,0.7438,0.0,0.21,1.49
SO-2026-0000650,60,PROD_000091,2,2,2.6446,0.0,0.21,5.29
SO-2026-0000650,70,PROD_000615,2,2,2.2314,0.0,0.21,4.46
SO-2026-0000650,80,PROD_002357,3,3,4.0496,0.0,0.21,12.15
SO-2026-0000651,10,PROD_001367,3,3,5.0,0.0,0.1,15.0
SO-2026-0000651,20,PROD_001884,2,2,4.0496,0.0,0.21,8.1
SO-2026-0000651,30,PROD_001902,1,1,8.1818,0.0,0.21,8.18
SO-2026-0000651,40,PROD_001546,1,1,3.1818,0.0,0.21,3.18
SO-2026-0000651,50,PROD_000014,3,3,1.405,0.0,0.21,4.21
SO-2026-0000651,60,PROD_000890,4,4,4.7521,0.0,0.21,19.01
SO-2026-0000651,70,PROD_002769,1,1,2.2562,0.0,0.21,2.26
SO-2026-0000651,80,PROD_001052,2,2,2.5207,0.0,0.21,5.04
SO-2026-0000651,90,PROD_000639,1,1,1.5702,0.0,0.21,1.57
SO-2026-0000651,100,PROD_001202,2,2,0.8678,0.0,0.21,1.74
SO-2026-0000651,110,PROD_000498,2,2,4.9504,0.0,0.21,9.9
SO-2026-0000652,10,PROD_002933,1,1,8.8264,0.0,0.21,8.83
SO-2026-0000652,20,PROD_002604,1,1,0.9504,0.0,0.21,0.95
SO-2026-0000652,30,PROD_002049,2,2,2.3967,0.0,0.21,4.79
SO-2026-0000652,40,PROD_001486,5,5,1.0,0.0,0.21,5.0
SO-2026-0000652,50,PROD_001781,2,2,4.0496,0.0,0.21,8.1
SO-2026-0000652,60,PROD_000546,3,3,2.0992,0.0,0.21,6.3
SO-2026-0000653,10,PROD_000759,1,1,2.8926,0.0,0.21,2.89
SO-2026-0000653,20,PROD_001371,1,1,1.9712,0.0,0.04,1.97
SO-2026-0000653,30,PROD_001347,2,2,5.9256,0.0,0.21,11.85
SO-2026-0000653,40,PROD_003123,1,1,2.0661,0.0,0.21,2.07
SO-2026-0000653,50,PROD_002489,2,2,6.5041,0.0,0.21,13.01
SO-2026-0000653,60,PROD_002183,1,1,0.8264,0.0,0.21,0.83
SO-2026-0000653,70,PROD_000699,2,2,1.2397,0.0,0.21,2.48
SO-2026-0000653,80,PROD_003584,1,1,8.9669,0.0,0.21,8.97
SO-2026-0000653,90,PROD_001407,1,1,20.7273,0.0,0.1,20.73
SO-2026-0000654,10,PROD_001611,1,1,1.1157,0.0,0.21,1.12
SO-2026-0000654,20,PROD_002117,5,5,1.405,0.0,0.21,7.03
SO-2026-0000654,30,PROD_001329,1,1,7.0248,0.0,0.21,7.02
SO-2026-0000654,40,PROD_000393,2,2,1.3636,0.0,0.21,2.73
SO-2026-0000654,50,PROD_001170,1,1,0.8264,0.0,0.21,0.83
SO-2026-0000654,60,PROD_002258,6,6,1.2562,0.0,0.21,7.54
SO-2026-0000654,70,PROD_000967,1,1,1.7355,0.0,0.21,1.74
SO-2026-0000654,80,PROD_001143,1,1,0.8264,0.0,0.21,0.83
SO-2026-0000654,90,PROD_002259,1,1,1.281,0.0,0.21,1.28
SO-2026-0000654,100,PROD_001642,1,1,1.0577,0.0,0.04,1.06
SO-2026-0000654,110,PROD_001215,3,3,3.0579,0.0,0.21,9.17
SO-2026-0000655,10,PROD_002049,1,1,2.3967,0.0,0.21,2.4
SO-2026-0000655,20,PROD_000529,2,2,0.8678,0.0,0.21,1.74
SO-2026-0000655,30,PROD_001824,2,2,2.6033,0.0,0.21,5.21
SO-2026-0000655,40,PROD_001862,1,1,1.0331,0.0,0.21,1.03
SO-2026-0000655,50,PROD_001913,1,1,8.2314,0.0,0.21,8.23
SO-2026-0000656,10,PROD_003640,1,1,0.6612,0.0,0.21,0.66
SO-2026-0000656,20,PROD_001535,6,6,1.8843,0.0,0.21,11.31
SO-2026-0000656,30,PROD_002456,4,4,2.6033,0.0,0.21,10.41
SO-2026-0000656,40,PROD_002174,2,2,4.2562,0.0,0.21,8.51
SO-2026-0000656,50,PROD_003077,3,3,3.1405,0.0,0.21,9.42
SO-2026-0000656,60,PROD_001462,1,1,2.6364,0.0,0.21,2.64
SO-2026-0000657,10,PROD_000155,1,1,5.8017,0.0,0.21,5.8
SO-2026-0000657,20,PROD_001100,2,2,1.6529,0.0,0.21,3.31
SO-2026-0000657,30,PROD_001808,4,4,6.4463,0.0,0.21,25.79
SO-2026-0000657,40,PROD_000755,1,1,3.2397,0.0,0.21,3.24
SO-2026-0000657,50,PROD_000943,6,6,0.9091,0.0,0.21,5.45
SO-2026-0000658,10,PROD_001016,1,1,1.3223,0.0,0.21,1.32
SO-2026-0000658,20,PROD_001189,3,3,1.6529,0.0,0.21,4.96
SO-2026-0000658,30,PROD_003216,2,2,1.5702,0.0,0.21,3.14
SO-2026-0000658,40,PROD_002506,1,1,8.8347,0.0,0.21,8.83
SO-2026-0000659,10,PROD_000829,1,1,0.9917,0.0,0.21,0.99
SO-2026-0000659,20,PROD_002305,1,1,0.8264,0.0,0.21,0.83
SO-2026-0000659,30,PROD_000083,3,3,2.3554,0.0,0.21,7.07
SO-2026-0000659,40,PROD_002069,3,3,1.0,0.0,0.04,3.0
SO-2026-0000659,50,PROD_002487,1,1,11.1405,0.0,0.21,11.14
SO-2026-0000659,60,PROD_000321,1,1,5.3719,0.0,0.21,5.37
SO-2026-0000659,70,PROD_000376,2,2,6.6116,0.0,0.21,13.22
SO-2026-0000659,80,PROD_002864,1,1,1.157,0.0,0.21,1.16
SO-2026-0000659,90,PROD_002346,2,2,2.438,0.0,0.21,4.88
SO-2026-0000659,100,PROD_001353,1,1,1.9008,0.0,0.21,1.9
SO-2026-0000659,110,PROD_001482,3,3,2.281,0.0,0.21,6.84
SO-2026-0000659,120,PROD_002812,3,3,3.0992,0.0,0.21,9.3
SO-2026-0000659,130,PROD_002872,1,1,1.2397,0.0,0.21,1.24
SO-2026-0000659,140,PROD_000380,1,1,1.3636,0.0,0.21,1.36
SO-2026-0000659,150,PROD_001759,2,2,2.1488,0.0,0.21,4.3
SO-2026-0000660,10,PROD_002629,2,2,0.7438,0.0,0.21,1.49
SO-2026-0000660,20,PROD_001896,2,2,1.9091,0.0,0.21,3.82
SO-2026-0000660,30,PROD_002987,1,1,2.7686,0.0,0.21,2.77
SO-2026-0000660,40,PROD_002133,2,2,1.7355,0.0,0.21,3.47
SO-2026-0000660,50,PROD_000294,3,3,1.5702,0.0,0.21,4.71
SO-2026-0000660,60,PROD_002146,2,2,0.8264,0.0,0.21,1.65
SO-2026-0000660,70,PROD_003112,1,1,3.1405,0.0,0.21,3.14
SO-2026-0000660,80,PROD_000617,1,1,0.8264,0.0,0.21,0.83
SO-2026-0000660,90,PROD_001516,3,3,2.8926,0.0,0.21,8.68
SO-2026-0000661,10,PROD_001765,2,2,0.7025,0.0,0.21,1.41
SO-2026-0000661,20,PROD_000886,1,1,1.4876,0.0,0.21,1.49
SO-2026-0000661,30,PROD_000849,2,2,1.6033,0.0,0.21,3.21
SO-2026-0000661,40,PROD_001114,2,2,2.3471,0.0,0.21,4.69
SO-2026-0000661,50,PROD_002039,1,1,3.6364,0.0,0.21,3.64
SO-2026-0000661,60,PROD_003574,1,1,10.281,0.0,0.21,10.28
SO-2026-0000661,70,PROD_000183,3,3,5.7025,0.0,0.21,17.11
SO-2026-0000661,80,PROD_003403,2,2,1.4876,0.0,0.21,2.98
SO-2026-0000661,90,PROD_001166,1,1,0.8264,0.0,0.21,0.83
SO-2026-0000661,100,PROD_000833,5,5,1.8595,0.0,0.21,9.3
SO-2026-0000661,110,PROD_000092,3,3,2.9835,0.0,0.21,8.95
SO-2026-0000661,120,PROD_000097,2,2,1.2397,0.0,0.21,2.48
SO-2026-0000661,130,PROD_002208,2,2,1.2397,0.0,0.21,2.48
SO-2026-0000661,140,PROD_001334,5,5,1.2562,0.0,0.21,6.28
SO-2026-0000661,150,PROD_003488,1,1,0.6116,0.0,0.21,0.61
SO-2026-0000661,160,PROD_000373,2,2,2.3554,0.0,0.21,4.71
SO-2026-0000661,170,PROD_001505,3,3,1.6529,0.0,0.21,4.96
SO-2026-0000661,180,PROD_001432,5,5,5.8843,0.0,0.21,29.42
SO-2026-0000661,190,PROD_003725,4,4,1.4298,0.0,0.21,5.72
SO-2026-0000661,200,PROD_002413,1,1,1.6942,0.0,0.21,1.69
SO-2026-0000661,210,PROD_003626,1,1,10.9504,0.0,0.21,10.95
SO-2026-0000661,220,PROD_000428,2,2,2.6694,0.0,0.21,5.34
SO-2026-0000661,230,PROD_000527,1,1,0.6731,0.0,0.04,0.67
SO-2026-0000661,240,PROD_000117,2,2,1.6446,0.0,0.21,3.29
SO-2026-0000661,250,PROD_000241,1,1,1.1818,0.0,0.21,1.18
SO-2026-0000661,260,PROD_002219,2,2,4.0496,0.0,0.21,8.1
SO-2026-0000661,270,PROD_003563,4,4,5.7025,0.0,0.21,22.81
SO-2026-0000662,10,PROD_003579,1,1,5.5455,0.0,0.21,5.55
SO-2026-0000662,20,PROD_003257,1,1,13.9752,0.0,0.21,13.98
SO-2026-0000662,30,PROD_000492,1,1,8.5537,0.0,0.21,8.55
SO-2026-0000662,40,PROD_003317,6,6,4.8347,0.0,0.21,29.01
SO-2026-0000662,50,PROD_000412,1,1,4.7521,0.0,0.21,4.75
SO-2026-0000662,60,PROD_003359,1,1,1.1157,0.0,0.21,1.12
SO-2026-0000662,70,PROD_000934,1,1,0.8654,0.0,0.04,0.87
SO-2026-0000662,80,PROD_000671,1,1,1.1157,0.0,0.21,1.12
SO-2026-0000662,90,PROD_001513,3,3,6.0083,0.0,0.21,18.02
SO-2026-0000663,10,PROD_001463,1,1,7.8099,0.0,0.21,7.81
SO-2026-0000663,20,PROD_000289,4,1,0.9091,0.0,0.21,0.91
SO-2026-0000663,30,PROD_000241,1,1,1.1818,0.0,0.21,1.18
SO-2026-0000663,40,PROD_001507,1,1,1.3223,0.0,0.21,1.32
SO-2026-0000663,50,PROD_001219,2,2,0.8264,0.0,0.21,1.65
SO-2026-0000663,60,PROD_002564,4,4,1.3223,0.0,0.21,5.29
SO-2026-0000663,70,PROD_001807,4,3,0.9504,0.0,0.21,2.85
SO-2026-0000663,80,PROD_000919,2,2,2.8099,0.0,0.21,5.62
SO-2026-0000663,90,PROD_000797,3,3,1.5868,0.0,0.21,4.76
SO-2026-0000663,100,PROD_001766,4,1,6.9339,0.0,0.21,6.93
SO-2026-0000664,10,PROD_002445,2,2,9.0455,0.0,0.1,18.09
SO-2026-0000664,20,PROD_003538,1,1,2.4711,0.0,0.21,2.47
SO-2026-0000664,30,PROD_001544,1,1,1.3636,0.0,0.21,1.36
SO-2026-0000664,40,PROD_000428,1,1,2.6694,0.0,0.21,2.67
SO-2026-0000664,50,PROD_002350,1,1,5.4132,0.0,0.21,5.41
SO-2026-0000664,60,PROD_003694,2,2,0.9008,0.0,0.21,1.8
SO-2026-0000664,70,PROD_000463,1,1,1.9835,0.0,0.21,1.98
SO-2026-0000664,80,PROD_001402,4,4,2.5207,0.0,0.21,10.08
SO-2026-0000664,90,PROD_001534,1,1,0.7851,0.0,0.21,0.79
SO-2026-0000664,100,PROD_002902,2,2,1.6529,0.0,0.21,3.31
SO-2026-0000664,110,PROD_000309,3,3,4.4808,0.0,0.04,13.44
SO-2026-0000665,10,PROD_003348,1,1,0.8264,0.0,0.21,0.83
SO-2026-0000665,20,PROD_001599,1,1,2.0661,0.0,0.21,2.07
SO-2026-0000665,30,PROD_000237,1,1,1.6529,0.0,0.21,1.65
SO-2026-0000665,40,PROD_001998,1,1,2.0661,0.0,0.21,2.07
SO-2026-0000665,50,PROD_002608,2,2,1.6198,0.0,0.21,3.24
SO-2026-0000665,60,PROD_001936,1,1,0.8264,0.0,0.21,0.83
SO-2026-0000665,70,PROD_001635,4,4,0.7025,0.0,0.21,2.81
SO-2026-0000665,80,PROD_003015,4,4,1.0744,0.0,0.21,4.3
SO-2026-0000665,90,PROD_002223,1,1,1.2727,0.0,0.21,1.27
SO-2026-0000665,100,PROD_001700,2,2,4.4545,0.0,0.21,8.91
SO-2026-0000665,110,PROD_002629,1,1,0.7438,0.0,0.21,0.74
SO-2026-0000665,120,PROD_000538,1,1,1.4423,0.0,0.04,1.44
SO-2026-0000665,130,PROD_001798,2,2,0.8264,0.0,0.21,1.65
SO-2026-0000665,140,PROD_000219,5,5,0.8678,0.0,0.21,4.34
SO-2026-0000665,150,PROD_002139,2,2,0.2893,0.0,0.21,0.58
SO-2026-0000665,160,PROD_001769,3,3,0.8512,0.0,0.21,2.55
SO-2026-0000665,170,PROD_001820,2,2,0.8264,0.0,0.21,1.65
SO-2026-0000665,180,PROD_001830,5,5,2.8926,0.0,0.21,14.46
SO-2026-0000666,10,PROD_002058,1,1,1.3223,0.0,0.21,1.32
SO-2026-0000666,20,PROD_001617,2,2,0.7025,0.0,0.21,1.41
SO-2026-0000666,30,PROD_001052,1,1,2.5207,0.0,0.21,2.52
SO-2026-0000666,40,PROD_000175,2,2,0.3306,0.0,0.21,0.66
SO-2026-0000666,50,PROD_001788,1,1,0.6281,0.0,0.21,0.63
SO-2026-0000666,60,PROD_003355,2,2,2.314,0.0,0.21,4.63
SO-2026-0000666,70,PROD_000013,1,1,2.0661,0.0,0.21,2.07
SO-2026-0000666,80,PROD_002166,1,1,1.6116,0.0,0.21,1.61
SO-2026-0000666,90,PROD_001608,3,3,0.9504,0.0,0.21,2.85
SO-2026-0000666,100,PROD_001040,1,1,0.9504,0.0,0.21,0.95
SO-2026-0000666,110,PROD_000272,1,1,1.5702,0.0,0.21,1.57
SO-2026-0000666,120,PROD_000631,1,1,3.6198,0.0,0.21,3.62
SO-2026-0000666,130,PROD_003040,2,2,1.405,0.0,0.21,2.81
SO-2026-0000666,140,PROD_001211,2,2,1.3223,0.0,0.21,2.64
SO-2026-0000666,150,PROD_000485,1,1,13.157,0.0,0.21,13.16
SO-2026-0000666,160,PROD_001889,1,1,1.4876,0.0,0.21,1.49
SO-2026-0000666,170,PROD_001122,2,2,0.9917,0.0,0.21,1.98
SO-2026-0000666,180,PROD_000755,4,4,3.2397,0.0,0.21,12.96
SO-2026-0000666,190,PROD_001766,1,1,6.9339,0.0,0.21,6.93
SO-2026-0000666,200,PROD_002732,2,2,4.0909,0.0,0.21,8.18
SO-2026-0000667,10,PROD_002531,1,1,1.3636,0.0,0.21,1.36
SO-2026-0000667,20,PROD_001658,1,1,2.1488,0.0,0.21,2.15
SO-2026-0000667,30,PROD_000468,1,1,0.9917,0.0,0.21,0.99
SO-2026-0000667,40,PROD_003163,1,1,3.2231,0.0,0.21,3.22
SO-2026-0000667,50,PROD_001989,1,1,1.4876,0.0,0.21,1.49
SO-2026-0000667,60,PROD_001289,4,4,0.1983,0.0,0.21,0.79
SO-2026-0000667,70,PROD_001187,3,3,2.562,0.0,0.21,7.69
SO-2026-0000667,80,PROD_002630,1,1,2.3967,0.0,0.21,2.4
SO-2026-0000668,10,PROD_002408,2,2,2.1901,0.0,0.21,4.38
SO-2026-0000668,20,PROD_002656,1,1,1.157,0.0,0.21,1.16
SO-2026-0000668,30,PROD_003165,2,2,1.9835,0.0,0.21,3.97
SO-2026-0000668,40,PROD_003530,5,5,0.9917,0.0,0.21,4.96
SO-2026-0000668,50,PROD_002283,2,2,0.9917,0.0,0.21,1.98
SO-2026-0000668,60,PROD_002089,2,2,2.2314,0.0,0.21,4.46
SO-2026-0000668,70,PROD_002025,1,1,0.8595,0.0,0.21,0.86
SO-2026-0000668,80,PROD_000834,7,7,3.1322,0.0,0.21,21.93
SO-2026-0000669,10,PROD_002550,5,4,4.5455,0.0,0.21,18.18
SO-2026-0000670,10,PROD_002362,3,3,3.2645,0.0,0.21,9.79
SO-2026-0000670,20,PROD_003096,1,1,3.719,0.0,0.21,3.72
SO-2026-0000670,30,PROD_003087,4,4,1.7355,0.0,0.21,6.94
SO-2026-0000670,40,PROD_002181,2,2,2.8099,0.0,0.21,5.62
SO-2026-0000670,50,PROD_001556,2,2,1.7355,0.0,0.21,3.47
SO-2026-0000670,60,PROD_002276,3,3,13.7355,0.0,0.21,41.21
SO-2026-0000671,10,PROD_002490,2,2,2.4628,0.0,0.21,4.93
SO-2026-0000671,20,PROD_000817,3,3,1.3462,0.0,0.04,4.04
SO-2026-0000671,30,PROD_000155,7,7,5.8017,0.0,0.21,40.61
SO-2026-0000671,40,PROD_000675,3,3,10.0248,0.0,0.21,30.07
SO-2026-0000672,10,PROD_003067,2,2,1.4876,0.0,0.21,2.98
SO-2026-0000672,20,PROD_002551,1,1,6.1983,0.0,0.21,6.2
SO-2026-0000672,30,PROD_002309,3,3,2.2727,0.0,0.21,6.82
SO-2026-0000672,40,PROD_001617,1,1,0.7025,0.0,0.21,0.7
SO-2026-0000672,50,PROD_001792,1,1,1.0096,0.0,0.04,1.01
SO-2026-0000672,60,PROD_002572,3,3,1.2893,0.0,0.21,3.87
SO-2026-0000672,70,PROD_002827,5,5,3.2231,0.0,0.21,16.12
SO-2026-0000673,10,PROD_000913,4,4,3.1322,0.0,0.21,12.53
SO-2026-0000673,20,PROD_001025,5,5,2.3967,0.0,0.21,11.98
SO-2026-0000674,10,PROD_003719,1,1,1.2727,0.0,0.21,1.27
SO-2026-0000674,20,PROD_003061,3,3,4.5455,0.0,0.21,13.64
SO-2026-0000674,30,PROD_001647,2,2,1.1983,0.0,0.21,2.4
SO-2026-0000674,40,PROD_000676,1,1,1.3636,0.0,0.1,1.36
SO-2026-0000674,50,PROD_000612,5,5,0.6446,0.0,0.21,3.22
SO-2026-0000674,60,PROD_002194,1,1,1.1154,0.0,0.04,1.12
SO-2026-0000674,70,PROD_000195,4,4,2.7438,0.0,0.21,10.98
SO-2026-0000675,10,PROD_003135,4,4,1.2397,0.0,0.21,4.96
SO-2026-0000675,20,PROD_000064,1,1,1.0744,0.0,0.21,1.07
SO-2026-0000675,30,PROD_002171,3,3,0.6198,0.0,0.21,1.86
SO-2026-0000675,40,PROD_002033,1,1,1.2596,0.0,0.04,1.26
SO-2026-0000675,50,PROD_000851,3,3,0.9091,0.0,0.21,2.73
SO-2026-0000675,60,PROD_001376,4,4,3.0826,0.0,0.21,12.33
SO-2026-0000676,10,PROD_001263,1,1,4.8926,0.0,0.21,4.89
SO-2026-0000676,20,PROD_000836,2,2,1.124,0.0,0.21,2.25
SO-2026-0000676,30,PROD_001443,3,3,3.3058,0.0,0.21,9.92
SO-2026-0000676,40,PROD_000529,3,3,0.8678,0.0,0.21,2.6
SO-2026-0000677,10,PROD_001176,2,2,0.8264,0.0,0.21,1.65
SO-2026-0000677,20,PROD_001559,1,1,2.314,0.0,0.21,2.31
SO-2026-0000677,30,PROD_000605,1,1,2.0673,0.0,0.04,2.07
SO-2026-0000677,40,PROD_003664,1,1,2.562,0.0,0.21,2.56
SO-2026-0000677,50,PROD_003083,2,2,3.3058,0.0,0.21,6.61
SO-2026-0000678,10,PROD_001990,2,2,4.9587,0.0,0.21,9.92
SO-2026-0000678,20,PROD_002913,1,1,4.3802,0.0,0.21,4.38
SO-2026-0000678,30,PROD_000855,3,3,0.9504,0.0,0.21,2.85
SO-2026-0000678,40,PROD_000140,3,3,2.438,0.0,0.21,7.31
SO-2026-0000678,50,PROD_002653,2,2,2.6446,0.0,0.21,5.29
SO-2026-0000678,60,PROD_002018,1,1,1.9835,0.0,0.21,1.98
SO-2026-0000679,10,PROD_001049,2,2,1.4463,0.0,0.21,2.89
SO-2026-0000679,20,PROD_001888,1,1,7.9091,0.0,0.21,7.91
SO-2026-0000679,30,PROD_002750,1,1,3.2231,0.0,0.21,3.22
SO-2026-0000679,40,PROD_002122,3,3,4.2562,0.0,0.21,12.77
SO-2026-0000679,50,PROD_000140,2,2,2.438,0.0,0.21,4.88
SO-2026-0000679,60,PROD_000494,5,5,4.4959,0.0,0.21,22.48
SO-2026-0000680,10,PROD_003185,3,3,3.2231,0.0,0.21,9.67
SO-2026-0000680,20,PROD_000407,1,1,32.8636,0.0,0.1,32.86
SO-2026-0000680,30,PROD_001949,1,1,5.0,0.0,0.1,5.0
SO-2026-0000680,40,PROD_001282,1,1,0.7438,0.0,0.21,0.74
SO-2026-0000680,50,PROD_002276,3,3,13.7355,0.0,0.21,41.21
SO-2026-0000681,10,PROD_002001,2,2,2.8843,0.0,0.21,5.77
SO-2026-0000681,20,PROD_000329,2,2,1.281,0.0,0.21,2.56
SO-2026-0000681,30,PROD_003087,4,4,1.7355,0.0,0.21,6.94
SO-2026-0000681,40,PROD_002059,2,2,2.686,0.0,0.21,5.37
SO-2026-0000681,50,PROD_003513,1,1,1.7355,0.0,0.21,1.74
SO-2026-0000681,60,PROD_000605,1,1,2.0673,0.0,0.04,2.07
SO-2026-0000681,70,PROD_002599,2,2,4.3388,0.0,0.21,8.68
SO-2026-0000681,80,PROD_002284,3,3,2.8099,0.0,0.21,8.43
SO-2026-0000681,90,PROD_003500,3,3,3.6198,0.0,0.21,10.86
SO-2026-0000681,100,PROD_002304,2,2,0.9504,0.0,0.21,1.9
SO-2026-0000681,110,PROD_000331,1,1,2.3967,0.0,0.21,2.4
SO-2026-0000681,120,PROD_002803,4,4,0.9091,0.0,0.21,3.64
SO-2026-0000681,130,PROD_001793,2,2,3.314,0.0,0.21,6.63
SO-2026-0000681,140,PROD_002019,2,2,6.3058,0.0,0.21,12.61
SO-2026-0000682,10,PROD_002025,1,1,0.8595,0.0,0.21,0.86
SO-2026-0000682,20,PROD_000062,1,1,3.1736,0.0,0.21,3.17
SO-2026-0000682,30,PROD_002202,1,1,3.8017,0.0,0.21,3.8
SO-2026-0000682,40,PROD_000141,2,2,1.5702,0.0,0.21,3.14
SO-2026-0000682,50,PROD_003691,3,3,2.0661,0.0,0.21,6.2
SO-2026-0000682,60,PROD_003273,2,2,3.3058,0.0,0.21,6.61
SO-2026-0000682,70,PROD_000953,4,4,1.8182,0.0,0.21,7.27
SO-2026-0000682,80,PROD_001458,1,1,0.8264,0.0,0.21,0.83
SO-2026-0000682,90,PROD_000649,1,1,3.6198,0.0,0.21,3.62
SO-2026-0000682,100,PROD_002592,4,4,3.7521,0.0,0.21,15.01
SO-2026-0000682,110,PROD_001742,5,5,2.9669,0.0,0.21,14.83
SO-2026-0000683,10,PROD_002397,1,1,7.9339,0.0,0.21,7.93
SO-2026-0000683,20,PROD_002132,3,3,4.6281,0.0,0.21,13.88
SO-2026-0000683,30,PROD_001788,3,3,0.6281,0.0,0.21,1.88
SO-2026-0000683,40,PROD_002551,1,1,6.1983,0.0,0.21,6.2
SO-2026-0000683,50,PROD_002153,3,3,0.7851,0.0,0.21,2.36
SO-2026-0000683,60,PROD_000352,2,2,2.1901,0.0,0.21,4.38
SO-2026-0000683,70,PROD_002933,3,3,8.8264,0.0,0.21,26.48
SO-2026-0000684,10,PROD_000530,1,1,11.7273,0.0,0.1,11.73
SO-2026-0000684,20,PROD_000500,3,3,0.9917,0.0,0.21,2.98
SO-2026-0000684,30,PROD_001422,1,1,0.9917,0.0,0.21,0.99
SO-2026-0000684,40,PROD_000501,2,2,2.1488,0.0,0.21,4.3
SO-2026-0000684,50,PROD_000650,1,1,0.9091,0.0,0.21,0.91
SO-2026-0000684,60,PROD_000212,3,3,2.2727,0.0,0.21,6.82
SO-2026-0000685,10,PROD_001230,2,2,2.1653,0.0,0.21,4.33
SO-2026-0000685,20,PROD_000501,2,2,2.1488,0.0,0.21,4.3
SO-2026-0000685,30,PROD_001168,2,2,1.6529,0.0,0.21,3.31
SO-2026-0000685,40,PROD_003476,2,2,1.2893,0.0,0.21,2.58
SO-2026-0000685,50,PROD_000134,2,2,1.7769,0.0,0.21,3.55
SO-2026-0000685,60,PROD_001854,4,4,1.9008,0.0,0.21,7.6
SO-2026-0000685,70,PROD_001972,1,1,0.7438,0.0,0.21,0.74
SO-2026-0000685,80,PROD_002577,2,2,4.0909,0.0,0.21,8.18
SO-2026-0000686,10,PROD_002138,5,5,1.7521,0.0,0.21,8.76
SO-2026-0000686,20,PROD_001724,1,1,2.2115,0.0,0.04,2.21
SO-2026-0000686,30,PROD_000685,1,1,0.5372,0.0,0.21,0.54
SO-2026-0000686,40,PROD_002775,2,2,2.5207,0.0,0.21,5.04
SO-2026-0000686,50,PROD_000127,5,5,1.0331,0.0,0.21,5.17
SO-2026-0000686,60,PROD_002214,1,1,4.0496,0.0,0.21,4.05
SO-2026-0000687,10,PROD_000912,1,1,2.7438,0.0,0.21,2.74
SO-2026-0000687,20,PROD_001122,3,3,0.9917,0.0,0.21,2.98
SO-2026-0000687,30,PROD_001417,1,1,1.9504,0.0,0.21,1.95
SO-2026-0000687,40,PROD_002204,2,1,1.6529,0.0,0.21,1.65
SO-2026-0000687,50,PROD_001437,1,1,1.4423,0.0,0.04,1.44
SO-2026-0000687,60,PROD_000434,2,2,0.9917,0.0,0.21,1.98
SO-2026-0000687,70,PROD_003419,1,1,1.7355,0.0,0.21,1.74
SO-2026-0000687,80,PROD_002469,4,4,3.124,0.0,0.21,12.5
SO-2026-0000687,90,PROD_002951,5,5,2.6033,0.0,0.21,13.02
SO-2026-0000687,100,PROD_001974,1,1,0.9504,0.0,0.21,0.95
SO-2026-0000687,110,PROD_003196,2,2,2.0661,0.0,0.21,4.13
SO-2026-0000687,120,PROD_002456,2,2,2.6033,0.0,0.21,5.21
SO-2026-0000687,130,PROD_000426,3,3,0.9917,0.0,0.21,2.98
SO-2026-0000687,140,PROD_001818,2,2,11.405,0.0,0.21,22.81
SO-2026-0000687,150,PROD_000438,1,1,0.9504,0.0,0.21,0.95
SO-2026-0000687,160,PROD_003395,3,3,1.405,0.0,0.21,4.21
SO-2026-0000687,170,PROD_000937,1,1,0.3365,0.0,0.04,0.34
SO-2026-0000687,180,PROD_000015,1,1,5.7355,0.0,0.21,5.74
SO-2026-0000687,190,PROD_000095,2,2,4.0496,0.0,0.21,8.1
SO-2026-0000688,10,PROD_002255,2,2,1.405,0.0,0.21,2.81
SO-2026-0000688,20,PROD_001302,2,2,1.7273,0.0,0.21,3.45
SO-2026-0000688,30,PROD_000139,1,1,4.0992,0.0,0.21,4.1
SO-2026-0000688,40,PROD_002679,1,1,3.3058,0.0,0.21,3.31
SO-2026-0000688,50,PROD_001355,1,1,16.3182,0.0,0.1,16.32
SO-2026-0000689,10,PROD_000085,1,1,1.9008,0.0,0.21,1.9
SO-2026-0000689,20,PROD_002900,2,2,2.8926,0.0,0.21,5.79
SO-2026-0000689,30,PROD_000326,4,4,0.7025,0.0,0.21,2.81
SO-2026-0000689,40,PROD_001519,1,1,7.0661,0.0,0.21,7.07
SO-2026-0000689,50,PROD_000088,5,5,1.281,0.0,0.21,6.4
SO-2026-0000689,60,PROD_001025,5,5,2.3967,0.0,0.21,11.98
SO-2026-0000689,70,PROD_000759,1,1,2.8926,0.0,0.21,2.89
SO-2026-0000689,80,PROD_001273,2,2,1.6529,0.0,0.21,3.31
SO-2026-0000689,90,PROD_000101,1,1,1.6612,0.0,0.21,1.66
SO-2026-0000689,100,PROD_001358,1,1,6.686,0.0,0.21,6.69
SO-2026-0000689,110,PROD_002146,2,2,0.8264,0.0,0.21,1.65
SO-2026-0000689,120,PROD_001870,5,5,1.1157,0.0,0.21,5.58
SO-2026-0000689,130,PROD_000153,3,3,1.4959,0.0,0.21,4.49
SO-2026-0000690,10,PROD_003015,2,2,1.0744,0.0,0.21,2.15
SO-2026-0000690,20,PROD_001402,2,2,2.5207,0.0,0.21,5.04
SO-2026-0000690,30,PROD_002414,3,3,2.314,0.0,0.21,6.94
SO-2026-0000690,40,PROD_003689,1,1,2.8926,0.0,0.21,2.89
SO-2026-0000690,50,PROD_001954,1,1,5.6694,0.0,0.21,5.67
SO-2026-0000690,60,PROD_002077,1,1,2.8926,0.0,0.21,2.89
SO-2026-0000690,70,PROD_002697,2,2,1.5289,0.0,0.21,3.06
SO-2026-0000691,10,PROD_001801,3,3,1.3223,0.0,0.21,3.97
SO-2026-0000691,20,PROD_001749,2,2,1.3223,0.0,0.21,2.64
SO-2026-0000691,30,PROD_001554,1,1,0.8264,0.0,0.21,0.83
SO-2026-0000691,40,PROD_002393,1,1,1.157,0.0,0.21,1.16
SO-2026-0000691,50,PROD_000221,1,1,1.0331,0.0,0.21,1.03
SO-2026-0000691,60,PROD_002000,1,1,1.6529,0.0,0.21,1.65
SO-2026-0000691,70,PROD_000356,1,1,2.8512,0.0,0.21,2.85
SO-2026-0000691,80,PROD_002119,1,1,4.9174,0.0,0.21,4.92
SO-2026-0000691,90,PROD_003008,1,1,1.1157,0.0,0.21,1.12
SO-2026-0000691,100,PROD_002875,2,2,0.8264,0.0,0.21,1.65
SO-2026-0000691,110,PROD_003572,1,1,0.9909,0.0,0.1,0.99
SO-2026-0000691,120,PROD_001915,2,2,16.4876,0.0,0.21,32.98
SO-2026-0000691,130,PROD_000268,1,1,1.405,0.0,0.21,1.41
SO-2026-0000691,140,PROD_000839,1,1,0.7769,0.0,0.21,0.78
SO-2026-0000691,150,PROD_000361,2,2,5.4545,0.0,0.21,10.91
SO-2026-0000691,160,PROD_000031,2,2,4.1322,0.0,0.21,8.26
SO-2026-0000691,170,PROD_000390,2,2,1.3306,0.0,0.21,2.66
SO-2026-0000691,180,PROD_000492,1,1,8.5537,0.0,0.21,8.55
SO-2026-0000691,190,PROD_000544,2,2,1.9008,0.0,0.21,3.8
SO-2026-0000691,200,PROD_000813,1,1,1.3636,0.0,0.21,1.36
SO-2026-0000691,210,PROD_000433,1,1,1.1983,0.0,0.21,1.2
SO-2026-0000691,220,PROD_000438,1,1,0.9504,0.0,0.21,0.95
SO-2026-0000691,230,PROD_002820,1,1,2.0661,0.0,0.21,2.07
SO-2026-0000691,240,PROD_000504,2,1,3.1736,0.0,0.21,3.17
SO-2026-0000691,250,PROD_003677,2,2,5.0579,0.0,0.21,10.12
SO-2026-0000691,260,PROD_000690,1,1,1.3636,0.0,0.21,1.36
SO-2026-0000691,270,PROD_000006,1,1,2.0661,0.0,0.21,2.07
SO-2026-0000691,280,PROD_002832,2,2,1.4876,0.0,0.21,2.98
SO-2026-0000691,290,PROD_001852,4,4,3.1322,0.0,0.21,12.53
SO-2026-0000691,300,PROD_003012,2,2,1.1157,0.0,0.21,2.23
SO-2026-0000692,10,PROD_000544,1,1,1.9008,0.0,0.21,1.9
SO-2026-0000692,20,PROD_001236,1,1,2.314,0.0,0.21,2.31
SO-2026-0000692,30,PROD_001777,1,1,1.2397,0.0,0.21,1.24
SO-2026-0000692,40,PROD_001910,1,1,0.7851,0.0,0.21,0.79
SO-2026-0000692,50,PROD_003406,1,1,1.2397,0.0,0.21,1.24
SO-2026-0000692,60,PROD_000532,2,2,5.2893,0.0,0.21,10.58
SO-2026-0000692,70,PROD_000230,2,2,2.3967,0.0,0.21,4.79
SO-2026-0000692,80,PROD_001154,3,3,0.9504,0.0,0.21,2.85
SO-2026-0000692,90,PROD_001716,1,1,4.0496,0.0,0.21,4.05
SO-2026-0000692,100,PROD_000906,3,3,2.0661,0.0,0.21,6.2
SO-2026-0000692,110,PROD_001985,1,1,1.2019,0.0,0.04,1.2
SO-2026-0000692,120,PROD_001966,2,2,0.8264,0.0,0.21,1.65
SO-2026-0000692,130,PROD_000515,2,2,2.8512,0.0,0.21,5.7
SO-2026-0000693,10,PROD_003555,1,1,0.9504,0.0,0.21,0.95
SO-2026-0000693,20,PROD_001303,1,1,1.5702,0.0,0.21,1.57
SO-2026-0000693,30,PROD_001410,2,2,1.6529,0.0,0.21,3.31
SO-2026-0000693,40,PROD_000614,1,1,1.2404,0.0,0.04,1.24
SO-2026-0000693,50,PROD_003116,1,1,4.3388,0.0,0.21,4.34
SO-2026-0000693,60,PROD_000530,1,1,11.7273,0.0,0.1,11.73
SO-2026-0000693,70,PROD_001386,1,1,3.8017,0.0,0.21,3.8
SO-2026-0000693,80,PROD_002310,2,2,5.4132,0.0,0.21,10.83
SO-2026-0000693,90,PROD_000801,1,1,3.2231,0.0,0.21,3.22
SO-2026-0000693,100,PROD_000485,3,3,13.157,0.0,0.21,39.47
SO-2026-0000693,110,PROD_002994,2,2,1.6529,0.0,0.21,3.31
SO-2026-0000693,120,PROD_003319,1,1,1.157,0.0,0.21,1.16
SO-2026-0000693,130,PROD_000660,1,1,9.2885,0.0,0.04,9.29
SO-2026-0000693,140,PROD_003562,1,1,1.0744,0.0,0.21,1.07
SO-2026-0000693,150,PROD_001648,2,2,1.4463,0.0,0.21,2.89
SO-2026-0000693,160,PROD_000117,1,1,1.6446,0.0,0.21,1.64
SO-2026-0000693,170,PROD_000010,4,4,0.8264,0.0,0.21,3.31
SO-2026-0000693,180,PROD_001875,1,1,2.8926,0.0,0.21,2.89
SO-2026-0000693,190,PROD_001923,1,1,32.7818,0.0,0.1,32.78
SO-2026-0000694,10,PROD_002289,4,4,0.6198,0.0,0.21,2.48
SO-2026-0000694,20,PROD_002232,2,2,1.5289,0.0,0.21,3.06
SO-2026-0000694,30,PROD_000686,1,1,0.9504,0.0,0.21,0.95
SO-2026-0000694,40,PROD_002551,3,3,6.1983,0.0,0.21,18.59
SO-2026-0000694,50,PROD_000034,1,1,1.7769,0.0,0.21,1.78
SO-2026-0000694,60,PROD_000916,7,7,0.9917,0.0,0.21,6.94
SO-2026-0000694,70,PROD_000689,1,1,2.7686,0.0,0.21,2.77
SO-2026-0000694,80,PROD_002277,3,3,4.1322,0.0,0.21,12.4
SO-2026-0000694,90,PROD_001826,3,3,2.3554,0.0,0.21,7.07
SO-2026-0000695,10,PROD_001557,3,3,0.2893,0.0,0.21,0.87
SO-2026-0000695,20,PROD_002120,6,6,3.7686,0.0,0.21,22.61
SO-2026-0000696,10,PROD_000676,1,1,1.3636,0.0,0.1,1.36
SO-2026-0000696,20,PROD_001707,3,3,2.7273,0.0,0.21,8.18
SO-2026-0000697,10,PROD_000469,1,1,4.3471,0.0,0.21,4.35
SO-2026-0000697,20,PROD_003087,2,2,1.7355,0.0,0.21,3.47
SO-2026-0000697,30,PROD_000164,2,2,3.6364,0.0,0.21,7.27
SO-2026-0000697,40,PROD_000272,1,1,1.5702,0.0,0.21,1.57
SO-2026-0000697,50,PROD_003042,1,1,2.8926,0.0,0.21,2.89
SO-2026-0000697,60,PROD_002527,1,1,1.0331,0.0,0.21,1.03
SO-2026-0000697,70,PROD_000471,1,1,1.1157,0.0,0.21,1.12
SO-2026-0000697,80,PROD_003056,3,3,1.5702,0.0,0.21,4.71
SO-2026-0000697,90,PROD_001035,3,3,2.8512,0.0,0.21,8.55
SO-2026-0000697,100,PROD_002670,1,1,1.6116,0.0,0.21,1.61
SO-2026-0000697,110,PROD_001844,1,1,1.0331,0.0,0.21,1.03
SO-2026-0000697,120,PROD_001100,2,2,1.6529,0.0,0.21,3.31
SO-2026-0000697,130,PROD_000913,3,3,3.1322,0.0,0.21,9.4
SO-2026-0000697,140,PROD_003184,1,1,3.2231,0.0,0.21,3.22
SO-2026-0000697,150,PROD_002646,3,3,1.2397,0.0,0.21,3.72
SO-2026-0000698,10,PROD_002910,1,1,2.314,0.0,0.21,2.31
SO-2026-0000698,20,PROD_001976,3,3,2.0,0.0,0.21,6.0
SO-2026-0000698,30,PROD_001510,4,4,2.4793,0.0,0.21,9.92
SO-2026-0000698,40,PROD_000584,1,1,2.0579,0.0,0.21,2.06
SO-2026-0000698,50,PROD_002372,3,3,1.6529,0.0,0.21,4.96
SO-2026-0000698,60,PROD_002469,2,2,3.124,0.0,0.21,6.25
SO-2026-0000699,10,PROD_000689,1,1,2.7686,0.0,0.21,2.77
SO-2026-0000699,20,PROD_000393,5,5,1.3636,0.0,0.21,6.82
SO-2026-0000699,30,PROD_002504,1,1,2.1488,0.0,0.21,2.15
SO-2026-0000699,40,PROD_002437,2,2,1.405,0.0,0.21,2.81
SO-2026-0000699,50,PROD_001658,1,1,2.1488,0.0,0.21,2.15
SO-2026-0000699,60,PROD_002140,2,2,3.4711,0.0,0.21,6.94
SO-2026-0000699,70,PROD_000947,6,6,3.0579,0.0,0.21,18.35
SO-2026-0000700,10,PROD_001037,3,3,3.2231,0.0,0.21,9.67
SO-2026-0000700,20,PROD_003629,1,1,2.2231,0.0,0.21,2.22
SO-2026-0000700,30,PROD_001176,2,1,0.8264,0.0,0.21,0.83
SO-2026-0000700,40,PROD_000008,1,1,1.314,0.0,0.21,1.31
SO-2026-0000700,50,PROD_002656,2,2,1.157,0.0,0.21,2.31
SO-2026-0000700,60,PROD_002257,1,1,1.3636,0.0,0.21,1.36
SO-2026-0000700,70,PROD_000311,1,1,0.8654,0.0,0.04,0.87
SO-2026-0000700,80,PROD_003104,1,1,2.0661,0.0,0.21,2.07
SO-2026-0000700,90,PROD_000871,3,3,1.6116,0.0,0.21,4.83
SO-2026-0000701,10,PROD_003012,2,2,1.1157,0.0,0.21,2.23
SO-2026-0000701,20,PROD_001884,1,1,4.0496,0.0,0.21,4.05
SO-2026-0000701,30,PROD_000523,2,2,2.9587,0.0,0.21,5.92
SO-2026-0000701,40,PROD_002089,3,3,2.2314,0.0,0.21,6.69
SO-2026-0000701,50,PROD_002035,1,1,8.0992,0.0,0.21,8.1
SO-2026-0000701,60,PROD_000126,2,2,2.2314,0.0,0.21,4.46
SO-2026-0000701,70,PROD_000817,6,6,1.3462,0.0,0.04,8.08
SO-2026-0000701,80,PROD_002276,4,4,13.7355,0.0,0.21,54.94
SO-2026-0000701,90,PROD_000765,3,3,3.4711,0.0,0.21,10.41
SO-2026-0000701,100,PROD_001109,3,3,2.1901,0.0,0.21,6.57
SO-2026-0000701,110,PROD_000305,3,3,2.1442,0.0,0.04,6.43
SO-2026-0000701,120,PROD_001369,1,1,0.7025,0.0,0.21,0.7
SO-2026-0000701,130,PROD_001214,1,1,1.2788,0.0,0.04,1.28
SO-2026-0000701,140,PROD_003488,4,4,0.6116,0.0,0.21,2.45
SO-2026-0000701,150,PROD_003518,2,2,1.7355,0.0,0.21,3.47
SO-2026-0000701,160,PROD_001686,1,1,5.9504,0.0,0.21,5.95
SO-2026-0000701,170,PROD_001986,1,1,2.6364,0.0,0.21,2.64
SO-2026-0000701,180,PROD_001974,1,1,0.9504,0.0,0.21,0.95
SO-2026-0000701,190,PROD_003330,1,1,1.5289,0.0,0.21,1.53
SO-2026-0000701,200,PROD_002159,2,2,2.0661,0.0,0.21,4.13
SO-2026-0000701,210,PROD_000420,1,1,1.438,0.0,0.21,1.44
SO-2026-0000701,220,PROD_000943,2,2,0.9091,0.0,0.21,1.82
SO-2026-0000701,230,PROD_003557,2,2,0.7769,0.0,0.21,1.55
SO-2026-0000701,240,PROD_001425,1,1,3.5537,0.0,0.21,3.55
SO-2026-0000701,250,PROD_003342,1,1,5.1653,0.0,0.21,5.17
SO-2026-0000702,10,PROD_001911,1,1,0.8264,0.0,0.21,0.83
SO-2026-0000702,20,PROD_001010,4,4,1.405,0.0,0.21,5.62
SO-2026-0000702,30,PROD_001801,2,2,1.3223,0.0,0.21,2.64
SO-2026-0000702,40,PROD_003015,2,2,1.0744,0.0,0.21,2.15
SO-2026-0000702,50,PROD_002453,3,3,4.4628,0.0,0.21,13.39
SO-2026-0000702,60,PROD_000150,3,3,0.9091,0.0,0.21,2.73
SO-2026-0000702,70,PROD_002732,1,1,4.0909,0.0,0.21,4.09
SO-2026-0000702,80,PROD_002527,1,1,1.0331,0.0,0.21,1.03
SO-2026-0000702,90,PROD_002001,2,2,2.8843,0.0,0.21,5.77
SO-2026-0000703,10,PROD_000768,1,1,3.3884,0.0,0.21,3.39
SO-2026-0000703,20,PROD_000769,2,2,1.2397,0.0,0.21,2.48
SO-2026-0000703,30,PROD_001899,2,2,0.7025,0.0,0.21,1.41
SO-2026-0000703,40,PROD_000834,1,1,3.1322,0.0,0.21,3.13
SO-2026-0000704,10,PROD_003111,2,2,1.5289,0.0,0.21,3.06
SO-2026-0000704,20,PROD_002857,1,1,0.8264,0.0,0.21,0.83
SO-2026-0000704,30,PROD_000511,4,3,2.6942,0.0,0.21,8.08
SO-2026-0000704,40,PROD_000913,2,2,3.1322,0.0,0.21,6.26
SO-2026-0000704,50,PROD_000437,5,3,1.2397,0.0,0.21,3.72
SO-2026-0000705,10,PROD_000089,1,1,0.7438,0.0,0.21,0.74
SO-2026-0000705,20,PROD_002656,2,2,1.157,0.0,0.21,2.31
SO-2026-0000705,30,PROD_001575,2,2,0.8264,0.0,0.21,1.65
SO-2026-0000705,40,PROD_002058,1,1,1.3223,0.0,0.21,1.32
SO-2026-0000705,50,PROD_001510,1,1,2.4793,0.0,0.21,2.48
SO-2026-0000705,60,PROD_001949,1,1,5.0,0.0,0.1,5.0
SO-2026-0000706,10,PROD_003704,1,1,3.7603,0.0,0.21,3.76
SO-2026-0000706,20,PROD_003149,4,4,2.0661,0.0,0.21,8.26
SO-2026-0000706,30,PROD_001749,1,1,1.3223,0.0,0.21,1.32
SO-2026-0000706,40,PROD_003052,1,1,1.9008,0.0,0.21,1.9
SO-2026-0000706,50,PROD_000410,2,2,1.0661,0.0,0.21,2.13
SO-2026-0000706,60,PROD_002680,3,3,3.2645,0.0,0.21,9.79
SO-2026-0000706,70,PROD_002795,1,1,1.314,0.0,0.21,1.31
SO-2026-0000706,80,PROD_001017,2,2,3.2231,0.0,0.21,6.45
SO-2026-0000706,90,PROD_002670,1,1,1.6116,0.0,0.21,1.61
SO-2026-0000706,100,PROD_001727,5,5,1.3636,0.0,0.21,6.82
SO-2026-0000706,110,PROD_000543,2,2,6.0083,0.0,0.21,12.02
SO-2026-0000706,120,PROD_001726,1,1,0.9917,0.0,0.21,0.99
SO-2026-0000706,130,PROD_000089,3,3,0.7438,0.0,0.21,2.23
SO-2026-0000707,10,PROD_000834,9,9,3.1322,0.0,0.21,28.19
SO-2026-0000708,10,PROD_000096,4,4,1.8182,0.0,0.21,7.27
SO-2026-0000708,20,PROD_000478,5,5,11.3388,0.0,0.21,56.69
SO-2026-0000708,30,PROD_002048,3,3,2.7686,0.0,0.21,8.31
SO-2026-0000708,40,PROD_002196,3,3,1.9008,0.0,0.21,5.7
SO-2026-0000708,50,PROD_003395,4,4,1.405,0.0,0.21,5.62
SO-2026-0000708,60,PROD_002404,3,3,2.1901,0.0,0.21,6.57
SO-2026-0000708,70,PROD_000320,3,3,1.9835,0.0,0.21,5.95
SO-2026-0000708,80,PROD_001796,4,4,2.1488,0.0,0.21,8.6
SO-2026-0000708,90,PROD_003189,1,1,2.2562,0.0,0.21,2.26
SO-2026-0000708,100,PROD_003371,5,5,1.5289,0.0,0.21,7.64
SO-2026-0000708,110,PROD_000850,4,4,0.8264,0.0,0.21,3.31
SO-2026-0000708,120,PROD_000608,1,1,0.9091,0.0,0.21,0.91
SO-2026-0000708,130,PROD_001439,1,1,2.7686,0.0,0.21,2.77
SO-2026-0000709,10,PROD_001519,2,2,7.0661,0.0,0.21,14.13
SO-2026-0000709,20,PROD_001553,1,1,13.2975,0.0,0.21,13.3
SO-2026-0000709,30,PROD_001712,4,4,2.1074,0.0,0.21,8.43
SO-2026-0000709,40,PROD_001345,1,1,2.4793,0.0,0.21,2.48
SO-2026-0000709,50,PROD_001387,3,3,6.1983,0.0,0.21,18.59
SO-2026-0000709,60,PROD_001749,3,3,1.3223,0.0,0.21,3.97
SO-2026-0000710,10,PROD_002679,1,1,3.3058,0.0,0.21,3.31
SO-2026-0000710,20,PROD_002720,2,2,1.3223,0.0,0.21,2.64
SO-2026-0000710,30,PROD_002219,1,1,4.0496,0.0,0.21,4.05
SO-2026-0000710,40,PROD_002482,1,1,0.9615,0.0,0.04,0.96
SO-2026-0000710,50,PROD_002610,2,2,3.2397,0.0,0.21,6.48
SO-2026-0000710,60,PROD_001773,4,4,2.1901,0.0,0.21,8.76
SO-2026-0000710,70,PROD_000097,1,1,1.2397,0.0,0.21,1.24
SO-2026-0000710,80,PROD_003167,1,1,3.2231,0.0,0.21,3.22
SO-2026-0000710,90,PROD_003668,1,1,2.6442,0.0,0.04,2.64
SO-2026-0000710,100,PROD_000831,1,1,1.3462,0.0,0.04,1.35
SO-2026-0000710,110,PROD_003488,3,1,0.6116,0.0,0.21,0.61
SO-2026-0000710,120,PROD_002456,3,2,2.6033,0.0,0.21,5.21
SO-2026-0000710,130,PROD_000480,1,1,3.0165,0.0,0.21,3.02
SO-2026-0000710,140,PROD_003358,1,1,6.5289,0.0,0.21,6.53
SO-2026-0000710,150,PROD_001661,5,5,2.5481,0.0,0.04,12.74
SO-2026-0000710,160,PROD_001082,2,2,1.7273,0.0,0.21,3.45
SO-2026-0000710,170,PROD_002130,6,1,1.6529,0.0,0.21,1.65
SO-2026-0000710,180,PROD_002083,4,4,4.1818,0.0,0.21,16.73
SO-2026-0000710,190,PROD_002489,3,3,6.5041,0.0,0.21,19.51
SO-2026-0000711,10,PROD_001333,2,2,1.7355,0.0,0.21,3.47
SO-2026-0000711,20,PROD_001093,1,1,1.3223,0.0,0.21,1.32
SO-2026-0000711,30,PROD_002569,3,3,1.6529,0.0,0.21,4.96
SO-2026-0000711,40,PROD_003451,1,1,1.281,0.0,0.21,1.28
SO-2026-0000711,50,PROD_000229,2,2,0.3636,0.0,0.1,0.73
SO-2026-0000711,60,PROD_002038,7,7,2.3967,0.0,0.21,16.78
SO-2026-0000712,10,PROD_001669,4,4,2.314,0.0,0.21,9.26
SO-2026-0000712,20,PROD_001182,1,1,1.1983,0.0,0.21,1.2
SO-2026-0000712,30,PROD_000115,1,1,1.0962,0.0,0.04,1.1
SO-2026-0000712,40,PROD_003325,1,1,2.0661,0.0,0.21,2.07
SO-2026-0000712,50,PROD_000422,3,3,1.4876,0.0,0.21,4.46
SO-2026-0000712,60,PROD_001431,2,2,1.5289,0.0,0.21,3.06
SO-2026-0000712,70,PROD_001094,1,1,1.6529,0.0,0.21,1.65
SO-2026-0000712,80,PROD_000315,3,3,2.3554,0.0,0.21,7.07
SO-2026-0000712,90,PROD_000683,3,3,8.6612,0.0,0.21,25.98
SO-2026-0000712,100,PROD_003627,1,1,2.4711,0.0,0.21,2.47
SO-2026-0000712,110,PROD_000096,6,6,1.8182,0.0,0.21,10.91
SO-2026-0000712,120,PROD_001884,1,1,4.0496,0.0,0.21,4.05
SO-2026-0000713,10,PROD_000789,2,2,1.3223,0.0,0.21,2.64
SO-2026-0000713,20,PROD_000220,1,1,0.9917,0.0,0.21,0.99
SO-2026-0000713,30,PROD_000236,2,2,0.6612,0.0,0.21,1.32
SO-2026-0000713,40,PROD_000300,1,1,1.6446,0.0,0.21,1.64
SO-2026-0000713,50,PROD_000407,1,1,32.8636,0.0,0.1,32.86
SO-2026-0000714,10,PROD_002593,7,7,3.0826,0.0,0.21,21.58
SO-2026-0000715,10,PROD_001827,3,3,2.2479,0.0,0.21,6.74
SO-2026-0000715,20,PROD_003216,4,4,1.5702,0.0,0.21,6.28
SO-2026-0000716,10,PROD_003651,1,1,10.6198,0.0,0.21,10.62
SO-2026-0000716,20,PROD_001211,4,4,1.3223,0.0,0.21,5.29
SO-2026-0000716,30,PROD_000083,1,1,2.3554,0.0,0.21,2.36
SO-2026-0000716,40,PROD_003340,5,5,6.0,0.0,0.21,30.0
SO-2026-0000716,50,PROD_003502,3,3,1.5289,0.0,0.21,4.59
SO-2026-0000716,60,PROD_001678,1,1,1.8182,0.0,0.21,1.82
SO-2026-0000717,10,PROD_002310,5,5,5.4132,0.0,0.21,27.07
SO-2026-0000717,20,PROD_001362,1,1,1.3223,0.0,0.21,1.32
SO-2026-0000717,30,PROD_002940,1,1,1.6529,0.0,0.21,1.65
SO-2026-0000717,40,PROD_003278,2,2,0.9917,0.0,0.21,1.98
SO-2026-0000717,50,PROD_002119,3,3,4.9174,0.0,0.21,14.75
SO-2026-0000718,10,PROD_000166,4,4,2.8099,0.0,0.21,11.24
SO-2026-0000719,10,PROD_001443,2,2,3.3058,0.0,0.21,6.61
SO-2026-0000719,20,PROD_001166,4,4,0.8264,0.0,0.21,3.31
SO-2026-0000719,30,PROD_000513,1,1,2.6033,0.0,0.21,2.6
SO-2026-0000719,40,PROD_002734,1,1,3.2231,0.0,0.21,3.22
SO-2026-0000719,50,PROD_000924,1,1,1.6529,0.0,0.21,1.65
SO-2026-0000719,60,PROD_000394,2,2,1.5702,0.0,0.21,3.14
SO-2026-0000719,70,PROD_000032,1,1,5.6612,0.0,0.21,5.66
SO-2026-0000719,80,PROD_001661,2,2,2.5481,0.0,0.04,5.1
SO-2026-0000719,90,PROD_002493,2,2,5.6446,0.0,0.21,11.29
SO-2026-0000719,100,PROD_001236,6,6,2.314,0.0,0.21,13.88
SO-2026-0000719,110,PROD_000680,1,1,2.2727,0.0,0.21,2.27
SO-2026-0000719,120,PROD_002629,1,1,0.7438,0.0,0.21,0.74
SO-2026-0000719,130,PROD_002517,2,2,0.2479,0.0,0.21,0.5
SO-2026-0000719,140,PROD_001332,3,3,2.5865,0.0,0.04,7.76
SO-2026-0000719,150,PROD_003717,1,1,3.719,0.0,0.21,3.72
SO-2026-0000719,160,PROD_002874,1,1,7.0165,0.0,0.21,7.02
SO-2026-0000719,170,PROD_003724,2,2,1.3967,0.0,0.21,2.79
SO-2026-0000719,180,PROD_000169,3,3,2.5207,0.0,0.21,7.56
SO-2026-0000719,190,PROD_000544,3,3,1.9008,0.0,0.21,5.7
SO-2026-0000719,200,PROD_001954,1,1,5.6694,0.0,0.21,5.67
SO-2026-0000719,210,PROD_003518,5,5,1.7355,0.0,0.21,8.68
SO-2026-0000719,220,PROD_001545,1,1,1.6827,0.0,0.04,1.68
SO-2026-0000719,230,PROD_002914,2,2,2.9752,0.0,0.21,5.95
SO-2026-0000719,240,PROD_003621,1,1,7.8512,0.0,0.21,7.85
SO-2026-0000719,250,PROD_001444,1,1,3.719,0.0,0.21,3.72
SO-2026-0000719,260,PROD_000015,3,3,5.7355,0.0,0.21,17.21
SO-2026-0000719,270,PROD_000508,1,1,10.4132,0.0,0.21,10.41
SO-2026-0000719,280,PROD_001517,1,1,9.3818,0.0,0.1,9.38
SO-2026-0000719,290,PROD_002981,1,1,3.719,0.0,0.21,3.72
SO-2026-0000719,300,PROD_003088,1,1,5.7355,0.0,0.21,5.74
SO-2026-0000720,10,PROD_001089,3,3,5.1157,0.0,0.21,15.35
SO-2026-0000720,20,PROD_002114,3,3,7.3554,0.0,0.21,22.07
SO-2026-0000720,30,PROD_000944,1,1,1.2397,0.0,0.21,1.24
SO-2026-0000720,40,PROD_003354,1,1,1.5702,0.0,0.21,1.57
SO-2026-0000720,50,PROD_002119,1,1,4.9174,0.0,0.21,4.92
SO-2026-0000720,60,PROD_003123,2,2,2.0661,0.0,0.21,4.13
SO-2026-0000720,70,PROD_001386,4,4,3.8017,0.0,0.21,15.21
SO-2026-0000721,10,PROD_002747,2,2,2.7686,0.0,0.21,5.54
SO-2026-0000721,20,PROD_001630,2,2,1.3636,0.0,0.21,2.73
SO-2026-0000721,30,PROD_000089,2,2,0.7438,0.0,0.21,1.49
SO-2026-0000721,40,PROD_001474,2,2,0.7851,0.0,0.21,1.57
SO-2026-0000721,50,PROD_001332,1,1,2.5865,0.0,0.04,2.59
SO-2026-0000721,60,PROD_000726,3,1,3.2231,0.0,0.21,3.22
SO-2026-0000721,70,PROD_003028,4,1,3.2645,0.0,0.21,3.26
SO-2026-0000721,80,PROD_000098,3,3,2.9339,0.0,0.21,8.8
SO-2026-0000722,10,PROD_003053,3,3,1.5702,0.0,0.21,4.71
SO-2026-0000722,20,PROD_002142,1,1,8.2645,0.0,0.21,8.26
SO-2026-0000722,30,PROD_000857,1,1,0.9917,0.0,0.21,0.99
SO-2026-0000722,40,PROD_001705,1,1,1.281,0.0,0.21,1.28
SO-2026-0000722,50,PROD_000320,2,2,1.9835,0.0,0.21,3.97
SO-2026-0000722,60,PROD_001278,2,2,1.6116,0.0,0.21,3.22
SO-2026-0000722,70,PROD_002686,1,1,1.6529,0.0,0.21,1.65
SO-2026-0000722,80,PROD_000248,1,1,0.6198,0.0,0.21,0.62
SO-2026-0000722,90,PROD_001521,1,1,0.2397,0.0,0.21,0.24
SO-2026-0000722,100,PROD_003049,1,1,3.3058,0.0,0.21,3.31
SO-2026-0000722,110,PROD_000653,5,5,1.3636,0.0,0.21,6.82
SO-2026-0000722,120,PROD_000226,1,1,1.405,0.0,0.21,1.41
SO-2026-0000722,130,PROD_000342,2,2,1.1157,0.0,0.21,2.23
SO-2026-0000722,140,PROD_001500,2,2,1.8595,0.0,0.21,3.72
SO-2026-0000722,150,PROD_002436,4,4,2.8512,0.0,0.21,11.4
SO-2026-0000723,10,PROD_001911,1,1,0.8264,0.0,0.21,0.83
SO-2026-0000723,20,PROD_001341,1,1,1.7603,0.0,0.21,1.76
SO-2026-0000723,30,PROD_003438,1,1,0.7438,0.0,0.21,0.74
SO-2026-0000723,40,PROD_003153,2,2,2.0661,0.0,0.21,4.13
SO-2026-0000723,50,PROD_002343,3,3,16.3388,0.0,0.21,49.02
SO-2026-0000724,10,PROD_000865,1,1,1.9231,0.0,0.04,1.92
SO-2026-0000724,20,PROD_000399,2,2,1.0165,0.0,0.21,2.03
SO-2026-0000724,30,PROD_002077,2,2,2.8926,0.0,0.21,5.79
SO-2026-0000724,40,PROD_003132,6,6,3.2231,0.0,0.21,19.34
SO-2026-0000725,10,PROD_002742,3,3,2.1488,0.0,0.21,6.45
SO-2026-0000725,20,PROD_000283,1,1,1.9008,0.0,0.21,1.9
SO-2026-0000725,30,PROD_002282,1,1,1.8017,0.0,0.21,1.8
SO-2026-0000725,40,PROD_001934,2,2,3.2645,0.0,0.21,6.53
SO-2026-0000725,50,PROD_003530,3,3,0.9917,0.0,0.21,2.98
SO-2026-0000725,60,PROD_001278,1,1,1.6116,0.0,0.21,1.61
SO-2026-0000725,70,PROD_000927,1,1,1.7769,0.0,0.21,1.78
SO-2026-0000725,80,PROD_002357,2,2,4.0496,0.0,0.21,8.1
SO-2026-0000725,90,PROD_000160,2,2,1.281,0.0,0.21,2.56
SO-2026-0000725,100,PROD_002144,6,6,1.7355,0.0,0.21,10.41
SO-2026-0000725,110,PROD_000576,2,2,1.157,0.0,0.21,2.31
SO-2026-0000725,120,PROD_000416,1,1,1.6446,0.0,0.21,1.64
SO-2026-0000725,130,PROD_001126,2,2,0.7025,0.0,0.21,1.41
SO-2026-0000725,140,PROD_000571,2,2,1.2397,0.0,0.21,2.48
SO-2026-0000725,150,PROD_001638,1,1,0.9504,0.0,0.21,0.95
SO-2026-0000725,160,PROD_001993,1,1,1.4423,0.0,0.04,1.44
SO-2026-0000725,170,PROD_002879,1,1,1.2397,0.0,0.21,1.24
SO-2026-0000725,180,PROD_001410,5,5,1.6529,0.0,0.21,8.26
SO-2026-0000725,190,PROD_001395,2,2,3.1983,0.0,0.21,6.4
SO-2026-0000726,10,PROD_003489,5,5,1.3223,0.0,0.21,6.61
SO-2026-0000726,20,PROD_000551,1,1,1.4463,0.0,0.21,1.45
SO-2026-0000726,30,PROD_000544,1,1,1.9008,0.0,0.21,1.9
SO-2026-0000726,40,PROD_000090,2,2,1.6116,0.0,0.21,3.22
SO-2026-0000726,50,PROD_000317,4,4,1.1653,0.0,0.21,4.66
SO-2026-0000726,60,PROD_001432,2,2,5.8843,0.0,0.21,11.77
SO-2026-0000726,70,PROD_003536,4,4,13.595,0.0,0.21,54.38
SO-2026-0000726,80,PROD_001378,1,1,1.9835,0.0,0.21,1.98
SO-2026-0000726,90,PROD_000977,1,1,0.9504,0.0,0.21,0.95
SO-2026-0000726,100,PROD_000316,2,2,5.1818,0.0,0.21,10.36
SO-2026-0000727,10,PROD_002649,2,2,1.2397,0.0,0.21,2.48
SO-2026-0000727,20,PROD_003264,2,2,4.7107,0.0,0.21,9.42
SO-2026-0000727,30,PROD_001181,7,7,1.0744,0.0,0.21,7.52
SO-2026-0000727,40,PROD_001222,1,1,2.6116,0.0,0.21,2.61
SO-2026-0000727,50,PROD_002408,2,2,2.1901,0.0,0.21,4.38
SO-2026-0000728,10,PROD_000100,4,4,1.281,0.0,0.21,5.12
SO-2026-0000728,20,PROD_003346,4,4,0.7769,0.0,0.21,3.11
SO-2026-0000728,30,PROD_002496,1,1,1.1157,0.0,0.21,1.12
SO-2026-0000728,40,PROD_002166,1,1,1.6116,0.0,0.21,1.61
SO-2026-0000728,50,PROD_003290,4,4,0.9504,0.0,0.21,3.8
SO-2026-0000728,60,PROD_003220,1,1,0.7438,0.0,0.21,0.74
SO-2026-0000728,70,PROD_000016,2,2,4.9587,0.0,0.21,9.92
SO-2026-0000729,10,PROD_001288,6,6,5.6198,0.0,0.21,33.72
SO-2026-0000729,20,PROD_000140,3,3,2.438,0.0,0.21,7.31
SO-2026-0000729,30,PROD_000085,2,2,1.9008,0.0,0.21,3.8
SO-2026-0000730,10,PROD_001061,2,2,1.2893,0.0,0.21,2.58
SO-2026-0000730,20,PROD_002216,3,3,1.1157,0.0,0.21,3.35
SO-2026-0000730,30,PROD_000902,1,1,1.2981,0.0,0.04,1.3
SO-2026-0000730,40,PROD_000133,1,1,1.2397,0.0,0.21,1.24
SO-2026-0000730,50,PROD_000293,4,4,1.0744,0.0,0.21,4.3
SO-2026-0000730,60,PROD_002520,1,1,5.6364,0.0,0.1,5.64
SO-2026-0000730,70,PROD_002594,2,2,0.3802,0.0,0.21,0.76
SO-2026-0000730,80,PROD_000414,3,3,7.2893,0.0,0.21,21.87
SO-2026-0000731,10,PROD_003374,2,2,1.1983,0.0,0.21,2.4
SO-2026-0000731,20,PROD_002883,1,1,1.405,0.0,0.21,1.41
SO-2026-0000731,30,PROD_000282,1,1,3.876,0.0,0.21,3.88
SO-2026-0000731,40,PROD_002284,5,5,2.8099,0.0,0.21,14.05
SO-2026-0000731,50,PROD_003443,4,4,1.5702,0.0,0.21,6.28
SO-2026-0000731,60,PROD_002103,3,3,6.5537,0.0,0.21,19.66
SO-2026-0000732,10,PROD_000213,3,3,4.0909,0.0,0.21,12.27
SO-2026-0000732,20,PROD_000293,1,1,1.0744,0.0,0.21,1.07
SO-2026-0000732,30,PROD_003154,1,1,3.2231,0.0,0.21,3.22
SO-2026-0000732,40,PROD_002145,2,2,2.1154,0.0,0.04,4.23
SO-2026-0000732,50,PROD_002913,1,1,4.3802,0.0,0.21,4.38
SO-2026-0000732,60,PROD_001049,1,1,1.4463,0.0,0.21,1.45
SO-2026-0000732,70,PROD_000199,1,1,6.1901,0.0,0.21,6.19
SO-2026-0000732,80,PROD_001842,1,1,0.9091,0.0,0.21,0.91
SO-2026-0000732,90,PROD_000245,3,3,2.0661,0.0,0.21,6.2
SO-2026-0000733,10,PROD_001466,1,1,4.9587,0.0,0.21,4.96
SO-2026-0000733,20,PROD_002187,2,2,2.281,0.0,0.21,4.56
SO-2026-0000733,30,PROD_000524,3,3,2.8512,0.0,0.21,8.55
SO-2026-0000733,40,PROD_001431,1,1,1.5289,0.0,0.21,1.53
SO-2026-0000733,50,PROD_000257,4,4,1.0,0.0,0.21,4.0
SO-2026-0000733,60,PROD_000105,3,3,1.6942,0.0,0.21,5.08
SO-2026-0000733,70,PROD_000718,2,2,1.7686,0.0,0.21,3.54
SO-2026-0000733,80,PROD_003058,3,3,1.4876,0.0,0.21,4.46
SO-2026-0000733,90,PROD_003353,3,3,1.281,0.0,0.21,3.84
SO-2026-0000733,100,PROD_003600,1,1,7.7273,0.0,0.21,7.73
SO-2026-0000734,10,PROD_003650,2,2,1.5702,0.0,0.21,3.14
SO-2026-0000734,20,PROD_002170,1,1,1.1157,0.0,0.21,1.12
SO-2026-0000734,30,PROD_002520,2,2,5.6364,0.0,0.1,11.27
SO-2026-0000734,40,PROD_001721,4,4,1.4876,0.0,0.21,5.95
SO-2026-0000734,50,PROD_000919,1,1,2.8099,0.0,0.21,2.81
SO-2026-0000734,60,PROD_000737,1,1,3.2231,0.0,0.21,3.22
SO-2026-0000734,70,PROD_001411,2,2,1.7273,0.0,0.21,3.45
SO-2026-0000734,80,PROD_001648,2,2,1.4463,0.0,0.21,2.89
SO-2026-0000734,90,PROD_003628,4,3,1.0744,0.0,0.21,3.22
SO-2026-0000734,100,PROD_003025,1,1,0.8264,0.0,0.21,0.83
SO-2026-0000734,110,PROD_002900,2,2,2.8926,0.0,0.21,5.79
SO-2026-0000734,120,PROD_000465,4,1,14.9256,0.0,0.21,14.93
SO-2026-0000734,130,PROD_000096,1,1,1.8182,0.0,0.21,1.82
SO-2026-0000734,140,PROD_003496,5,3,1.3388,0.0,0.21,4.02
SO-2026-0000734,150,PROD_003207,2,1,2.0661,0.0,0.21,2.07
SO-2026-0000734,160,PROD_000976,1,1,1.0744,0.0,0.21,1.07
SO-2026-0000734,170,PROD_000174,1,1,2.3884,0.0,0.21,2.39
SO-2026-0000734,180,PROD_002333,3,3,0.9504,0.0,0.21,2.85
SO-2026-0000734,190,PROD_003477,3,3,1.1074,0.0,0.21,3.32
SO-2026-0000734,200,PROD_002803,3,3,0.9091,0.0,0.21,2.73
SO-2026-0000734,210,PROD_003584,2,2,8.9669,0.0,0.21,17.93
SO-2026-0000734,220,PROD_000520,4,4,3.4628,0.0,0.21,13.85
SO-2026-0000734,230,PROD_003014,3,3,0.9917,0.0,0.21,2.98
SO-2026-0000734,240,PROD_001248,3,1,0.7438,0.0,0.21,0.74
SO-2026-0000734,250,PROD_000508,1,1,10.4132,0.0,0.21,10.41
SO-2026-0000734,260,PROD_001668,1,1,1.6033,0.0,0.21,1.6
SO-2026-0000734,270,PROD_003654,1,1,1.5481,0.0,0.04,1.55
SO-2026-0000734,280,PROD_001274,2,2,5.9256,0.0,0.21,11.85
SO-2026-0000734,290,PROD_002129,4,4,3.2645,0.0,0.21,13.06
SO-2026-0000734,300,PROD_002926,1,1,1.3636,0.0,0.21,1.36
SO-2026-0000734,310,PROD_003003,2,2,0.6942,0.0,0.21,1.39
SO-2026-0000734,320,PROD_000870,4,3,0.9615,0.0,0.04,2.88
SO-2026-0000734,330,PROD_001992,2,2,1.9421,0.0,0.21,3.88
SO-2026-0000735,10,PROD_001586,1,1,2.1488,0.0,0.21,2.15
SO-2026-0000735,20,PROD_001987,1,1,1.4423,0.0,0.04,1.44
SO-2026-0000735,30,PROD_000555,3,3,0.3365,0.0,0.04,1.01
SO-2026-0000735,40,PROD_003684,2,2,0.8678,0.0,0.21,1.74
SO-2026-0000735,50,PROD_003723,1,1,0.7438,0.0,0.21,0.74
SO-2026-0000735,60,PROD_001398,5,5,1.5041,0.0,0.21,7.52
SO-2026-0000735,70,PROD_001979,1,1,6.5702,0.0,0.21,6.57
SO-2026-0000736,10,PROD_001721,5,3,1.4876,0.0,0.21,4.46
SO-2026-0000736,20,PROD_001896,2,2,1.9091,0.0,0.21,3.82
SO-2026-0000736,30,PROD_000401,1,1,0.9091,0.0,0.21,0.91
SO-2026-0000736,40,PROD_003028,1,1,3.2645,0.0,0.21,3.26
SO-2026-0000736,50,PROD_002040,3,3,1.9835,0.0,0.21,5.95
SO-2026-0000736,60,PROD_001635,1,1,0.7025,0.0,0.21,0.7
SO-2026-0000736,70,PROD_002858,1,1,1.157,0.0,0.21,1.16
SO-2026-0000736,80,PROD_000239,3,3,1.157,0.0,0.21,3.47
SO-2026-0000736,90,PROD_000647,10,9,4.0496,0.0,0.21,36.45
SO-2026-0000737,10,PROD_002506,2,2,8.8347,0.0,0.21,17.67
SO-2026-0000737,20,PROD_003587,2,2,13.6694,0.0,0.21,27.34
SO-2026-0000737,30,PROD_001512,4,4,6.0331,0.0,0.21,24.13
SO-2026-0000737,40,PROD_001804,5,5,0.9504,0.0,0.21,4.75
SO-2026-0000737,50,PROD_002865,3,3,1.314,0.0,0.21,3.94
SO-2026-0000737,60,PROD_001942,2,2,3.0331,0.0,0.21,6.07
SO-2026-0000737,70,PROD_000168,1,1,1.9008,0.0,0.21,1.9
SO-2026-0000737,80,PROD_001540,2,2,0.7438,0.0,0.21,1.49
SO-2026-0000737,90,PROD_003594,1,1,3.4298,0.0,0.21,3.43
SO-2026-0000737,100,PROD_001871,3,3,1.8512,0.0,0.21,5.55
SO-2026-0000737,110,PROD_003616,4,4,4.6694,0.0,0.21,18.68
SO-2026-0000737,120,PROD_001484,3,3,1.7355,0.0,0.21,5.21
SO-2026-0000737,130,PROD_000695,5,5,1.7355,0.0,0.21,8.68
SO-2026-0000737,140,PROD_000213,3,3,4.0909,0.0,0.21,12.27
SO-2026-0000738,10,PROD_000702,1,1,2.0661,0.0,0.21,2.07
SO-2026-0000738,20,PROD_001408,2,2,2.1488,0.0,0.21,4.3
SO-2026-0000738,30,PROD_000001,3,3,1.8595,0.0,0.21,5.58
SO-2026-0000738,40,PROD_001443,2,2,3.3058,0.0,0.21,6.61
SO-2026-0000738,50,PROD_000809,1,1,1.157,0.0,0.21,1.16
SO-2026-0000738,60,PROD_002540,2,2,1.2019,0.0,0.04,2.4
SO-2026-0000738,70,PROD_000455,2,2,0.8264,0.0,0.21,1.65
SO-2026-0000738,80,PROD_001778,3,3,1.405,0.0,0.21,4.21
SO-2026-0000739,10,PROD_001122,5,5,0.9917,0.0,0.21,4.96
SO-2026-0000739,20,PROD_000087,5,3,1.4298,0.0,0.21,4.29
SO-2026-0000739,30,PROD_002790,2,1,1.5702,0.0,0.21,1.57
SO-2026-0000739,40,PROD_003618,2,2,4.9587,0.0,0.21,9.92
SO-2026-0000739,50,PROD_001914,1,1,2.2314,0.0,0.21,2.23
SO-2026-0000739,60,PROD_000552,2,2,1.6116,0.0,0.21,3.22
SO-2026-0000739,70,PROD_000544,2,2,1.9008,0.0,0.21,3.8
SO-2026-0000739,80,PROD_002678,1,1,2.4793,0.0,0.21,2.48
SO-2026-0000739,90,PROD_000810,2,2,1.4231,0.0,0.04,2.85
SO-2026-0000739,100,PROD_002884,1,1,1.157,0.0,0.21,1.16
SO-2026-0000739,110,PROD_000327,2,2,0.7025,0.0,0.21,1.41
SO-2026-0000739,120,PROD_001941,1,1,3.124,0.0,0.21,3.12
SO-2026-0000739,130,PROD_002487,1,1,11.1405,0.0,0.21,11.14
SO-2026-0000739,140,PROD_001505,1,1,1.6529,0.0,0.21,1.65
SO-2026-0000739,150,PROD_000340,6,6,1.5702,0.0,0.21,9.42
SO-2026-0000739,160,PROD_002329,4,4,2.0826,0.0,0.21,8.33
SO-2026-0000739,170,PROD_003161,1,1,3.9669,0.0,0.21,3.97
SO-2026-0000739,180,PROD_003196,2,2,2.0661,0.0,0.21,4.13
SO-2026-0000739,190,PROD_001569,1,1,4.5041,0.0,0.21,4.5
SO-2026-0000739,200,PROD_001413,3,3,3.0826,0.0,0.21,9.25
SO-2026-0000739,210,PROD_003499,2,2,1.2397,0.0,0.21,2.48
SO-2026-0000739,220,PROD_000046,1,1,1.7769,0.0,0.21,1.78
SO-2026-0000739,230,PROD_002491,3,3,2.8512,0.0,0.21,8.55
SO-2026-0000739,240,PROD_000088,5,5,1.281,0.0,0.21,6.4
SO-2026-0000739,250,PROD_001129,3,3,1.405,0.0,0.21,4.21
SO-2026-0000739,260,PROD_003600,1,1,7.7273,0.0,0.21,7.73
SO-2026-0000739,270,PROD_001843,1,1,1.4463,0.0,0.21,1.45
SO-2026-0000739,280,PROD_001935,1,1,7.6446,0.0,0.21,7.64
SO-2026-0000739,290,PROD_001752,2,1,2.6529,0.0,0.21,2.65
SO-2026-0000739,300,PROD_003307,3,3,0.6198,0.0,0.21,1.86
SO-2026-0000739,310,PROD_000520,2,1,3.4628,0.0,0.21,3.46
SO-2026-0000739,320,PROD_000386,1,1,2.4132,0.0,0.21,2.41
SO-2026-0000739,330,PROD_002478,1,1,2.4959,0.0,0.21,2.5
SO-2026-0000740,10,PROD_000490,3,3,1.1157,0.0,0.21,3.35
SO-2026-0000740,20,PROD_001361,1,1,4.4298,0.0,0.21,4.43
SO-2026-0000740,30,PROD_000675,1,1,10.0248,0.0,0.21,10.02
SO-2026-0000740,40,PROD_001168,1,1,1.6529,0.0,0.21,1.65
SO-2026-0000740,50,PROD_002219,1,1,4.0496,0.0,0.21,4.05
SO-2026-0000740,60,PROD_002150,1,1,4.6281,0.0,0.21,4.63
SO-2026-0000740,70,PROD_000535,3,3,2.3967,0.0,0.21,7.19
SO-2026-0000741,10,PROD_001295,1,1,5.3719,0.0,0.21,5.37
SO-2026-0000741,20,PROD_000335,2,2,4.8512,0.0,0.21,9.7
SO-2026-0000741,30,PROD_001804,2,2,0.9504,0.0,0.21,1.9
SO-2026-0000741,40,PROD_002803,1,1,0.9091,0.0,0.21,0.91
SO-2026-0000741,50,PROD_002457,1,1,3.6364,0.0,0.21,3.64
SO-2026-0000741,60,PROD_003655,2,2,2.2727,0.0,0.21,4.55
SO-2026-0000741,70,PROD_000006,3,3,2.0661,0.0,0.21,6.2
SO-2026-0000741,80,PROD_001207,1,1,2.3182,0.0,0.1,2.32
SO-2026-0000741,90,PROD_002230,2,2,1.0331,0.0,0.21,2.07
SO-2026-0000741,100,PROD_002464,1,1,0.9615,0.0,0.04,0.96
SO-2026-0000741,110,PROD_001032,1,1,0.8678,0.0,0.21,0.87
SO-2026-0000741,120,PROD_001087,1,1,1.0096,0.0,0.04,1.01
SO-2026-0000741,130,PROD_003500,6,6,3.6198,0.0,0.21,21.72
SO-2026-0000742,10,PROD_001674,2,2,1.0992,0.0,0.21,2.2
SO-2026-0000742,20,PROD_001098,2,2,1.0331,0.0,0.21,2.07
SO-2026-0000742,30,PROD_000544,1,1,1.9008,0.0,0.21,1.9
SO-2026-0000742,40,PROD_003428,5,5,1.281,0.0,0.21,6.4
SO-2026-0000742,50,PROD_003476,1,1,1.2893,0.0,0.21,1.29
SO-2026-0000742,60,PROD_000984,1,1,0.5785,0.0,0.21,0.58
SO-2026-0000742,70,PROD_001382,3,3,2.1901,0.0,0.21,6.57
SO-2026-0000742,80,PROD_002459,2,2,0.4132,0.0,0.21,0.83
SO-2026-0000742,90,PROD_001524,3,3,17.3058,0.0,0.21,51.92
SO-2026-0000743,10,PROD_003032,3,3,2.314,0.0,0.21,6.94
SO-2026-0000743,20,PROD_000182,1,1,0.9917,0.0,0.21,0.99
SO-2026-0000743,30,PROD_001288,1,1,5.6198,0.0,0.21,5.62
SO-2026-0000743,40,PROD_000644,3,3,2.438,0.0,0.21,7.31
SO-2026-0000744,10,PROD_003678,1,1,1.6529,0.0,0.21,1.65
SO-2026-0000744,20,PROD_000676,2,2,1.3636,0.0,0.1,2.73
SO-2026-0000744,30,PROD_001880,6,6,2.314,0.0,0.21,13.88
SO-2026-0000745,10,PROD_001554,1,1,0.8264,0.0,0.21,0.83
SO-2026-0000745,20,PROD_001726,1,1,0.9917,0.0,0.21,0.99
SO-2026-0000745,30,PROD_002450,2,2,2.8182,0.0,0.21,5.64
SO-2026-0000745,40,PROD_000485,2,2,13.157,0.0,0.21,26.31
SO-2026-0000745,50,PROD_000788,1,1,7.6446,0.0,0.21,7.64
SO-2026-0000745,60,PROD_002126,3,3,0.7851,0.0,0.21,2.36
SO-2026-0000745,70,PROD_000842,5,5,1.8595,0.0,0.21,9.3
SO-2026-0000746,10,PROD_000508,1,1,10.4132,0.0,0.21,10.41
SO-2026-0000746,20,PROD_000505,2,2,4.876,0.0,0.21,9.75
SO-2026-0000746,30,PROD_000588,1,1,3.5124,0.0,0.21,3.51
SO-2026-0000746,40,PROD_000157,2,2,0.7025,0.0,0.21,1.41
SO-2026-0000746,50,PROD_003457,1,1,4.876,0.0,0.21,4.88
SO-2026-0000746,60,PROD_003448,3,3,1.3223,0.0,0.21,3.97
SO-2026-0000746,70,PROD_001955,1,1,2.3884,0.0,0.21,2.39
SO-2026-0000746,80,PROD_002402,3,3,2.5868,0.0,0.21,7.76
SO-2026-0000746,90,PROD_001253,1,1,1.0744,0.0,0.21,1.07
SO-2026-0000746,100,PROD_001032,4,4,0.8678,0.0,0.21,3.47
SO-2026-0000746,110,PROD_001303,2,2,1.5702,0.0,0.21,3.14
SO-2026-0000746,120,PROD_003482,4,4,1.3223,0.0,0.21,5.29
SO-2026-0000746,130,PROD_003156,1,1,3.2231,0.0,0.21,3.22
SO-2026-0000746,140,PROD_001799,3,3,1.9504,0.0,0.21,5.85
SO-2026-0000747,10,PROD_001461,1,1,1.4545,0.0,0.21,1.45
SO-2026-0000747,20,PROD_000661,2,2,2.4876,0.0,0.21,4.98
SO-2026-0000747,30,PROD_001338,1,1,1.6777,0.0,0.21,1.68
SO-2026-0000747,40,PROD_002138,5,5,1.7521,0.0,0.21,8.76
SO-2026-0000747,50,PROD_000681,1,1,0.9615,0.0,0.04,0.96
SO-2026-0000747,60,PROD_002824,2,2,0.7438,0.0,0.21,1.49
SO-2026-0000748,10,PROD_000933,3,3,2.8099,0.0,0.21,8.43
SO-2026-0000748,20,PROD_000902,1,1,1.2981,0.0,0.04,1.3
SO-2026-0000748,30,PROD_002215,2,2,1.3223,0.0,0.21,2.64
SO-2026-0000748,40,PROD_001810,5,5,0.9504,0.0,0.21,4.75
SO-2026-0000748,50,PROD_003518,1,1,1.7355,0.0,0.21,1.74
SO-2026-0000748,60,PROD_000998,1,1,1.8595,0.0,0.21,1.86
SO-2026-0000748,70,PROD_002122,1,1,4.2562,0.0,0.21,4.26
SO-2026-0000748,80,PROD_000399,1,1,1.0165,0.0,0.21,1.02
SO-2026-0000748,90,PROD_002038,2,2,2.3967,0.0,0.21,4.79
SO-2026-0000748,100,PROD_000977,7,7,0.9504,0.0,0.21,6.65
SO-2026-0000749,10,PROD_001415,2,2,7.7273,0.0,0.21,15.45
SO-2026-0000749,20,PROD_003553,1,1,1.405,0.0,0.21,1.41
SO-2026-0000749,30,PROD_001369,1,1,0.7025,0.0,0.21,0.7
SO-2026-0000749,40,PROD_002019,1,1,6.3058,0.0,0.21,6.31
SO-2026-0000749,50,PROD_001354,2,2,1.0096,0.0,0.04,2.02
SO-2026-0000749,60,PROD_001881,2,2,0.3719,0.0,0.21,0.74
SO-2026-0000749,70,PROD_001814,1,1,2.4876,0.0,0.21,2.49
SO-2026-0000749,80,PROD_003442,1,1,0.8264,0.0,0.21,0.83
SO-2026-0000749,90,PROD_003471,6,6,3.843,0.0,0.21,23.06
SO-2026-0000749,100,PROD_002573,2,2,1.3223,0.0,0.21,2.64
SO-2026-0000749,110,PROD_000128,7,7,16.6364,0.0,0.21,116.45
SO-2026-0000750,10,PROD_002918,1,1,0.7438,0.0,0.21,0.74
SO-2026-0000750,20,PROD_002604,3,3,0.9504,0.0,0.21,2.85
SO-2026-0000750,30,PROD_003104,2,1,2.0661,0.0,0.21,2.07
SO-2026-0000750,40,PROD_002115,4,4,2.7686,0.0,0.21,11.07
SO-2026-0000750,50,PROD_003493,3,1,2.6612,0.0,0.21,2.66
SO-2026-0000750,60,PROD_002605,1,1,1.1983,0.0,0.21,1.2
SO-2026-0000750,70,PROD_001267,2,1,1.9669,0.0,0.21,1.97
SO-2026-0000750,80,PROD_000400,1,1,1.7603,0.0,0.21,1.76
SO-2026-0000750,90,PROD_001723,2,2,2.0248,0.0,0.21,4.05
SO-2026-0000750,100,PROD_001783,6,6,1.7355,0.0,0.21,10.41
SO-2026-0000750,110,PROD_002331,4,4,3.7025,0.0,0.21,14.81
SO-2026-0000751,10,PROD_003149,2,2,2.0661,0.0,0.21,4.13
SO-2026-0000751,20,PROD_000817,3,3,1.3462,0.0,0.04,4.04
SO-2026-0000751,30,PROD_000875,2,2,1.2893,0.0,0.21,2.58
SO-2026-0000751,40,PROD_001042,1,1,4.3388,0.0,0.21,4.34
SO-2026-0000751,50,PROD_000966,2,2,3.0579,0.0,0.21,6.12
SO-2026-0000751,60,PROD_002385,1,1,3.0083,0.0,0.21,3.01
SO-2026-0000751,70,PROD_001325,2,2,1.876,0.0,0.21,3.75
SO-2026-0000751,80,PROD_002817,1,1,3.2231,0.0,0.21,3.22
SO-2026-0000751,90,PROD_001395,3,3,3.1983,0.0,0.21,9.59
SO-2026-0000751,100,PROD_000737,2,2,3.2231,0.0,0.21,6.45
SO-2026-0000751,110,PROD_000989,2,2,1.157,0.0,0.21,2.31
SO-2026-0000751,120,PROD_000015,1,1,5.7355,0.0,0.21,5.74
SO-2026-0000751,130,PROD_000459,1,1,2.3967,0.0,0.21,2.4
SO-2026-0000751,140,PROD_001000,2,2,7.438,0.0,0.21,14.88
SO-2026-0000751,150,PROD_003056,1,1,1.5702,0.0,0.21,1.57
SO-2026-0000751,160,PROD_001599,3,3,2.0661,0.0,0.21,6.2
SO-2026-0000751,170,PROD_002258,2,2,1.2562,0.0,0.21,2.51
SO-2026-0000751,180,PROD_002008,3,3,2.8926,0.0,0.21,8.68
SO-2026-0000751,190,PROD_001191,1,1,0.7025,0.0,0.21,0.7
SO-2026-0000751,200,PROD_002226,1,1,1.7885,0.0,0.04,1.79
SO-2026-0000751,210,PROD_000285,2,2,1.5702,0.0,0.21,3.14
SO-2026-0000752,10,PROD_000681,2,2,0.9615,0.0,0.04,1.92
SO-2026-0000752,20,PROD_001586,5,5,2.1488,0.0,0.21,10.74
SO-2026-0000752,30,PROD_000386,1,1,2.4132,0.0,0.21,2.41
SO-2026-0000752,40,PROD_002599,3,3,4.3388,0.0,0.21,13.02
SO-2026-0000753,10,PROD_000393,3,3,1.3636,0.0,0.21,4.09
SO-2026-0000753,20,PROD_001768,1,1,2.7438,0.0,0.21,2.74
SO-2026-0000753,30,PROD_002038,4,4,2.3967,0.0,0.21,9.59
SO-2026-0000754,10,PROD_000573,2,2,3.4959,0.0,0.21,6.99
SO-2026-0000754,20,PROD_000536,2,2,1.405,0.0,0.21,2.81
SO-2026-0000754,30,PROD_003684,2,2,0.8678,0.0,0.21,1.74
SO-2026-0000754,40,PROD_000669,1,1,2.6446,0.0,0.21,2.64
SO-2026-0000754,50,PROD_000552,1,1,1.6116,0.0,0.21,1.61
SO-2026-0000754,60,PROD_000659,4,4,3.1405,0.0,0.21,12.56
SO-2026-0000754,70,PROD_003490,7,7,1.5702,0.0,0.21,10.99
SO-2026-0000754,80,PROD_000932,1,1,2.0661,0.0,0.21,2.07
SO-2026-0000754,90,PROD_001213,2,2,2.8512,0.0,0.21,5.7
SO-2026-0000754,100,PROD_000664,2,2,1.8595,0.0,0.21,3.72
SO-2026-0000754,110,PROD_001697,1,1,2.1074,0.0,0.21,2.11
SO-2026-0000754,120,PROD_003120,3,3,0.8678,0.0,0.21,2.6
SO-2026-0000754,130,PROD_000711,1,1,0.9339,0.0,0.21,0.93
SO-2026-0000754,140,PROD_000255,2,2,0.5372,0.0,0.21,1.07
SO-2026-0000754,150,PROD_002021,2,2,9.1983,0.0,0.21,18.4
SO-2026-0000755,10,PROD_000890,4,4,4.7521,0.0,0.21,19.01
SO-2026-0000755,20,PROD_003561,5,5,1.5289,0.0,0.21,7.64
SO-2026-0000755,30,PROD_002152,3,3,2.0331,0.0,0.21,6.1
SO-2026-0000755,40,PROD_002681,1,1,2.2314,0.0,0.21,2.23
SO-2026-0000755,50,PROD_001640,1,1,1.4876,0.0,0.21,1.49
SO-2026-0000755,60,PROD_003498,2,2,1.1074,0.0,0.21,2.21
SO-2026-0000755,70,PROD_003063,4,4,3.2231,0.0,0.21,12.89
SO-2026-0000755,80,PROD_000914,1,1,0.5372,0.0,0.21,0.54
SO-2026-0000755,90,PROD_003054,1,1,1.7355,0.0,0.21,1.74
SO-2026-0000755,100,PROD_001807,1,1,0.9504,0.0,0.21,0.95
SO-2026-0000755,110,PROD_000315,1,1,2.3554,0.0,0.21,2.36
SO-2026-0000755,120,PROD_000292,3,3,0.8678,0.0,0.21,2.6
SO-2026-0000755,130,PROD_003475,1,1,1.3636,0.0,0.21,1.36
SO-2026-0000755,140,PROD_001822,2,2,3.4711,0.0,0.21,6.94
SO-2026-0000756,10,PROD_000456,1,1,0.9091,0.0,0.21,0.91
SO-2026-0000756,20,PROD_000788,1,1,7.6446,0.0,0.21,7.64
SO-2026-0000756,30,PROD_001301,1,1,1.0096,0.0,0.04,1.01
SO-2026-0000756,40,PROD_003307,2,2,0.6198,0.0,0.21,1.24
SO-2026-0000756,50,PROD_000636,1,1,1.7355,0.0,0.21,1.74
SO-2026-0000756,60,PROD_001178,1,1,1.3636,0.0,0.21,1.36
SO-2026-0000756,70,PROD_001575,2,2,0.8264,0.0,0.21,1.65
SO-2026-0000756,80,PROD_002687,1,1,3.2231,0.0,0.21,3.22
SO-2026-0000756,90,PROD_002298,4,4,0.2893,0.0,0.21,1.16
SO-2026-0000756,100,PROD_001107,1,1,2.1901,0.0,0.21,2.19
SO-2026-0000756,110,PROD_000160,1,1,1.281,0.0,0.21,1.28
SO-2026-0000756,120,PROD_002983,2,2,1.6529,0.0,0.21,3.31
SO-2026-0000756,130,PROD_001973,1,1,0.7025,0.0,0.21,0.7
SO-2026-0000756,140,PROD_001358,4,4,6.686,0.0,0.21,26.74
SO-2026-0000757,10,PROD_002143,1,1,0.2893,0.0,0.21,0.29
SO-2026-0000757,20,PROD_002006,3,3,1.6116,0.0,0.21,4.83
SO-2026-0000757,30,PROD_000902,2,2,1.2981,0.0,0.04,2.6
SO-2026-0000757,40,PROD_002714,3,3,2.0661,0.0,0.21,6.2
SO-2026-0000758,10,PROD_000707,2,2,1.5769,0.0,0.04,3.15
SO-2026-0000758,20,PROD_000949,3,3,5.6033,0.0,0.21,16.81
SO-2026-0000758,30,PROD_003011,2,2,0.6612,0.0,0.21,1.32
SO-2026-0000758,40,PROD_003621,3,3,7.8512,0.0,0.21,23.55
SO-2026-0000758,50,PROD_003600,1,1,7.7273,0.0,0.21,7.73
SO-2026-0000758,60,PROD_003280,2,2,1.4463,0.0,0.21,2.89
SO-2026-0000758,70,PROD_002364,3,3,0.7438,0.0,0.21,2.23
SO-2026-0000758,80,PROD_001698,1,1,3.2231,0.0,0.21,3.22
SO-2026-0000758,90,PROD_003390,4,4,1.405,0.0,0.21,5.62
SO-2026-0000758,100,PROD_001569,1,1,4.5041,0.0,0.21,4.5
SO-2026-0000758,110,PROD_001916,1,1,1.3462,0.0,0.04,1.35
SO-2026-0000758,120,PROD_003657,1,1,1.6346,0.0,0.04,1.63
SO-2026-0000758,130,PROD_002312,1,1,0.7025,0.0,0.21,0.7
SO-2026-0000758,140,PROD_003497,4,4,1.3223,0.0,0.21,5.29
SO-2026-0000758,150,PROD_001949,3,3,5.0,0.0,0.1,15.0
SO-2026-0000759,10,PROD_000192,1,1,5.9587,0.0,0.21,5.96
SO-2026-0000759,20,PROD_001031,3,3,1.5702,0.0,0.21,4.71
SO-2026-0000759,30,PROD_000239,1,1,1.157,0.0,0.21,1.16
SO-2026-0000759,40,PROD_002843,1,1,2.0661,0.0,0.21,2.07
SO-2026-0000759,50,PROD_000206,1,1,12.2727,0.0,0.21,12.27
SO-2026-0000759,60,PROD_001375,4,4,1.8182,0.0,0.21,7.27
SO-2026-0000759,70,PROD_000086,2,2,1.5702,0.0,0.21,3.14
SO-2026-0000759,80,PROD_000953,4,4,1.8182,0.0,0.21,7.27
SO-2026-0000759,90,PROD_003159,1,1,3.2231,0.0,0.21,3.22
SO-2026-0000759,100,PROD_001635,4,4,0.7025,0.0,0.21,2.81
SO-2026-0000759,110,PROD_001146,1,1,1.5702,0.0,0.21,1.57
SO-2026-0000760,10,PROD_001886,1,1,16.6777,0.0,0.21,16.68
SO-2026-0000760,20,PROD_000958,4,4,1.3846,0.0,0.04,5.54
SO-2026-0000760,30,PROD_001991,2,2,0.4327,0.0,0.04,0.87
SO-2026-0000760,40,PROD_001299,2,2,5.2066,0.0,0.21,10.41
SO-2026-0000760,50,PROD_000308,5,5,4.0496,0.0,0.21,20.25
SO-2026-0000760,60,PROD_002120,2,2,3.7686,0.0,0.21,7.54
SO-2026-0000761,10,PROD_001505,3,3,1.6529,0.0,0.21,4.96
SO-2026-0000761,20,PROD_001165,2,2,2.314,0.0,0.21,4.63
SO-2026-0000761,30,PROD_001138,1,1,2.2066,0.0,0.21,2.21
SO-2026-0000761,40,PROD_001364,2,2,2.2314,0.0,0.21,4.46
SO-2026-0000761,50,PROD_001957,4,4,3.4711,0.0,0.21,13.88
SO-2026-0000761,60,PROD_001858,2,2,2.6694,0.0,0.21,5.34
SO-2026-0000761,70,PROD_000206,1,1,12.2727,0.0,0.21,12.27
SO-2026-0000762,10,PROD_001401,1,1,2.7273,0.0,0.21,2.73
SO-2026-0000762,20,PROD_001329,3,3,7.0248,0.0,0.21,21.07
SO-2026-0000762,30,PROD_002246,3,3,2.686,0.0,0.21,8.06
SO-2026-0000762,40,PROD_003323,3,3,0.9917,0.0,0.21,2.98
SO-2026-0000762,50,PROD_003603,1,1,4.9587,0.0,0.21,4.96
SO-2026-0000762,60,PROD_002959,1,1,2.0661,0.0,0.21,2.07
SO-2026-0000762,70,PROD_002980,4,4,2.2727,0.0,0.21,9.09
SO-2026-0000762,80,PROD_003654,1,1,1.5481,0.0,0.04,1.55
SO-2026-0000762,90,PROD_002313,3,3,1.2149,0.0,0.21,3.64
SO-2026-0000762,100,PROD_002634,3,3,2.8926,0.0,0.21,8.68
SO-2026-0000762,110,PROD_003441,3,3,2.4711,0.0,0.21,7.41
SO-2026-0000762,120,PROD_002364,1,1,0.7438,0.0,0.21,0.74
SO-2026-0000762,130,PROD_003338,1,1,1.4463,0.0,0.21,1.45
SO-2026-0000762,140,PROD_002621,1,1,4.8264,0.0,0.21,4.83
SO-2026-0000762,150,PROD_000681,3,3,0.9615,0.0,0.04,2.88
SO-2026-0000762,160,PROD_002907,1,1,2.6694,0.0,0.21,2.67
SO-2026-0000762,170,PROD_001794,1,1,1.7769,0.0,0.21,1.78
SO-2026-0000762,180,PROD_003357,2,2,1.8678,0.0,0.21,3.74
SO-2026-0000762,190,PROD_000628,3,3,2.6612,0.0,0.21,7.98
SO-2026-0000763,10,PROD_000418,2,2,1.2314,0.0,0.21,2.46
SO-2026-0000763,20,PROD_000090,7,7,1.6116,0.0,0.21,11.28
SO-2026-0000764,10,PROD_000684,3,3,1.6446,0.0,0.21,4.93
SO-2026-0000764,20,PROD_000813,6,3,1.3636,0.0,0.21,4.09
SO-2026-0000764,30,PROD_003323,3,3,0.9917,0.0,0.21,2.98
SO-2026-0000764,40,PROD_000602,3,3,0.8264,0.0,0.21,2.48
SO-2026-0000764,50,PROD_000160,1,1,1.281,0.0,0.21,1.28
SO-2026-0000764,60,PROD_003445,1,1,0.9421,0.0,0.21,0.94
SO-2026-0000764,70,PROD_002143,4,4,0.2893,0.0,0.21,1.16
SO-2026-0000764,80,PROD_003133,2,2,3.2231,0.0,0.21,6.45
SO-2026-0000764,90,PROD_000636,1,1,1.7355,0.0,0.21,1.74
SO-2026-0000764,100,PROD_000791,1,1,1.5702,0.0,0.21,1.57
SO-2026-0000764,110,PROD_001529,1,1,4.8843,0.0,0.21,4.88
SO-2026-0000764,120,PROD_002181,2,2,2.8099,0.0,0.21,5.62
SO-2026-0000764,130,PROD_000490,3,1,1.1157,0.0,0.21,1.12
SO-2026-0000764,140,PROD_002622,1,1,1.5702,0.0,0.21,1.57
SO-2026-0000764,150,PROD_000315,2,1,2.3554,0.0,0.21,2.36
SO-2026-0000765,10,PROD_000361,1,1,5.4545,0.0,0.21,5.45
SO-2026-0000765,20,PROD_002551,1,1,6.1983,0.0,0.21,6.2
SO-2026-0000765,30,PROD_001951,1,1,2.5702,0.0,0.21,2.57
SO-2026-0000765,40,PROD_000369,1,1,6.0744,0.0,0.21,6.07
SO-2026-0000765,50,PROD_001983,1,1,1.8595,0.0,0.21,1.86
SO-2026-0000765,60,PROD_000855,1,1,0.9504,0.0,0.21,0.95
SO-2026-0000765,70,PROD_000091,1,1,2.6446,0.0,0.21,2.64
SO-2026-0000765,80,PROD_002454,2,2,5.2397,0.0,0.21,10.48
SO-2026-0000765,90,PROD_000192,2,2,5.9587,0.0,0.21,11.92
SO-2026-0000766,10,PROD_003627,1,1,2.4711,0.0,0.21,2.47
SO-2026-0000766,20,PROD_001635,2,2,0.7025,0.0,0.21,1.41
SO-2026-0000766,30,PROD_001206,6,3,18.1901,0.0,0.21,54.57
SO-2026-0000767,10,PROD_002049,1,1,2.3967,0.0,0.21,2.4
SO-2026-0000767,20,PROD_001543,1,1,1.8182,0.0,0.21,1.82
SO-2026-0000767,30,PROD_001109,4,4,2.1901,0.0,0.21,8.76
SO-2026-0000767,40,PROD_001409,3,3,0.7025,0.0,0.21,2.11
SO-2026-0000767,50,PROD_002824,3,3,0.7438,0.0,0.21,2.23
SO-2026-0000767,60,PROD_000606,1,1,1.1346,0.0,0.04,1.13
SO-2026-0000767,70,PROD_000596,2,2,2.3967,0.0,0.21,4.79
SO-2026-0000767,80,PROD_002826,2,2,4.9587,0.0,0.21,9.92
SO-2026-0000768,10,PROD_000777,6,6,0.7769,0.0,0.21,4.66
SO-2026-0000768,20,PROD_003727,2,2,3.719,0.0,0.21,7.44
SO-2026-0000768,30,PROD_003415,1,1,0.9421,0.0,0.21,0.94
SO-2026-0000768,40,PROD_003671,5,3,1.157,0.0,0.21,3.47
SO-2026-0000768,50,PROD_003187,4,2,1.0744,0.0,0.21,2.15
SO-2026-0000768,60,PROD_003107,2,2,2.2727,0.0,0.21,4.55
SO-2026-0000768,70,PROD_002047,2,2,1.1983,0.0,0.21,2.4
SO-2026-0000768,80,PROD_003319,2,2,1.157,0.0,0.21,2.31
SO-2026-0000768,90,PROD_001497,1,1,2.6033,0.0,0.21,2.6
SO-2026-0000768,100,PROD_002522,2,2,0.7438,0.0,0.21,1.49
SO-2026-0000768,110,PROD_001960,3,2,2.2893,0.0,0.21,4.58
SO-2026-0000768,120,PROD_003468,5,5,0.7025,0.0,0.21,3.51
SO-2026-0000768,130,PROD_001167,2,2,1.3636,0.0,0.21,2.73
SO-2026-0000768,140,PROD_002168,4,4,1.1157,0.0,0.21,4.46
SO-2026-0000768,150,PROD_003702,2,2,0.8678,0.0,0.21,1.74
SO-2026-0000768,160,PROD_002687,1,1,3.2231,0.0,0.21,3.22
SO-2026-0000768,170,PROD_001826,1,1,2.3554,0.0,0.21,2.36
SO-2026-0000768,180,PROD_002166,2,2,1.6116,0.0,0.21,3.22
SO-2026-0000768,190,PROD_002463,1,1,4.2479,0.0,0.21,4.25
SO-2026-0000768,200,PROD_000343,5,5,1.0744,0.0,0.21,5.37
SO-2026-0000768,210,PROD_001771,4,4,2.8512,0.0,0.21,11.4
SO-2026-0000769,10,PROD_002277,2,2,4.1322,0.0,0.21,8.26
SO-2026-0000769,20,PROD_001810,1,1,0.9504,0.0,0.21,0.95
SO-2026-0000769,30,PROD_002473,5,5,4.281,0.0,0.21,21.4
SO-2026-0000769,40,PROD_002093,2,2,0.9091,0.0,0.21,1.82
SO-2026-0000770,10,PROD_000660,1,1,9.2885,0.0,0.04,9.29
SO-2026-0000770,20,PROD_002235,4,4,0.7025,0.0,0.21,2.81
SO-2026-0000770,30,PROD_000080,5,5,0.6198,0.0,0.21,3.1
SO-2026-0000770,40,PROD_002600,5,5,5.1488,0.0,0.21,25.74
SO-2026-0000770,50,PROD_002643,1,1,2.0661,0.0,0.21,2.07
SO-2026-0000770,60,PROD_001114,2,2,2.3471,0.0,0.21,4.69
SO-2026-0000770,70,PROD_002394,6,6,0.7934,0.0,0.21,4.76
SO-2026-0000770,80,PROD_000478,2,2,11.3388,0.0,0.21,22.68
SO-2026-0000770,90,PROD_000776,1,1,1.5289,0.0,0.21,1.53
SO-2026-0000770,100,PROD_003618,2,2,4.9587,0.0,0.21,9.92
SO-2026-0000770,110,PROD_003531,1,1,6.9917,0.0,0.21,6.99
SO-2026-0000770,120,PROD_002556,1,1,2.6198,0.0,0.21,2.62
SO-2026-0000770,130,PROD_002962,1,1,2.0661,0.0,0.21,2.07
SO-2026-0000770,140,PROD_000153,1,1,1.4959,0.0,0.21,1.5
SO-2026-0000771,10,PROD_000503,2,2,4.9587,0.0,0.21,9.92
SO-2026-0000771,20,PROD_001139,2,1,2.9339,0.0,0.21,2.93
SO-2026-0000771,30,PROD_002130,1,1,1.6529,0.0,0.21,1.65
SO-2026-0000771,40,PROD_002313,8,4,1.2149,0.0,0.21,4.86
SO-2026-0000771,50,PROD_000106,2,2,6.5289,0.0,0.21,13.06
SO-2026-0000771,60,PROD_001763,1,1,1.595,0.0,0.21,1.59
SO-2026-0000771,70,PROD_000684,1,1,1.6446,0.0,0.21,1.64
SO-2026-0000771,80,PROD_000283,3,2,1.9008,0.0,0.21,3.8
SO-2026-0000772,10,PROD_000107,2,2,2.686,0.0,0.21,5.37
SO-2026-0000772,20,PROD_002351,5,5,2.1488,0.0,0.21,10.74
SO-2026-0000773,10,PROD_000439,4,4,4.0496,0.0,0.21,16.2
SO-2026-0000773,20,PROD_002228,1,1,0.9504,0.0,0.21,0.95
SO-2026-0000773,30,PROD_002157,3,3,3.3306,0.0,0.21,9.99
SO-2026-0000773,40,PROD_001907,6,6,1.0826,0.0,0.21,6.5
SO-2026-0000773,50,PROD_000442,1,1,2.1405,0.0,0.21,2.14
SO-2026-0000773,60,PROD_003518,6,6,1.7355,0.0,0.21,10.41
SO-2026-0000773,70,PROD_002033,3,3,1.2596,0.0,0.04,3.78
SO-2026-0000773,80,PROD_000486,1,1,4.0496,0.0,0.21,4.05
SO-2026-0000773,90,PROD_001672,1,1,3.2645,0.0,0.21,3.26
SO-2026-0000773,100,PROD_002698,1,1,3.3058,0.0,0.21,3.31
SO-2026-0000773,110,PROD_000069,4,4,2.0661,0.0,0.21,8.26
SO-2026-0000773,120,PROD_001421,5,1,10.1736,0.0,0.21,10.17
SO-2026-0000773,130,PROD_000416,1,1,1.6446,0.0,0.21,1.64
SO-2026-0000774,10,PROD_000806,4,4,0.6612,0.0,0.21,2.64
SO-2026-0000774,20,PROD_001074,1,1,2.8926,0.0,0.21,2.89
SO-2026-0000774,30,PROD_003251,1,1,0.9504,0.0,0.21,0.95
SO-2026-0000775,10,PROD_000171,1,1,8.1364,0.0,0.1,8.14
SO-2026-0000775,20,PROD_001139,1,1,2.9339,0.0,0.21,2.93
SO-2026-0000775,30,PROD_000501,1,1,2.1488,0.0,0.21,2.15
SO-2026-0000775,40,PROD_002210,1,1,0.8678,0.0,0.21,0.87
SO-2026-0000775,50,PROD_002373,5,5,2.1901,0.0,0.21,10.95
SO-2026-0000775,60,PROD_000659,1,1,3.1405,0.0,0.21,3.14
SO-2026-0000775,70,PROD_001586,2,2,2.1488,0.0,0.21,4.3
SO-2026-0000775,80,PROD_002271,3,3,5.3636,0.0,0.1,16.09
SO-2026-0000776,10,PROD_001524,2,2,17.3058,0.0,0.21,34.61
SO-2026-0000776,20,PROD_001369,4,4,0.7025,0.0,0.21,2.81
SO-2026-0000776,30,PROD_000624,2,2,1.5702,0.0,0.21,3.14
SO-2026-0000776,40,PROD_002402,4,4,2.5868,0.0,0.21,10.35
SO-2026-0000776,50,PROD_002077,5,5,2.8926,0.0,0.21,14.46
SO-2026-0000776,60,PROD_003102,3,3,3.2231,0.0,0.21,9.67
SO-2026-0000776,70,PROD_000680,1,1,2.2727,0.0,0.21,2.27
SO-2026-0000776,80,PROD_001485,2,2,1.6529,0.0,0.21,3.31
SO-2026-0000776,90,PROD_002567,1,1,1.7355,0.0,0.21,1.74
SO-2026-0000776,100,PROD_000391,2,2,0.9752,0.0,0.21,1.95
SO-2026-0000776,110,PROD_003323,3,3,0.9917,0.0,0.21,2.98
SO-2026-0000777,10,PROD_000094,1,1,1.4876,0.0,0.21,1.49
SO-2026-0000777,20,PROD_001517,2,2,9.3818,0.0,0.1,18.76
SO-2026-0000778,10,PROD_003203,1,1,1.7769,0.0,0.21,1.78
SO-2026-0000778,20,PROD_002177,2,2,2.1488,0.0,0.21,4.3
SO-2026-0000778,30,PROD_001378,1,1,1.9835,0.0,0.21,1.98
SO-2026-0000778,40,PROD_002730,1,1,0.8264,0.0,0.21,0.83
SO-2026-0000778,50,PROD_000565,1,1,2.314,0.0,0.21,2.31
SO-2026-0000778,60,PROD_002003,2,2,1.9421,0.0,0.21,3.88
SO-2026-0000778,70,PROD_001405,1,1,1.3942,0.0,0.04,1.39
SO-2026-0000778,80,PROD_003040,1,1,1.405,0.0,0.21,1.41
SO-2026-0000778,90,PROD_002288,4,4,2.5289,0.0,0.21,10.12
SO-2026-0000778,100,PROD_000845,1,1,2.281,0.0,0.21,2.28
SO-2026-0000778,110,PROD_000079,1,1,2.0661,0.0,0.21,2.07
SO-2026-0000778,120,PROD_000718,1,1,1.7686,0.0,0.21,1.77
SO-2026-0000778,130,PROD_001964,1,1,1.0744,0.0,0.21,1.07
SO-2026-0000778,140,PROD_001700,1,1,4.4545,0.0,0.21,4.45
SO-2026-0000778,150,PROD_001987,2,2,1.4423,0.0,0.04,2.88
SO-2026-0000778,160,PROD_002133,1,1,1.7355,0.0,0.21,1.74
SO-2026-0000778,170,PROD_002087,2,2,2.1488,0.0,0.21,4.3
SO-2026-0000778,180,PROD_001974,1,1,0.9504,0.0,0.21,0.95
SO-2026-0000778,190,PROD_002603,1,1,0.7025,0.0,0.21,0.7
SO-2026-0000778,200,PROD_002689,1,1,2.562,0.0,0.21,2.56
SO-2026-0000778,210,PROD_002994,3,3,1.6529,0.0,0.21,4.96
SO-2026-0000778,220,PROD_001904,4,4,8.0992,0.0,0.21,32.4
SO-2026-0000779,10,PROD_000535,1,1,2.3967,0.0,0.21,2.4
SO-2026-0000779,20,PROD_000397,5,5,0.9091,0.0,0.21,4.55
SO-2026-0000779,30,PROD_001721,5,5,1.4876,0.0,0.21,7.44
SO-2026-0000779,40,PROD_000189,1,1,2.1901,0.0,0.21,2.19
SO-2026-0000779,50,PROD_000342,1,1,1.1157,0.0,0.21,1.12
SO-2026-0000779,60,PROD_000344,4,4,0.7438,0.0,0.21,2.98
SO-2026-0000779,70,PROD_000284,5,5,1.0744,0.0,0.21,5.37
SO-2026-0000779,80,PROD_001941,1,1,3.124,0.0,0.21,3.12
SO-2026-0000779,90,PROD_001213,2,2,2.8512,0.0,0.21,5.7
SO-2026-0000779,100,PROD_003159,1,1,3.2231,0.0,0.21,3.22
SO-2026-0000779,110,PROD_002055,2,2,1.0331,0.0,0.21,2.07
SO-2026-0000779,120,PROD_003712,1,1,2.8099,0.0,0.21,2.81
SO-2026-0000779,130,PROD_002646,2,2,1.2397,0.0,0.21,2.48
SO-2026-0000779,140,PROD_000160,1,1,1.281,0.0,0.21,1.28
SO-2026-0000779,150,PROD_001991,1,1,0.4327,0.0,0.04,0.43
SO-2026-0000779,160,PROD_001033,2,2,3.1736,0.0,0.21,6.35
SO-2026-0000779,170,PROD_000834,6,6,3.1322,0.0,0.21,18.79
SO-2026-0000780,10,PROD_003373,2,2,1.8182,0.0,0.21,3.64
SO-2026-0000780,20,PROD_000294,2,2,1.5702,0.0,0.21,3.14
SO-2026-0000780,30,PROD_001049,1,1,1.4463,0.0,0.21,1.45
SO-2026-0000780,40,PROD_002881,1,1,0.7438,0.0,0.21,0.74
SO-2026-0000780,50,PROD_002900,2,2,2.8926,0.0,0.21,5.79
SO-2026-0000780,60,PROD_000647,4,4,4.0496,0.0,0.21,16.2
SO-2026-0000781,10,PROD_002563,2,2,0.8264,0.0,0.21,1.65
SO-2026-0000781,20,PROD_000701,1,1,1.405,0.0,0.21,1.41
SO-2026-0000781,30,PROD_002510,1,1,1.0744,0.0,0.21,1.07
SO-2026-0000781,40,PROD_000850,1,1,0.8264,0.0,0.21,0.83
SO-2026-0000781,50,PROD_001803,2,2,2.7273,0.0,0.21,5.45
SO-2026-0000781,60,PROD_002236,1,1,1.3223,0.0,0.21,1.32
SO-2026-0000781,70,PROD_002834,1,1,3.3884,0.0,0.21,3.39
SO-2026-0000781,80,PROD_002384,5,5,1.1157,0.0,0.21,5.58
SO-2026-0000782,10,PROD_001000,1,1,7.438,0.0,0.21,7.44
SO-2026-0000782,20,PROD_000340,1,1,1.5702,0.0,0.21,1.57
SO-2026-0000782,30,PROD_000174,5,5,2.3884,0.0,0.21,11.94
SO-2026-0000782,40,PROD_002961,1,1,1.2397,0.0,0.21,1.24
SO-2026-0000782,50,PROD_001905,1,1,1.9835,0.0,0.21,1.98
SO-2026-0000782,60,PROD_001975,1,1,0.6731,0.0,0.04,0.67
SO-2026-0000782,70,PROD_003075,2,2,1.0744,0.0,0.21,2.15
SO-2026-0000782,80,PROD_001411,2,2,1.7273,0.0,0.21,3.45
SO-2026-0000782,90,PROD_003626,2,2,10.9504,0.0,0.21,21.9
SO-2026-0000782,100,PROD_003576,4,4,4.9008,0.0,0.21,19.6
SO-2026-0000782,110,PROD_002089,1,1,2.2314,0.0,0.21,2.23
SO-2026-0000782,120,PROD_000259,2,2,7.7355,0.0,0.21,15.47
SO-2026-0000782,130,PROD_002717,1,1,3.2645,0.0,0.21,3.26
SO-2026-0000782,140,PROD_000658,3,3,8.7686,0.0,0.21,26.31
SO-2026-0000782,150,PROD_001404,5,5,6.4463,0.0,0.21,32.23
SO-2026-0000783,10,PROD_001443,3,3,3.3058,0.0,0.21,9.92
SO-2026-0000783,20,PROD_002301,6,6,0.7025,0.0,0.21,4.21
SO-2026-0000783,30,PROD_001295,1,1,5.3719,0.0,0.21,5.37
SO-2026-0000783,40,PROD_000680,1,1,2.2727,0.0,0.21,2.27
SO-2026-0000783,50,PROD_000283,4,4,1.9008,0.0,0.21,7.6
SO-2026-0000783,60,PROD_001871,2,2,1.8512,0.0,0.21,3.7
SO-2026-0000783,70,PROD_000688,1,1,3.8017,0.0,0.21,3.8
SO-2026-0000783,80,PROD_002447,1,1,2.8099,0.0,0.21,2.81
SO-2026-0000783,90,PROD_001638,4,4,0.9504,0.0,0.21,3.8
SO-2026-0000783,100,PROD_002542,1,1,1.438,0.0,0.21,1.44
SO-2026-0000783,110,PROD_003587,2,2,13.6694,0.0,0.21,27.34
SO-2026-0000784,10,PROD_000802,1,1,4.0826,0.0,0.21,4.08
SO-2026-0000784,20,PROD_003084,4,4,1.3223,0.0,0.21,5.29
SO-2026-0000784,30,PROD_003425,2,2,2.6281,0.0,0.21,5.26
SO-2026-0000784,40,PROD_000247,2,2,2.0661,0.0,0.21,4.13
SO-2026-0000785,10,PROD_002671,1,1,1.4463,0.0,0.21,1.45
SO-2026-0000785,20,PROD_001824,1,1,2.6033,0.0,0.21,2.6
SO-2026-0000785,30,PROD_000751,2,2,2.2727,0.0,0.21,4.55
SO-2026-0000785,40,PROD_000529,1,1,0.8678,0.0,0.21,0.87
SO-2026-0000785,50,PROD_003097,2,2,11.1818,0.0,0.21,22.36
SO-2026-0000786,10,PROD_001834,1,1,0.3223,0.0,0.21,0.32
SO-2026-0000786,20,PROD_002954,2,2,3.2231,0.0,0.21,6.45
SO-2026-0000786,30,PROD_002832,2,1,1.4876,0.0,0.21,1.49
SO-2026-0000786,40,PROD_001288,6,5,5.6198,0.0,0.21,28.1
SO-2026-0000787,10,PROD_002883,1,1,1.405,0.0,0.21,1.41
SO-2026-0000787,20,PROD_002775,1,1,2.5207,0.0,0.21,2.52
SO-2026-0000787,30,PROD_002289,1,1,0.6198,0.0,0.21,0.62
SO-2026-0000787,40,PROD_000320,2,2,1.9835,0.0,0.21,3.97
SO-2026-0000787,50,PROD_003128,1,1,3.2231,0.0,0.21,3.22
SO-2026-0000787,60,PROD_000520,1,1,3.4628,0.0,0.21,3.46
SO-2026-0000787,70,PROD_001301,1,1,1.0096,0.0,0.04,1.01
SO-2026-0000787,80,PROD_002565,4,4,1.0331,0.0,0.21,4.13
SO-2026-0000787,90,PROD_000752,1,1,2.8926,0.0,0.21,2.89
SO-2026-0000788,10,PROD_001090,1,1,2.4298,0.0,0.21,2.43
SO-2026-0000788,20,PROD_000583,1,1,1.6281,0.0,0.21,1.63
SO-2026-0000788,30,PROD_002175,2,2,1.4545,0.0,0.21,2.91
SO-2026-0000788,40,PROD_002485,2,2,1.6116,0.0,0.21,3.22
SO-2026-0000788,50,PROD_000255,4,4,0.5372,0.0,0.21,2.15
SO-2026-0000788,60,PROD_001031,5,5,1.5702,0.0,0.21,7.85
SO-2026-0000788,70,PROD_002775,2,2,2.5207,0.0,0.21,5.04
SO-2026-0000788,80,PROD_002350,1,1,5.4132,0.0,0.21,5.41
SO-2026-0000788,90,PROD_000362,2,2,1.3223,0.0,0.21,2.64
SO-2026-0000788,100,PROD_001341,4,4,1.7603,0.0,0.21,7.04
SO-2026-0000789,10,PROD_001844,1,1,1.0331,0.0,0.21,1.03
SO-2026-0000789,20,PROD_002131,2,2,1.157,0.0,0.21,2.31
SO-2026-0000789,30,PROD_002563,1,1,0.8264,0.0,0.21,0.83
SO-2026-0000789,40,PROD_002250,3,3,1.3802,0.0,0.21,4.14
SO-2026-0000789,50,PROD_001032,5,4,0.8678,0.0,0.21,3.47
SO-2026-0000789,60,PROD_002886,1,1,3.2645,0.0,0.21,3.26
SO-2026-0000789,70,PROD_002913,4,4,4.3802,0.0,0.21,17.52
SO-2026-0000789,80,PROD_001093,1,1,1.3223,0.0,0.21,1.32
SO-2026-0000789,90,PROD_002624,6,2,0.9504,0.0,0.21,1.9
SO-2026-0000789,100,PROD_001387,2,2,6.1983,0.0,0.21,12.4
SO-2026-0000789,110,PROD_001555,4,4,2.1818,0.0,0.21,8.73
SO-2026-0000789,120,PROD_003089,1,1,3.4711,0.0,0.21,3.47
SO-2026-0000789,130,PROD_002174,1,1,4.2562,0.0,0.21,4.26
SO-2026-0000789,140,PROD_000242,4,4,4.6777,0.0,0.21,18.71
SO-2026-0000789,150,PROD_001749,2,2,1.3223,0.0,0.21,2.64
SO-2026-0000789,160,PROD_003018,3,1,4.1322,0.0,0.21,4.13
SO-2026-0000789,170,PROD_002137,3,3,0.686,0.0,0.21,2.06
SO-2026-0000789,180,PROD_001119,2,2,2.0661,0.0,0.21,4.13
SO-2026-0000789,190,PROD_002309,1,1,2.2727,0.0,0.21,2.27
SO-2026-0000789,200,PROD_002756,1,1,1.2397,0.0,0.21,1.24
SO-2026-0000789,210,PROD_003003,2,2,0.6942,0.0,0.21,1.39
SO-2026-0000789,220,PROD_002968,1,1,3.2645,0.0,0.21,3.26
SO-2026-0000789,230,PROD_002232,2,2,1.5289,0.0,0.21,3.06
SO-2026-0000789,240,PROD_002670,2,2,1.6116,0.0,0.21,3.22
SO-2026-0000789,250,PROD_001801,1,1,1.3223,0.0,0.21,1.32
SO-2026-0000789,260,PROD_001104,2,1,1.1157,0.0,0.21,1.12
SO-2026-0000789,270,PROD_001791,2,2,1.9008,0.0,0.21,3.8
SO-2026-0000789,280,PROD_000813,1,1,1.3636,0.0,0.21,1.36
SO-2026-0000789,290,PROD_001723,1,1,2.0248,0.0,0.21,2.02
SO-2026-0000789,300,PROD_002201,2,2,0.8264,0.0,0.21,1.65
SO-2026-0000789,310,PROD_001656,1,1,0.6612,0.0,0.21,0.66
SO-2026-0000789,320,PROD_000206,1,1,12.2727,0.0,0.21,12.27
SO-2026-0000790,10,PROD_003518,3,3,1.7355,0.0,0.21,5.21
SO-2026-0000790,20,PROD_000081,1,1,2.405,0.0,0.21,2.4
SO-2026-0000790,30,PROD_000945,7,7,1.1983,0.0,0.21,8.39
SO-2026-0000790,40,PROD_000677,1,1,2.2562,0.0,0.21,2.26
SO-2026-0000790,50,PROD_000791,1,1,1.5702,0.0,0.21,1.57
SO-2026-0000790,60,PROD_001154,2,2,0.9504,0.0,0.21,1.9
SO-2026-0000790,70,PROD_003075,3,3,1.0744,0.0,0.21,3.22
SO-2026-0000790,80,PROD_002432,2,2,8.9174,0.0,0.21,17.83
SO-2026-0000790,90,PROD_000737,1,1,3.2231,0.0,0.21,3.22
SO-2026-0000790,100,PROD_001368,2,2,2.4876,0.0,0.21,4.98
SO-2026-0000790,110,PROD_000037,1,1,1.6116,0.0,0.21,1.61
SO-2026-0000790,120,PROD_001814,1,1,2.4876,0.0,0.21,2.49
SO-2026-0000790,130,PROD_000101,3,3,1.6612,0.0,0.21,4.98
SO-2026-0000790,140,PROD_002416,4,4,1.8558,0.0,0.04,7.42
SO-2026-0000790,150,PROD_003175,1,1,3.2231,0.0,0.21,3.22
SO-2026-0000790,160,PROD_002387,2,2,0.843,0.0,0.21,1.69
SO-2026-0000790,170,PROD_001915,4,4,16.4876,0.0,0.21,65.95
SO-2026-0000791,10,PROD_003171,2,2,1.1983,0.0,0.21,2.4
SO-2026-0000791,20,PROD_000107,3,3,2.686,0.0,0.21,8.06
SO-2026-0000791,30,PROD_000435,4,4,1.8182,0.0,0.21,7.27
SO-2026-0000791,40,PROD_001310,1,1,1.0962,0.0,0.04,1.1
SO-2026-0000791,50,PROD_002959,1,1,2.0661,0.0,0.21,2.07
SO-2026-0000791,60,PROD_002334,2,2,1.8595,0.0,0.21,3.72
SO-2026-0000792,10,PROD_001169,2,1,1.3636,0.0,0.21,1.36
SO-2026-0000792,20,PROD_000993,1,1,0.9917,0.0,0.21,0.99
SO-2026-0000792,30,PROD_002610,2,2,3.2397,0.0,0.21,6.48
SO-2026-0000792,40,PROD_003417,1,1,1.1157,0.0,0.21,1.12
SO-2026-0000792,50,PROD_002798,1,1,6.6116,0.0,0.21,6.61
SO-2026-0000793,10,PROD_002049,2,2,2.3967,0.0,0.21,4.79
SO-2026-0000793,20,PROD_000668,3,3,10.3306,0.0,0.21,30.99
SO-2026-0000794,10,PROD_002538,1,1,2.8099,0.0,0.21,2.81
SO-2026-0000794,20,PROD_000662,1,1,2.7438,0.0,0.21,2.74
SO-2026-0000794,30,PROD_003184,1,1,3.2231,0.0,0.21,3.22
SO-2026-0000794,40,PROD_003052,1,1,1.9008,0.0,0.21,1.9
SO-2026-0000794,50,PROD_000454,1,1,1.157,0.0,0.21,1.16
SO-2026-0000794,60,PROD_000124,1,1,0.8173,0.0,0.04,0.82
SO-2026-0000794,70,PROD_002533,3,3,11.405,0.0,0.21,34.21
SO-2026-0000794,80,PROD_002213,4,4,1.4876,0.0,0.21,5.95
SO-2026-0000795,10,PROD_000605,1,1,2.0673,0.0,0.04,2.07
SO-2026-0000795,20,PROD_002725,2,2,1.3223,0.0,0.21,2.64
SO-2026-0000795,30,PROD_002469,4,4,3.124,0.0,0.21,12.5
SO-2026-0000795,40,PROD_002559,2,2,1.1157,0.0,0.21,2.23
SO-2026-0000795,50,PROD_001132,1,1,1.7355,0.0,0.21,1.74
SO-2026-0000795,60,PROD_003014,2,2,0.9917,0.0,0.21,1.98
SO-2026-0000795,70,PROD_002697,1,1,1.5289,0.0,0.21,1.53
SO-2026-0000795,80,PROD_002533,2,2,11.405,0.0,0.21,22.81
SO-2026-0000796,10,PROD_003117,2,2,3.2231,0.0,0.21,6.45
SO-2026-0000796,20,PROD_000135,3,3,1.0165,0.0,0.21,3.05
SO-2026-0000796,30,PROD_000875,5,5,1.2893,0.0,0.21,6.45
SO-2026-0000796,40,PROD_000689,4,4,2.7686,0.0,0.21,11.07
SO-2026-0000796,50,PROD_001696,3,3,2.0826,0.0,0.21,6.25
SO-2026-0000796,60,PROD_002188,2,2,5.3388,0.0,0.21,10.68
SO-2026-0000796,70,PROD_002487,1,1,11.1405,0.0,0.21,11.14
SO-2026-0000796,80,PROD_003468,5,5,0.7025,0.0,0.21,3.51
SO-2026-0000796,90,PROD_003336,1,1,1.281,0.0,0.21,1.28
SO-2026-0000796,100,PROD_000645,1,1,0.9835,0.0,0.21,0.98
SO-2026-0000796,110,PROD_001914,1,1,2.2314,0.0,0.21,2.23
SO-2026-0000796,120,PROD_001300,2,2,1.0331,0.0,0.21,2.07
SO-2026-0000796,130,PROD_003113,3,3,2.2727,0.0,0.21,6.82
SO-2026-0000796,140,PROD_001263,4,4,4.8926,0.0,0.21,19.57
SO-2026-0000796,150,PROD_000033,1,1,3.7603,0.0,0.21,3.76
SO-2026-0000796,160,PROD_001940,2,2,0.7025,0.0,0.21,1.41
SO-2026-0000797,10,PROD_000443,4,4,4.6198,0.0,0.21,18.48
SO-2026-0000797,20,PROD_000315,2,2,2.3554,0.0,0.21,4.71
SO-2026-0000797,30,PROD_001417,1,1,1.9504,0.0,0.21,1.95
SO-2026-0000797,40,PROD_002188,1,1,5.3388,0.0,0.21,5.34
SO-2026-0000797,50,PROD_003434,1,1,1.281,0.0,0.21,1.28
SO-2026-0000797,60,PROD_002249,1,1,1.6529,0.0,0.21,1.65
SO-2026-0000797,70,PROD_003617,1,1,4.3388,0.0,0.21,4.34
SO-2026-0000797,80,PROD_000159,6,6,3.3058,0.0,0.21,19.83
SO-2026-0000797,90,PROD_000655,1,1,1.9091,0.0,0.21,1.91
SO-2026-0000797,100,PROD_003041,4,4,1.8182,0.0,0.21,7.27
SO-2026-0000797,110,PROD_001050,3,3,1.6346,0.0,0.04,4.9
SO-2026-0000797,120,PROD_003390,1,1,1.405,0.0,0.21,1.41
SO-2026-0000797,130,PROD_000912,1,1,2.7438,0.0,0.21,2.74
SO-2026-0000797,140,PROD_000103,2,2,2.438,0.0,0.21,4.88
SO-2026-0000797,150,PROD_002798,3,3,6.6116,0.0,0.21,19.83
SO-2026-0000797,160,PROD_002803,1,1,0.9091,0.0,0.21,0.91
SO-2026-0000797,170,PROD_000651,4,4,6.6818,0.0,0.1,26.73
SO-2026-0000797,180,PROD_001484,2,2,1.7355,0.0,0.21,3.47
SO-2026-0000797,190,PROD_002301,2,2,0.7025,0.0,0.21,1.41
SO-2026-0000797,200,PROD_003548,1,1,1.2397,0.0,0.21,1.24
SO-2026-0000797,210,PROD_003688,2,2,1.9835,0.0,0.21,3.97
SO-2026-0000797,220,PROD_002067,1,1,1.405,0.0,0.21,1.41
SO-2026-0000797,230,PROD_000680,4,4,2.2727,0.0,0.21,9.09
SO-2026-0000798,10,PROD_003458,3,3,2.1488,0.0,0.21,6.45
SO-2026-0000798,20,PROD_003342,2,2,5.1653,0.0,0.21,10.33
SO-2026-0000798,30,PROD_001433,3,3,3.2645,0.0,0.21,9.79
SO-2026-0000798,40,PROD_003203,1,1,1.7769,0.0,0.21,1.78
SO-2026-0000798,50,PROD_000174,1,1,2.3884,0.0,0.21,2.39
SO-2026-0000798,60,PROD_002974,1,1,3.4959,0.0,0.21,3.5
SO-2026-0000798,70,PROD_003116,2,2,4.3388,0.0,0.21,8.68
SO-2026-0000798,80,PROD_002373,3,3,2.1901,0.0,0.21,6.57
SO-2026-0000798,90,PROD_003585,2,2,2.562,0.0,0.21,5.12
SO-2026-0000798,100,PROD_000589,1,1,0.6198,0.0,0.21,0.62
SO-2026-0000798,110,PROD_001974,1,1,0.9504,0.0,0.21,0.95
SO-2026-0000798,120,PROD_003462,2,2,4.0496,0.0,0.21,8.1
SO-2026-0000798,130,PROD_000543,5,5,6.0083,0.0,0.21,30.04
SO-2026-0000799,10,PROD_001036,1,1,1.281,0.0,0.21,1.28
SO-2026-0000799,20,PROD_002214,2,2,4.0496,0.0,0.21,8.1
SO-2026-0000799,30,PROD_002015,5,5,1.3636,0.0,0.21,6.82
SO-2026-0000800,10,PROD_001265,3,3,2.8512,0.0,0.21,8.55
SO-2026-0000800,20,PROD_000204,3,3,4.6612,0.0,0.21,13.98
SO-2026-0000801,10,PROD_001067,8,8,0.2893,0.0,0.21,2.31
SO-2026-0000801,20,PROD_001440,5,5,1.1157,0.0,0.21,5.58
SO-2026-0000801,30,PROD_000678,2,2,5.0,0.0,0.21,10.0
SO-2026-0000801,40,PROD_000909,1,1,1.157,0.0,0.21,1.16
SO-2026-0000801,50,PROD_001306,4,4,2.1157,0.0,0.21,8.46
SO-2026-0000801,60,PROD_000183,5,5,5.7025,0.0,0.21,28.51
SO-2026-0000802,10,PROD_000262,3,3,0.6446,0.0,0.21,1.93
SO-2026-0000802,20,PROD_000982,1,1,2.2692,0.0,0.04,2.27
SO-2026-0000802,30,PROD_001161,1,1,0.2975,0.0,0.21,0.3
SO-2026-0000802,40,PROD_001355,1,1,16.3182,0.0,0.1,16.32
SO-2026-0000802,50,PROD_003629,3,3,2.2231,0.0,0.21,6.67
SO-2026-0000802,60,PROD_001502,1,1,1.405,0.0,0.21,1.41
SO-2026-0000802,70,PROD_002151,2,2,1.7355,0.0,0.21,3.47
SO-2026-0000802,80,PROD_003387,7,7,1.0661,0.0,0.21,7.46
SO-2026-0000802,90,PROD_003443,1,1,1.5702,0.0,0.21,1.57
SO-2026-0000802,100,PROD_001406,1,1,6.5702,0.0,0.21,6.57
SO-2026-0000802,110,PROD_000621,2,2,1.405,0.0,0.21,2.81
SO-2026-0000802,120,PROD_000558,3,3,1.438,0.0,0.21,4.31
SO-2026-0000802,130,PROD_002142,2,2,8.2645,0.0,0.21,16.53
SO-2026-0000803,10,PROD_001571,2,2,0.6612,0.0,0.21,1.32
SO-2026-0000803,20,PROD_000490,3,3,1.1157,0.0,0.21,3.35
SO-2026-0000803,30,PROD_001437,2,2,1.4423,0.0,0.04,2.88
SO-2026-0000803,40,PROD_002583,1,1,0.3719,0.0,0.21,0.37
SO-2026-0000803,50,PROD_003682,1,1,1.1157,0.0,0.21,1.12
SO-2026-0000803,60,PROD_002166,1,1,1.6116,0.0,0.21,1.61
SO-2026-0000803,70,PROD_002304,2,2,0.9504,0.0,0.21,1.9
SO-2026-0000803,80,PROD_002563,1,1,0.8264,0.0,0.21,0.83
SO-2026-0000803,90,PROD_002280,1,1,1.6529,0.0,0.21,1.65
SO-2026-0000803,100,PROD_001529,4,4,4.8843,0.0,0.21,19.54
SO-2026-0000804,10,PROD_000890,4,4,4.7521,0.0,0.21,19.01
SO-2026-0000804,20,PROD_001263,1,1,4.8926,0.0,0.21,4.89
SO-2026-0000804,30,PROD_003531,1,1,6.9917,0.0,0.21,6.99
SO-2026-0000804,40,PROD_002195,1,1,1.7692,0.0,0.04,1.77
SO-2026-0000804,50,PROD_003465,3,3,1.9008,0.0,0.21,5.7
SO-2026-0000804,60,PROD_000403,1,1,4.3388,0.0,0.21,4.34
SO-2026-0000804,70,PROD_001442,3,3,3.6281,0.0,0.21,10.88
SO-2026-0000804,80,PROD_001128,1,1,1.5289,0.0,0.21,1.53
SO-2026-0000804,90,PROD_002634,2,2,2.8926,0.0,0.21,5.79
SO-2026-0000804,100,PROD_001444,1,1,3.719,0.0,0.21,3.72
SO-2026-0000804,110,PROD_001886,3,3,16.6777,0.0,0.21,50.03
SO-2026-0000805,10,PROD_002202,1,1,3.8017,0.0,0.21,3.8
SO-2026-0000805,20,PROD_001990,1,1,4.9587,0.0,0.21,4.96
SO-2026-0000805,30,PROD_001087,1,1,1.0096,0.0,0.04,1.01
SO-2026-0000805,40,PROD_002942,2,2,3.2231,0.0,0.21,6.45
SO-2026-0000805,50,PROD_003493,4,4,2.6612,0.0,0.21,10.64
SO-2026-0000805,60,PROD_002241,1,1,1.2645,0.0,0.21,1.26
SO-2026-0000805,70,PROD_001015,1,1,1.0962,0.0,0.04,1.1
SO-2026-0000805,80,PROD_002484,3,3,2.1488,0.0,0.21,6.45
SO-2026-0000806,10,PROD_002199,1,1,1.375,0.0,0.04,1.38
SO-2026-0000806,20,PROD_000206,1,1,12.2727,0.0,0.21,12.27
SO-2026-0000806,30,PROD_003691,1,1,2.0661,0.0,0.21,2.07
SO-2026-0000806,40,PROD_000752,3,3,2.8926,0.0,0.21,8.68
SO-2026-0000806,50,PROD_001709,1,1,4.6281,0.0,0.21,4.63
SO-2026-0000806,60,PROD_000586,1,1,1.6529,0.0,0.21,1.65
SO-2026-0000806,70,PROD_002373,1,1,2.1901,0.0,0.21,2.19
SO-2026-0000806,80,PROD_000672,1,1,1.405,0.0,0.21,1.41
SO-2026-0000806,90,PROD_002539,1,1,0.8678,0.0,0.21,0.87
SO-2026-0000806,100,PROD_000308,1,1,4.0496,0.0,0.21,4.05
SO-2026-0000806,110,PROD_002137,3,3,0.686,0.0,0.21,2.06
SO-2026-0000806,120,PROD_000062,1,1,3.1736,0.0,0.21,3.17
SO-2026-0000806,130,PROD_002069,2,2,1.0,0.0,0.04,2.0
SO-2026-0000806,140,PROD_001799,2,2,1.9504,0.0,0.21,3.9
SO-2026-0000807,10,PROD_002306,3,3,0.7025,0.0,0.21,2.11
SO-2026-0000807,20,PROD_003042,1,1,2.8926,0.0,0.21,2.89
SO-2026-0000807,30,PROD_001095,3,3,2.2231,0.0,0.21,6.67
SO-2026-0000807,40,PROD_000880,2,2,0.6281,0.0,0.21,1.26
SO-2026-0000807,50,PROD_001836,3,3,1.5702,0.0,0.21,4.71
SO-2026-0000808,10,PROD_002353,1,1,1.0769,0.0,0.04,1.08
SO-2026-0000808,20,PROD_002445,2,2,9.0455,0.0,0.1,18.09
SO-2026-0000808,30,PROD_000583,1,1,1.6281,0.0,0.21,1.63
SO-2026-0000808,40,PROD_002049,2,2,2.3967,0.0,0.21,4.79
SO-2026-0000808,50,PROD_000504,3,3,3.1736,0.0,0.21,9.52
SO-2026-0000808,60,PROD_001949,1,1,5.0,0.0,0.1,5.0
SO-2026-0000808,70,PROD_001548,3,1,2.6442,0.0,0.04,2.64
SO-2026-0000808,80,PROD_001161,1,1,0.2975,0.0,0.21,0.3
SO-2026-0000808,90,PROD_001851,2,2,2.2397,0.0,0.21,4.48
SO-2026-0000809,10,PROD_002543,5,5,1.9835,0.0,0.21,9.92
SO-2026-0000809,20,PROD_001718,1,1,2.438,0.0,0.21,2.44
SO-2026-0000809,30,PROD_001585,1,1,3.3058,0.0,0.21,3.31
SO-2026-0000809,40,PROD_002456,2,2,2.6033,0.0,0.21,5.21
SO-2026-0000810,10,PROD_003116,4,4,4.3388,0.0,0.21,17.36
SO-2026-0000811,10,PROD_002159,2,2,2.0661,0.0,0.21,4.13
SO-2026-0000811,20,PROD_002092,3,3,1.4876,0.0,0.21,4.46
SO-2026-0000811,30,PROD_002097,2,2,36.6545,0.0,0.1,73.31
SO-2026-0000812,10,PROD_001259,1,1,0.2727,0.0,0.21,0.27
SO-2026-0000812,20,PROD_001556,3,3,1.7355,0.0,0.21,5.21
SO-2026-0000812,30,PROD_002812,2,2,3.0992,0.0,0.21,6.2
SO-2026-0000813,10,PROD_000362,2,2,1.3223,0.0,0.21,2.64
SO-2026-0000813,20,PROD_003643,2,2,0.6612,0.0,0.21,1.32
SO-2026-0000813,30,PROD_000852,1,1,1.9008,0.0,0.21,1.9
SO-2026-0000813,40,PROD_001837,3,3,1.4132,0.0,0.21,4.24
SO-2026-0000813,50,PROD_001351,2,2,2.1157,0.0,0.21,4.23
SO-2026-0000813,60,PROD_000173,1,1,59.1273,0.0,0.1,59.13
SO-2026-0000814,10,PROD_002119,1,1,4.9174,0.0,0.21,4.92
SO-2026-0000814,20,PROD_001750,2,2,0.7025,0.0,0.21,1.41
SO-2026-0000814,30,PROD_000486,1,1,4.0496,0.0,0.21,4.05
SO-2026-0000814,40,PROD_003084,4,4,1.3223,0.0,0.21,5.29
SO-2026-0000814,50,PROD_000268,2,2,1.405,0.0,0.21,2.81
SO-2026-0000814,60,PROD_003041,1,1,1.8182,0.0,0.21,1.82
SO-2026-0000814,70,PROD_000441,8,8,6.5702,0.0,0.21,52.56
SO-2026-0000815,10,PROD_001059,2,2,1.0744,0.0,0.21,2.15
SO-2026-0000815,20,PROD_000664,1,1,1.8595,0.0,0.21,1.86
SO-2026-0000815,30,PROD_000661,3,3,2.4876,0.0,0.21,7.46
SO-2026-0000815,40,PROD_002018,2,2,1.9835,0.0,0.21,3.97
SO-2026-0000815,50,PROD_001138,2,2,2.2066,0.0,0.21,4.41
SO-2026-0000815,60,PROD_003617,1,1,4.3388,0.0,0.21,4.34
SO-2026-0000815,70,PROD_000066,1,1,1.4463,0.0,0.21,1.45
SO-2026-0000815,80,PROD_003616,1,1,4.6694,0.0,0.21,4.67
SO-2026-0000815,90,PROD_001686,1,1,5.9504,0.0,0.21,5.95
SO-2026-0000815,100,PROD_003649,2,2,1.3636,0.0,0.21,2.73
SO-2026-0000815,110,PROD_002981,3,3,3.719,0.0,0.21,11.16
SO-2026-0000815,120,PROD_003128,1,1,3.2231,0.0,0.21,3.22
SO-2026-0000815,130,PROD_000097,6,6,1.2397,0.0,0.21,7.44
SO-2026-0000815,140,PROD_003652,2,2,1.6033,0.0,0.21,3.21
SO-2026-0000815,150,PROD_000090,5,5,1.6116,0.0,0.21,8.06
SO-2026-0000815,160,PROD_003489,4,4,1.3223,0.0,0.21,5.29
SO-2026-0000815,170,PROD_000003,2,2,2.0661,0.0,0.21,4.13
SO-2026-0000815,180,PROD_001952,1,1,9.6446,0.0,0.21,9.64
SO-2026-0000816,10,PROD_001003,5,5,3.2479,0.0,0.21,16.24
SO-2026-0000816,20,PROD_003102,1,1,3.2231,0.0,0.21,3.22
SO-2026-0000816,30,PROD_003648,1,1,1.8182,0.0,0.21,1.82
SO-2026-0000816,40,PROD_001207,1,1,2.3182,0.0,0.1,2.32
SO-2026-0000816,50,PROD_003074,5,5,2.6033,0.0,0.21,13.02
SO-2026-0000816,60,PROD_002536,2,2,1.0413,0.0,0.21,2.08
SO-2026-0000816,70,PROD_000737,1,1,3.2231,0.0,0.21,3.22
SO-2026-0000816,80,PROD_000053,1,1,1.6529,0.0,0.21,1.65
SO-2026-0000817,10,PROD_000759,1,1,2.8926,0.0,0.21,2.89
SO-2026-0000817,20,PROD_000027,2,2,2.0661,0.0,0.21,4.13
SO-2026-0000817,30,PROD_001406,5,5,6.5702,0.0,0.21,32.85
SO-2026-0000818,10,PROD_001303,3,3,1.5702,0.0,0.21,4.71
SO-2026-0000818,20,PROD_003670,1,1,2.4793,0.0,0.21,2.48
SO-2026-0000818,30,PROD_001742,1,1,2.9669,0.0,0.21,2.97
SO-2026-0000818,40,PROD_001766,2,2,6.9339,0.0,0.21,13.87
SO-2026-0000818,50,PROD_001523,5,1,3.9917,0.0,0.21,3.99
SO-2026-0000818,60,PROD_002518,1,1,1.3223,0.0,0.21,1.32
SO-2026-0000818,70,PROD_001611,2,2,1.1157,0.0,0.21,2.23
SO-2026-0000818,80,PROD_002335,2,2,1.9008,0.0,0.21,3.8
SO-2026-0000818,90,PROD_001761,5,5,2.3967,0.0,0.21,11.98
SO-2026-0000818,100,PROD_002155,3,3,12.0248,0.0,0.21,36.07
SO-2026-0000819,10,PROD_002454,3,3,5.2397,0.0,0.21,15.72
SO-2026-0000819,20,PROD_001415,2,2,7.7273,0.0,0.21,15.45
SO-2026-0000820,10,PROD_000964,1,1,2.0661,0.0,0.21,2.07
SO-2026-0000820,20,PROD_001341,1,1,1.7603,0.0,0.21,1.76
SO-2026-0000820,30,PROD_002083,1,1,4.1818,0.0,0.21,4.18
SO-2026-0000820,40,PROD_001292,1,1,8.3455,0.0,0.1,8.35
SO-2026-0000821,10,PROD_002475,1,1,2.4793,0.0,0.21,2.48
SO-2026-0000821,20,PROD_000960,5,5,2.1488,0.0,0.21,10.74
SO-2026-0000822,10,PROD_002196,1,1,1.9008,0.0,0.21,1.9
SO-2026-0000822,20,PROD_002296,2,2,1.6116,0.0,0.21,3.22
SO-2026-0000822,30,PROD_002346,1,1,2.438,0.0,0.21,2.44
SO-2026-0000822,40,PROD_002832,2,2,1.4876,0.0,0.21,2.98
SO-2026-0000822,50,PROD_002527,2,2,1.0331,0.0,0.21,2.07
SO-2026-0000822,60,PROD_001788,2,2,0.6281,0.0,0.21,1.26
SO-2026-0000822,70,PROD_002277,1,1,4.1322,0.0,0.21,4.13
SO-2026-0000822,80,PROD_003033,2,2,1.5702,0.0,0.21,3.14
SO-2026-0000822,90,PROD_003105,2,2,1.6116,0.0,0.21,3.22
SO-2026-0000822,100,PROD_001592,1,1,0.8182,0.0,0.21,0.82
SO-2026-0000822,110,PROD_002285,4,4,1.7273,0.0,0.21,6.91
SO-2026-0000822,120,PROD_000457,1,1,5.9504,0.0,0.21,5.95
SO-2026-0000822,130,PROD_002433,3,3,5.8017,0.0,0.21,17.41
SO-2026-0000822,140,PROD_002626,2,2,1.9835,0.0,0.21,3.97
SO-2026-0000823,10,PROD_002646,1,1,1.2397,0.0,0.21,1.24
SO-2026-0000823,20,PROD_001576,3,3,0.8264,0.0,0.21,2.48
SO-2026-0000823,30,PROD_000029,2,2,2.6446,0.0,0.21,5.29
SO-2026-0000823,40,PROD_002276,1,1,13.7355,0.0,0.21,13.74
SO-2026-0000823,50,PROD_000033,1,1,3.7603,0.0,0.21,3.76
SO-2026-0000823,60,PROD_001841,1,1,3.438,0.0,0.21,3.44
SO-2026-0000823,70,PROD_000836,4,4,1.124,0.0,0.21,4.5
SO-2026-0000823,80,PROD_002115,1,1,2.7686,0.0,0.21,2.77
SO-2026-0000823,90,PROD_000311,2,2,0.8654,0.0,0.04,1.73
SO-2026-0000823,100,PROD_000904,5,5,0.9835,0.0,0.21,4.92
SO-2026-0000824,10,PROD_003283,3,3,1.6116,0.0,0.21,4.83
SO-2026-0000824,20,PROD_001114,1,1,2.3471,0.0,0.21,2.35
SO-2026-0000824,30,PROD_001536,1,1,1.9008,0.0,0.21,1.9
SO-2026-0000824,40,PROD_003333,1,1,1.6529,0.0,0.21,1.65
SO-2026-0000824,50,PROD_000197,1,1,3.1818,0.0,0.1,3.18
SO-2026-0000824,60,PROD_001395,1,1,3.1983,0.0,0.21,3.2
SO-2026-0000824,70,PROD_003076,1,1,2.6446,0.0,0.21,2.64
SO-2026-0000824,80,PROD_002270,3,3,0.8678,0.0,0.21,2.6
SO-2026-0000824,90,PROD_000943,4,4,0.9091,0.0,0.21,3.64
SO-2026-0000824,100,PROD_001230,1,1,2.1653,0.0,0.21,2.17
SO-2026-0000824,110,PROD_001207,4,4,2.3182,0.0,0.1,9.27
SO-2026-0000824,120,PROD_000380,2,2,1.3636,0.0,0.21,2.73
SO-2026-0000824,130,PROD_001731,1,1,2.6442,0.0,0.04,2.64
SO-2026-0000824,140,PROD_001547,2,2,1.7769,0.0,0.21,3.55
SO-2026-0000824,150,PROD_001193,5,5,1.0744,0.0,0.21,5.37
SO-2026-0000824,160,PROD_002621,1,1,4.8264,0.0,0.21,4.83
SO-2026-0000824,170,PROD_002341,3,3,2.1322,0.0,0.21,6.4
SO-2026-0000824,180,PROD_003626,1,1,10.9504,0.0,0.21,10.95
SO-2026-0000824,190,PROD_003417,1,1,1.1157,0.0,0.21,1.12
SO-2026-0000824,200,PROD_002150,1,1,4.6281,0.0,0.21,4.63
SO-2026-0000824,210,PROD_001958,2,2,3.3967,0.0,0.21,6.79
SO-2026-0000824,220,PROD_002686,4,4,1.6529,0.0,0.21,6.61
SO-2026-0000824,230,PROD_003604,1,1,4.9587,0.0,0.21,4.96
SO-2026-0000825,10,PROD_001546,1,1,3.1818,0.0,0.21,3.18
SO-2026-0000825,20,PROD_001108,1,1,1.3636,0.0,0.21,1.36
SO-2026-0000825,30,PROD_001386,1,1,3.8017,0.0,0.21,3.8
SO-2026-0000825,40,PROD_003052,1,1,1.9008,0.0,0.21,1.9
SO-2026-0000825,50,PROD_002151,5,5,1.7355,0.0,0.21,8.68
SO-2026-0000825,60,PROD_001210,3,3,3.1818,0.0,0.21,9.55
SO-2026-0000825,70,PROD_000361,1,1,5.4545,0.0,0.21,5.45
SO-2026-0000825,80,PROD_000869,1,1,1.6116,0.0,0.21,1.61
SO-2026-0000825,90,PROD_000710,3,3,0.4132,0.0,0.21,1.24
SO-2026-0000825,100,PROD_000131,1,1,5.4545,0.0,0.21,5.45
SO-2026-0000825,110,PROD_002527,1,1,1.0331,0.0,0.21,1.03
SO-2026-0000825,120,PROD_000967,2,2,1.7355,0.0,0.21,3.47
SO-2026-0000825,130,PROD_000767,4,4,0.8264,0.0,0.21,3.31
SO-2026-0000825,140,PROD_001319,3,3,5.6446,0.0,0.21,16.93
SO-2026-0000825,150,PROD_002281,3,3,2.7273,0.0,0.21,8.18
SO-2026-0000825,160,PROD_002910,1,1,2.314,0.0,0.21,2.31
SO-2026-0000825,170,PROD_002420,1,1,1.9835,0.0,0.21,1.98
SO-2026-0000825,180,PROD_000264,1,1,1.2066,0.0,0.21,1.21
SO-2026-0000825,190,PROD_000689,1,1,2.7686,0.0,0.21,2.77
SO-2026-0000825,200,PROD_002039,1,1,3.6364,0.0,0.21,3.64
SO-2026-0000825,210,PROD_001412,2,2,5.3306,0.0,0.21,10.66
SO-2026-0000825,220,PROD_000749,1,1,0.8264,0.0,0.21,0.83
SO-2026-0000825,230,PROD_002981,1,1,3.719,0.0,0.21,3.72
SO-2026-0000825,240,PROD_001279,2,2,0.9091,0.0,0.21,1.82
SO-2026-0000825,250,PROD_002886,3,3,3.2645,0.0,0.21,9.79
SO-2026-0000825,260,PROD_000121,1,1,1.843,0.0,0.21,1.84
SO-2026-0000825,270,PROD_001746,1,1,1.6529,0.0,0.21,1.65
SO-2026-0000825,280,PROD_000323,2,2,0.9504,0.0,0.21,1.9
SO-2026-0000825,290,PROD_001726,3,3,0.9917,0.0,0.21,2.98
SO-2026-0000825,300,PROD_001617,3,3,0.7025,0.0,0.21,2.11
SO-2026-0000825,310,PROD_000686,2,2,0.9504,0.0,0.21,1.9
SO-2026-0000825,320,PROD_002680,1,1,3.2645,0.0,0.21,3.26
SO-2026-0000825,330,PROD_002183,3,3,0.8264,0.0,0.21,2.48
SO-2026-0000825,340,PROD_003142,1,1,3.2231,0.0,0.21,3.22
SO-2026-0000825,350,PROD_000753,1,1,1.1157,0.0,0.21,1.12
SO-2026-0000825,360,PROD_001693,1,1,1.1157,0.0,0.21,1.12
SO-2026-0000825,370,PROD_002087,2,2,2.1488,0.0,0.21,4.3
SO-2026-0000825,380,PROD_001128,1,1,1.5289,0.0,0.21,1.53
SO-2026-0000825,390,PROD_002877,1,1,3.0579,0.0,0.21,3.06
SO-2026-0000825,400,PROD_001592,3,3,0.8182,0.0,0.21,2.45
SO-2026-0000825,410,PROD_003105,4,4,1.6116,0.0,0.21,6.45
SO-2026-0000825,420,PROD_002551,1,1,6.1983,0.0,0.21,6.2
SO-2026-0000825,430,PROD_003667,2,2,0.8264,0.0,0.21,1.65
SO-2026-0000825,440,PROD_000431,1,1,1.8595,0.0,0.21,1.86
SO-2026-0000825,450,PROD_000066,3,3,1.4463,0.0,0.21,4.34
SO-2026-0000826,10,PROD_001714,1,1,1.6529,0.0,0.21,1.65
SO-2026-0000826,20,PROD_000539,1,1,2.5124,0.0,0.21,2.51
SO-2026-0000826,30,PROD_002313,3,3,1.2149,0.0,0.21,3.64
SO-2026-0000826,40,PROD_000508,2,2,10.4132,0.0,0.21,20.83
SO-2026-0000826,50,PROD_002174,1,1,4.2562,0.0,0.21,4.26
SO-2026-0000827,10,PROD_000655,2,2,1.9091,0.0,0.21,3.82
SO-2026-0000827,20,PROD_003395,2,2,1.405,0.0,0.21,2.81
SO-2026-0000827,30,PROD_003137,1,1,3.2231,0.0,0.21,3.22
SO-2026-0000827,40,PROD_001500,1,1,1.8595,0.0,0.21,1.86
SO-2026-0000827,50,PROD_001286,1,1,2.4711,0.0,0.21,2.47
SO-2026-0000827,60,PROD_002269,1,1,1.5385,0.0,0.04,1.54
SO-2026-0000827,70,PROD_000176,2,2,2.8512,0.0,0.21,5.7
SO-2026-0000827,80,PROD_001741,2,2,1.8182,0.0,0.21,3.64
SO-2026-0000827,90,PROD_000521,1,1,0.6612,0.0,0.21,0.66
SO-2026-0000827,100,PROD_002311,3,3,2.1488,0.0,0.21,6.45
SO-2026-0000827,110,PROD_000998,1,1,1.8595,0.0,0.21,1.86
SO-2026-0000827,120,PROD_000127,1,1,1.0331,0.0,0.21,1.03
SO-2026-0000827,130,PROD_000756,1,1,2.2562,0.0,0.21,2.26
SO-2026-0000827,140,PROD_002366,1,1,5.3719,0.0,0.21,5.37
SO-2026-0000827,150,PROD_003140,2,2,2.8926,0.0,0.21,5.79
SO-2026-0000828,10,PROD_001943,3,3,1.9421,0.0,0.21,5.83
SO-2026-0000828,20,PROD_000694,3,3,1.4463,0.0,0.21,4.34
SO-2026-0000828,30,PROD_000051,1,1,1.0744,0.0,0.21,1.07
SO-2026-0000828,40,PROD_000512,1,1,4.4628,0.0,0.21,4.46
SO-2026-0000828,50,PROD_003387,1,1,1.0661,0.0,0.21,1.07
SO-2026-0000828,60,PROD_001120,1,1,6.6942,0.0,0.21,6.69
SO-2026-0000828,70,PROD_000193,1,1,2.5481,0.0,0.04,2.55
SO-2026-0000828,80,PROD_003491,4,4,0.7355,0.0,0.21,2.94
SO-2026-0000828,90,PROD_000697,2,2,4.5455,0.0,0.21,9.09
SO-2026-0000828,100,PROD_000940,1,1,1.5702,0.0,0.21,1.57
SO-2026-0000828,110,PROD_001804,4,4,0.9504,0.0,0.21,3.8
SO-2026-0000828,120,PROD_001273,4,4,1.6529,0.0,0.21,6.61
SO-2026-0000829,10,PROD_000135,2,2,1.0165,0.0,0.21,2.03
SO-2026-0000829,20,PROD_002092,1,1,1.4876,0.0,0.21,1.49
SO-2026-0000829,30,PROD_001000,5,5,7.438,0.0,0.21,37.19
SO-2026-0000830,10,PROD_002795,1,1,1.314,0.0,0.21,1.31
SO-2026-0000830,20,PROD_000799,1,1,3.4711,0.0,0.21,3.47
SO-2026-0000830,30,PROD_003619,3,3,16.0331,0.0,0.21,48.1
SO-2026-0000831,10,PROD_002828,1,1,2.0661,0.0,0.21,2.07
SO-2026-0000831,20,PROD_002361,2,2,0.7438,0.0,0.21,1.49
SO-2026-0000831,30,PROD_000521,2,2,0.6612,0.0,0.21,1.32
SO-2026-0000831,40,PROD_000918,3,3,1.1901,0.0,0.21,3.57
SO-2026-0000832,10,PROD_003495,4,4,1.7355,0.0,0.21,6.94
SO-2026-0000832,20,PROD_000627,1,1,0.8678,0.0,0.21,0.87
SO-2026-0000832,30,PROD_003079,1,1,0.7851,0.0,0.21,0.79
SO-2026-0000832,40,PROD_002426,2,2,2.9752,0.0,0.21,5.95
SO-2026-0000833,10,PROD_000268,2,2,1.405,0.0,0.21,2.81
SO-2026-0000833,20,PROD_001394,2,2,3.876,0.0,0.21,7.75
SO-2026-0000833,30,PROD_000765,1,1,3.4711,0.0,0.21,3.47
SO-2026-0000834,10,PROD_003681,1,1,1.3942,0.0,0.04,1.39
SO-2026-0000834,20,PROD_001569,1,1,4.5041,0.0,0.21,4.5
SO-2026-0000834,30,PROD_001338,1,1,1.6777,0.0,0.21,1.68
SO-2026-0000834,40,PROD_000533,5,5,5.1322,0.0,0.21,25.66
SO-2026-0000835,10,PROD_003457,5,5,4.876,0.0,0.21,24.38
SO-2026-0000835,20,PROD_003185,1,1,3.2231,0.0,0.21,3.22
SO-2026-0000835,30,PROD_000929,5,5,1.157,0.0,0.21,5.79
SO-2026-0000835,40,PROD_002069,1,1,1.0,0.0,0.04,1.0
SO-2026-0000835,50,PROD_000085,5,4,1.9008,0.0,0.21,7.6
SO-2026-0000835,60,PROD_000212,1,1,2.2727,0.0,0.21,2.27
SO-2026-0000835,70,PROD_000283,4,4,1.9008,0.0,0.21,7.6
SO-2026-0000835,80,PROD_001073,1,1,3.4711,0.0,0.21,3.47
SO-2026-0000835,90,PROD_003167,2,1,3.2231,0.0,0.21,3.22
SO-2026-0000835,100,PROD_003375,2,2,1.3223,0.0,0.21,2.64
SO-2026-0000836,10,PROD_000746,1,1,3.2231,0.0,0.21,3.22
SO-2026-0000836,20,PROD_001750,7,7,0.7025,0.0,0.21,4.92
SO-2026-0000836,30,PROD_001279,1,1,0.9091,0.0,0.21,0.91
SO-2026-0000836,40,PROD_001755,1,1,0.8264,0.0,0.21,0.83
SO-2026-0000836,50,PROD_001731,2,2,2.6442,0.0,0.04,5.29
SO-2026-0000836,60,PROD_001810,2,2,0.9504,0.0,0.21,1.9
SO-2026-0000836,70,PROD_000638,2,2,1.3306,0.0,0.21,2.66
SO-2026-0000836,80,PROD_001348,2,2,1.1157,0.0,0.21,2.23
SO-2026-0000836,90,PROD_001265,1,1,2.8512,0.0,0.21,2.85
SO-2026-0000836,100,PROD_000241,1,1,1.1818,0.0,0.21,1.18
SO-2026-0000836,110,PROD_001780,1,1,1.7355,0.0,0.21,1.74
SO-2026-0000836,120,PROD_001445,1,1,0.8678,0.0,0.21,0.87
SO-2026-0000836,130,PROD_002532,2,2,1.4615,0.0,0.04,2.92
SO-2026-0000836,140,PROD_001557,5,5,0.2893,0.0,0.21,1.45
SO-2026-0000836,150,PROD_001954,6,6,5.6694,0.0,0.21,34.02
SO-2026-0000837,10,PROD_001916,1,1,1.3462,0.0,0.04,1.35
SO-2026-0000837,20,PROD_001165,2,2,2.314,0.0,0.21,4.63
SO-2026-0000837,30,PROD_001896,1,1,1.9091,0.0,0.21,1.91
SO-2026-0000837,40,PROD_001829,2,2,8.2562,0.0,0.21,16.51
SO-2026-0000837,50,PROD_001273,3,3,1.6529,0.0,0.21,4.96
SO-2026-0000837,60,PROD_003117,1,1,3.2231,0.0,0.21,3.22
SO-2026-0000837,70,PROD_003517,3,3,1.405,0.0,0.21,4.21
SO-2026-0000837,80,PROD_000320,1,1,1.9835,0.0,0.21,1.98
SO-2026-0000837,90,PROD_003723,1,1,0.7438,0.0,0.21,0.74
SO-2026-0000837,100,PROD_001842,3,3,0.9091,0.0,0.21,2.73
SO-2026-0000837,110,PROD_000015,1,1,5.7355,0.0,0.21,5.74
SO-2026-0000837,120,PROD_000955,3,3,0.7025,0.0,0.21,2.11
SO-2026-0000837,130,PROD_003395,2,2,1.405,0.0,0.21,2.81
SO-2026-0000837,140,PROD_001427,2,2,5.8595,0.0,0.21,11.72
SO-2026-0000837,150,PROD_000216,1,1,1.9008,0.0,0.21,1.9
SO-2026-0000837,160,PROD_003292,1,1,1.6116,0.0,0.21,1.61
SO-2026-0000837,170,PROD_002902,2,2,1.6529,0.0,0.21,3.31
SO-2026-0000837,180,PROD_001417,3,3,1.9504,0.0,0.21,5.85
SO-2026-0000837,190,PROD_000920,1,1,2.3554,0.0,0.21,2.36
SO-2026-0000837,200,PROD_000539,2,2,2.5124,0.0,0.21,5.02
SO-2026-0000837,210,PROD_000738,2,2,3.2231,0.0,0.21,6.45
SO-2026-0000837,220,PROD_002924,2,2,1.4463,0.0,0.21,2.89
SO-2026-0000837,230,PROD_003167,3,3,3.2231,0.0,0.21,9.67
SO-2026-0000837,240,PROD_001497,1,1,2.6033,0.0,0.21,2.6
SO-2026-0000837,250,PROD_000048,1,1,4.9587,0.0,0.21,4.96
SO-2026-0000837,260,PROD_002106,8,5,4.8017,0.0,0.21,24.01
SO-2026-0000838,10,PROD_000816,2,2,0.9091,0.0,0.21,1.82
SO-2026-0000838,20,PROD_000999,1,1,0.5785,0.0,0.21,0.58
SO-2026-0000838,30,PROD_000247,3,3,2.0661,0.0,0.21,6.2
SO-2026-0000838,40,PROD_001459,1,1,3.2231,0.0,0.21,3.22
SO-2026-0000839,10,PROD_000676,2,2,1.3636,0.0,0.1,2.73
SO-2026-0000839,20,PROD_001487,1,1,1.0,0.0,0.21,1.0
SO-2026-0000839,30,PROD_002070,4,4,2.438,0.0,0.21,9.75
SO-2026-0000839,40,PROD_001432,8,8,5.8843,0.0,0.21,47.07
SO-2026-0000840,10,PROD_003398,2,2,1.281,0.0,0.21,2.56
SO-2026-0000840,20,PROD_001215,1,1,3.0579,0.0,0.21,3.06
SO-2026-0000840,30,PROD_001664,2,2,1.6116,0.0,0.21,3.22
SO-2026-0000840,40,PROD_003176,3,3,3.2231,0.0,0.21,9.67
SO-2026-0000840,50,PROD_003510,3,3,1.7769,0.0,0.21,5.33
SO-2026-0000840,60,PROD_003667,2,2,0.8264,0.0,0.21,1.65
SO-2026-0000840,70,PROD_002715,1,1,2.8926,0.0,0.21,2.89
SO-2026-0000840,80,PROD_001076,3,3,1.3554,0.0,0.21,4.07
SO-2026-0000840,90,PROD_000269,2,2,2.3554,0.0,0.21,4.71
SO-2026-0000840,100,PROD_002001,1,1,2.8843,0.0,0.21,2.88
SO-2026-0000840,110,PROD_001870,6,6,1.1157,0.0,0.21,6.69
SO-2026-0000841,10,PROD_002174,1,1,4.2562,0.0,0.21,4.26
SO-2026-0000841,20,PROD_001036,2,2,1.281,0.0,0.21,2.56
SO-2026-0000841,30,PROD_002321,1,1,0.9091,0.0,0.21,0.91
SO-2026-0000841,40,PROD_000845,5,5,2.281,0.0,0.21,11.41
SO-2026-0000841,50,PROD_003167,1,1,3.2231,0.0,0.21,3.22
SO-2026-0000841,60,PROD_001535,1,1,1.8843,0.0,0.21,1.88
SO-2026-0000841,70,PROD_001870,1,1,1.1157,0.0,0.21,1.12
SO-2026-0000841,80,PROD_002716,2,2,3.719,0.0,0.21,7.44
SO-2026-0000841,90,PROD_001301,3,3,1.0096,0.0,0.04,3.03
SO-2026-0000841,100,PROD_003431,1,1,2.1488,0.0,0.21,2.15
SO-2026-0000841,110,PROD_002624,2,2,0.9504,0.0,0.21,1.9
SO-2026-0000841,120,PROD_003468,1,1,0.7025,0.0,0.21,0.7
SO-2026-0000841,130,PROD_001646,3,3,0.9917,0.0,0.21,2.98
SO-2026-0000841,140,PROD_000471,7,7,1.1157,0.0,0.21,7.81
SO-2026-0000842,10,PROD_001537,3,3,4.2066,0.0,0.21,12.62
SO-2026-0000842,20,PROD_003457,1,1,4.876,0.0,0.21,4.88
SO-2026-0000842,30,PROD_001988,3,3,1.5702,0.0,0.21,4.71
SO-2026-0000842,40,PROD_002361,5,5,0.7438,0.0,0.21,3.72
SO-2026-0000842,50,PROD_000534,4,4,1.0577,0.0,0.04,4.23
SO-2026-0000842,60,PROD_003342,1,1,5.1653,0.0,0.21,5.17
SO-2026-0000842,70,PROD_002419,1,1,0.7355,0.0,0.21,0.74
SO-2026-0000842,80,PROD_001413,1,1,3.0826,0.0,0.21,3.08
SO-2026-0000842,90,PROD_003484,2,2,1.3223,0.0,0.21,2.64
SO-2026-0000842,100,PROD_000890,2,2,4.7521,0.0,0.21,9.5
SO-2026-0000842,110,PROD_001417,1,1,1.9504,0.0,0.21,1.95
SO-2026-0000842,120,PROD_002373,3,3,2.1901,0.0,0.21,6.57
SO-2026-0000842,130,PROD_002689,1,1,2.562,0.0,0.21,2.56
SO-2026-0000842,140,PROD_002525,1,1,2.314,0.0,0.21,2.31
SO-2026-0000842,150,PROD_001790,1,1,1.157,0.0,0.21,1.16
SO-2026-0000842,160,PROD_002489,1,1,6.5041,0.0,0.21,6.5
SO-2026-0000842,170,PROD_002686,3,3,1.6529,0.0,0.21,4.96
SO-2026-0000842,180,PROD_002593,6,6,3.0826,0.0,0.21,18.5
SO-2026-0000842,190,PROD_002954,1,1,3.2231,0.0,0.21,3.22
SO-2026-0000842,200,PROD_003602,1,1,8.6777,0.0,0.21,8.68
SO-2026-0000843,10,PROD_001631,2,2,1.6694,0.0,0.21,3.34
SO-2026-0000843,20,PROD_001834,1,1,0.3223,0.0,0.21,0.32
SO-2026-0000843,30,PROD_002544,5,5,8.0,0.0,0.1,40.0
SO-2026-0000843,40,PROD_002253,3,3,0.625,0.0,0.04,1.88
SO-2026-0000843,50,PROD_001513,1,1,6.0083,0.0,0.21,6.01
SO-2026-0000843,60,PROD_003518,1,1,1.7355,0.0,0.21,1.74
SO-2026-0000843,70,PROD_002059,1,1,2.686,0.0,0.21,2.69
SO-2026-0000843,80,PROD_000874,4,4,7.438,0.0,0.21,29.75
SO-2026-0000844,10,PROD_001694,1,1,1.3636,0.0,0.21,1.36
SO-2026-0000844,20,PROD_001740,4,4,0.7521,0.0,0.21,3.01
SO-2026-0000844,30,PROD_000610,3,3,3.876,0.0,0.21,11.63
SO-2026-0000844,40,PROD_002967,3,3,3.2231,0.0,0.21,9.67
SO-2026-0000845,10,PROD_001411,2,2,1.7273,0.0,0.21,3.45
SO-2026-0000845,20,PROD_000912,3,3,2.7438,0.0,0.21,8.23
SO-2026-0000845,30,PROD_000688,4,4,3.8017,0.0,0.21,15.21
SO-2026-0000845,40,PROD_000797,1,1,1.5868,0.0,0.21,1.59
SO-2026-0000845,50,PROD_000480,1,1,3.0165,0.0,0.21,3.02
SO-2026-0000845,60,PROD_003282,1,1,1.6116,0.0,0.21,1.61
SO-2026-0000845,70,PROD_001510,1,1,2.4793,0.0,0.21,2.48
SO-2026-0000845,80,PROD_002087,2,2,2.1488,0.0,0.21,4.3
SO-2026-0000846,10,PROD_001178,2,2,1.3636,0.0,0.21,2.73
SO-2026-0000846,20,PROD_000955,6,6,0.7025,0.0,0.21,4.21
SO-2026-0000846,30,PROD_002496,3,3,1.1157,0.0,0.21,3.35
SO-2026-0000846,40,PROD_000251,2,2,1.9231,0.0,0.04,3.85
SO-2026-0000846,50,PROD_001729,3,3,1.2066,0.0,0.21,3.62
SO-2026-0000846,60,PROD_001329,1,1,7.0248,0.0,0.21,7.02
SO-2026-0000846,70,PROD_000672,1,1,1.405,0.0,0.21,1.41
SO-2026-0000846,80,PROD_000128,1,1,16.6364,0.0,0.21,16.64
SO-2026-0000846,90,PROD_002301,3,3,0.7025,0.0,0.21,2.11
SO-2026-0000846,100,PROD_001858,1,1,2.6694,0.0,0.21,2.67
SO-2026-0000846,110,PROD_001943,2,2,1.9421,0.0,0.21,3.88
SO-2026-0000846,120,PROD_001432,3,3,5.8843,0.0,0.21,17.65
SO-2026-0000846,130,PROD_002007,1,1,1.0331,0.0,0.21,1.03
SO-2026-0000846,140,PROD_000669,2,2,2.6446,0.0,0.21,5.29
SO-2026-0000846,150,PROD_003599,1,1,4.9587,0.0,0.21,4.96
SO-2026-0000846,160,PROD_002249,2,2,1.6529,0.0,0.21,3.31
SO-2026-0000847,10,PROD_000524,1,1,2.8512,0.0,0.21,2.85
SO-2026-0000847,20,PROD_001040,3,3,0.9504,0.0,0.21,2.85
SO-2026-0000847,30,PROD_000437,4,4,1.2397,0.0,0.21,4.96
SO-2026-0000847,40,PROD_003089,2,2,3.4711,0.0,0.21,6.94
SO-2026-0000847,50,PROD_000259,5,5,7.7355,0.0,0.21,38.68
SO-2026-0000848,10,PROD_000676,1,1,1.3636,0.0,0.1,1.36
SO-2026-0000848,20,PROD_000320,4,4,1.9835,0.0,0.21,7.93
SO-2026-0000848,30,PROD_002502,4,4,1.4423,0.0,0.04,5.77
SO-2026-0000848,40,PROD_001382,2,2,2.1901,0.0,0.21,4.38
SO-2026-0000848,50,PROD_001147,2,2,2.686,0.0,0.21,5.37
SO-2026-0000848,60,PROD_000655,3,3,1.9091,0.0,0.21,5.73
SO-2026-0000848,70,PROD_001187,2,2,2.562,0.0,0.21,5.12
SO-2026-0000848,80,PROD_001809,2,2,3.1074,0.0,0.21,6.21
SO-2026-0000849,10,PROD_001741,6,6,1.8182,0.0,0.21,10.91
SO-2026-0000849,20,PROD_002428,1,1,2.2314,0.0,0.21,2.23
SO-2026-0000849,30,PROD_001930,1,1,1.3942,0.0,0.04,1.39
SO-2026-0000849,40,PROD_000100,1,1,1.281,0.0,0.21,1.28
SO-2026-0000849,50,PROD_002289,4,4,0.6198,0.0,0.21,2.48
SO-2026-0000849,60,PROD_000060,3,3,2.314,0.0,0.21,6.94
SO-2026-0000849,70,PROD_002304,3,3,0.9504,0.0,0.21,2.85
SO-2026-0000849,80,PROD_001955,1,1,2.3884,0.0,0.21,2.39
SO-2026-0000849,90,PROD_000604,2,2,2.3967,0.0,0.21,4.79
SO-2026-0000849,100,PROD_000503,3,3,4.9587,0.0,0.21,14.88
SO-2026-0000850,10,PROD_000096,1,1,1.8182,0.0,0.21,1.82
SO-2026-0000850,20,PROD_000394,3,3,1.5702,0.0,0.21,4.71
SO-2026-0000850,30,PROD_001317,1,1,2.2314,0.0,0.21,2.23
SO-2026-0000850,40,PROD_003518,7,6,1.7355,0.0,0.21,10.41
SO-2026-0000850,50,PROD_003496,2,2,1.3388,0.0,0.21,2.68
SO-2026-0000850,60,PROD_002568,1,1,1.281,0.0,0.21,1.28
SO-2026-0000850,70,PROD_000409,1,1,2.2314,0.0,0.21,2.23
SO-2026-0000850,80,PROD_000089,1,1,0.7438,0.0,0.21,0.74
SO-2026-0000850,90,PROD_002362,3,3,3.2645,0.0,0.21,9.79
SO-2026-0000850,100,PROD_001958,2,2,3.3967,0.0,0.21,6.79
SO-2026-0000850,110,PROD_000874,3,3,7.438,0.0,0.21,22.31
SO-2026-0000850,120,PROD_000544,2,2,1.9008,0.0,0.21,3.8
SO-2026-0000850,130,PROD_001413,2,2,3.0826,0.0,0.21,6.17
SO-2026-0000850,140,PROD_001923,1,1,32.7818,0.0,0.1,32.78
SO-2026-0000851,10,PROD_002715,1,1,2.8926,0.0,0.21,2.89
SO-2026-0000851,20,PROD_003671,2,2,1.157,0.0,0.21,2.31
SO-2026-0000851,30,PROD_003158,1,1,2.0661,0.0,0.21,2.07
SO-2026-0000851,40,PROD_000051,1,1,1.0744,0.0,0.21,1.07
SO-2026-0000851,50,PROD_003035,2,2,1.562,0.0,0.21,3.12
SO-2026-0000851,60,PROD_001536,1,1,1.9008,0.0,0.21,1.9
SO-2026-0000851,70,PROD_002646,2,2,1.2397,0.0,0.21,2.48
SO-2026-0000852,10,PROD_000972,1,1,1.5702,0.0,0.21,1.57
SO-2026-0000852,20,PROD_002669,1,1,1.2397,0.0,0.21,1.24
SO-2026-0000852,30,PROD_002177,4,4,2.1488,0.0,0.21,8.6
SO-2026-0000852,40,PROD_000401,1,1,0.9091,0.0,0.21,0.91
SO-2026-0000852,50,PROD_000668,2,2,10.3306,0.0,0.21,20.66
SO-2026-0000853,10,PROD_001036,2,2,1.281,0.0,0.21,2.56
SO-2026-0000853,20,PROD_000088,2,2,1.281,0.0,0.21,2.56
SO-2026-0000853,30,PROD_001689,4,4,1.8099,0.0,0.21,7.24
SO-2026-0000853,40,PROD_001394,1,1,3.876,0.0,0.21,3.88
SO-2026-0000853,50,PROD_001517,1,1,9.3818,0.0,0.1,9.38
SO-2026-0000853,60,PROD_001341,1,1,1.7603,0.0,0.21,1.76
SO-2026-0000853,70,PROD_001010,8,8,1.405,0.0,0.21,11.24
SO-2026-0000854,10,PROD_003503,1,1,0.6612,0.0,0.21,0.66
SO-2026-0000854,20,PROD_001191,2,2,0.7025,0.0,0.21,1.41
SO-2026-0000854,30,PROD_000569,2,2,4.3388,0.0,0.21,8.68
SO-2026-0000854,40,PROD_002568,4,4,1.281,0.0,0.21,5.12
SO-2026-0000854,50,PROD_002170,2,2,1.1157,0.0,0.21,2.23
SO-2026-0000854,60,PROD_000874,1,1,7.438,0.0,0.21,7.44
SO-2026-0000855,10,PROD_002408,4,4,2.1901,0.0,0.21,8.76
SO-2026-0000855,20,PROD_002146,2,2,0.8264,0.0,0.21,1.65
SO-2026-0000856,10,PROD_001355,1,1,16.3182,0.0,0.1,16.32
SO-2026-0000856,20,PROD_003220,2,2,0.7438,0.0,0.21,1.49
SO-2026-0000856,30,PROD_003231,1,1,0.9917,0.0,0.21,0.99
SO-2026-0000856,40,PROD_000274,4,4,1.5385,0.0,0.04,6.15
SO-2026-0000856,50,PROD_000166,5,5,2.8099,0.0,0.21,14.05
SO-2026-0000856,60,PROD_001708,2,2,0.9504,0.0,0.21,1.9
SO-2026-0000856,70,PROD_002181,1,1,2.8099,0.0,0.21,2.81
SO-2026-0000856,80,PROD_001982,1,1,1.0577,0.0,0.04,1.06
SO-2026-0000857,10,PROD_001024,3,3,2.8926,0.0,0.21,8.68
SO-2026-0000857,20,PROD_000810,1,1,1.4231,0.0,0.04,1.42
SO-2026-0000857,30,PROD_000428,2,2,2.6694,0.0,0.21,5.34
SO-2026-0000857,40,PROD_000839,6,6,0.7769,0.0,0.21,4.66
SO-2026-0000857,50,PROD_003149,2,2,2.0661,0.0,0.21,4.13
SO-2026-0000857,60,PROD_000913,4,4,3.1322,0.0,0.21,12.53
SO-2026-0000857,70,PROD_002498,1,1,1.6529,0.0,0.21,1.65
SO-2026-0000857,80,PROD_001925,4,4,2.4793,0.0,0.21,9.92
SO-2026-0000858,10,PROD_002027,1,1,1.1157,0.0,0.21,1.12
SO-2026-0000858,20,PROD_003509,3,3,1.281,0.0,0.21,3.84
SO-2026-0000858,30,PROD_000224,1,1,1.9421,0.0,0.21,1.94
SO-2026-0000858,40,PROD_000091,1,1,2.6446,0.0,0.21,2.64
SO-2026-0000858,50,PROD_000604,2,2,2.3967,0.0,0.21,4.79
SO-2026-0000858,60,PROD_000925,1,1,1.281,0.0,0.21,1.28
SO-2026-0000858,70,PROD_001951,1,1,2.5702,0.0,0.21,2.57
SO-2026-0000858,80,PROD_000423,1,1,1.2019,0.0,0.04,1.2
SO-2026-0000858,90,PROD_003076,1,1,2.6446,0.0,0.21,2.64
SO-2026-0000858,100,PROD_001840,1,1,12.314,0.0,0.21,12.31
SO-2026-0000859,10,PROD_002715,1,1,2.8926,0.0,0.21,2.89
SO-2026-0000859,20,PROD_001749,6,6,1.3223,0.0,0.21,7.93
SO-2026-0000859,30,PROD_001692,1,1,2.3967,0.0,0.21,2.4
SO-2026-0000859,40,PROD_001730,2,2,6.1983,0.0,0.21,12.4
SO-2026-0000859,50,PROD_002405,3,3,1.4876,0.0,0.21,4.46
SO-2026-0000859,60,PROD_002309,1,1,2.2727,0.0,0.21,2.27
SO-2026-0000859,70,PROD_002212,1,1,4.0496,0.0,0.21,4.05
SO-2026-0000859,80,PROD_002551,2,2,6.1983,0.0,0.21,12.4
SO-2026-0000859,90,PROD_001387,1,1,6.1983,0.0,0.21,6.2
SO-2026-0000859,100,PROD_002071,1,1,1.405,0.0,0.21,1.41
SO-2026-0000859,110,PROD_001910,3,3,0.7851,0.0,0.21,2.36
SO-2026-0000859,120,PROD_001234,1,1,5.4545,0.0,0.21,5.45
SO-2026-0000859,130,PROD_001844,1,1,1.0331,0.0,0.21,1.03
SO-2026-0000859,140,PROD_000422,1,1,1.4876,0.0,0.21,1.49
SO-2026-0000859,150,PROD_002462,1,1,0.8264,0.0,0.21,0.83
SO-2026-0000859,160,PROD_002420,1,1,1.9835,0.0,0.21,1.98
SO-2026-0000859,170,PROD_003089,1,1,3.4711,0.0,0.21,3.47
SO-2026-0000859,180,PROD_002153,4,4,0.7851,0.0,0.21,3.14
SO-2026-0000859,190,PROD_001632,5,5,2.0661,0.0,0.21,10.33
SO-2026-0000859,200,PROD_001802,1,1,2.562,0.0,0.21,2.56
SO-2026-0000859,210,PROD_001567,1,1,2.1901,0.0,0.21,2.19
SO-2026-0000859,220,PROD_002743,1,1,1.0744,0.0,0.21,1.07
SO-2026-0000859,230,PROD_000284,4,4,1.0744,0.0,0.21,4.3
SO-2026-0000859,240,PROD_002043,2,2,5.4132,0.0,0.21,10.83
SO-2026-0000859,250,PROD_003045,1,1,2.4793,0.0,0.21,2.48
SO-2026-0000859,260,PROD_000239,2,2,1.157,0.0,0.21,2.31
SO-2026-0000859,270,PROD_002504,5,5,2.1488,0.0,0.21,10.74
SO-2026-0000859,280,PROD_003691,2,2,2.0661,0.0,0.21,4.13
SO-2026-0000859,290,PROD_001826,3,3,2.3554,0.0,0.21,7.07
SO-2026-0000859,300,PROD_001161,3,3,0.2975,0.0,0.21,0.89
SO-2026-0000859,310,PROD_000242,3,3,4.6777,0.0,0.21,14.03
SO-2026-0000859,320,PROD_001801,1,1,1.3223,0.0,0.21,1.32
SO-2026-0000859,330,PROD_001358,3,3,6.686,0.0,0.21,20.06
SO-2026-0000860,10,PROD_002222,1,1,0.6612,0.0,0.21,0.66
SO-2026-0000860,20,PROD_000726,4,4,3.2231,0.0,0.21,12.89
SO-2026-0000860,30,PROD_001194,1,1,0.7025,0.0,0.21,0.7
SO-2026-0000860,40,PROD_002258,1,1,1.2562,0.0,0.21,1.26
SO-2026-0000860,50,PROD_003275,3,3,0.7355,0.0,0.21,2.21
SO-2026-0000861,10,PROD_000403,1,1,4.3388,0.0,0.21,4.34
SO-2026-0000861,20,PROD_002105,1,1,2.314,0.0,0.21,2.31
SO-2026-0000861,30,PROD_000105,3,3,1.6942,0.0,0.21,5.08
SO-2026-0000861,40,PROD_002615,2,2,1.1157,0.0,0.21,2.23
SO-2026-0000861,50,PROD_003257,3,3,13.9752,0.0,0.21,41.93
SO-2026-0000861,60,PROD_001413,4,4,3.0826,0.0,0.21,12.33
SO-2026-0000861,70,PROD_003468,5,5,0.7025,0.0,0.21,3.51
SO-2026-0000861,80,PROD_003518,4,4,1.7355,0.0,0.21,6.94
SO-2026-0000861,90,PROD_000430,4,4,7.9008,0.0,0.21,31.6
SO-2026-0000862,10,PROD_003121,5,5,3.2231,0.0,0.21,16.12
SO-2026-0000863,10,PROD_002571,1,1,21.2182,0.0,0.1,21.22
SO-2026-0000863,20,PROD_002314,3,3,1.8595,0.0,0.21,5.58
SO-2026-0000863,30,PROD_000688,1,1,3.8017,0.0,0.21,3.8
SO-2026-0000863,40,PROD_002416,1,1,1.8558,0.0,0.04,1.86
SO-2026-0000863,50,PROD_002276,1,1,13.7355,0.0,0.21,13.74
SO-2026-0000864,10,PROD_001946,3,3,0.2645,0.0,0.21,0.79
SO-2026-0000864,20,PROD_001708,1,1,0.9504,0.0,0.21,0.95
SO-2026-0000864,30,PROD_002571,2,2,21.2182,0.0,0.1,42.44
SO-2026-0000864,40,PROD_000293,2,2,1.0744,0.0,0.21,2.15
SO-2026-0000864,50,PROD_002049,2,2,2.3967,0.0,0.21,4.79
SO-2026-0000865,10,PROD_003035,1,1,1.562,0.0,0.21,1.56
SO-2026-0000865,20,PROD_002399,1,1,6.6116,0.0,0.21,6.61
SO-2026-0000865,30,PROD_001166,3,3,0.8264,0.0,0.21,2.48
SO-2026-0000865,40,PROD_001128,1,1,1.5289,0.0,0.21,1.53
SO-2026-0000865,50,PROD_003249,3,3,3.2645,0.0,0.21,9.79
SO-2026-0000865,60,PROD_001585,1,1,3.3058,0.0,0.21,3.31
SO-2026-0000865,70,PROD_002913,6,6,4.3802,0.0,0.21,26.28
SO-2026-0000866,10,PROD_001954,2,2,5.6694,0.0,0.21,11.34
SO-2026-0000866,20,PROD_001222,1,1,2.6116,0.0,0.21,2.61
SO-2026-0000866,30,PROD_001914,1,1,2.2314,0.0,0.21,2.23
SO-2026-0000866,40,PROD_002183,2,2,0.8264,0.0,0.21,1.65
SO-2026-0000866,50,PROD_001953,2,2,1.3636,0.0,0.21,2.73
SO-2026-0000866,60,PROD_001014,3,3,0.9091,0.0,0.21,2.73
SO-2026-0000866,70,PROD_003496,1,1,1.3388,0.0,0.21,1.34
SO-2026-0000866,80,PROD_001604,1,1,3.4545,0.0,0.21,3.45
SO-2026-0000866,90,PROD_002827,3,3,3.2231,0.0,0.21,9.67
SO-2026-0000866,100,PROD_002021,1,1,9.1983,0.0,0.21,9.2
SO-2026-0000866,110,PROD_000037,2,2,1.6116,0.0,0.21,3.22
SO-2026-0000866,120,PROD_001249,3,3,3.3471,0.0,0.21,10.04
SO-2026-0000866,130,PROD_001436,1,1,1.9421,0.0,0.21,1.94
SO-2026-0000866,140,PROD_002629,1,1,0.7438,0.0,0.21,0.74
SO-2026-0000866,150,PROD_001791,1,1,1.9008,0.0,0.21,1.9
SO-2026-0000866,160,PROD_000494,1,1,4.4959,0.0,0.21,4.5
SO-2026-0000866,170,PROD_002385,2,2,3.0083,0.0,0.21,6.02
SO-2026-0000866,180,PROD_001731,2,2,2.6442,0.0,0.04,5.29
SO-2026-0000867,10,PROD_001254,1,1,19.0083,0.0,0.21,19.01
SO-2026-0000867,20,PROD_000343,2,2,1.0744,0.0,0.21,2.15
SO-2026-0000867,30,PROD_002357,3,3,4.0496,0.0,0.21,12.15
SO-2026-0000867,40,PROD_000583,3,3,1.6281,0.0,0.21,4.88
SO-2026-0000868,10,PROD_003450,2,2,1.5289,0.0,0.21,3.06
SO-2026-0000868,20,PROD_001996,2,2,2.4793,0.0,0.21,4.96
SO-2026-0000868,30,PROD_000723,2,1,3.2231,0.0,0.21,3.22
SO-2026-0000868,40,PROD_001320,1,1,1.0744,0.0,0.21,1.07
SO-2026-0000868,50,PROD_000101,2,2,1.6612,0.0,0.21,3.32
SO-2026-0000868,60,PROD_003310,4,4,3.3058,0.0,0.21,13.22
SO-2026-0000868,70,PROD_000125,1,1,3.7686,0.0,0.21,3.77
SO-2026-0000868,80,PROD_000527,1,1,0.6731,0.0,0.04,0.67
SO-2026-0000868,90,PROD_003648,2,2,1.8182,0.0,0.21,3.64
SO-2026-0000868,100,PROD_001109,2,1,2.1901,0.0,0.21,2.19
SO-2026-0000868,110,PROD_003371,4,4,1.5289,0.0,0.21,6.12
SO-2026-0000868,120,PROD_001354,4,2,1.0096,0.0,0.04,2.02
SO-2026-0000868,130,PROD_000871,5,5,1.6116,0.0,0.21,8.06
SO-2026-0000869,10,PROD_000384,1,1,2.8512,0.0,0.21,2.85
SO-2026-0000869,20,PROD_001593,5,5,0.8264,0.0,0.21,4.13
SO-2026-0000869,30,PROD_000126,5,4,2.2314,0.0,0.21,8.93
SO-2026-0000869,40,PROD_001904,3,1,8.0992,0.0,0.21,8.1
SO-2026-0000869,50,PROD_000321,2,2,5.3719,0.0,0.21,10.74
SO-2026-0000869,60,PROD_001667,3,1,1.3462,0.0,0.04,1.35
SO-2026-0000869,70,PROD_002288,2,2,2.5289,0.0,0.21,5.06
SO-2026-0000869,80,PROD_003433,5,5,1.6529,0.0,0.21,8.26
SO-2026-0000869,90,PROD_001389,1,1,5.6033,0.0,0.21,5.6
SO-2026-0000869,100,PROD_000690,1,1,1.3636,0.0,0.21,1.36
SO-2026-0000869,110,PROD_003281,4,4,1.1983,0.0,0.21,4.79
SO-2026-0000869,120,PROD_003207,3,3,2.0661,0.0,0.21,6.2
SO-2026-0000869,130,PROD_001049,1,1,1.4463,0.0,0.21,1.45
SO-2026-0000869,140,PROD_002946,1,1,1.6529,0.0,0.21,1.65
SO-2026-0000869,150,PROD_002698,3,3,3.3058,0.0,0.21,9.92
SO-2026-0000870,10,PROD_000123,1,1,1.5372,0.0,0.21,1.54
SO-2026-0000870,20,PROD_000200,3,3,4.314,0.0,0.21,12.94
SO-2026-0000870,30,PROD_000208,1,1,1.2397,0.0,0.21,1.24
SO-2026-0000870,40,PROD_000237,1,1,1.6529,0.0,0.21,1.65
SO-2026-0000870,50,PROD_003387,2,2,1.0661,0.0,0.21,2.13
SO-2026-0000870,60,PROD_001217,1,1,0.7692,0.0,0.04,0.77
SO-2026-0000870,70,PROD_001438,2,2,2.7686,0.0,0.21,5.54
SO-2026-0000870,80,PROD_000550,1,1,3.2645,0.0,0.21,3.26
SO-2026-0000870,90,PROD_002344,1,1,0.7107,0.0,0.21,0.71
SO-2026-0000870,100,PROD_001091,4,4,1.3388,0.0,0.21,5.36
SO-2026-0000871,10,PROD_002487,2,2,11.1405,0.0,0.21,22.28
SO-2026-0000871,20,PROD_003538,2,2,2.4711,0.0,0.21,4.94
SO-2026-0000871,30,PROD_000433,1,1,1.1983,0.0,0.21,1.2
SO-2026-0000871,40,PROD_003049,1,1,3.3058,0.0,0.21,3.31
SO-2026-0000871,50,PROD_001824,2,2,2.6033,0.0,0.21,5.21
SO-2026-0000871,60,PROD_000419,2,2,2.4876,0.0,0.21,4.98
SO-2026-0000871,70,PROD_001336,1,1,2.7769,0.0,0.21,2.78
SO-2026-0000872,10,PROD_003692,2,2,1.0744,0.0,0.21,2.15
SO-2026-0000872,20,PROD_001851,3,3,2.2397,0.0,0.21,6.72
SO-2026-0000872,30,PROD_000993,1,1,0.9917,0.0,0.21,0.99
SO-2026-0000872,40,PROD_000719,2,2,2.8099,0.0,0.21,5.62
SO-2026-0000872,50,PROD_001675,1,1,1.719,0.0,0.21,1.72
SO-2026-0000872,60,PROD_003519,2,2,1.405,0.0,0.21,2.81
SO-2026-0000872,70,PROD_000637,2,2,3.5207,0.0,0.21,7.04
SO-2026-0000872,80,PROD_003348,1,1,0.8264,0.0,0.21,0.83
SO-2026-0000872,90,PROD_003498,2,2,1.1074,0.0,0.21,2.21
SO-2026-0000872,100,PROD_001815,3,1,1.1157,0.0,0.21,1.12
SO-2026-0000872,110,PROD_000190,2,2,1.7788,0.0,0.04,3.56
SO-2026-0000872,120,PROD_000259,3,3,7.7355,0.0,0.21,23.21
SO-2026-0000873,10,PROD_003333,2,2,1.6529,0.0,0.21,3.31
SO-2026-0000873,20,PROD_000118,4,4,1.2404,0.0,0.04,4.96
SO-2026-0000873,30,PROD_000159,2,2,3.3058,0.0,0.21,6.61
SO-2026-0000873,40,PROD_003508,8,8,1.1983,0.0,0.21,9.59
SO-2026-0000873,50,PROD_002285,1,1,1.7273,0.0,0.21,1.73
SO-2026-0000873,60,PROD_003466,2,2,1.5702,0.0,0.21,3.14
SO-2026-0000873,70,PROD_001689,3,3,1.8099,0.0,0.21,5.43
SO-2026-0000873,80,PROD_001599,2,2,2.0661,0.0,0.21,4.13
SO-2026-0000873,90,PROD_000590,2,2,1.0744,0.0,0.21,2.15
SO-2026-0000873,100,PROD_003406,4,4,1.2397,0.0,0.21,4.96
SO-2026-0000873,110,PROD_003652,2,2,1.6033,0.0,0.21,3.21
SO-2026-0000873,120,PROD_002308,1,1,4.1322,0.0,0.21,4.13
SO-2026-0000873,130,PROD_001485,1,1,1.6529,0.0,0.21,1.65
SO-2026-0000874,10,PROD_001693,4,4,1.1157,0.0,0.21,4.46
SO-2026-0000874,20,PROD_000346,1,1,2.438,0.0,0.21,2.44
SO-2026-0000875,10,PROD_000170,2,2,2.1488,0.0,0.21,4.3
SO-2026-0000875,20,PROD_002569,2,2,1.6529,0.0,0.21,3.31
SO-2026-0000875,30,PROD_000231,2,2,2.3077,0.0,0.04,4.62
SO-2026-0000875,40,PROD_000108,7,3,1.5289,0.0,0.21,4.59
SO-2026-0000875,50,PROD_000929,4,4,1.157,0.0,0.21,4.63
SO-2026-0000875,60,PROD_000135,2,2,1.0165,0.0,0.21,2.03
SO-2026-0000875,70,PROD_000506,1,1,3.5124,0.0,0.21,3.51
SO-2026-0000875,80,PROD_000549,1,1,2.1488,0.0,0.21,2.15
SO-2026-0000875,90,PROD_001546,6,5,3.1818,0.0,0.21,15.91
SO-2026-0000875,100,PROD_003724,4,2,1.3967,0.0,0.21,2.79
SO-2026-0000875,110,PROD_001986,4,4,2.6364,0.0,0.21,10.55
SO-2026-0000875,120,PROD_000424,1,1,16.3636,0.0,0.1,16.36
SO-2026-0000875,130,PROD_002568,1,1,1.281,0.0,0.21,1.28
SO-2026-0000875,140,PROD_003519,3,3,1.405,0.0,0.21,4.21
SO-2026-0000876,10,PROD_002366,2,2,5.3719,0.0,0.21,10.74
SO-2026-0000876,20,PROD_002508,2,2,7.8099,0.0,0.21,15.62
SO-2026-0000877,10,PROD_000330,1,1,1.2397,0.0,0.21,1.24
SO-2026-0000877,20,PROD_001945,4,4,5.3719,0.0,0.21,21.49
SO-2026-0000877,30,PROD_001093,1,1,1.3223,0.0,0.21,1.32
SO-2026-0000877,40,PROD_000535,1,1,2.3967,0.0,0.21,2.4
SO-2026-0000877,50,PROD_002531,5,5,1.3636,0.0,0.21,6.82
SO-2026-0000877,60,PROD_000169,3,3,2.5207,0.0,0.21,7.56
SO-2026-0000877,70,PROD_002913,2,2,4.3802,0.0,0.21,8.76
SO-2026-0000877,80,PROD_003350,3,3,0.6198,0.0,0.21,1.86
SO-2026-0000877,90,PROD_001788,1,1,0.6281,0.0,0.21,0.63
SO-2026-0000877,100,PROD_002420,1,1,1.9835,0.0,0.21,1.98
SO-2026-0000877,110,PROD_001040,1,1,0.9504,0.0,0.21,0.95
SO-2026-0000877,120,PROD_000259,2,2,7.7355,0.0,0.21,15.47
SO-2026-0000878,10,PROD_000584,3,3,2.0579,0.0,0.21,6.17
SO-2026-0000878,20,PROD_001984,1,1,2.3554,0.0,0.21,2.36
SO-2026-0000878,30,PROD_001554,1,1,0.8264,0.0,0.21,0.83
SO-2026-0000878,40,PROD_000323,4,4,0.9504,0.0,0.21,3.8
SO-2026-0000878,50,PROD_001801,3,3,1.3223,0.0,0.21,3.97
SO-2026-0000878,60,PROD_000890,1,1,4.7521,0.0,0.21,4.75
SO-2026-0000878,70,PROD_001394,2,2,3.876,0.0,0.21,7.75
SO-2026-0000878,80,PROD_003704,1,1,3.7603,0.0,0.21,3.76
SO-2026-0000878,90,PROD_000103,1,1,2.438,0.0,0.21,2.44
SO-2026-0000878,100,PROD_001781,4,4,4.0496,0.0,0.21,16.2
SO-2026-0000879,10,PROD_001761,2,2,2.3967,0.0,0.21,4.79
SO-2026-0000879,20,PROD_002297,6,6,3.0413,0.0,0.21,18.25
SO-2026-0000879,30,PROD_002144,4,4,1.7355,0.0,0.21,6.94
SO-2026-0000879,40,PROD_001949,1,1,5.0,0.0,0.1,5.0
SO-2026-0000880,10,PROD_000262,1,1,0.6446,0.0,0.21,0.64
SO-2026-0000880,20,PROD_002712,2,2,1.0744,0.0,0.21,2.15
SO-2026-0000880,30,PROD_001012,1,1,1.3223,0.0,0.21,1.32
SO-2026-0000880,40,PROD_000336,3,3,2.314,0.0,0.21,6.94
SO-2026-0000880,50,PROD_003134,1,1,3.2231,0.0,0.21,3.22
SO-2026-0000880,60,PROD_001667,1,1,1.3462,0.0,0.04,1.35
SO-2026-0000881,10,PROD_000355,1,1,0.8678,0.0,0.21,0.87
SO-2026-0000881,20,PROD_000660,1,1,9.2885,0.0,0.04,9.29
SO-2026-0000881,30,PROD_001364,3,3,2.2314,0.0,0.21,6.69
SO-2026-0000881,40,PROD_000090,5,5,1.6116,0.0,0.21,8.06
SO-2026-0000881,50,PROD_000578,1,1,2.686,0.0,0.21,2.69
SO-2026-0000881,60,PROD_000460,1,1,2.4876,0.0,0.21,2.49
SO-2026-0000881,70,PROD_002502,1,1,1.4423,0.0,0.04,1.44
SO-2026-0000881,80,PROD_002001,1,1,2.8843,0.0,0.21,2.88
SO-2026-0000881,90,PROD_001320,2,1,1.0744,0.0,0.21,1.07
SO-2026-0000881,100,PROD_000242,5,3,4.6777,0.0,0.21,14.03
SO-2026-0000881,110,PROD_001397,3,3,2.4876,0.0,0.21,7.46
SO-2026-0000881,120,PROD_003445,1,1,0.9421,0.0,0.21,0.94
SO-2026-0000881,130,PROD_001698,1,1,3.2231,0.0,0.21,3.22
SO-2026-0000881,140,PROD_000031,3,3,4.1322,0.0,0.21,12.4
SO-2026-0000881,150,PROD_001776,2,2,1.0331,0.0,0.21,2.07
SO-2026-0000881,160,PROD_000752,2,2,2.8926,0.0,0.21,5.79
SO-2026-0000881,170,PROD_000426,5,5,0.9917,0.0,0.21,4.96
SO-2026-0000881,180,PROD_001087,1,1,1.0096,0.0,0.04,1.01
SO-2026-0000881,190,PROD_000283,1,1,1.9008,0.0,0.21,1.9
SO-2026-0000881,200,PROD_002784,2,2,2.8926,0.0,0.21,5.79
SO-2026-0000881,210,PROD_002352,3,3,2.314,0.0,0.21,6.94
SO-2026-0000881,220,PROD_001225,2,2,2.4793,0.0,0.21,4.96
SO-2026-0000881,230,PROD_001681,2,2,0.7934,0.0,0.21,1.59
SO-2026-0000881,240,PROD_000032,2,2,5.6612,0.0,0.21,11.32
SO-2026-0000881,250,PROD_003482,2,2,1.3223,0.0,0.21,2.64
SO-2026-0000881,260,PROD_001064,2,2,2.7273,0.0,0.21,5.45
SO-2026-0000881,270,PROD_001827,1,1,2.2479,0.0,0.21,2.25
SO-2026-0000881,280,PROD_003497,2,2,1.3223,0.0,0.21,2.64
SO-2026-0000881,290,PROD_000340,5,3,1.5702,0.0,0.21,4.71
SO-2026-0000881,300,PROD_002312,4,4,0.7025,0.0,0.21,2.81
SO-2026-0000881,310,PROD_003600,4,4,7.7273,0.0,0.21,30.91
SO-2026-0000882,10,PROD_003445,2,2,0.9421,0.0,0.21,1.88
SO-2026-0000882,20,PROD_001718,1,1,2.438,0.0,0.21,2.44
SO-2026-0000882,30,PROD_002267,4,4,0.9615,0.0,0.04,3.85
SO-2026-0000883,10,PROD_001875,1,1,2.8926,0.0,0.21,2.89
SO-2026-0000883,20,PROD_003275,4,4,0.7355,0.0,0.21,2.94
SO-2026-0000883,30,PROD_003616,1,1,4.6694,0.0,0.21,4.67
SO-2026-0000883,40,PROD_003395,1,1,1.405,0.0,0.21,1.41
SO-2026-0000883,50,PROD_001884,1,1,4.0496,0.0,0.21,4.05
SO-2026-0000883,60,PROD_002589,1,1,0.2479,0.0,0.21,0.25
SO-2026-0000883,70,PROD_002402,3,3,2.5868,0.0,0.21,7.76
SO-2026-0000883,80,PROD_002018,2,2,1.9835,0.0,0.21,3.97
SO-2026-0000883,90,PROD_002463,1,1,4.2479,0.0,0.21,4.25
SO-2026-0000883,100,PROD_001661,2,2,2.5481,0.0,0.04,5.1
SO-2026-0000883,110,PROD_000440,1,1,6.3636,0.0,0.21,6.36
SO-2026-0000883,120,PROD_003390,2,2,1.405,0.0,0.21,2.81
SO-2026-0000883,130,PROD_002490,2,2,2.4628,0.0,0.21,4.93
SO-2026-0000883,140,PROD_001689,3,3,1.8099,0.0,0.21,5.43
SO-2026-0000883,150,PROD_002544,1,1,8.0,0.0,0.1,8.0
SO-2026-0000883,160,PROD_000929,5,5,1.157,0.0,0.21,5.79
SO-2026-0000883,170,PROD_003502,1,1,1.5289,0.0,0.21,1.53
SO-2026-0000883,180,PROD_000841,1,1,2.2893,0.0,0.21,2.29
SO-2026-0000883,190,PROD_003344,4,4,0.7769,0.0,0.21,3.11
SO-2026-0000883,200,PROD_001942,1,1,3.0331,0.0,0.21,3.03
SO-2026-0000884,10,PROD_002121,1,1,1.8182,0.0,0.21,1.82
SO-2026-0000884,20,PROD_003531,3,3,6.9917,0.0,0.21,20.98
SO-2026-0000884,30,PROD_001667,3,3,1.3462,0.0,0.04,4.04
SO-2026-0000884,40,PROD_002042,1,1,1.157,0.0,0.21,1.16
SO-2026-0000884,50,PROD_001316,1,1,2.3388,0.0,0.21,2.34
SO-2026-0000884,60,PROD_001869,3,3,4.3058,0.0,0.21,12.92
SO-2026-0000884,70,PROD_003643,3,3,0.6612,0.0,0.21,1.98
SO-2026-0000884,80,PROD_001802,1,1,2.562,0.0,0.21,2.56
SO-2026-0000885,10,PROD_002656,1,1,1.157,0.0,0.21,1.16
SO-2026-0000885,20,PROD_002603,1,1,0.7025,0.0,0.21,0.7
SO-2026-0000885,30,PROD_003047,3,3,1.9835,0.0,0.21,5.95
SO-2026-0000885,40,PROD_001016,1,1,1.3223,0.0,0.21,1.32
SO-2026-0000885,50,PROD_000407,1,1,32.8636,0.0,0.1,32.86
SO-2026-0000886,10,PROD_000533,4,4,5.1322,0.0,0.21,20.53
SO-2026-0000886,20,PROD_001138,1,1,2.2066,0.0,0.21,2.21
SO-2026-0000886,30,PROD_003202,3,3,4.9917,0.0,0.21,14.98
SO-2026-0000886,40,PROD_001914,1,1,2.2314,0.0,0.21,2.23
SO-2026-0000886,50,PROD_002340,4,4,8.6777,0.0,0.21,34.71
SO-2026-0000886,60,PROD_002905,1,1,3.3884,0.0,0.21,3.39
SO-2026-0000886,70,PROD_002587,1,1,2.9752,0.0,0.21,2.98
SO-2026-0000886,80,PROD_000945,3,3,1.1983,0.0,0.21,3.59
SO-2026-0000886,90,PROD_001484,2,2,1.7355,0.0,0.21,3.47
SO-2026-0000886,100,PROD_003647,2,2,1.5702,0.0,0.21,3.14
SO-2026-0000886,110,PROD_003584,3,3,8.9669,0.0,0.21,26.9
SO-2026-0000886,120,PROD_003169,3,3,2.5207,0.0,0.21,7.56
SO-2026-0000886,130,PROD_001843,1,1,1.4463,0.0,0.21,1.45
SO-2026-0000886,140,PROD_002226,1,1,1.7885,0.0,0.04,1.79
SO-2026-0000886,150,PROD_001675,1,1,1.719,0.0,0.21,1.72
SO-2026-0000886,160,PROD_000579,4,4,2.686,0.0,0.21,10.74
SO-2026-0000886,170,PROD_003195,1,1,0.9091,0.0,0.21,0.91
SO-2026-0000886,180,PROD_000920,1,1,2.3554,0.0,0.21,2.36
SO-2026-0000886,190,PROD_002678,1,1,2.4793,0.0,0.21,2.48
SO-2026-0000886,200,PROD_002830,2,2,1.0744,0.0,0.21,2.15
SO-2026-0000886,210,PROD_001776,2,2,1.0331,0.0,0.21,2.07
SO-2026-0000886,220,PROD_003577,1,1,5.5455,0.0,0.21,5.55
SO-2026-0000886,230,PROD_001638,2,2,0.9504,0.0,0.21,1.9
SO-2026-0000886,240,PROD_003617,2,2,4.3388,0.0,0.21,8.68
SO-2026-0000886,250,PROD_001206,1,1,18.1901,0.0,0.21,18.19
SO-2026-0000886,260,PROD_002099,2,2,8.1818,0.0,0.21,16.36
SO-2026-0000886,270,PROD_003031,4,4,1.157,0.0,0.21,4.63
SO-2026-0000886,280,PROD_003702,6,3,0.8678,0.0,0.21,2.6
SO-2026-0000886,290,PROD_000552,1,1,1.6116,0.0,0.21,1.61
SO-2026-0000886,300,PROD_001323,3,3,1.4132,0.0,0.21,4.24
SO-2026-0000886,310,PROD_001899,1,1,0.7025,0.0,0.21,0.7
SO-2026-0000886,320,PROD_003668,2,2,2.6442,0.0,0.04,5.29
SO-2026-0000886,330,PROD_001929,2,2,3.6942,0.0,0.21,7.39
SO-2026-0000887,10,PROD_002471,1,1,0.8264,0.0,0.21,0.83
SO-2026-0000887,20,PROD_001176,2,2,0.8264,0.0,0.21,1.65
SO-2026-0000887,30,PROD_002284,4,4,2.8099,0.0,0.21,11.24
SO-2026-0000887,40,PROD_002151,2,2,1.7355,0.0,0.21,3.47
SO-2026-0000887,50,PROD_001254,1,1,19.0083,0.0,0.21,19.01
SO-2026-0000888,10,PROD_001907,1,1,1.0826,0.0,0.21,1.08
SO-2026-0000888,20,PROD_002430,1,1,1.5702,0.0,0.21,1.57
SO-2026-0000888,30,PROD_001423,1,1,0.7851,0.0,0.21,0.79
SO-2026-0000888,40,PROD_000666,3,2,1.0744,0.0,0.21,2.15
SO-2026-0000888,50,PROD_000206,1,1,12.2727,0.0,0.21,12.27
SO-2026-0000888,60,PROD_003025,3,3,0.8264,0.0,0.21,2.48
SO-2026-0000888,70,PROD_000239,1,1,1.157,0.0,0.21,1.16
SO-2026-0000888,80,PROD_002071,1,1,1.405,0.0,0.21,1.41
SO-2026-0000888,90,PROD_002677,1,1,4.9587,0.0,0.21,4.96
SO-2026-0000888,100,PROD_001978,1,1,1.0962,0.0,0.04,1.1
SO-2026-0000888,110,PROD_001757,2,2,2.3967,0.0,0.21,4.79
SO-2026-0000888,120,PROD_000582,2,2,1.1157,0.0,0.21,2.23
SO-2026-0000888,130,PROD_001946,2,2,0.2645,0.0,0.21,0.53
SO-2026-0000888,140,PROD_003175,1,1,3.2231,0.0,0.21,3.22
SO-2026-0000888,150,PROD_002224,1,1,0.9504,0.0,0.21,0.95
SO-2026-0000888,160,PROD_000837,3,3,2.1901,0.0,0.21,6.57
SO-2026-0000888,170,PROD_002305,2,2,0.8264,0.0,0.21,1.65
SO-2026-0000888,180,PROD_002146,4,4,0.8264,0.0,0.21,3.31
SO-2026-0000888,190,PROD_001369,1,1,0.7025,0.0,0.21,0.7
SO-2026-0000888,200,PROD_003709,1,1,1.6116,0.0,0.21,1.61
SO-2026-0000888,210,PROD_003220,1,1,0.7438,0.0,0.21,0.74
SO-2026-0000888,220,PROD_003275,6,6,0.7355,0.0,0.21,4.41
SO-2026-0000888,230,PROD_000932,1,1,2.0661,0.0,0.21,2.07
SO-2026-0000888,240,PROD_002279,1,1,2.562,0.0,0.21,2.56
SO-2026-0000889,10,PROD_002296,3,3,1.6116,0.0,0.21,4.83
SO-2026-0000889,20,PROD_000677,1,1,2.2562,0.0,0.21,2.26
SO-2026-0000889,30,PROD_001746,1,1,1.6529,0.0,0.21,1.65
SO-2026-0000889,40,PROD_002754,1,1,4.1322,0.0,0.21,4.13
SO-2026-0000889,50,PROD_001371,1,1,1.9712,0.0,0.04,1.97
SO-2026-0000889,60,PROD_001600,1,1,1.0577,0.0,0.04,1.06
SO-2026-0000889,70,PROD_002730,6,6,0.8264,0.0,0.21,4.96
SO-2026-0000889,80,PROD_000006,1,1,2.0661,0.0,0.21,2.07
SO-2026-0000889,90,PROD_000891,3,3,1.1157,0.0,0.21,3.35
SO-2026-0000889,100,PROD_001961,2,2,0.9091,0.0,0.21,1.82
SO-2026-0000889,110,PROD_001396,1,1,3.9174,0.0,0.21,3.92
SO-2026-0000889,120,PROD_001216,3,2,7.0579,0.0,0.21,14.12
SO-2026-0000890,10,PROD_000702,4,4,2.0661,0.0,0.21,8.26
SO-2026-0000890,20,PROD_000637,4,4,3.5207,0.0,0.21,14.08
SO-2026-0000890,30,PROD_003359,1,1,1.1157,0.0,0.21,1.12
SO-2026-0000890,40,PROD_003563,1,1,5.7025,0.0,0.21,5.7
SO-2026-0000890,50,PROD_001822,1,1,3.4711,0.0,0.21,3.47
SO-2026-0000891,10,PROD_003541,3,3,1.9421,0.0,0.21,5.83
SO-2026-0000891,20,PROD_002409,2,2,1.2397,0.0,0.21,2.48
SO-2026-0000891,30,PROD_002523,2,2,1.3636,0.0,0.21,2.73
SO-2026-0000891,40,PROD_001160,1,1,1.6346,0.0,0.04,1.63
SO-2026-0000891,50,PROD_000646,5,5,2.438,0.0,0.21,12.19
SO-2026-0000892,10,PROD_002046,2,2,7.6446,0.0,0.21,15.29
SO-2026-0000892,20,PROD_002408,3,3,2.1901,0.0,0.21,6.57
SO-2026-0000893,10,PROD_003553,4,4,1.405,0.0,0.21,5.62
SO-2026-0000893,20,PROD_000858,3,3,0.8678,0.0,0.21,2.6
SO-2026-0000893,30,PROD_000221,2,2,1.0331,0.0,0.21,2.07
SO-2026-0000893,40,PROD_000467,2,2,1.4463,0.0,0.21,2.89
SO-2026-0000893,50,PROD_001543,1,1,1.8182,0.0,0.21,1.82
SO-2026-0000893,60,PROD_000270,4,4,1.2397,0.0,0.21,4.96
SO-2026-0000894,10,PROD_001159,1,1,1.0744,0.0,0.21,1.07
SO-2026-0000894,20,PROD_000665,1,1,2.4793,0.0,0.21,2.48
SO-2026-0000894,30,PROD_000583,1,1,1.6281,0.0,0.21,1.63
SO-2026-0000894,40,PROD_001888,2,2,7.9091,0.0,0.21,15.82
SO-2026-0000894,50,PROD_000060,1,1,2.314,0.0,0.21,2.31
SO-2026-0000894,60,PROD_003052,2,2,1.9008,0.0,0.21,3.8
SO-2026-0000894,70,PROD_002275,3,3,1.405,0.0,0.21,4.21
SO-2026-0000894,80,PROD_000889,1,1,0.7692,0.0,0.04,0.77
SO-2026-0000894,90,PROD_003664,2,2,2.562,0.0,0.21,5.12
SO-2026-0000894,100,PROD_001225,1,1,2.4793,0.0,0.21,2.48
SO-2026-0000895,10,PROD_000606,1,1,1.1346,0.0,0.04,1.13
SO-2026-0000895,20,PROD_002429,3,3,2.9174,0.0,0.21,8.75
SO-2026-0000896,10,PROD_002572,3,3,1.2893,0.0,0.21,3.87
SO-2026-0000896,20,PROD_000762,1,1,1.314,0.0,0.21,1.31
SO-2026-0000896,30,PROD_003704,1,1,3.7603,0.0,0.21,3.76
SO-2026-0000896,40,PROD_001756,2,2,0.9091,0.0,0.21,1.82
SO-2026-0000896,50,PROD_002891,1,1,1.7769,0.0,0.21,1.78
SO-2026-0000896,60,PROD_002289,1,1,0.6198,0.0,0.21,0.62
SO-2026-0000896,70,PROD_002732,1,1,4.0909,0.0,0.21,4.09
SO-2026-0000896,80,PROD_002399,1,1,6.6116,0.0,0.21,6.61
SO-2026-0000897,10,PROD_000716,2,2,1.0744,0.0,0.21,2.15
SO-2026-0000897,20,PROD_003003,1,1,0.6942,0.0,0.21,0.69
SO-2026-0000897,30,PROD_000647,6,6,4.0496,0.0,0.21,24.3
SO-2026-0000898,10,PROD_000388,3,3,1.4876,0.0,0.21,4.46
SO-2026-0000898,20,PROD_002932,1,1,3.2231,0.0,0.21,3.22
SO-2026-0000898,30,PROD_001904,6,6,8.0992,0.0,0.21,48.6
SO-2026-0000899,10,PROD_002985,1,1,2.0661,0.0,0.21,2.07
SO-2026-0000899,20,PROD_002385,2,2,3.0083,0.0,0.21,6.02
SO-2026-0000899,30,PROD_000886,1,1,1.4876,0.0,0.21,1.49
SO-2026-0000899,40,PROD_003471,2,2,3.843,0.0,0.21,7.69
SO-2026-0000899,50,PROD_002322,1,1,4.0496,0.0,0.21,4.05
SO-2026-0000899,60,PROD_001049,1,1,1.4463,0.0,0.21,1.45
SO-2026-0000899,70,PROD_001318,5,5,2.6033,0.0,0.21,13.02
SO-2026-0000899,80,PROD_001488,1,1,9.0909,0.0,0.21,9.09
SO-2026-0000899,90,PROD_000836,1,1,1.124,0.0,0.21,1.12
SO-2026-0000899,100,PROD_003049,1,1,3.3058,0.0,0.21,3.31
SO-2026-0000899,110,PROD_001033,2,2,3.1736,0.0,0.21,6.35
SO-2026-0000900,10,PROD_000605,1,1,2.0673,0.0,0.04,2.07
SO-2026-0000900,20,PROD_000533,6,6,5.1322,0.0,0.21,30.79
SO-2026-0000901,10,PROD_000972,2,2,1.5702,0.0,0.21,3.14
SO-2026-0000901,20,PROD_001626,1,1,2.0962,0.0,0.04,2.1
SO-2026-0000901,30,PROD_001087,1,1,1.0096,0.0,0.04,1.01
SO-2026-0000901,40,PROD_000668,1,1,10.3306,0.0,0.21,10.33
SO-2026-0000901,50,PROD_001878,1,1,1.9835,0.0,0.21,1.98
SO-2026-0000901,60,PROD_000062,3,3,3.1736,0.0,0.21,9.52
SO-2026-0000902,10,PROD_002508,2,2,7.8099,0.0,0.21,15.62
SO-2026-0000902,20,PROD_001818,1,1,11.405,0.0,0.21,11.4
SO-2026-0000902,30,PROD_001256,2,2,21.2182,0.0,0.1,42.44
SO-2026-0000903,10,PROD_000621,4,4,1.405,0.0,0.21,5.62
SO-2026-0000903,20,PROD_002049,1,1,2.3967,0.0,0.21,2.4
SO-2026-0000904,10,PROD_001996,4,4,2.4793,0.0,0.21,9.92
SO-2026-0000904,20,PROD_000755,1,1,3.2397,0.0,0.21,3.24
SO-2026-0000904,30,PROD_002680,1,1,3.2645,0.0,0.21,3.26
SO-2026-0000904,40,PROD_001969,2,2,2.719,0.0,0.21,5.44
SO-2026-0000904,50,PROD_001408,3,3,2.1488,0.0,0.21,6.45
SO-2026-0000905,10,PROD_003451,2,2,1.281,0.0,0.21,2.56
SO-2026-0000905,20,PROD_001689,4,4,1.8099,0.0,0.21,7.24
SO-2026-0000905,30,PROD_000658,1,1,8.7686,0.0,0.21,8.77
SO-2026-0000905,40,PROD_003685,1,1,1.0744,0.0,0.21,1.07
SO-2026-0000905,50,PROD_003488,5,5,0.6116,0.0,0.21,3.06
SO-2026-0000905,60,PROD_002468,3,3,1.5124,0.0,0.21,4.54
SO-2026-0000905,70,PROD_003700,3,3,1.0744,0.0,0.21,3.22
SO-2026-0000905,80,PROD_003171,1,1,1.1983,0.0,0.21,1.2
SO-2026-0000905,90,PROD_003404,2,2,3.9669,0.0,0.21,7.93
SO-2026-0000905,100,PROD_000195,2,2,2.7438,0.0,0.21,5.49
SO-2026-0000905,110,PROD_003359,1,1,1.1157,0.0,0.21,1.12
SO-2026-0000905,120,PROD_002501,1,1,1.5702,0.0,0.21,1.57
SO-2026-0000906,10,PROD_001631,1,1,1.6694,0.0,0.21,1.67
SO-2026-0000906,20,PROD_001522,1,1,2.0661,0.0,0.21,2.07
SO-2026-0000906,30,PROD_003328,5,5,2.6612,0.0,0.21,13.31
SO-2026-0000907,10,PROD_001389,2,2,5.6033,0.0,0.21,11.21
SO-2026-0000907,20,PROD_002442,4,4,2.4793,0.0,0.21,9.92
SO-2026-0000907,30,PROD_001331,3,3,2.8512,0.0,0.21,8.55
SO-2026-0000907,40,PROD_002106,3,3,4.8017,0.0,0.21,14.41
SO-2026-0000907,50,PROD_000240,4,4,0.8654,0.0,0.04,3.46
SO-2026-0000908,10,PROD_003591,1,1,4.9504,0.0,0.21,4.95
SO-2026-0000908,20,PROD_000415,5,5,0.8264,0.0,0.21,4.13
SO-2026-0000908,30,PROD_001950,4,4,1.6777,0.0,0.21,6.71
SO-2026-0000908,40,PROD_002381,1,1,0.8678,0.0,0.21,0.87
SO-2026-0000908,50,PROD_003381,2,2,3.843,0.0,0.21,7.69
SO-2026-0000908,60,PROD_002468,1,1,1.5124,0.0,0.21,1.51
SO-2026-0000908,70,PROD_000247,4,4,2.0661,0.0,0.21,8.26
SO-2026-0000908,80,PROD_000542,3,3,4.4793,0.0,0.21,13.44
SO-2026-0000908,90,PROD_000856,2,2,1.9135,0.0,0.04,3.83
SO-2026-0000908,100,PROD_001675,2,2,1.719,0.0,0.21,3.44
SO-2026-0000908,110,PROD_002704,2,2,3.1405,0.0,0.21,6.28
SO-2026-0000908,120,PROD_000199,1,1,6.1901,0.0,0.21,6.19
SO-2026-0000908,130,PROD_000976,4,4,1.0744,0.0,0.21,4.3
SO-2026-0000908,140,PROD_002494,1,1,8.2066,0.0,0.21,8.21
SO-2026-0000908,150,PROD_000294,2,2,1.5702,0.0,0.21,3.14
SO-2026-0000908,160,PROD_003560,3,3,4.5455,0.0,0.21,13.64
SO-2026-0000908,170,PROD_001401,3,3,2.7273,0.0,0.21,8.18
SO-2026-0000909,10,PROD_000758,2,2,1.3223,0.0,0.21,2.64
SO-2026-0000909,20,PROD_002257,1,1,1.3636,0.0,0.21,1.36
SO-2026-0000909,30,PROD_002560,1,1,2.0661,0.0,0.21,2.07
SO-2026-0000909,40,PROD_000131,1,1,5.4545,0.0,0.21,5.45
SO-2026-0000909,50,PROD_000799,2,2,3.4711,0.0,0.21,6.94
SO-2026-0000909,60,PROD_000805,1,1,1.6033,0.0,0.21,1.6
SO-2026-0000909,70,PROD_002344,1,1,0.7107,0.0,0.21,0.71
SO-2026-0000909,80,PROD_000507,1,1,2.1157,0.0,0.21,2.12
SO-2026-0000909,90,PROD_000330,1,1,1.2397,0.0,0.21,1.24
SO-2026-0000909,100,PROD_000132,1,1,0.7025,0.0,0.21,0.7
SO-2026-0000909,110,PROD_001482,4,4,2.281,0.0,0.21,9.12
SO-2026-0000910,10,PROD_000420,1,1,1.438,0.0,0.21,1.44
SO-2026-0000910,20,PROD_002191,3,3,1.4545,0.0,0.21,4.36
SO-2026-0000910,30,PROD_000678,4,4,5.0,0.0,0.21,20.0
SO-2026-0000910,40,PROD_001108,1,1,1.3636,0.0,0.21,1.36
SO-2026-0000910,50,PROD_002917,3,3,3.6364,0.0,0.21,10.91
SO-2026-0000910,60,PROD_000628,2,2,2.6612,0.0,0.21,5.32
SO-2026-0000910,70,PROD_001779,3,3,5.4876,0.0,0.21,16.46
SO-2026-0000910,80,PROD_000544,1,1,1.9008,0.0,0.21,1.9
SO-2026-0000910,90,PROD_002526,1,1,9.5041,0.0,0.21,9.5
SO-2026-0000910,100,PROD_002696,2,2,2.0661,0.0,0.21,4.13
SO-2026-0000910,110,PROD_002470,2,2,1.1983,0.0,0.21,2.4
SO-2026-0000910,120,PROD_002859,1,1,1.3636,0.0,0.21,1.36
SO-2026-0000910,130,PROD_002310,2,2,5.4132,0.0,0.21,10.83
SO-2026-0000910,140,PROD_001768,1,1,2.7438,0.0,0.21,2.74
SO-2026-0000910,150,PROD_000588,2,2,3.5124,0.0,0.21,7.02
SO-2026-0000910,160,PROD_003579,6,5,5.5455,0.0,0.21,27.73
SO-2026-0000910,170,PROD_003708,1,1,2.3967,0.0,0.21,2.4
SO-2026-0000910,180,PROD_002399,3,3,6.6116,0.0,0.21,19.83
SO-2026-0000910,190,PROD_001746,2,2,1.6529,0.0,0.21,3.31
SO-2026-0000910,200,PROD_003342,2,2,5.1653,0.0,0.21,10.33
SO-2026-0000910,210,PROD_000498,2,2,4.9504,0.0,0.21,9.9
SO-2026-0000911,10,PROD_000228,2,2,0.8264,0.0,0.21,1.65
SO-2026-0000911,20,PROD_001442,3,3,3.6281,0.0,0.21,10.88
SO-2026-0000911,30,PROD_000192,2,2,5.9587,0.0,0.21,11.92
SO-2026-0000911,40,PROD_000402,1,1,2.314,0.0,0.21,2.31
SO-2026-0000911,50,PROD_001488,3,3,9.0909,0.0,0.21,27.27
